{
  "random_forest": {
    "all": {
      "rf_errors": {
        "metrics": {}
      },
      "LogTransformation_all_standard": {
        "metrics": {
          "train": {
            "mse": 0.06300854737727214,
            "mae": 0.10816564610938333,
            "r2": 0.9780804634515462,
            "mape": 36.51188126968448,
            "gini": -0.3691142472107076,
            "adj_r2": 0.9780693155626468
          },
          "test": {
            "mse": 0.43293522230835163,
            "mae": 0.29571826862511047,
            "r2": 0.8540922353932804,
            "mape": 3.2246961490389165,
            "gini": -0.36819186388473124,
            "adj_r2": 0.8537949195204191
          },
          "per_variable": {
            "Hc (A/m)": {
              "train": {
                "mse": 0.03317131105681053,
                "mae": 0.0905452067815241,
                "r2": 0.9833265189678164,
                "mape": 0.8918525071313154,
                "gini": -0.36307897914381293,
                "adj_r2": 0.9833180391300378
              },
              "test": {
                "mse": 0.22611086393814875,
                "mae": 0.2497919963797918,
                "r2": 0.8864539850989916,
                "mape": 2.1868936232287854,
                "gini": -0.36258905993063467,
                "adj_r2": 0.8862226126794277
              }
            },
            "Mr (A/m)": {
              "train": {
                "mse": 0.03731728793239292,
                "mae": 0.07860469164214716,
                "r2": 0.9727789443142711,
                "mape": 106.24218175683117,
                "gini": -0.3549186739489108,
                "adj_r2": 0.9727651001664335
              },
              "test": {
                "mse": 0.24673952682623326,
                "mae": 0.2159682475410563,
                "r2": 0.8238159921906466,
                "mape": 1.6986292579147189,
                "gini": -0.3540977900358641,
                "adj_r2": 0.8234569824956708
              }
            },
            "BHmax (J/m^3)": {
              "train": {
                "mse": 0.11853704314261267,
                "mae": 0.1553470399044787,
                "r2": 0.9781359270725514,
                "mape": 2.4016095450909374,
                "gini": -0.38934508853939914,
                "adj_r2": 0.9781248073914693
              },
              "test": {
                "mse": 0.8259552761606731,
                "mae": 0.4213945619544834,
                "r2": 0.8520067288902025,
                "mape": 5.788565565973246,
                "gini": -0.38788874168769505,
                "adj_r2": 0.8517051633861581
              }
            }
          }
        },
        "best_params": {
          "max_depth": 20
        }
      }
    }
  },
  "neural_network": {
    "all": {
      "LogTransformation_all_standard": {
        "metrics": {
          "train": {
            "mse": 0.4038917593675289,
            "mae": 0.32565165608293917,
            "r2": 0.8533690315949105,
            "mape": 86.8980569342731,
            "gini": -0.36817496519496057,
            "adj_r2": 0.8532944576758233
          },
          "test": {
            "mse": 0.4046031524470442,
            "mae": 0.33215198357048714,
            "r2": 0.8594556076439607,
            "mape": 3.657407473788131,
            "gini": -0.36865371099379013,
            "adj_r2": 0.8591692207008002
          },
          "per_variable": {
            "Hc (A/m)": {
              "train": {
                "mse": 0.2399660422722379,
                "mae": 0.2814959624061742,
                "r2": 0.8793816365189203,
                "mape": 2.66052011103171,
                "gini": -0.3625703223513862,
                "adj_r2": 0.8793202921509706
              },
              "test": {
                "mse": 0.23106464703000584,
                "mae": 0.28650995757546194,
                "r2": 0.8839663455448028,
                "mape": 2.489425251369841,
                "gini": -0.3627384295306612,
                "adj_r2": 0.8837299040685823
              }
            },
            "Mr (A/m)": {
              "train": {
                "mse": 0.2569606590739266,
                "mae": 0.28301221604457355,
                "r2": 0.812560322648173,
                "mape": 251.36672301526585,
                "gini": -0.3540215036715219,
                "adj_r2": 0.8124649941409375
              },
              "test": {
                "mse": 0.24213903072714743,
                "mae": 0.28303706589904976,
                "r2": 0.8271009698797668,
                "mape": 2.2181535076850207,
                "gini": -0.3544602660169972,
                "adj_r2": 0.8267486539752935
              }
            },
            "BHmax (J/m^3)": {
              "train": {
                "mse": 0.7147485767564219,
                "mae": 0.4124467897980686,
                "r2": 0.8681651356176383,
                "mape": 6.666927676521698,
                "gini": -0.38793306956197365,
                "adj_r2": 0.8680980867355621
              },
              "test": {
                "mse": 0.7406057795839802,
                "mae": 0.4269089272369491,
                "r2": 0.8672995075073127,
                "mape": 6.264643662309531,
                "gini": -0.38876243743371197,
                "adj_r2": 0.8670291040585247
              }
            }
          }
        },
        "best_params": {
          "hidden_dim": 64,
          "num_epochs": 50,
          "learning_rate": 0.001,
          "batch_size": 32
        }
      }
    }
  },
  "linear_regression": {
    "all": {
      "LogTransformation_all_standard": {
        "metrics": {
          "train": {
            "mse": 1.6547445643645828,
            "mae": 0.8504378088879413,
            "r2": 0.4564197182652263,
            "mape": 103.19980823229942,
            "gini": -0.3593687748628378,
            "adj_r2": 0.45614326294075846
          },
          "test": {
            "mse": 1.6495501346119186,
            "mae": 0.8504247938704927,
            "r2": 0.4747245200681694,
            "mape": 8.94988985189519,
            "gini": -0.36004824603790214,
            "adj_r2": 0.47365416758741163
          },
          "per_variable": {
            "Hc (A/m)": {
              "train": {
                "mse": 0.7990543233631006,
                "mae": 0.6151693847526574,
                "r2": 0.5983572346157369,
                "mape": 5.443620040985724,
                "gini": -0.35939094669909577,
                "adj_r2": 0.5981529662035898
              },
              "test": {
                "mse": 0.7691064949889385,
                "mae": 0.6091155221491751,
                "r2": 0.6137780555101298,
                "mape": 5.158328478511135,
                "gini": -0.35963529531237337,
                "adj_r2": 0.6129910520572721
              }
            },
            "Mr (A/m)": {
              "train": {
                "mse": 0.8455670143229913,
                "mae": 0.6381854047783471,
                "r2": 0.38320204767823496,
                "mape": 286.0694423162863,
                "gini": -0.3473774560214647,
                "adj_r2": 0.3828883551404998
              },
              "test": {
                "mse": 0.8239771522891539,
                "mae": 0.6436591922147739,
                "r2": 0.4116402876306139,
                "mape": 4.954334369102168,
                "gini": -0.3480710838520838,
                "adj_r2": 0.41044138857331514
              }
            },
            "BHmax (J/m^3)": {
              "train": {
                "mse": 3.319612355407659,
                "mae": 1.2979586371328224,
                "r2": 0.38769987250170657,
                "mape": 18.086362339626174,
                "gini": -0.3713379218679529,
                "adj_r2": 0.38738846747818556
              },
              "test": {
                "mse": 3.3555667565576606,