{
  "train": {
    "mse": 6.439368732095497e-11,
    "mae": 1.8755700749542306e-06,
    "r2": 0.9999999999437015,
    "mape": 1.456276252495214e-05,
    "gini": -0.354932475948128,
    "adj_r2": 0.9999999999435598
  },
  "test": {
    "mse": 0.15549328989351105,
    "mae": 0.08101988221786977,
    "r2": 0.88806980800878,
    "mape": 0.7553117023589944,
    "gini": -0.3549043030078109,
    "adj_r2": 0.8869353803872474
  },
  "per_variable": {
    "Hc (A/m)": {
      "train": {
        "mse": 2.667844995333532e-11,
        "mae": 1.957868831866018e-06,
        "r2": 0.9999999999901169,
        "mape": 1.6485632519067016e-05,
        "gini": -0.364365344477425,
        "adj_r2": 0.999999999990092
      },
      "test": {
        "mse": 0.04797757762215498,
        "mae": 0.07950255605367214,
        "r2": 0.9830446766559637,
        "mape": 0.7132707006090075,
        "gini": -0.3644068732174938,
        "adj_r2": 0.982872832162612
      }
    },
    "Mr (A/m)": {
      "train": {
        "mse": 1.6616074052072424e-10,
        "mae": 3.4376367274285333e-06,
        "r2": 0.9999999998413214,
        "mape": 2.54570610981268e-05,
        "gini": -0.3492554086158418,
        "adj_r2": 0.999999999840922
      },
      "test": {
        "mse": 0.4172284564921746,
        "mae": 0.15201577294491112,
        "r2": 0.6826339184566338,
        "mape": 1.464503086954548,
        "gini": -0.3496104979097314,
        "adj_r2": 0.6794173703328834
      }
    },
    "BHmax (J/m^3)": {
      "train": {
        "mse": 3.4187148880548234e-13,
        "mae": 2.3120466556814027e-07,
        "r2": 0.9999999999996662,
        "mape": 1.745593957662611e-06,
        "gini": -0.3511766747511172,
        "adj_r2": 0.9999999999996653
      },
      "test": {
        "mse": 0.0012738355662034403,
        "mae": 0.011541317655025984,
        "r2": 0.9985308289137426,
        "mape": 0.08816131951342755,
        "gini": -0.35069553789620744,
        "adj_r2": 0.9985159386662467
      }
    }
  }
}