{
  "train": {
    "mse": 0.229200279218973,
    "mae": 0.31404060460009936,
    "r2": 0.8224724596026517,
    "mape": 2.387277201777845,
    "gini": -0.35342879818133716,
    "adj_r2": 0.8220256621016516
  },
  "test": {
    "mse": 0.34039010448275775,
    "mae": 0.32694909346312423,
    "r2": 0.7831820873263462,
    "mape": 2.609658540429224,
    "gini": -0.3536650215179045,
    "adj_r2": 0.7809846084816807
  },
  "per_variable": {
    "Hc (A/m)": {
      "train": {
        "mse": 0.21307690873632895,
        "mae": 0.31197995938089024,
        "r2": 0.9210649190718587,
        "mape": 2.5136998606278786,
        "gini": -0.3641099195328378,
        "adj_r2": 0.9208662569554289
      },
      "test": {
        "mse": 0.32979486833550375,
        "mae": 0.33503149667273835,
        "r2": 0.8834501676205893,
        "mape": 2.7874642859126966,
        "gini": -0.3642112561880806,
        "adj_r2": 0.8822689193194466
      }
    },
    "Mr (A/m)": {
      "train": {
        "mse": 0.45164263937980054,
        "mae": 0.5164332707507778,
        "r2": 0.5686944449963283,
        "mape": 3.81777089379954,
        "gini": -0.34524493972923703,
        "adj_r2": 0.5676089444384331
      },
      "test": {
        "mse": 0.6709851524828273,
        "mae": 0.5351869297091761,
        "r2": 0.48961312368863563,
        "mape": 4.232269179645141,
        "gini": -0.34626630824346344,
        "adj_r2": 0.48444028372602044
      }
    },
    "BHmax (J/m^3)": {
      "train": {
        "mse": 0.022881289540788517,
        "mae": 0.11370858366862911,
        "r2": 0.9776580147397684,
        "mape": 0.8303608509061166,
        "gini": -0.3509315352819366,
        "adj_r2": 0.9776017849110934
      },
      "test": {
        "mse": 0.02039029262994243,
        "mae": 0.1106288540074574,
        "r2": 0.9764829706698138,
        "mape": 0.8092421557298344,
        "gini": -0.35051750012216976,
        "adj_r2": 0.9762446223995754
      }
    }
  }
}