{
  "train": {
    "mse": 0.22891012983113865,
    "mae": 0.3123259322245665,
    "r2": 0.8226835347752459,
    "mape": 2.3743416532385777,
    "gini": -0.35344939808359227,
    "adj_r2": 0.8222372685037072
  },
  "test": {
    "mse": 0.34234320190371453,
    "mae": 0.3260616315019728,
    "r2": 0.7821913438834981,
    "mape": 2.6043507049819596,
    "gini": -0.35367818814458585,
    "adj_r2": 0.7799838237201552
  },
  "per_variable": {
    "Hc (A/m)": {
      "train": {
        "mse": 0.212728537599994,
        "mae": 0.3097051462291539,
        "r2": 0.9211939743693226,
        "mape": 2.4960300741362498,
        "gini": -0.36411067371417954,
        "adj_r2": 0.9209956370564937
      },
      "test": {
        "mse": 0.333265253289372,
        "mae": 0.33217930426442205,
        "r2": 0.882223730148391,
        "mape": 2.7690374537264932,
        "gini": -0.36421339126663205,
        "adj_r2": 0.8810300517377327
      }
    },
    "Mr (A/m)": {
      "train": {
        "mse": 0.4513816067109488,
        "mae": 0.5152403678905418,
        "r2": 0.5689437235858517,
        "mape": 3.8082523356915794,
        "gini": -0.34529772487226373,
        "adj_r2": 0.567858850406957
      },
      "test": {
        "mse": 0.6735557207260903,
        "mae": 0.5361153177690008,
        "r2": 0.48765781321541657,
        "mape": 4.239289344156324,
        "gini": -0.346303800575058,
        "adj_r2": 0.4824651559169242
      }
    },
    "BHmax (J/m^3)": {
      "train": {
        "mse": 0.022620245182473183,
        "mae": 0.11203228255400419,
        "r2": 0.9779129063705636,
        "mape": 0.8187425498879056,
        "gini": -0.3509397956643337,
        "adj_r2": 0.9778573180476707
      },
      "test": {
        "mse": 0.02020863169568165,
        "mae": 0.10989027247249517,
        "r2": 0.9766924882866864,
        "mape": 0.8047253170630613,
        "gini": -0.3505173725920675,
        "adj_r2": 0.9764562635058083
      }
    }
  }
}