{
  "train": {
    "mse": 0.07373494739889934,
    "mae": 0.15388190658266834,
    "r2": 0.9422813658952341,
    "mape": 1.18642896441654,
    "gini": -0.3545138373760081,
    "adj_r2": 0.9421361008765141
  },
  "test": {
    "mse": 0.154790668065298,
    "mae": 0.1638874787109561,
    "r2": 0.886616537106967,
    "mape": 1.358167713845496,
    "gini": -0.35459165660475184,
    "adj_r2": 0.8854673803884565
  },
  "per_variable": {
    "Hc (A/m)": {
      "train": {
        "mse": 0.06603146488182896,
        "mae": 0.15602322871003357,
        "r2": 0.9755384144853505,
        "mape": 1.2820079336440797,
        "gini": -0.3642372552096788,
        "adj_r2": 0.9754768500922767
      },
      "test": {
        "mse": 0.07189848273570425,
        "mae": 0.14900364668993185,
        "r2": 0.9745910051497361,
        "mape": 1.2491158795495112,
        "gini": -0.3643365952683711,
        "adj_r2": 0.9743334815532807
      }
    },
    "Mr (A/m)": {
      "train": {
        "mse": 0.13148852272170913,
        "mae": 0.1950323877405954,
        "r2": 0.8744322937555749,
        "mape": 1.4628017927139012,
        "gini": -0.34834109414031117,
        "adj_r2": 0.874116267649255
      },
      "test": {
        "mse": 0.3512064359767313,
        "mae": 0.2195166541035868,
        "r2": 0.7328537671283291,
        "mape": 1.9237439254599313,
        "gini": -0.3492302821739774,
        "adj_r2": 0.7301462039573324
      }
    },
    "BHmax (J/m^3)": {
      "train": {
        "mse": 0.023684854593160186,
        "mae": 0.11059010329737572,
        "r2": 0.976873389444777,
        "mape": 0.8144771668916386,
        "gini": -0.3509631627780342,
        "adj_r2": 0.9768151848880104
      },
      "test": {
        "mse": 0.041267085483458386,
        "mae": 0.12314213533934973,
        "r2": 0.9524048390428358,
        "mape": 0.9016433365270452,
        "gini": -0.350208092371907,
        "adj_r2": 0.9519224556547564
      }
    }
  }
}