{
  "train": {
    "mse": 0.007939680225801752,
    "mae": 0.03170167784268115,
    "r2": 0.9938294951555525,
    "mape": 0.2545156963765843,
    "gini": -0.3548986923509369,
    "adj_r2": 0.9938139653614809
  },
  "test": {
    "mse": 0.1439164641658358,
    "mae": 0.09944621667432528,
    "r2": 0.8973726848271832,
    "mape": 0.8876165291777139,
    "gini": -0.3548621232317497,
    "adj_r2": 0.8963325431193506
  },
  "per_variable": {
    "Hc (A/m)": {
      "train": {
        "mse": 0.0072627546438683264,
        "mae": 0.04606459639720837,
        "r2": 0.9973094873162235,
        "mape": 0.3779391146898331,
        "gini": -0.3643530910926533,
        "adj_r2": 0.9973027158916837
      },
      "test": {
        "mse": 0.0524389405039689,
        "mae": 0.12149223750574692,
        "r2": 0.981468026604726,
        "mape": 1.0149600739424207,
        "gini": -0.3643665615376239,
        "adj_r2": 0.9812802025500441
      }
    },
    "Mr (A/m)": {
      "train": {
        "mse": 0.016079512703092404,
        "mae": 0.038828140616217366,
        "r2": 0.9846445340942137,
        "mape": 0.3069405417857138,
        "gini": -0.3491680284027738,
        "adj_r2": 0.9846058877874039
      },
      "test": {
        "mse": 0.37720616620870684,
        "mae": 0.1512209338838553,
        "r2": 0.7130769940523021,
        "mape": 1.4561673210388992,
        "gini": -0.3495292443362257,
        "adj_r2": 0.710168990613643
      }
    },
    "BHmax (J/m^3)": {
      "train": {
        "mse": 0.00047677333044455355,
        "mae": 0.010212296514617726,
        "r2": 0.9995344640562205,
        "mape": 0.07866743265420593,
        "gini": -0.3511749575573836,
        "adj_r2": 0.9995332924053553
      },
      "test": {
        "mse": 0.0021042857848315314,
        "mae": 0.025625478633373534,
        "r2": 0.9975730338245216,
        "mape": 0.19172219255182163,
        "gini": -0.3506905638213995,
        "adj_r2": 0.9975484361943647
      }
    }
  }
}