composition,Ms
Ag(AuF4)2,59297.8156719258
Ag(NO)3,362684.47455815144
Ag(NO2)3,232512.78261216515
Ag2As3S6N,91558.80698140913
Ag2AsS4N,118254.30863899397
Ag2Au3N6Cl17,135756.25172591957
Ag2IOF,70922.2041913788
Ag2WO4,56145.300340661124
Ag3CN(ClO5)2,67509.1176111417
Ag3F8,63031.445565709706
Ag3I(NO3)2,90016.26777108417
Ag3P2N(O3F)2,164855.15162389164
Ag3P3O10,79375.8121971375
Ag3RuO4,224874.76010715036
Ag7NO8,442482.42389570427
AgC2S2N3,209913.86923679805
AgC4NCl2,95731.29743537505
AgC8S4N4Cl,74532.71452922684
AgH28S8Br2(N3O4)3,71610.35859394025
AgH3CN3O4,65023.923095760416
AgI3N2O,145684.6001178476
AgIrF7,144991.25851742935
AgMo2P3O13,70390.58162005109
AgN2ClO4,407017.3954275216
AgPdF6,88187.8511276118
AgRuF7,231653.95250581586
AgS2(O3F)2,51207.17917804857
AgSNO3,213086.64307841242
AgSO4,104746.41294570449
AgSnF6,80269.2975404016
Al,398000.0
Al(FeB)2,613818.2474284838
Al(FeO2)2,1137179.1396820473
Al(NCl)3,332810.13939149724
Al(NCl)4,215530.758789455
Al(NF2)3,471774.62103800575
Al(SO6)2,262196.9546697395
Al(VS2)4,202437.6934293633
Al13(CrSi)4,54049.102664273225
Al13Si5ClO38,244266.42841701335
Al2(SeO4)3,226545.1090806576
Al2Co3(SiO4)3,431315.31248792907
Al2CoO4,421870.4148056697
Al2CoP3NO14,293419.6565045425
Al2CrCl8,110615.05670509978
Al2CuO4,141578.73052306022
Al2CuSi2O7F2,60470.212543519134
Al2Fe(PO9)2,493054.2130924683
Al2Fe(SiO5)2,318933.256888156
Al2Fe3(SiO4)3,560750.1095743786
Al2FeO4,552935.6721394204
Al2FeP2(HO)18,107468.7553072138
Al2GeO6,192425.76612813128
Al2NiCl8,63289.72703211484
Al2P2O11F,285052.8659223393
Al2PO7,206010.51194012346
Al2PO8,297668.5811970186
Al2PbC2O11,168700.2939332538
Al2Si2CNO10,186850.8947491337
Al2Si2H4O9,81709.8601348451
Al2Si2H5C2NO10,56786.66639510624
Al2Si2O11,299324.70663664583
Al2Si2O9,208037.9201594143
Al2Si2PbO10,115411.31567521764
Al2Si3(HO4)3,104581.16984658752
Al2SiO6,203222.76943282297
Al2TeSO9,106933.99449669229
Al2VCl8,92142.8815658155
Al2VO7,180446.5127854813
Al2W5O16,114001.97463370411
Al3(Co10B3)2,571967.642374793
Al4CN3O,227377.85268081786
Al4Co(BO5)2,63565.05841567221
Al4Fe2Si5O18,182046.39788491995
Al4P5HN2O21,189102.9935348364
Al5C2N6F17,188061.4301783451
Al5O8,76215.05296926665
Al8Fe5,452551.2520271973
Al9Fe2Si4HO24,195673.37644244276
AlCoNF6,220757.66115148555
AlCoP2C2(NO4)2,75935.35238392805
AlCrCo2,597895.2512645373
AlCrCu2,523582.85485903616
AlCrNi2,614540.437748826
AlCu6H18SClO19,126754.1606506471
AlFe,288807.6625980531
AlFe2Ni,834028.590740668
AlFe3,1410828.4101587872
AlFe3C,1003041.1443389311
AlFeCo2,1025115.411390508
AlFeF5,453997.8541389347
AlFeO3,904772.658025087
AlFePO5,350373.721926133
AlH18(BrO6)3,90516.90589855165
AlHg2O2F5,248853.8345452778
AlHg3(OF3)2,55681.24388472376
AlI3N5,118583.38350556868
AlNCl4,179905.69110388667
AlNF4,227978.44435643012
AlNi3,194619.86798635725
AlNiH16N(OF)6,70179.37385870251
AlO2,297728.9111702871
AlO3,331029.30813662655
AlP2H2O9,170494.92921322567
AlP3NO10,129093.94792951737
AlPO4,52474.572184669385
AlPO5,192893.9311006792
AlPO6,337196.2516987572
AlPb3OF9,90464.23268161797
AlS2NO20,391644.8675307022
AlSBr3,97523.46307752511
AlSeO10,178096.0400731383
AlTl2OF5,123916.59287395648
AlV2O4,651385.6863719295
AlV3,324645.48216709873
AlVCo2,396546.681223046
As2PdO6,194906.9617019091
As4INO6,96681.1919730475
As4N2Cl2O7,263639.3664956878
AsC2(OF3)2,51771.345780389136
AsC4N2F17,55567.5999938744
AsCClO2F3,60957.48125210344
AsCOF4,61613.54318831559
AsH3,88779.95397557443
AsNF6,167010.49528716487
AsO2,64579.91940867067
AsRu,89568.06152974718
AsS(NO4)2,399432.82505965553
Au(OF3)2,56143.82635050691
Au3F8,57977.755936107045
Au3N3(Cl6O)2,127234.00287410426
AuC4(N2O)2,228464.17986198916
AuC5(SCl)4,52672.218260611684
AuCN3Cl4,150203.29818971857
AuCl5O18,100142.95451357262
B10Pb4O21,85043.85678151075
B11(Pb2O9)3,155666.7631220946
B13N2,85822.24281185112
B20H26O,72630.86768311026
B3H7N,75940.24968732188
B5H4NO10,88372.06372991807
B5H8NO12,101369.6382218514
B8PbO15,132350.2343462981
BNCl,136968.19685539906
BNF4,250281.44972242444
BO2F3,218832.8795497069
BO3,487395.51951326436
BS2,118446.78240135558
Ba,62644.283917620276
Ba(As2O7)2,186117.41115586043
Ba(BO2)5,141311.09820589796
Ba(BrO)2,263282.5708942353
Ba(CO2)2,150410.77206532695
Ba(ClO)2,313109.7264264165
Ba(CoAs)2,122198.19486817544
Ba(CrAs)2,391247.70282165654
Ba(Fe2O3)9,1569591.206986143
Ba(FeBr4)2,214526.58967199046
Ba(FeO2)2,453371.2565237372
Ba(FeS2)2,119713.91205712137
Ba(GaO3)2,250799.8614364956
Ba(MnAs)2,706833.6804932907
Ba(MnGe)2,478395.64772556274
Ba(MnP)2,422953.63955073286
Ba(MnSb)2,529083.0362499764
Ba(MnSn)2,539058.275816813
Ba(Mo3S4)2,57751.32984407345
Ba(PO4)2,189855.37021739746
Ba(ReO6)2,267971.11503526976
Ba(SO2)4,71712.08115641218
Ba(SO4)2,91473.9710255854
Ba15Fe7S25,225978.77183561842
Ba2BiIrO6,116886.19663591341
Ba2Ca(PO4)4,150933.35760008197
Ba2CaCr2CuF14,239832.59961788435
Ba2CaFe2CuF14,353514.6915478323
Ba2CaIrO6,182067.3671084004
Ba2CaOsO6,122949.87203593586
Ba2CaReO6,61336.84040956453
Ba2CaV2CoF14,225201.5189493169
Ba2CdReO6,61332.56422091081
Ba2Co(PO4)2,140398.07928763796
Ba2Co2ClF7,279459.514302823
Ba2Co4ClO7,211657.7245534903
Ba2CoAg2(SeO)2,150376.56100758788
Ba2CoC2(O3F)2,155010.79707619737
Ba2CoCl6,114922.86975760863
Ba2CoCu2(SO)2,163593.30524220437
Ba2CoF6,193106.93904922873
Ba2CoO4,388748.1609363849
Ba2CoWO6,199261.08148721248
Ba2CrO4,154718.26813922
Ba2Cu2Te2P2O13,60921.56165067736
Ba2Cu5F14,159180.70798448086
Ba2CuF6,68097.53962035853
Ba2CuTeO6,59930.50151004351
Ba2CuWO6,65386.83330604584
Ba2Fe2O5,655564.0598186083
Ba2Fe3(P2O9)2,424930.05794560607
Ba2Fe3F10,495767.7658780691
Ba2Fe3P6HO22,309675.75193842483
Ba2Fe6O11,986545.9517353904
Ba2FeBiS5,188100.46550200245
Ba2FeSbS5,188247.59085141157
Ba2InIrO6,122998.85183151785
Ba2InRuO6,191563.77225353842
Ba2Li(CuO2)3,108130.58902581774
Ba2LiB10O19,73170.71620279278
Ba2MgReO6,67714.32284626405
Ba2Mn(AsO4)2,209402.49476163535
Ba2Mn(PO4)2,228550.86281700784
Ba2Mn3(AsO)2,718295.2175271615
Ba2Mn3(SeO3)6,258397.3136001127
Ba2MnO3,417081.6719440724
Ba2MnP4(H3O8)2,135057.0528251813
Ba2MnS3,278238.28823367256
Ba2MnSe3,248773.64234329533
Ba2MnTe3,205266.34671394096
Ba2MnV2HO9,172367.01355662776
Ba2NO6,169094.40687398476
Ba2Na(CuO2)3,103651.34720730035
Ba2Na(NiO2)3,53538.50009592495
Ba2NaOsO6,59635.7676249696
Ba2NbCrO6,202574.454523855
Ba2Ni(PO4)2,94740.79514543056
Ba2Ni2ClF7,191271.40235366617
Ba2Ni3F10,266554.9871425194
Ba2Ni7F18,375522.20245179697
Ba2NiF6,131643.87619617055
Ba2NiOsO6,266628.2820291307
Ba2P4H6O13,54438.699094466836
Ba2ReNiO6,206590.26114735208
Ba2SrIrO6,170453.7771181938
Ba2SrNp,233428.45121985083
Ba2TaCrO6,198189.69921334102
Ba2Ti2Fe2As4O,314012.55793742434
Ba2U(Cu2Se3)2,60256.474415858684
Ba2UCoO6,184563.05958566343
Ba2UCu2S5,78683.22956887708
Ba2UCu2Se5,70269.36826156072
Ba2UCuO6,69035.80909468811
Ba2UFeO6,368795.0713602159
Ba2UMnO6,294739.1162657086
Ba2UNiO6,122757.73709927232
Ba2US6,77686.41985251493
Ba2V2FeHO9,214955.14073120523
Ba2V3HO9,89872.97129251264
Ba2V3P6HO22,122762.98401090331
Ba2VO4,75483.99004561386
Ba2ZnO6,350829.3921923152
Ba2ZnReO6,66982.81251990085
Ba3Al2Cu2F16,56906.814393464265
Ba3Al2O12,303680.1463432802
Ba3BiRu2O9,119827.31147356564
Ba3CaIr2O9,129524.9197482039
Ba3CaRu2O9,246012.10632721623
Ba3CoSb2O9,123794.30836340845
Ba3Cr2O8,89918.3851592395
Ba3CrS5,119593.16076414485
Ba3Cu2(ClO2)2,85809.12491662227
Ba3CuRu2O9,312927.96375590336
Ba3Fe26O41,1430494.7686331756
Ba3Fe2P4(O6F5)2,210582.84515887333
Ba3Fe3Se7,239900.10394482093
Ba3FeN3,116072.37900010827
Ba3FeO5,232287.5916741634
Ba3FeS4Br,178230.3319076963
Ba3FeS5,149713.1304148948
Ba3Ge2B7H3O20,58938.77111462081
Ba3In4(CuO4)3,84748.90674873501
Ba3InRu2O9,127370.83404092937
Ba3Li2Mo4P6(ClO14)2,54224.95529079692
Ba3LiIr2O9,220442.59265543657
Ba3LiOs2O9,132915.16029542938
Ba3LiRu2O9,215849.79754100848
Ba3MgIr2O9,121278.78397860797
Ba3MgRu2O9,177000.0459944095
Ba3Mn2O8,181290.9945469969
Ba3MnSb2O9,201234.44602779578
Ba3Mo2(IO9)2,94569.96337040314
Ba3Na2Cr4F20,257345.31645241764
Ba3NaIr2O9,202640.9705350172
Ba3NaIrO6,101207.29416166196
Ba3NaMn4Si6O22F,316809.0534946758
Ba3NaOs2O9,127758.59193842224
Ba3NaRu2O9,145258.6687660511
Ba3NaRuO6,151813.67854772072
Ba3NaSi2B7O20,94208.01394715246
Ba3Nb2(OF3)4,52410.33669493675
Ba3Nb2CoO9,130006.37830326788
Ba3NbFe3(SiO7)2,398589.23079940607
Ba3NiO4,120774.17969835605
Ba3NiRu2O9,364158.25201664976
Ba3Np,205779.00044518962
Ba3SrRu2O9,235535.89143550303
Ba3TaFe3(SiO7)2,402976.7932960471
Ba3Ti2(O3F5)2,103770.37124077504
Ba3UFeS6,129136.6690033435
Ba3UFeSe6,115104.54637348799
Ba3UMnS6,135984.54881330603
Ba3V2S4O3,68270.69103045377
Ba3ZnRu2O9,259366.76493526393
Ba3ZrRu2O9,85801.6586838392
Ba4Co(ReO6)2,104984.39712863551
Ba4Fe2S4I5,128139.4364687442
Ba4Fe3(S3F2)2,339165.22647153307
Ba4Fe3Se10,257420.0114702251
Ba4Fe9O20,935530.9971156645
Ba4Mn3O10,345796.41610408184
Ba4MnGa2(S3F2)2,120877.81332347478
Ba4NaMn2O9,184501.37581460288
Ba4Ru3O10,143545.15752097298
Ba4UCr2S9,180393.23472598556
Ba4Zr(RuO4)3,126264.30269437471
Ba5(RuO5)2,198494.1564486059
Ba5(Si2O7)2,50841.36576442488
Ba5Co5ClO13,258240.2356995581
Ba5Co5O14,308056.2017149119
Ba5Cr3F18,215977.95816385356
Ba5Cr5O14,308406.5762970211
Ba5Fe4S11,288803.15081402427
Ba5Fe5O14,590988.763653202
Ba5Mn3ClO12,143875.20541434767
Ba5Mn3O12F,149378.66070523884
Ba5Na2Ru3O14,196640.03317951667
Ba5Os3ClO15,65493.215156873055
Ba5Os3NO18,59851.303696726165
Ba5Ru2Br2O9,140701.45205614896
Ba5Ru2Cl2O9,149678.41296716925
Ba5Ru2ClO9,153724.23656533568
Ba5V5O14,176220.97280197163
Ba6(NiO3)5,50548.80120891469
Ba6Cu11F34,147759.25853597332
Ba6Fe25S27,107828.24808624486
Ba6Fe8S15,354334.814704552
Ba6Mn5O16,364955.16091602476
Ba6Na2As2Ru2O17,120815.794243699
Ba6Na2Cr2Ru2O17,160409.89009100242
Ba6Na2Mn2Ru2O17,202925.50910843324
Ba6Na2V2Ru2O17,120421.33396938587
Ba6Ru2Pt(ClO6)2,120530.0971330493
Ba6Ru3(ClO6)2,121930.66197050629
Ba7Ca2Mn5O20,229064.84030199802
Ba7Fe6CuF34,376002.44589375606
Ba7MnFe6F34,421223.9210428687
Ba7Ru4Br2O15,138665.16020284517
Ba7Ru4Cl2O15,142510.53056584622
Ba8U3(HgS6)3,61442.521524454314
Ba8V7O22,110983.20123058274
Ba9(RhO3)8,58684.11970880722
Ba9Cu7Cl2O15,72664.39851662946
Ba9Fe4S15,213335.86241237487
BaAl2C2O11,136566.7817403936
BaAl2O6,247667.58030868773
BaAl2O8,420020.8093193821
BaAlO5,378229.39792689605
BaB2H10O9,70062.81099878125
BaB2O9,281346.0383263787
BaBr2O,139394.59038136332
BaC2(N3O2)2,80412.247772815
BaCa(FeO2)4,896792.4216100574
BaCa4(CoN2)2,174607.92483737896
BaCaCrF7,187897.9339650578
BaCl2O,157280.78424150476
BaClO3,99165.38886471074
BaCo(SeO3)2,178294.7475405673
BaCo2(PO4)2,269866.6001032416
BaCoF4,107881.99170622077
BaCoO2,412158.3057202992
BaCoO3,140767.818308343
BaCoP2O7,184439.18102624212
BaCoSO,345595.39273634943
BaCoSiO4,257492.794045413
BaCr(Si2O5)2,154855.18564077248
BaCr10O15,1005544.4136615422
BaCr2(P2O7)2,191505.9896343286
BaCr2O4,581861.3204169351
BaCr4S7,472841.4048671302
BaCrF5,284763.77096236835
BaCrF6,167229.39851302214
BaCrO3,277271.28046771296
BaCrP2O7,241879.79597353673
BaCu(SeO3)2,56855.99323345297
BaCu(SiO3)2,64203.50504222071
BaCu2(AsO4)2,96980.44507483346
BaCu2(PO4)2,98713.95034816621
BaCu2Ge3(HO5)2,86310.21981906837
BaCu2Si2O7,114888.70733927944
BaCuAs2O7,54908.22853318748
BaCuB2O5,75118.42433556847
BaCuCO3F2,88877.99250702864
BaCuF4,106903.45854188147
BaCuP2O7,61742.24464457945
BaCuPClO4,71333.89748023699
BaCuTe2O7,57401.02882217859
BaF3,129094.86989128921
BaFe(Si2O5)2,162901.28149175312
BaFe2(P2O7)2,334098.4020753575
BaFe2(PO4)2,439665.2808585561
BaFe2(SeO3)4,314185.85913435614
BaFe2Se3,429509.2799418416
BaFe3(PO4)3,491876.97836510977
BaFe4O7,1173901.2023926713
BaFeBP2O9,261475.69432372838
BaFeCoPbO5,544949.5374383436
BaFeCuF7,400376.67370552465
BaFeF4,407628.1828543334
BaFeF5,421433.7991364942
BaFeO3,545264.7749540886
BaFeOF5,495073.215691265
BaFePHO5,321890.25916731445
BaGe3O8,123123.26000465127
BaGeO4,183431.92819582918
BaH2O3,223046.56559166496
BaHgRuO5,138731.5605317308
BaInCo4O7,615068.1955128147
BaLiCrF6,217322.04353777427
BaMn2FeSi2O9,662619.7231515325
BaMn2O3,1072864.9298863478
BaMn2P2O9,382651.5574908374
BaMn2Si2O7,534679.1886984899
BaMn2V2O8,510015.4347913585
BaMn3(PO4)3,510615.9374905092
BaMn3O6,826348.5338887047
BaMn4O8,856932.8346952704
BaMn9V6(HO13)2,755244.5136822247
BaMn9V6O26,734245.8225793657
BaMnBi2,295508.148994477
BaMnF4,485962.50555631187
BaMnF5,373138.68265291565
BaMnFeF7,631528.7108891862
BaMnGaF7,330309.80048171576
BaMnGe,463276.0473326409
BaMnO3,418213.63569016766
BaMnP(O2F)2,299700.83977800293
BaMnP2O7,302915.79690770083
BaMnPClO4F,268369.1528817073
BaMnS2,441959.5957587535
BaMnSb2,310159.9816037399
BaMnSbF,435157.51095901534
BaMnSnSe4,206285.0296708746
BaMnV2(AgO4)2,225273.6409940534
BaMo(PO4)2,103598.56742020376
BaMo2(P2O7)2,189228.6654913252
BaMo2(PO4)3,172670.49015502646
BaMo2(PO4)4,59288.20355028397
BaN,197661.6506307715
BaN2,490093.1505945009
BaN6O,141223.18523712514
BaNa4Cu3F12,103549.74637950948
BaNa6Th(CO4)6,230325.14290731942
BaNaCr2F9,326972.7651551366
BaNaFe2F9,502738.2094858843
BaNaFe4P6H3O25,410258.7990684601
BaNb6O17,50867.793936329166
BaNiF4,212320.73749412628
BaNp(PO4)2,171693.76570539596
BaNpO3,324901.984331049
BaNpPH2O7,115164.51441520083
BaO10,212931.1129408888
BaO2,336175.61706304684
BaO4,206073.6190209042
BaO6,303979.3211277762
BaOsO3,148437.28105240673
BaOsO9,51247.36023998953
BaP2(HO4)2,102451.88872994989
BaP4(W2O7)8,50287.881228553466
BaPO4,92538.7862741055
BaPaO3,102223.81488570836
BaPdO5,161446.85452903956
BaPuO3,439822.4215713966
BaRh2,97794.2506658418
BaRhF6,79981.91069332142
BaRhO3,133806.22158034975
BaRu2Xe5F22,91890.70258671333
BaRuO3,215424.6734458633
BaS2(NO3)2,200035.91523832481
BaS4O,111480.45911565042
BaS5O8,119518.58527205126
BaSi2O9,110028.23035133003
BaSiO4,185780.0867476267
BaSr(FeO2)4,718326.8911555491
BaSr2Mn2(Si2O7)2,242896.32708861056
BaTa4O14,182349.18695237522
BaTe(SO2)4,59531.62550282781
BaTi18Mn3O38,261332.0962372019
BaTi2(P2O7)2,65672.08398953678
BaTiCu4P4O17,108494.34462417307
BaTiFe2(SiO5)2,438554.8489292364
BaTlP3O11,68796.89415943489
BaU2I2O13,59686.38112764223
BaU2S5,192741.54850935636
BaU2Se5,170092.11282246752
BaU2Te5,139949.34382052068
BaUS3,129842.90615701045
BaUTe4,114004.64979667462
BaUTe6,64952.1985641879
BaV(AsO4)2,51298.88406736909
BaV(AsO5)2,134121.50866844217
BaV13O18,762616.3805402349
BaV2(CoO4)2,326276.8165322307
BaV2(CuO4)2,105359.6907674043
BaV2(P2O7)2,128450.94085878189
BaV2(PO5)2,90407.96744942994
BaV2Cu3(HO5)2,130217.14377942534
BaV2CuO7,56924.23605371777
BaV2H2(Se2O7)2,58125.6293277987
BaV2Ni3(HO5)2,257176.04178718585
BaV2O7,104027.77001382051
BaV2P4O17,59218.18870003668
BaV3O8,57049.85859553586
BaV4O9,220311.30856752628
BaV6O11,477272.3360054032
BaVO3,141588.96340615337
BaVOF4,87207.5386725771
BaVS3,79673.19720762252
BaVSe3,72064.42697072298
BaVSi2O7,61323.31544270922
BaZnFeF7,331350.24253835884
Be(BO2)4,122412.55276783848
Be(NF2)2,240948.66300224492
Be12Cr,164829.75331474256
Be12Fe,137074.84777760602
Be2BO4,136340.43287538816
Be2CoN2(O3F4)2,302991.44147482165
Be2Fe,753463.8838850517
Be2NiH20N2(O3F4)2,54292.28335736347
Be2P3NO10,83939.47738413463
Be3Al2Si6O19,53263.40768055178
Be3Fe4Si3SO12,523469.94636406755
Be3Fe4Si3SeO12,507721.7427836732
Be3Fe4Si3TeO12,492751.96463300835
Be3SiO6,180426.91376451973
Be3Zn2(NF6)2,221809.15159102136
Be4Si2O9,123242.57373661513
Be5Fe,332291.81059175945
BeAlSiO5,116029.4297689228
BeAsO5,281511.27460077946
BeCo,207766.65743957003
BeCr2O4,874914.6355010773
BeSO8,473549.2610883622
Bi,364000.0
Bi(CO2)3,186980.0171128826
Bi2(Br3N)3,145793.56947383666
Bi2(NCl3)3,155264.33538556722
Bi2SO7,69939.17484677369
BiI3O11,144092.2287554167
BiP4NO12,73126.32704318564
BiSeO6,129051.31872341361
BiW2(Br4O)2,66082.82294766635
BiW2(Cl4O)2,77035.47226120895
Br,94866.44051657846
BrO3,256364.9122828116
C,72921.09461789922
C(N2O)2,322582.4509652347
C2N3,274817.0958988478
C3N4O3,247365.90962612018
CIN2O7,248951.59261416915
CN,194461.99675297382
CN3Cl,178624.2637343928
CN4Cl,171924.45161135786
CNClO4,129234.69130235875
CNO,140275.49156864482
CS(NO)2,124742.92901139155
Ca(Al2Fe)4,284541.3657853047
Ca(Al5Cr)2,61325.5666600754
Ca(BO2)3,87722.10671245493
Ca(BO3)2,341481.8450320092
Ca(BO3)3,324022.22902350756
Ca(BO4)2,428093.67030930513
Ca(BO5)2,182203.2152302884
Ca(CoAs)2,186377.7006000796
Ca(CoP)2,188957.9160625459
Ca(Fe2O3)2,1377319.726325423
Ca(FeAs)2,590773.8830548163
Ca(FeO2)2,1236995.7563877143
Ca(FeSi)2,156156.09659794925
Ca(IN3)2,117870.96923356077
Ca(MnAl2)4,346524.16148080525
Ca(MnAs)2,499569.9295538963
Ca(MnBi)2,593591.0925726129
Ca(MnGe)2,730747.1685703675
Ca(MnP)2,431323.2715851577
Ca(PO4)2,216341.4530946588
Ca(ReO5)2,161024.14712647622
Ca(SO5)2,84444.26527718247
Ca11N8,51953.87284072343
Ca2(BO2)11,72240.22574548145
Ca21(Mn2Bi9)2,128725.85562166337
Ca21(Mn2Sb9)2,141613.5637121842
Ca2Al2(SiO4)3,76425.672987983
Ca2Al2FeSi3HO13,194346.3019895748
Ca2Al2FeSi3O13,188538.31475652862
Ca2Al2FeSi4BHO16,125956.09764150648
Ca2Al2FeSi4BO16,159399.53209222807
Ca2Al3O8,103673.0884921744
Ca2Al4Si8O33,189311.3682951739
Ca2AlP2O9,55860.640101358644
Ca2B5O13,275999.0627890278
Ca2BAsO8,230290.19846005755
Ca2Co12P7,110095.87138197894
Ca2Co2O5,482210.90831208916
Ca2CoO3,181899.37832746003
Ca2CoSi2O7,174971.1203209159
Ca2CoWO6,229728.42511435607
Ca2Cr2O5,482807.5570941991
Ca2CrO8,119615.58684510316
Ca2CrOsO6,286995.86459638696
Ca2Cu2Si3(HO3)4,72093.9492245403
Ca2Fe(PO6)2,328628.67821167014
Ca2Fe2Si5HO15,285287.1787908679
Ca2Fe7O11,1364051.9821398472
Ca2Fe9O13,1394250.0555187229
Ca2FeClO3,445373.37374995725
Ca2FeCoO5,592585.101310486
Ca2FeMoO6,465291.1995588726
Ca2FeN2,239816.71779001993
Ca2FeOsO6,609255.849857642
Ca2FeWO6,445500.1835799518
Ca2GaFeO5,403786.8953008044
Ca2InOsO6,219509.33949212582
Ca2Mn2O5,680617.0859002615
Ca2Mn2Si4H6O17,168971.88615969577
Ca2Mn2Si4H8O17,212955.99681347504
Ca2Mn3O8,557542.6895689751
Ca2Mn3P3H6O17,337995.86527556553
Ca2MnAl2Si3HO13,155672.38310709086
Ca2MnAl2Si4BO15,127404.23804566507
Ca2MnAl2Si4BO16,174763.22586964665
Ca2MnAlO5,332636.0230145431
Ca2MnAs2(H2O5)2,214962.08709295763
Ca2MnFeO5,717968.3601022679
Ca2MnGaO5,331037.56847691507
Ca2Ni7,162060.33828693072
Ca2PdWO6,127587.93512753645
Ca2Ru2O7,418183.443169438
Ca2RuO4,187812.70607534703
Ca2S2O7,118945.80121820486
Ca2S2O9,101001.96146476782
Ca2SiB5O14,177831.33379622098
Ca2SiO4F,88529.03205439904
Ca2SiO6,285884.73892358044
Ca2UO17,266766.8663474643
Ca2V2O9,90943.40464441582
Ca2VP3H4O13,72423.08267473982
Ca2VP3O11,88657.1256036526
Ca3(ClO3)2,174721.74490866563
Ca3(CoO3)2,302876.1756160905
Ca3(SiO5)2,173151.8275715381
Ca3Al2O12,407189.86821166595
Ca3Al2S(OF)8,118223.94546162448
Ca3Al4CoO10,117592.92092202936
Ca3Co(SeO3)4,82125.071831724
Ca3CoRhO6,277022.1438421638
Ca3Cr2(SiO4)3,256676.4484016211
Ca3Cr3(PO4)4,321088.0694624169
Ca3CrN3,85152.46821111087
Ca3Cu3(PO4)4,87596.03813085814
Ca3Cu5Si9O26,88695.73327334429
Ca3Fe2(GeO4)3,382446.3970973158
Ca3Fe2(SeO3)6,215817.76254473501
Ca3Fe2(SiO4)3,409264.60767188796
Ca3Mn2(GeO4)3,305327.72448199836
Ca3Mn2(Si2O7)2,262351.7898100925
Ca3Mn2(SiO4)3,323788.7614463302
Ca3Mn2O7,411518.9601367705
Ca3MnH12S2O17,79647.08433267083
Ca3MnN3,172794.75388562007
Ca3MnZnO6,206678.76070847386
Ca3Nb2CoO9,149842.25199669626
Ca3Ni2H8C10(S4O13)2,86822.50285102417
Ca3ReO6,71889.54022335184
Ca3Ru2O7,254453.58615784207
Ca3V2(SiO4)3,162277.07461682652
Ca4Fe9O17,1109252.5288865431
Ca4Ge3O11,69603.40024797397
Ca4IrO6,64201.929928105405
Ca4Mg4Fe3,185198.6889006581
Ca4MgB4(CO9)2,169945.64420241304
Ca4Mn3B3CO15,372608.6999277023
Ca4Mn3O10,428652.116877873
Ca4Si3O11,70634.38862785601
Ca5(CoN2)2,189904.56125059375
Ca5(CuO2)6,127491.44240440225
Ca5(GeO5)2,70435.60270816305
Ca5(SiO5)2,73821.54664219759
Ca5Cr3ClO12,90939.7973062711
Ca5Cr3O12,129120.27906695355
Ca5FePb3,79651.18866928102
Ca5MnPb3,164456.61933589814
Ca5MnSi9(Pb3O11)3,52143.70401560349
Ca6Co3Si6O5,114871.68638062241
Ca6FeN5,135880.12355758445
Ca6MnBe4Si6HO24,112006.82925323055
Ca6MnN5,90461.78349669793
Ca6Si3O13,60370.96020964205
CaAl(OF2)2,166326.77092118267
CaAl2(OF)4,251034.77105361983
CaAl2(OF3)2,128449.98048433856
CaAl2(Si2O7)2,105028.17371841776
CaAl2(Si3O10)2,141332.67502652082
CaAl2(SiO5)2,146821.5042696873
CaAl2H16N9,88656.16179633245
CaAl2Si3O13,173713.31145630882
CaAl2Si4(H2O7)2,52908.662464197696
CaAlCuSi2O9,104591.37314773086
CaAsHO5,167811.24927435664
CaAsO4,107790.47467046914
CaAsO5,263761.2819764967
CaB2O9,346583.5587428479
CaB8O15,127621.34279373479
CaBO3,139086.15430273078
CaBeAsO5,92002.8467190707
CaBePO5,99369.16675360929
CaC2O5,167529.50090286817
CaCd(NO3)4,121836.8435125628
CaClO,144059.33453392578
CaCo(SiO3)2,242218.60097957333
CaCo2Te3(ClO4)2,197537.74434040932
CaCo3(P2O7)2,327884.73550725373
CaCo4(CuO4)3,336579.6882102424
CaCoAsHO5,89420.6116735075
CaCoBP2H5O11,131380.2817190837
CaCoP2O7,209438.166528868
CaCr(Si2O5)2,173578.4822293515
CaCr2(PO4)2,442837.31496567593
CaCr2Cu3(SbO6)2,385690.68368870806
CaCr2O4,723376.9948888381
CaCrF5,280753.3723016535
CaCrF6,164109.93511658133
CaCrO3,336804.5079741961
CaCrO6,128926.67012784773
CaCu(GeO3)2,75158.30785265128
CaCu3(GeO3)4,141671.7746127372
CaCu3(PtO3)4,127040.4668496119
CaCu3(SnO3)4,118905.61464910631
CaCuAs2O7,62555.40385683986
CaCuAsHO5,89419.90517636026
CaCuF4,123879.53075579675
CaCuP2O7,71917.12303031093
CaCuSiH2O5,85041.55073016895
CaFe(GeO3)2,292828.5042078898
CaFe2P2HO9,486326.5351985486
CaFe2P3HO12,434052.88508289796
CaFe3P3H2O13,499883.8535732238
CaFe3P3O13,557765.9734097761
CaFe3Si2HO9,693166.3595968768
CaFe3Si2O9,610332.1167339325
CaFe4As3,432054.1725197602
CaFe5O7,1408360.0506568537
CaFeAsF,484508.03440818016
CaFeBP2(HO5)2,260049.36277192278
CaFeClO2,548190.7586476195
CaFeF5,467958.99407157063
CaFeO2,716270.9154574595
CaFeO3,668887.9423298914
CaFeSO,521673.5642918593
CaFeSbAs2O7,50249.40506233987
CaFeSeO,462804.11720191775
CaH4Ir(OF3)2,58539.840474304554
CaIrO3,121592.5702864397
CaMgNi4,148917.38579970907
CaMn2Be3(SiO4)3,415733.18971996824
CaMn3O6,893849.7906475295
CaMn3V4O12,824205.96167193
CaMn4(CuO4)3,686237.0159749935
CaMn4(SiO3)5,632060.4367882046
CaMn6SiO12,1051788.3204008779
CaMn7O12,1220775.7867264529
CaMnAl4SiP3(HO4)5,136085.95228507125
CaMnAs2(H3O5)2,202644.4398121148
CaMnB2O5,457478.60905916506
CaMnF5,366272.13963113097
CaMnGe,350057.94129547925
CaMnO3,510665.74367217807
CaMnP2O7,338851.8731987861
CaMnSb2,326977.1468801237
CaMnSi,312254.9589235765
CaMnSiHO5,388098.3359063001
CaMnSn,474769.5152896309
CaMo5O8,636313.7315374515
CaMoO3,310874.4280696251
CaN,294074.4404680804
CaNi2,88719.51702270938
CaNi3,139157.5291051423
CaNi3(P2O7)2,223742.8891284329
CaNi5,277994.31451612356
CaNiAsHO5,182265.65384532957
CaNiBP2H3O10,101935.89864355084
CaNiP2O7,144053.76772588064
CaO2,442067.42761807225
CaP(H2O3)2,72148.45454254672
CaP(HO3)2,233202.4324371088
CaP3NO9,75776.72690973636
CaPBrO8,226871.04056578537
CaPO4,115271.47947938215
CaRhF6,80978.39249355071
CaRhO3,164625.1791909178
CaRuO3,325726.83074935834
CaSO6,130846.60269577174
CaSeO4,184318.4163556359
CaSiBO5,104093.83210338517
CaSiO4,214731.25979963478
CaSnO3,225349.29095667735
CaSnO6,327386.68446203
CaTcO3,474031.0308037924
CaTi2FeO6,339190.7024542817
CaTi2MnO6,416562.10123597615
CaTi2O6,158044.1650038439
CaTi4(CuO4)3,134035.98320815637
CaTiF5,88602.80953257013
CaU(PO4)2,120851.36141607718
CaU2Se5,190048.33893383396
CaUCu(PO7)2,221126.51289983487
CaV2(PO5)2,107328.62336057276
CaV2CoO7,197382.38773006582
CaV2CuO7,58423.029316387285
CaV2O4,503551.88667414273
CaV2O5,184788.72535870256
CaV2P2O9,211239.9743732871
CaV2P3HO12,172713.7478898664
CaV4(CoO4)3,582218.5471987955
CaV4(PdO4)3,173477.28781578963
CaV4O9,201121.82999112725
CaVNiP2O9,160955.16426719326
CaVO3,172718.02397256455
CaZn2(SiO4)2,109010.09642028096
CaZrSi6O17,97913.35894782748
Cd(AsO4)4,264894.252595686
Cd(BrN)2,376072.44592040253
Cd(BrO4)2,201510.31312498974
Cd(I3N2)2,172790.00903070363
Cd(IN)4,360725.283675822
Cd(N2Cl3)2,109413.23621741006
Cd(NCl)2,412163.69178984227
Cd(NO5)2,176728.2640690283
Cd(PO4)2,153369.4523062617
Cd(PO5)2,155362.87856093905
Cd2Cu(PO4)2,56428.89890255922
Cd2Cu2P2SO17,172669.09852545446
Cd2Hg2S2O11,71298.25861078374
Cd2Ni6Te3PbO18,328273.20237885206
Cd2Re2O7,77821.34341533326
Cd2S3(NO6)2,180074.80299306635
Cd2SO6,138105.378865488
Cd2Sb5O2F31,87959.37961903066
Cd2Tc2O7,280582.32253688324
Cd3(SeO3)4,59999.21365576532
Cd3GeO6,125949.42063644876
Cd5(NO8)2,143760.90826196963
Cd5(PO5)4,227205.71982207906
Cd5(SiO5)2,78273.12909392787
Cd5Mo2(P2O7)4,103404.75853688159
CdBrO,138595.03234166745
CdC2S2(N4Cl)2,87193.15171409489
CdC4S2(NO)4,59103.15310659177
CdCBr3N,105856.98326620283
CdCO3,117273.2653393778
CdCl4,63597.296782843805
CdClO,154152.16191832218
CdCo3N,536777.3373691028
CdCoAsHO5,88086.7584859328
CdCu(SeO3)2,62853.99065799662
CdCu2(BO3)2,72054.09753204376
CdCu4H14(SO9)2,91769.84911531843
CdCuF4,126439.30683849013
CdH20C2S2(NO2)6,97644.434906461
CdH6(SO4)4,91139.15825046926
CdH8C4(NCl)2,83656.06789839816
CdHSeNO6,115967.64911220489
CdHgSeO6,126924.27928111161
CdI2O7,112868.47511211922
CdIO4,96878.31527684475
CdIO9,518188.7822553232
CdMoPO6,76558.19702842778
CdNCl3,118635.6829102582
CdNO4,111414.01669306254
CdNi,166328.2326971874
CdO2,424975.7735385362
CdOF,217442.8398569878
CdRe2(NO2)4,314495.6867201901
CdRe2C4(N2O3)4,75205.88067923998
CdRhF6,85545.12726712009
CdSO5,179167.2952500219
CdSe2O9,199799.03868047305
CdTcO3,378322.645124284
ClO,860937.7892289876
ClO5,323012.94768075825
ClO6,86603.40572843049
Co,1409449.9733401216
Co(AsO3)2,313506.6662178762
Co(C2N3)2,175200.95196288938
Co(C2O3)2,193062.97158220716
Co(CN)6,114821.08363988202
Co(CO3)2,149715.6411997836
Co(ClO)2,95335.48294556382
Co(ClO3)2,190399.1812104751
Co(ClO4)2,194391.90713743336
Co(HO)2,653897.0716067937
Co(IN2)3,139551.3640120809
Co(IO4)2,178882.58134891378
Co(MoS2)2,94496.25520963321
Co(N2Cl)3,631535.5289559155
Co(N3Cl)2,543771.3869019811
Co(N3O4)3,182160.02940630796
Co(NO6)2,380923.2448887709
Co(PdSe)2,103298.68505426189
Co(PtO2)3,248520.1673853699
Co(ReO4)2,158560.56598568292
Co(ReO6)2,236518.185599978
Co(RhO2)2,361970.38759750436
Co(RhSe2)2,108760.5177210623
Co(SbO9)2,823705.507586404
Co(SeO4)2,273012.4001535409
Co(W3Cl7)2,53322.16694774629
Co(WCl5)2,90960.9386071906
Co10Ge3O16,945646.8519938204
Co21(B3Sb)2,575721.8050412666
Co21(GeB3)2,811365.9053465956
Co21(ReB3)2,767658.2099990863
Co21(SnB3)2,629028.8374532841
Co22B6Sb,815346.1866743122
Co23B6,1168761.4923485597
Co2As,273783.5954000477
Co2As2O5,467182.5987677812
Co2As2O7,409061.5068439649
Co2As2O9,319675.4213076434
Co2AsClO4,477071.01775888196
Co2AsHO5,495783.98080123006
Co2AsO5,439765.0916508669
Co2B,716504.377561923
Co2B2O5,620030.7437454724
Co2BP4H2Pb4ClO18,129507.52915886573
Co2CuGe2,116002.47947793068
Co2Ge,250564.56098756596
Co2GeO4,777270.8623732568
Co2H26N12O13,104184.66203090275
Co2Mo3O8,371962.26389658765
Co2NiSe4,70956.14891839353
Co2P,356766.8200312311
Co2P2H12O13,144269.3823816014
Co2P2H4O9,331119.72562672384
Co2P2H4PbO10,279688.2441424786
Co2P2O7,469637.18182582106
Co2PClO4,520181.3488563608
Co2PH2CO7,408620.18978548056
Co2PHO5,537186.4023972576
Co2PO5,717869.2997760393
Co2Sb2O7,423344.9225197896
Co2Si,448484.01979907684
Co2Si(P2O7)2,214020.22597954056
Co2Si3,68636.48298976806
Co2SiO4,788930.0852040469
Co2Sn,261026.7828748138
Co2Te3O8,297337.7070638183
Co2TeSO8,355456.15334028617
Co3(AsO4)2,549654.582188025
Co3(BO3)2,806553.68192055
Co3(PO4)2,557403.573817823
Co3(SO6)2,215366.41144910848
Co3(SnS)2,85930.73724390671
Co3Ag(AsO4)3,272901.9816229653
Co3Ag2(P2O7)2,304825.23931815644
Co3AgP3(HO6)2,374652.86078255315
Co3B,880072.6997085271
Co3B7BrO13,364530.721007666
Co3B7ClO13,366240.00612044294
Co3B7IO13,379762.2607138826
Co3B7O13F,371144.1616820525
Co3BO5,659246.2518213378
Co3C,780073.8077455135
Co3H2Se3O10,348333.43738097185
Co3O4,427326.6547698958
Co3P2(H2O3)4,330457.24714381015
Co3P2(H2O5)2,438405.30611706205
Co3P2(HO)16,270648.6805646322
Co3P2H2O9,453851.7654874488
Co3P2O9,402597.52639024303
Co3P4H48(NO15)2,62786.751406584175
Co3P4PbO14,111578.36601708263
Co3S4,259239.5813469164
Co3Se4,187695.0567130962
Co3Se4(ClO5)2,279837.8119313751
Co3SnC,277424.71432073455
Co3Te2(PO7)2,337162.7878808113
Co3W3N,133597.7739896346
Co4Se3Cl2O9,383089.1184507324
Co5(PO6)2,770704.9797696976
Co5As2,477797.13902386936
Co5B2P,271246.2998341457
Co5Ge7,125344.66095045443
Co5P4(HO2)10,379405.71085817215
Co5P4H12(O8F)2,299541.9289836147
Co5Te4(BrO6)2,367128.61900758406
Co5Te4(ClO6)2,381320.1632064365
Co5Te4Cl4O11,332336.9295043925
Co7(AsO6)2,839196.922848278
Co7B24(H3O23)2,298568.48963726393
Co7Mo6,74479.02022845499
Co7P6(HO6)4,448602.0893489316
Co8Te(AsO8)2,709104.3368201759
Co9Te5(PbO5)6,376029.0623984637
CoAg(N3O4)2,284046.52606029186
CoAg(NO3)3,161757.3029982178
CoAs,120244.27043285465
CoAs4F18,87580.17408304231
CoAsRh,83196.67618030786
CoAu2(CN)4,127655.34761379368
CoB10(H13O4)2,70733.72589377573
CoB4O7,220051.98387929358
CoBP(HO3)2,264684.31199088215
CoBP2HPbO9,157309.9172405713
CoBi2SO7,178970.2749271324
CoBiO3,329113.79771847354
CoBiPO5,261768.03555631862
CoBr,393617.37338665
CoBr2,358053.2006357709
CoBrO,312824.52194647957
CoCN2,231514.18428238112
CoCO3,603572.9240496224
CoCl2,430451.772887119
CoCu2(BO3)2,328579.08544683165
CoCu2GeS4,189026.67133110686
CoCu2O3,415149.85337752494
CoCu2SiS4,196343.27551399375
CoCu2Sn,177517.88339289933
CoCu2SnS4,174306.77260180857
CoCu2SnSe4,141482.82793664397
CoCuP2O7,298274.10908954375
CoF2,806654.7441018728
CoF3,213216.57274351516
CoGe,314491.8400782533
CoGe(OF)6,523050.0209097622
CoGeO3,506917.99018131156
CoH10C4(N2O3)2,116687.02479816579
CoH10SeO9,140891.33103077003
CoH12(BrO3)2,120144.16683875289
CoH12(BrO6)2,88124.58595311533
CoH12C2(Br2N)2,94027.46719885983
CoH12C2(I2N)2,74623.97008915208
CoH12C2(NCl2)2,103854.48246584818
CoH12PdC4(NO3)4,168217.53365831377
CoH12SO10,127223.05794087415
CoH14C10(N4O)2,71955.95471308511
CoH14C3NCl3O2,109833.3943859533
CoH16C4(NCl2)2,81900.43381143587
CoH16RuN10ClO10,92720.53870392281
CoH18C4N8(ClO)4,66179.46413338263
CoH18S2Br(N3O2)2,59177.49366910997
CoH2(CN2)2,97965.81369717499
CoH20PtC4(NO3)4,69655.11233943645
CoH24C2S2(N3O7)2,59785.755825553235
CoH2CO3,121485.67753539205
CoH4(BrO)2,71151.09571905971
CoH4(ClO)2,244953.68112020733
CoH4(NO4)2,56655.72467948883
CoH4S(NO2)2,244806.27167690397
CoH4SeClO6,170063.2412312257
CoH4SeO5,247581.343658921
CoH5SeClO5,183268.25467725992
CoH6(CO3)2,135272.77801450336
CoH6(NCl)2,76846.52134901688
CoH7C3NO6,142695.1569718292
CoH8(CO2)4,132465.45009643995
CoH8(CO4)2,152667.35294443578
CoH8(ClO2)2,174552.92313376145
CoH8C2N4(ClO2)2,110471.81325606898
CoH8C3(NO3)2,50164.1369030272
CoH8N2(OF2)2,190352.39842405682
CoH8SO8,56868.19172516651
CoHgC4(SN)4,93507.97569359186
CoHgC4(SeN)4,81479.74399818253
CoI2,107297.92483602872
CoMoH2SeO7,195602.83429052652
CoMoO4,406320.96147050406
CoN12,317373.71990577574
CoN3Cl5,299494.5679882187
CoNi(PO3)4,127585.96239922378
CoNiH24(SO10)2,101654.0685025499
CoNiSn,222844.49486115287
CoO,1452370.5083848988
CoO2,232661.30805803553
CoP2(H4O5)2,143358.8688105535
CoP2H10(NO4)2,131672.8098186087
CoP2H13C2NO9,106375.58130239777
CoP2H24C8S4NClO4,51810.38505344856
CoP2H2O7,199079.28653077284
CoP2O7,214459.9190738754
CoP2PbO7,67325.48716577777
CoP3H12NO7,111181.61834036763
CoP3NO9,149425.21974377424
CoP4(H5O8)2,87585.96390067569
CoP4O11,135533.56908269788
CoPH3CO4,232429.71436726674
CoPH3O4,301950.7459414826
CoPH3O5,280978.33003870887
CoPH4ClO3,232653.0949039232
CoPH6NO5,228174.2877046631
CoPH8C3N3O7,108393.85905667969
CoPO4,268472.25736753515
CoPS3,97872.3482328162
CoPt,835991.3797427112
CoPt3,455286.25720244664
CoPtF6,284194.33355140587
CoRe2(H2O3)4,95630.94748595056
CoReO4,402155.80503595475
CoS2,220065.03806186924
CoSI,300142.9143348658
CoSO10,312211.31569558923
CoSO4,364759.9052557491
CoSO5,303074.7456324332
CoSe2,179906.77486790245
CoSeO3,474346.3408509394
CoSeO4,257793.50666435625
CoSi,278498.455938583
CoSi(OF)6,557493.9930852287
CoSiH12(OF)6,108356.87895927463
CoSiNi,80535.37194312732
CoSiO3,506407.1067005923
CoSnF6,259749.87823802247
CoSnH12(OF)6,97300.50053836404
CoSnRh2,340860.8280566998
CoTe(PbO3)2,139662.65997042332
CoTe2,139340.9617348931
CoTe6O13,98183.67604452444
CoTeO3,449072.92936261743
Cr(B3H8)2,177666.88792753956
Cr(CuO3)2,98769.1159477189
Cr(FeSe2)2,543824.056275765
Cr(GaS2)2,242757.5748527368
Cr(InS2)2,238413.51122552404
Cr(NO2)2,138074.0969068731
Cr(PO3)3,158133.2591362973
Cr(RhSe2)2,252836.3000774396
Cr(Te2Rh)2,215744.17749672697
Cr11Ge19,233539.42818446955
Cr2(CN2)3,447919.38881444494
Cr2(Co7B2)3,656449.7232579867
Cr2(MoO4)3,201880.07137274405
Cr2As6O19,126340.3177375954
Cr2B(PO4)3,261070.61658491188
Cr2CdO4,691976.8942195976
Cr2CdS4,408800.0924514649
Cr2CdSe4,351188.7137230037
Cr2CoO4,1148198.1832347433
Cr2CoS4,588494.7576851717
Cr2CoSe4,505708.9671311287
Cr2F5,735539.3001303701
Cr2Fe3(SiO4)3,803260.984507791
Cr2FeNO8,423151.0145385414
Cr2FeO4,1282960.7413302308
Cr2FeS4,512442.84304993856
Cr2FeSe4,617331.1101621126
Cr2GaN,406653.8147146133
Cr2H21I7(N2O)3,83552.68407975807
Cr2H24(IN3)3,116526.19612798849
Cr2Hg2O9,88491.20465832962
Cr2HgO4,674718.5044868051
Cr2HgS4,407151.43781291466
Cr2HgSe4,349222.5330235167
Cr2InPd2,805839.2449721083
Cr2N2O7,157579.20785443528
Cr2Ni2H64N13Cl11O12,83715.27512065385
Cr2NiH20(NO7)2,50480.35895591607
Cr2NiO4,971283.480068819
Cr2O3,1139390.6027177237
Cr2P2O7,570919.8623076724
Cr2P4O13,234827.8864456467
Cr2P4Pb3O16,167309.97545103572
Cr2ReO6,666987.082852923
Cr2S3,629223.7194797846
Cr2Se3,543939.8108812256
Cr2SiO4,947941.9183263591
Cr2Te4O11,218317.1323120439
Cr2XeF10,167847.21682624493
Cr3(P2O7)2,373650.95787202806
Cr3(PO4)2,684900.9271266017
Cr3AsC,247322.40928202696
Cr3AsN,427003.2704708604
Cr3B7BrO13,479073.7411451325
Cr3B7ClO13,479840.1424902257
Cr3B7IO13,473679.0219442965
Cr3BO6,860299.3105897689
Cr3BiNO12,167778.49576812526
Cr3C8(NCl2)6,227031.22856595225
Cr3GaN,61434.70118110622
Cr3GeC,229995.64035735262
Cr3H4NO8,152209.10889528322
Cr3O,1972069.8604241773
Cr3PC,265285.26973874716
Cr3PN,360262.6811466455
Cr3PtN,1052715.56706506
Cr3RhN,124908.76552917805
Cr3S4,766341.4591975072
Cr3Se4,662139.2899113279
Cr3Si5,242417.31075078694
Cr3SnN,435697.8165328056
Cr4BiNO14,56378.65927894074
Cr4Co3(PO4)6,468065.61057042354
Cr4Cu3(PO4)6,336098.1250697233
Cr4Si2Br2O7,647521.8766536899
Cr4Si2Cl2O7,661326.211206684
Cr4Xe5F44,85227.77090975405
Cr5(Bi3Se8)2,207209.01054557064
Cr5O12,256199.5341965274
Cr5S6,807230.1644992045
Cr5S8,567606.2578998365
Cr5Si3B,325463.90855563886
Cr5Si3C,100601.4116085952
Cr6Si7Ni16,486181.9932729254
Cr7(PO4)6,523993.71046393935
Cr7Se8,804595.4701674667
Cr8O21,130231.09682583062
CrAg(PS3)2,129493.05782850037
CrAgO2,579787.7446116793
CrAgS2,379501.3415962408
CrAgSe2,327308.44398838456
CrAgTe2,261705.19673971707
CrAs,705263.4915510868
CrAsO4,388038.7611442306
CrAsRh,719222.1121313364
CrAu4,437171.1477617465
CrB2,405605.4691306747
CrB6H32(C4O)2,75387.28903783073
CrB6H36(C4O)2,71346.60898580364
CrB6P2(H17C3)2,67937.37147651499
CrBO3,642257.3980468556
CrBPbO4,317097.0438120798
CrBiO5,89352.56257065918
CrBr2,418298.9047587205
CrBr3,250041.87442239444
CrBrO,473878.9287624306
CrC,746986.7297728603
CrC32O5,85808.14483705914
CrC7N2O5,138604.24633345607
CrCdF6,176034.68297685235
CrCl2,497739.4267068173
CrCl3,280543.2230209951
CrClO,567272.1750490001
CrCoGe,603195.2240981889
CrCoH18(CN2)6,70025.19683315324
CrCoO4,145965.483139822
CrCoP,538090.6254116923
CrCoSi,265356.3538298039
CrCuO2,636077.9182074702
CrCuO4,125973.73268742976
CrCuS2,301045.29104895797
CrCuSe2,359004.34485240205
CrF2,952679.2867445968
CrF3,600910.7165186309
CrF4,285710.37874348334
CrF5,117050.0244450753
CrFeH18(NF)6,287958.4679892253
CrFeO3,1475913.0902137053
CrGaCo2,594519.3394233765
CrGaSe3,230533.4936070725
CrGe,328815.6104233728
CrGeTe3,187384.1901027866
CrH10N2Cl5O,110598.7973035083
CrH10SO9,190376.0823770423
CrH12(ClO2)3,110032.88051974439
CrH12C8S2(NO)2,100303.96800420743
CrH12I(N2Cl)2,96403.78998755054
CrH12N3(OF2)3,131296.73092374648
CrH14N4Cl3O,122380.49085761808
CrH17N4Cl2O3,107104.27125403176
CrH18(O3F)3,99213.67183980526
CrH18I7N6,51136.258138547026
CrH2,1441846.293301693
CrH20N2O6F5,95387.16529468157
CrH20S2(NO7)2,102779.02871382407
CrH4C4NO10,174493.18834347333
CrH6C3(S2N)3,82106.57002342833
CrH8C4(S2N3)2,118592.69868277959
CrH9(BrN)3,134341.26929738725
CrH9(CN2)3,139653.76523626893
CrHO2,844251.679654249
CrHSe3O8,143053.1085868532
CrHg6As4Br7,55398.38893143584
CrHgF6,173634.96510065984
CrI2,322677.66067518666
CrInBr3,240547.08167087275
CrInCo2,540797.4625408509
CrMoF6,422693.30249798414
CrN,1483432.622620804
CrNiO4,273160.61498669296
CrNiP,738344.2715167676
CrO,1682725.7426151237
CrO2,606240.075572444
CrP(HO)5,305403.11395453045
CrP2H13(NO5)2,103816.49689632509
CrP2H14(NO3)3,100126.5683271101
CrP2H15N2O11,94149.65720831182
CrP2H15O14,95309.89772846103
CrP2H16N3O10,91494.26909985435
CrP2H17N4O9,91286.31840517324
CrP3(HO5)2,144670.2848049305
CrP3H16C3NO12,109007.8906007057
CrP3H18C6(SO)6,51600.53752286941
CrPO4,421850.0863236607
CrPPd,665727.4987452993
CrPSe3,233203.65123401274
CrPb2,491586.0881443106
CrPb2F7,191722.93474431874
CrPbO3,308681.156670214
CrPdO2,592726.5291864085
CrPt3,459104.9366127246
CrS,940454.243843317
CrSBr,393726.65413545835
CrSb,641512.5880023701
CrSb2,350750.8711968692
CrSbF10,57268.838584015946
CrSbPt,413627.5303514129
CrSbS3,267263.63613803434
CrSbSe3,230545.48657256854
CrSe,954313.5095482031
CrSiH8(O2F3)2,189212.90341853944
CrSiNi,513612.6603218098
CrSiTe3,189750.34270786104
CrSn2,99550.58360199054
CrSnRh2,356238.0538406707
CrTe,782215.9718801889
CrTe4Au,161980.82590573013
CrWN2,513051.1913885981
CrWO4,469259.93982916407
CrXeF10,94569.93595882208
CrXeF6,136924.1912841689
Cs(CoS)2,443819.87108447915
Cs(CoSe)2,182111.00640586746
Cs(FeAs)2,255061.89602599747
Cs(FeSb)2,277442.2027687453
Cs(MnP)2,536640.4920153699
Cs(WCl3)3,81615.08058196973
Cs(WO3)2,66362.16999338509
Cs2AgF4,62694.56069467588
Cs2BaH6(NO6)2,101620.60542288944
Cs2Co2(MoO4)3,166276.99793679724
Cs2Co3S4,133988.67092650142
Cs2CoCl4,118604.99279500624
Cs2CoF6,53433.71528840973
Cs2CoH12(SO7)2,78006.50119184122
Cs2CoO3,68089.95866585446
Cs2CoS2,173098.9381967661
Cs2CoSe2,153246.1668232433
Cs2Cr(NO3)5,72264.51514670532
Cs2CrCl4,169067.1114951862
Cs2CrF6,96478.63820663461
Cs2CrH4F10,69490.86927240521
Cs2CrH8Cl5O4,71839.9549086224
Cs2Cu3SnF12,88384.75251616327
Cs2CuF6,53702.28804995438
Cs2CuO2,58302.73463353457
Cs2Fe2P3O8F7,254690.58136625652
Cs2FeH12(SO7)2,97648.19648878188
Cs2FeH2Cl5O,164546.74664847113
Cs2FeNi(CN)6,69199.35652193023
Cs2FeO4,126472.3115899237
Cs2InCl5O,59204.97301935823
Cs2IrCl5O,65903.5892448053
Cs2IrF6,55442.8838857781
Cs2K4Fe2O5,269428.2040097816
Cs2KAgF6,89122.89368238745
Cs2KCr(CN)6,73691.4648592841
Cs2KCrF6,143712.81064129298
Cs2KCuF6,97799.1410166865
Cs2KFeF6,237577.85857926006
Cs2KMn(CN)6,52127.97462099781
Cs2KMn3F12,348799.01968788414
Cs2KMnF6,189345.0607290233
Cs2KMoF6,133359.84620871025
Cs2KU2(Si2O7)2,71642.25785610841
Cs2KVF6,94365.1244268778
Cs2LiCr(CN)6,86790.54377091146
Cs2LiMn(CN)6,60022.40141619682
Cs2Mg(SeO7)2,185710.90328852442
Cs2Mn(PO3)4,147948.77275938258
Cs2Mn(PSe3)2,129891.54035535536
Cs2Mn(TeS3)2,134063.78151221765
Cs2Mn3S4,555810.5355324305
Cs2Mn3Se4,498564.15732124925
Cs2Mn3Te4,413820.5410272547
Cs2MnBi2S5,149664.92160910385
Cs2MnBr4,166015.19929635263
Cs2MnF5,215932.8132734664
Cs2MnF6,157421.67439389013
Cs2MnH12(SO7)2,127145.05106205148
Cs2MnH12(SeO7)2,114726.42422103064
Cs2MnO4,62802.75141919626
Cs2MnOF5,266298.2422678674
Cs2MnS2,277192.18779957906
Cs2MnSO4F3,174778.11500569308
Cs2MnSe2,248127.035120762
Cs2MnSi5O12,135871.9727700547
Cs2MnSnTe4,132152.7883991157
Cs2MnTe2,207068.0214303166
Cs2Mo5(P3O11)3,131711.067581978
Cs2MoCl6,66923.71091273344
Cs2MoN(Cl2O)2,97152.58157221158
Cs2Na2IrO4,160986.02472744352
Cs2NaCr(CN)6,80935.6001073633
Cs2NaCrF6,153987.68848289625
Cs2NaFeF6,270016.85976503853
Cs2NaMn(CN)6,55562.858117658725
Cs2NaMnF6,206419.7591326408
Cs2NaMoC4N7O,56729.12756996011
Cs2NaTiF6,50961.41606497732
Cs2NaUCl6,81782.34778880623
Cs2NaVF6,101052.57980394801
Cs2NbF6,53547.26872861474
Cs2Ni(NO3)4,57524.91205773198
Cs2Ni(PS3)2,61397.8913687801
Cs2NiH12(SO7)2,50243.6663769239
Cs2NiO2,140793.97916443765
Cs2Np2PO4F7,205276.38759185263
Cs2NpBr6,79738.84740785387
Cs2O2,164366.17858969048
Cs2Pu(Cl2O)2,63526.579892302034
Cs2PuCl6,125317.24475473087
Cs2ReCl6,100514.04038086996
Cs2RhCl5O,67035.51441797194
Cs2RuO4,117225.32360199835
Cs2TcF6,165737.18892419356
Cs2Te(H3O5)2,210816.42019480292
Cs2TePO10,225496.23646060668
Cs2TlFeF6,224371.508824515
Cs2TlMoF6,125038.97950120649
Cs2TlVF6,88991.17797769
Cs2U(PdS2)3,55953.88856227486
Cs2U(PdSe2)3,51486.73718197422
Cs2U(PtSe2)3,50435.99987392674
Cs2U3P6(HO5)4,98752.6769586785
Cs2U6Pd4S17,152999.50772187446
Cs2UBr6,52730.14745380712
Cs2UCl6,61990.68765570354
Cs2UHg2Se5,52700.268093910265
Cs2UTa6(Cl5O)3,54577.38744575193
Cs2V4O9,147962.7371999804
Cs2VF6,56791.14174895947
Cs2WBr6,58080.35690738305
Cs2WCl6,66365.7977477529
Cs2ZrCu3F12,86975.78718139799
Cs3(FeS2)2,297965.5947485697
Cs3CaFe(P2O7)2,117221.72074021424
Cs3CoBr5,78100.38705161127
Cs3CoCl5,89093.82751745751
Cs3CoI4NO3,65843.68600444023
Cs3CoI5,63709.22020806214
Cs3Cr2Br9,115781.20740665984
Cs3Cr2Cl9,133177.29411875948
Cs3Cr2I9,92876.58663271548
Cs3CrF7,80233.34805093701
Cs3Fe2Cl9,215531.37766992374
Cs3Fe2F9,350740.4557085457
Cs3Fe4(PO4)5,384300.3585036204
Cs3FeBr5,97509.34407372985
Cs3FeO3,279334.3598291959
Cs3FeS3,190237.86792935018
Cs3FeSe3,170289.92496910502
Cs3Mn3V4O16,244908.76350344982
Cs3Mn4(PO3)12,220108.97667330925
Cs3MnBr5,127355.24618724837
Cs3MnCl5,146067.75594303664
Cs3MnF7,128557.25583002986
Cs3MnH5,212254.95891645612
Cs3MnI5,105186.27486671529
Cs3Mo2Br9,76261.2257305557
Cs3Mo2Cl9,87490.965268046
Cs3Mo2I9,58790.95008546455
Cs3Mo4P3O16,152233.34876005008
Cs3Mo5P6O25,185710.7801167613
Cs3Mo6(P5O19)2,135519.0679489101
Cs3NiCl5,54061.827797645274
Cs3Np(Cl2O)2,54806.48553169696
Cs3P(SeO6)2,94981.62908773142
Cs3Re2Cl10O,54164.65023103894
Cs3Re6Se8(Cl3O)2,62635.215409508965
Cs3V2Cl9,88750.80892507092
Cs3W2Cl9,82414.9338620389
Cs4CdNi3F12,159471.20464504228
Cs4Co3F10,270734.4461174646
Cs4Cu3F10,90213.46120728255
Cs4Fe2O5,371189.4432269626
Cs4Fe3F10,236537.246698818
Cs4FeO3,172954.60795301016
Cs4FeO4,172505.86380983389
Cs4IrO4,124193.58972234836
Cs4KLiFe2F12,261213.22271481756
Cs4Mn(AsS4)2,91823.2616136092
Cs4Mn2PdF12,196635.05518169072
Cs4Ni3F10,183973.117026672
Cs4O3,91757.97260169349
Cs4Te(PO6)3,179908.39331187372
Cs5(SO4)4,58159.610248594545
Cs5CaNi4F15,167873.57952559498
Cs5FeO4,175244.6253953583
Cs5U2S4ICl8,50458.352360885416
Cs6Cr2O7,105433.4801437037
Cs6Fe2O5,220150.28341279287
Cs6Hf5(O2F13)2,89170.61332929335
Cs7(FeS2)4,253751.5529379128
Cs7Co4F15,224225.97972272636
Cs7Cu6F19,98941.7497757668
Cs7Fe4F15,294168.936307769
Cs7Ni4F15,152471.80254213503
Cs8Fe2O7,220289.98986481017
Cs9Fe2Se7,113021.17599044449
CsAlCuF6,69405.74398611746
CsAlH24(SO10)2,166485.6882464772
CsAlPdF6,127955.95633275162
CsAsO4,150708.9243535251
CsB,222160.2455376793
CsBa2Cr2F11,191918.72555649496
CsBaCr3F12,297683.41647801676
CsCa(SeO4)3,91448.32277131124
CsCd(NO2)3,161918.40751935446
CsCoCl3,203799.61841956884
CsCoF3,337530.8950726353
CsCoF4,141910.75407911764
CsCoH24(SO10)2,78785.20456636958
CsCoO2,485208.45264539815
CsCoPO4,224490.3499853247
CsCr3O8,151405.91833558396
CsCr5S8,512394.4925855265
CsCr5Se8,442997.5307996231
CsCrAs2O7,165810.18892070168
CsCrBr3,218850.3040125384
CsCrCl3,255531.690047387
CsCrF4,251172.99245448245
CsCrH18Br2N6(ClO4)2,59874.65708701744
CsCrH18N6(ClO2)4,62569.43722655921
CsCrH24(SO10)2,57325.85258500317
CsCrH24(SeO10)2,54181.417885570794
CsCrI3,180136.6023451313
CsCrP2O7,173769.4575070157
CsCrP2S7,93461.22498102202
CsCu2F5,151492.1220238775
CsCuCl3,66380.25275788228
CsFe(MoO4)2,194120.7606872769
CsFe2F6,595206.9370917513
CsFe2P5O16,261211.00102745747
CsFe2Se3,444889.09864662064
CsFe5(MoO4)7,321009.2197432711
CsFeBP2HO9,231504.86366447943
CsFeBP3O11,192046.07542887237
CsFeBr3,240026.81506439473
CsFeCl3,260401.47412264935
CsFeCl4,232928.08937706033
CsFeF3,449375.11701919575
CsFeF4,468103.62983238813
CsFeH24(SO10)2,96061.05926463752
CsFeH24(SeO10)2,88931.36038178774
CsFeH4Cl3O2,192802.30585912603
CsFeI4,167578.32310435319
CsFeO2,586341.3194706299
CsFeP(H6O5)2,141405.80850718054
CsFeP2O7,285522.95220959047
CsFeS2,241645.14855104883
CsGa2(Se2O7)2,134260.8674765875
CsHg(NO2)3,158066.48154008403
CsIn(SeO5)2,149934.43202669773
CsK2Mn3P4ClO14,346500.0728640231
CsKMo4(P3O13)2,63461.52886508955
CsLi5Mn(P2O7)2,140916.58003883666
CsLiU(PS4)2,55162.376188073235
CsMn(CN)3,71747.60038168536
CsMn(PO3)4,136121.45131346097
CsMn2(PO3)6,201030.7423031001
CsMn4Cl9,523592.8570279996
CsMnAs,406346.8232364493
CsMnBi,392920.42583517294
CsMnBr3,279766.11113849544
CsMnCl3,329398.60312601645
CsMnF3,550917.1648364086
CsMnF4,375027.1959423518
CsMnGa2P3(H2O7)2,150931.62697059033
CsMnH24(SO10)2,76585.73767370515
CsMnH4Cl3O2,247269.25487897263
CsMnI3,223436.40487367823
CsMnN9,254030.85146655512
CsMnP,171522.91560525852
CsMnP3HO10,152439.14657536012
CsMnSb,402758.7030487477
CsMo2H2C7S7(OF)21,53171.53849200646
CsMo2P3O13,61892.803164146884
CsMoP2O7,158922.8711801307
CsN,321374.2095029312
CsN2,116943.94477420546
CsNa2Fe3P4ClO14,323506.4650604828
CsNaMoO6,207470.16673318765
CsNi2F6,203049.97681564768
CsNiBr3,119539.35954298636
CsNiCl3,138763.79561511453
CsNiF3,217319.15442132344
CsNiPdF5,137720.59232389575
CsNpAgS3,162512.163893941
CsO2,134169.892812071
CsO3,105030.31249951289
CsPO4,132234.67680745834
CsPd2F5,135243.5271908407
CsPuP2S7,154654.54306402325
CsRb(MnCl3)2,340908.1904333854
CsReF6,132731.50019235627
CsRu2C8(ClO4)2,159811.70153300528
CsRuF6,191827.54089812946
CsS,122474.33896137222
CsSO3,77439.08560967725
CsSO4,80660.8714639638
CsSe,112033.92774675222
CsSeO4,71451.04850288459
CsSi3O7,51077.625107100146
CsTi2Cl7,68962.38191632176
CsTiBr3,112634.08478678031
CsTiCl3,132004.12414354074
CsTiF4,90381.42404264586
CsTiI3,89573.801222942
CsTiP2O7,55495.320255317485
CsTl(SO5)2,146453.23597774535
CsU(OF)3,108826.14399132201
CsU2O6,53727.98034263045
CsU6F25,228058.29008840304
CsUAgS3,109479.07211973131
CsUAgSe3,98908.51365481845
CsUAuSe3,99298.16624069176
CsUCl4O3,110058.98168176279
CsUCrO6,56191.82877292304
CsUCuS3,115940.41290327843
CsUCuSe3,103186.50263738132
CsUCuTe3,86485.99121477902
CsUF6,61242.56334335612
CsUTe3Au,85091.63153618886
CsUTe6,63226.29220197574
CsV2CrO7,179172.00595722644
CsV2O5,61115.15069078088
CsV2P3O14,68724.06270619827
CsV2P5O16,109375.10788124517
CsV2S2O,363292.6143725031
CsV3B2P4(H4O11)2,127689.35895730255
CsV5Se8,297900.2109264458
CsVBr3,170583.3030215717
CsVCl3,198004.25269991494
CsVF4,188715.24057568898
CsVI3,136414.11964307568
CsVP2O7,113086.74925872583
CsVP2S7,61373.68134749944
CsVP3HO10,78894.24942712428
CsVPO5,63184.19384587456
CsZn3(PO4)3,59863.14889683235
CsZrOF5,122533.28576344352
CsZrUTe5,65876.71494101749
Cu(AsO2)2,83222.60373668799
Cu(BO2)2,149802.59447005866
Cu(BiO2)2,88816.31812585692
Cu(BrN)2,392202.5742406662
Cu(BrN3)2,211701.97793314143
Cu(BrO4)2,147333.72607609394
Cu(CO)4,72632.66590451782
Cu(ClO)2,278842.33382346074
Cu(HO)2,213147.02965652413
Cu(IO3)2,71830.1992212242
Cu(N2O3)2,314999.39343764464
Cu(N3Cl)2,681923.3021607499
Cu(N3O2)2,330718.20581055596
Cu(NCl2)2,221696.99079124618
Cu(NF2)2,453971.07556239684
Cu(NO3)2,79841.44771257894
Cu(PO3)2,86970.17116857153
Cu(RhO2)2,115401.36320821987
Cu(SbO2)2,78669.62456457906
Cu(SbO3)2,92376.62723075536
Cu2As2O7,134692.05003309337
Cu2AsClO4,163406.45331235166
Cu2BH5O6,149402.54036433864
Cu2BO6,254575.82863598908
Cu2BiPO6,133205.72618237682
Cu2BrO3,102589.58123566923
Cu2ClO3,82882.37336317671
Cu2GeO4,212933.25544409856
Cu2GeP2(H5O7)2,66257.99874965535
Cu2H10N4O17,54118.399891783934
Cu2H18N7F2,102334.61210845657
Cu2H2CO5,191421.6259715454
Cu2Hg2SF6,114676.78179807863
Cu2MoSeO7,118401.75832461042
Cu2NO6,86172.86745712506
Cu2P2O7,152785.38475992478
Cu2PHO5,179898.636339478
Cu2PO4,114345.1299376581
Cu2PO4F,206806.15028516046
Cu2Pb(SeO3)3,82067.19425170543
Cu2Pb5C(SO7)3,77076.99363496866
Cu2PbSe2(ClO3)2,85534.40817295086
Cu2SO5,196954.10491595356
Cu2Se2NO10,122655.97280475669
Cu2SeO4,211477.95674929782
Cu2Te2Br2O5,90679.30992686433
Cu2Te2Cl2O5,96556.8271911802
Cu2Te3O8,94076.48685564876
Cu3(AsO4)2,179948.71814276924
Cu3(CO4)2,65763.04474005196
Cu3(PO4)2,197504.70375016663
Cu3AsO7,66341.78597801483
Cu3B6H2O13,143656.84946463816
Cu3B7BrO13,126150.43818558374
Cu3B7IO13,124413.9466372736
Cu3BiSe2BrO8,119745.44695815188
Cu3BiSe2ClO8,121288.05457862942
Cu3BiSe2IO8,117625.71078964173
Cu3H2(CO4)2,174805.97357124696
Cu3H4SO8,176783.55103517658
Cu3Mo(HO2)4,162995.73135610708
Cu3Mo2(HO5)2,126459.43698082108
Cu3Mo8Br2O23,52249.71697718347
Cu3P2H2O9,165884.88536607602
Cu3P4H24C6(NO8)2,50857.95640519397
Cu3P4H8N2(O3F)4,78306.22467727888
Cu3SO8,62046.11372265461
Cu3Se2,63097.0067352659
Cu3Sn4PbO12,114578.76541939664
Cu3TeO6,255889.93504407513
Cu4As2O9,151030.01933490857
Cu4Br6N4O,202605.48686661394
Cu4H6SO10,187364.0668200329
Cu4H7SO11,106504.67409298859
Cu4NiGe2S7,59197.50057690203
Cu4O3,221140.7683516209
Cu4P2O9,162481.7130154208
Cu4S3N,187663.80091841583
Cu4SO10,101334.88390330956
Cu4SO12,261781.05615808407
Cu4Si2NiS7,66620.1935565258
Cu4Si4Pb4C4ClO28,75165.39661500591
Cu5(SO9)2,237798.00827592696
Cu5(Si2O7)2,124801.71979781166
Cu5Se4(ClO6)2,136007.0508368606
Cu8Ge5C4(S2N)8,87730.30100303507
Cu9Se4(Cl3O7)2,110020.58185759567
CuAg(AsO4)2,116160.6652339309
CuAg4TeO6,52973.932887473136
CuAgPO4,107334.5132348098
CuAs2PbO7,56210.456482795955
CuAsH3O5,65984.7460066753
CuAuF5,97446.59723979273
CuB2(PbO3)2,64288.90963553197
CuB4O7,100855.7346296509
CuBH4ClO4,83839.059010053
CuBr2,115872.39090341848
CuBr4(NO)2,264021.60357985744
CuC2(SN2)2,226245.84806718584
CuCO3,154482.36751307469
CuCl2,135520.14451781503
CuClF10,60929.95506089844
CuF2,272398.1581559625
CuGeO3,159213.26083230902
CuH12(NO)6,84430.27512579678
CuH2(SeO3)2,65715.79834281931
CuH2N2O7,56624.4892170925
CuH2PbSO6,69503.80650407533
CuH2SO5,100146.96491293728
CuH2SeO5,89769.99511484907
CuH3(NO2)3,64216.691757821725
CuH3C3O4,78564.97518139865
CuH4(ClO)2,80196.07790886711
CuH4(IO4)2,51360.68729354045
CuH4(OF)2,113209.37712439847
CuH4C2S2(NO)2,52533.385218465875
CuH4SeO5,79716.9462063554
CuH5C3NO4,60010.35820370621
CuH5N2Cl3,63689.33794538588
CuH6(NCl)2,76386.75388924313
CuH6(NO)4,63085.36750522903
CuH6C2O7,56727.56220125048
CuH6CN2O3,76162.7159002812
CuH6SO7,68152.32429567448
CuH8(BrO2)2,52456.95893267905
CuH8C4N8(ClO)2,90451.56512048429
CuH8N2(OF2)2,66710.03246600795
CuHClO,110042.24644165262
CuHIO4,102922.22865372532
CuHOF,239419.68659037433
CuHg(SeO3)2,61203.98619396787
CuMoO4,112392.72604733112
CuN2(Cl2O)2,265200.06835414324
CuN6(ClO4)3,338543.7927963013
CuN8,291961.58252697915
CuNCl3,186082.40497204216
CuNi2(PO4)2,316215.84552381746
CuO2,114238.97203665908
CuP(HO)5,82060.93840685411
CuP2(H2O3)2,57970.22175449775
CuP2(HO)4,68391.0128316874
CuP2(HO3)2,66932.24868157385
CuP2PbO7,63831.00533531449
CuP3H12NO13,57099.37329652446
CuP3NO9,191522.30249149492
CuP6Pd11O34,67044.8450299456
CuPH4O5F,72018.4642016507
CuPH6NO5,75586.04881684369
CuPHO4,113892.6022092011
CuPO5,246214.44981097817
CuPtF6,96391.33618343655
CuS4N,188778.89530319764
CuSNO3,267469.23610087176
CuSO4,137695.4208728358
CuSe2O5,82981.94287137903
CuSeO3,141837.88261474954
CuSeO4,127379.05047330595
CuSeO5,211994.17108044878
CuSi(HO2)2,113267.80158975805
CuSi(O2F3)2,434649.6866102861
CuSiO3,131823.05166511578
CuSiO4,351854.95130682853
CuSnF6,88485.42584909458
CuSnH12(NO3)2,50994.99895075599
CuTe2O5,76782.644861769
CuTe2PbO7,59452.68927547501
CuTeO3,145755.54727109743
CuTeO4,138523.07748256152
CuWO3F2,98275.70669828693
CuWO4,136219.6751439515
Fe,2090427.7945048292
Fe(BMo)2,329664.7941208455
Fe(BO2)2,313042.14621931623
Fe(BW)2,292616.82288016053
Fe(CO)5,83925.37496426328
Fe(CO3)2,439719.205739105
Fe(IO3)3,240773.33082578404
Fe(MoS2)2,206728.91284467967
Fe(NF2)3,715850.7076540026
Fe(PO3)2,342957.27275515604
Fe(PO3)3,279432.7215691749
Fe(PdSe)2,95936.32001520593
Fe(RhS2)2,297742.6507827004
Fe(RhSe2)2,189186.50378869948
Fe(SbO2)2,371296.30744586635
Fe(SbO3)2,371464.1199113714
Fe(SeO3)3,220627.88391777006
Fe(Si2O3)2,304120.1547366706
Fe11Si5,865647.3402442678
Fe12As5,1016638.0438006535
Fe12N5,1173535.8270988078
Fe13Ge3,1614864.4244334118
Fe13O19,1896933.3027434843
Fe15(Ge2O9)4,943066.2031215299
Fe2(MoO4)3,315395.74298968836
Fe2(SO4)3,426259.3303065768
Fe2(Se2O5)3,241513.9551460876
Fe2(SeO4)3,403984.2023297615
Fe2(TeO3)3,478258.4991770363
Fe2Ag(MoO4)3,305943.3936369817
Fe2As,778031.3199472574
Fe2As2PbO10,373803.212260697
Fe2AsH19SO18,237003.4079515003
Fe2B,1572892.2940693137
Fe2B(PO4)3,431614.8557733045
Fe2B2O5,829760.5019598844
Fe2B4Mo,229341.32399273166
Fe2BO4,1184093.8307475713
Fe2C,1059281.5600644227
Fe2C4Cl2O9,193260.04049260917
Fe2CO5,1156011.9714317021
Fe2Cl6O5,442214.5144775946
Fe2ClO3,976317.4893464138
Fe2CoAs2(H5O7)2,358378.35365198954
Fe2CoGe,1010720.4568608499
Fe2Cu2Ge4O13,353527.54558155115
Fe2Cu3(SeO3)6,295786.83976807294
Fe2Cu6SnS8,180751.66046698397
Fe2CuH4(OF4)2,530140.9807605463
Fe2CuS3,472849.26517527964
Fe2Ge,1089402.257152608
Fe2GeO4,1008327.1315364623
Fe2GeSe4,214124.97945627806
Fe2H10S2O11,303848.8861422789
Fe2H14C8NO12,195023.03213321685
Fe2H4O2F5,596736.9764186939
Fe2H54N18Cl4O,108188.65371434978
Fe2H6(SO5)3,314425.416072922
Fe2Mo3O8,1026609.8991663123
Fe2Mo4O7,997705.562942132
Fe2N,986557.361753599
Fe2NF6,874538.4968809505
Fe2Ni(PO4)2,604664.7723268536
Fe2NiB,1010935.7645731757
Fe2NiP,1002821.9955188971
Fe2O3,1678226.4614948458
Fe2P,879342.522334592
Fe2P2H4NO8,497740.07886232744
Fe2P2H4O9,425647.5875943929
Fe2P2H9NO11,389785.6752761311
Fe2P2N2Cl2(O2F)3,496922.51590027055
Fe2P2NO11,572277.6263939982
Fe2P2O7,614153.4397961305
Fe2P3(HO3)3,429441.33010732
Fe2P3(O3F)3,421139.92471162364
Fe2P4Pb3O16,261769.19729557118
Fe2P4PbO14,360678.40503623115
Fe2PH2CO7,522473.91263992526
Fe2PHO3F2,697809.9815215463
Fe2PO4F,775327.9907416843
Fe2PO5,919180.9576910331
Fe2Pb3F12,390919.4394626705
Fe2Re3,536053.4014024765
Fe2S3O17,370726.74660300295
Fe2Si2BiO9,444915.8854765729
Fe2Si2SbO9,441248.1086128612
Fe2SiO4,1057094.3492945987
Fe2SiS4,505408.4751801187
Fe2Sn,929693.1531704381
Fe2Te4ClO12,290079.37486404687
Fe2Te4H3ClO12,315517.25113986386
Fe2TeO5,886235.2292024307
Fe2TeO6,212834.61813892957
Fe2WO6,931816.3659009107
Fe3(AsO8)2,429018.90983346396
Fe3(GeO4)2,858931.1142101405
Fe3(Ni10B3)2,289087.6184894047
Fe3(P2O7)2,467219.9844017137
Fe3(PO4)2,726798.1191776451
Fe3(PO5)2,724843.8960062566
Fe3(SiO4)2,874235.1815646536
Fe3(TeO3)4,488155.91347165516
Fe3Ag7(P2O7)4,235952.56945279997
Fe3B,1421622.454056686
Fe3B11HO20,385431.4995044729
Fe3B7ClO13,475764.8093997018
Fe3B7IO13,471780.35574758495
Fe3BO5,1356684.9188062
Fe3BO6,1435084.8795224046
Fe3C,1454805.6494274805
Fe3C8(Br2N)8,102077.0424871215
Fe3C9SeSO9,116218.22744076683
Fe3CoB,420000.0
Fe3Ge,1446309.3299190847
Fe3H28(S2O15)2,201206.51396996426
Fe3H4(OF4)2,663744.2271029158
Fe3H4(S2O9)2,402687.7385549724
Fe3N,1662338.7379509334
Fe3NiN,1336324.4971596443
Fe3OF9,854776.6815710065
Fe3P,1421407.3831497296
Fe3P2(H2O3)4,477306.6729297287
Fe3P2(HO)16,350152.7811958034
Fe3P2(HO5)2,695719.577754281
Fe3P2H3O11,718241.0452672351
Fe3P2H6O11,573784.6428128907
Fe3P2O9,695056.5528981648
Fe3P3PbO13,560191.7101010747
Fe3P4(H3O5)4,330182.582390536
Fe3P4H12(NO8)2,300536.17221816577
Fe3P4H8NO12,396468.8540594774
Fe3P4PbO14,409093.6293637547
Fe3PH6PbSO14,517577.127198968
Fe3PO7,1038921.7806265514
Fe3Pb(SO7)2,502524.4833377315
Fe3Pb4ClO8,564447.3451935769
Fe3Pb8F24,256918.6752444321
Fe3Pd,1499315.7143775937
Fe3PdN,1432539.8292047963
Fe3Pt,1473737.0581532135
Fe3PtN,1430088.7587444475
Fe3RhN,1566334.3353383453
Fe3S,1284577.8657125644
Fe3S4,341558.3821379132
Fe3Sb5(IO3)3,262070.4310242792
Fe3Se3O10,460109.8792293233
Fe3Se4,343432.12430620176
Fe3Si,1392545.1856230283
Fe3Si2O9,693574.2605112292
Fe3SiP5O19,395486.18195746525
Fe3Sn,1150050.6776991875
Fe3Sn2,823875.5326682782
Fe3Te3ClO10,548911.6413358533
Fe3TeC9SO9,171710.68351691792
Fe3W3N,183442.529973632
Fe4(P2O7)3,469273.43552148447
Fe4As10PbO22,317923.11226310657
Fe4As2O11,927026.1430583713
Fe4As3O16,280902.619497027
Fe4As3O23,564460.5921726112
Fe4As5O13,597435.8667499322
Fe4Bi2O9,905052.6640104676
Fe4C,1354831.826361145
Fe4Co3(PO4)6,639382.4750275252
Fe4CoB2P,808386.519584984
Fe4CoSiB2,851488.5755705032
Fe4H12C15O31,239892.78220564965
Fe4N,1358596.5866002697
Fe4Ni3(PO4)6,577609.5428195212
Fe4O5,1763999.391952292
Fe4P2O9,844414.7564463553
Fe4P3H4NO12,555709.7412086494
Fe4Te2(CO)11,116133.07383050238
Fe5(BO3)6,646419.1477302861
Fe5(SiO4)3,974608.157524742
Fe5B2P,1327531.9278713893
Fe5C2,1212174.9615024219
Fe5Cu2(PO4)6,569882.8798962514
Fe5Ge,1432000.0
Fe5O7,1828340.2783934858
Fe5P4(H3O10)2,615864.0645825816
Fe5Si2B,922000.5505641649
Fe5Si3,758035.2238771236
Fe5SiB2,1007479.4843000721
Fe5Te6(ClO9)2,483418.6105982811
Fe6Ge5,619522.9361835269
Fe6P4H17O27,502398.6989643543
Fe7(AsO4)6,657657.0721375528
Fe7(P2O7)4,550011.7221569669
Fe7(PO4)6,722314.3148037101
Fe7C3,1201196.5798257282
Fe7Co3,362000.0
Fe7Pb7F34,464942.19988000905
Fe7S8,198490.84892343153
Fe7Sb10(Br4O9)2,302229.92973971413
Fe7Sb10(Cl4O9)2,321450.77890808845
Fe7Sb3P3(BrO6)3,512825.87913408974
Fe7Sb3P3(ClO6)3,519647.1844819379
Fe7Se8,482246.82831369335
Fe7SiO10,1386862.237795754
Fe8N,1936373.96752175
Fe9Si6O25,872354.7901370865
FeAg(SeO3)2,314014.3162829071
FeAg2SnS4,198784.23313564007
FeAgO2,571465.4720829246
FeAgP2O7,340618.15261335653
FeAgS2,325672.7157556094
FeAgTe2,224197.19273586248
FeAs,668865.881516503
FeAs(H2O3)2,384168.4505849834
FeAs2H18(C2I)3,86262.74795147237
FeAs2H3OF13,133348.06456000078
FeAs2Pb4(ClO2)4,101310.71612103173
FeAs2PbO8,284282.7423151003
FeAs4F18,99958.0111614421
FeAsO4,597664.8241399031
FeAsO6,415418.67410427704
FeB,672676.802447266
FeB10(H13O4)2,92576.09133880501
FeB12(HO6)4,210664.457763248
FeB2,319391.1902387834
FeB2P2(HO4)3,245419.94991702764
FeBO3,975485.6761522109
FeBP(HO3)2,349560.69011670793
FeBP2H5NO9,243681.66311080128
FeBPbO4,526616.5148590821
FeBW,299908.0930198575
FeBi(SeO3)3,208412.37415855264
FeBi2PO8,275009.1012322501
FeBi2Se2Cl3O7,175330.92624817402
FeBi3(MoO6)2,179461.26256794113
FeBiO3,740539.3472824225
FeBr2,467533.8940605056
FeBr3,403519.38832666434
FeCN2,880593.6509129318
FeCO3,777260.2029717634
FeCl2,561734.4497006062
FeCl3,94882.47622389079
FeClO,899307.9777782998
FeCo,1960217.9645640089
FeCo2(CN)6,80437.71253931618
FeCo2B,1123838.8452151667
FeCo2BO5,929346.3931861595
FeCo2Ge,1199104.1854531001
FeCo2Si,1263528.4489062936
FeCoBO4,1055540.2684385239
FeCoH18(NCl)6,129262.67421918607
FeCoP,569525.909534843
FeCoPO4F,695260.5415410473
FeCoPO5,614509.0413544588
FeCoSi,674948.6836720738
FeCu(C3N4)2,313029.93402832485
FeCu2(CN)6,70185.4911797475
FeCu2As3O11,394388.0237726569
FeCu2GeS4,248557.61019075513
FeCu2GeSe4,203269.59417393542
FeCu2SiS4,256347.0742246625
FeCu2SiSe4,215313.15396631332
FeCu2Sn,443443.99246071425
FeCu2SnS4,228429.65123522675
FeCu2SnSe4,190143.73504178968
FeCu3S4,195400.09684343194
FeCu4BiPbS6,169904.65987141323
FeCu6(SnS4)2,111529.44041645988
FeCuH4S2O13,320114.3325127121
FeCuO2,627912.5931797097
FeCuPO5,619474.7133985197
FeCuPt2,714672.15315922
FeCuS2,422468.8322441347
FeCuSe2,389753.15183994954
FeF2,1028123.9446461207
FeF3,839784.1965061104
FeGe,664485.7410501465
FeGe2,357118.1964613004
FeGe3H4PbO10,176673.22641377407
FeGe4H24C8(S5N)2,55234.01225300893
FeGeO3,658357.6079014115
FeH10N2Cl5O,185266.13578500695
FeH10N2OF5,266489.2719310254
FeH10N3O14,169639.31722727368
FeH10S2(NO2)4,160243.24595708543
FeH10S2NO11,186649.77650729535
FeH12C2(NCl2)2,150646.38075879985
FeH12C2N2F5,234878.07651759873
FeH12C2S2(O2F)6,86325.39143687075
FeH12C4(S2N5)2,92760.86056727887
FeH12C4(S2O3)2,106577.35700019558
FeH12C4NCl4,143063.83160526416
FeH12C6N(ClO2)2,135894.3546435042
FeH12C8S2(N3O)2,99028.9882323124
FeH12C8S2(NO)2,102329.68557544185
FeH12N3(OF2)3,202724.40595120811
FeH14C3Br3NO2,130483.07499255781
FeH14C4NOF4,198014.80745928426
FeH16C4N2Cl5,101335.45382847717
FeH18(NO6)3,125484.41473086122
FeH18C3(N3F2)3,125909.64041217256
FeH2(CO3)2,394369.0480682524
FeH20C8NCl4,125699.33677580881
FeH20S2(NO7)2,103276.81405140708
FeH21C7S3N,91167.98673445689
FeH24C2S2(N3O7)2,78844.62835846149
FeH2Cl5O3,423475.0270175916
FeH4(ClO)2,313849.9771168215
FeH44C12(N5O8)2,51397.0954742631
FeH4Br3N,248413.2464918425
FeH4C3O5,254743.64786918624
FeH6(CO3)2,244104.14061379438
FeH6C2(NO2)2,208353.24265844078
FeH6SO6,275420.41363677295
FeH7(CO2)4,240108.54260779903
FeH8(BrO2)2,192630.39202045402
FeH8(ClO2)2,212272.0497151511
FeH8C4(S2N3)2,122868.54449251207
FeH8N3O13,190318.55493977774
FeH8SO8,222422.09424302334
FeH9(NF)3,322842.20949990285
FeH9C3N7O2,153637.82989538347
FeHC2O3,499303.3834314865
FeHO2,1227112.8367240094
FeHgC4(SN)4,121338.06453778771
FeHgO2F5,626521.1344302016
FeI2,373205.50240132696
FeIr3,633021.9578648949
FeMo2H4NO8,236569.06766979318
FeMoHSeO7,322155.3367063365
FeMoO4,465122.7533044482
FeN,964040.2414839583
FeN2Cl5O,218509.94442590492
FeN2F5,705631.97145714
FeNCl3,328723.6877589843
FeNi,1472304.8407725173
FeNi2BO5,954119.3004785671
FeNi3,1130996.0157234038
FeNiN,767659.1831647822
FeNiPO5,728053.3462370174
FeNiPt2,888714.2329624475
FeO,1916120.4086965255
FeO2,1013610.8882800019
FeP,196274.5800015707
FeP(H2O3)2,401886.66944242734
FeP2(H4O5)2,187039.8303259155
FeP2H24C8S4NClO4,68554.57867904853
FeP2H2O9,442149.2857618238
FeP2HO7,367106.26394120324
FeP2NO7,408336.5333822216
FeP2O7,406894.8542229149
FeP2PbO7,246986.73367428887
FeP3(H2O3)3,218782.04779448456
FeP3(HO)6,244138.71698399898
FeP3(HO2)6,168113.17224412636
FeP3(HO5)2,238446.552388409
FeP3H18C6(SO)6,86685.71475495538
FeP3H5NO10,202833.50355378672
FeP3O11,214227.42298339002
FePCl8,157121.17750756725
FePH12(CBr)4,112151.86066643755
FePH12(CCl)4,122847.8162148799
FePH2O5,505941.3015225899
FePH4(NO2)2,414376.6173110409
FePH5CO4,291553.14840932103
FePH5CO8,281460.1122120559
FePH6(NO2)2,365924.55538934533
FePH6C2SO7,305921.0831008407
FePH6NO5,298116.17240513104
FePO4,558942.9998177638
FePO6,641799.4403251313
FePd,1192070.2493583653
FePd3,714336.666837097
FePt,1178207.5389063423
FePt3,764892.0607087518
FeRh,1512330.093713841
FeS,710123.280974428
FeS2NO8,374234.61372481764
FeS2O9,426244.96867188276
FeS3N2Cl5,151724.6521720427
FeS4(NCl)4,167770.9641679274
FeS4N4Cl3,155495.01016638026
FeS4N4Cl5,126467.96739952624
FeSCl7,173078.78025468116
FeSO11,561904.5081070544
FeSO3,578160.9338258373
FeSO4,535510.840594992
FeSO5,434727.2613423653
FeSO7,475694.9231248772
FeSO8,498610.79999856657
FeSb,325627.92856378114
FeSb(ClO)8,373079.7437595346
FeSb2,254797.86456664017
FeSb6(Pb2S7)2,59003.6707262951
FeSb6(Pb2Se7)2,53423.28841452316
FeSbPt,200515.08802711705
FeSe,664263.6686980077
FeSe3O8,284043.6406435497
FeSeBr7,145134.63217362636
FeSeCl7,181688.07966795345
FeSeN,427759.73298523773
FeSeO3F,577964.9259157627
FeSeO5,377960.52993577305
FeSi(AgS2)2,220205.07144524012
FeSiNi,422235.9812025483
FeSiO3,640868.42258753
FeSiP3O11,238029.08805376582
FeSiRu2,747437.1640101378
FeSn,542199.8651420217
FeSn2,245996.62891417378
FeSnF6,305858.35356909025
FeSnH12(OF)6,125753.89772340818
FeSnO6,423930.27665429586
FeSnRh2,639163.0671510776
FeSnRu2,645338.811304044
FeTe,443604.0634525741
FeTe2BrO5,293095.1573569479
FeTe2ClO5,302904.3677133434
FeTe3BrO7,210346.1911971744
FeTe3ClO7,227780.38753579228
FeTe3S3Cl3(OF2)9,68538.99603747245
FeTe6O13,129801.38125346052
FeTeBr7,146067.8017510634
FeTeCl7,171181.3687404181
FeTeO3F,559682.4701141607
FeTeO5,470603.27379263024
FeTeS2N2Cl5,151892.72922078145
FeWCl5,259803.35542277453
FeWN2,844483.8254588684
FeWO4,559746.4762602396
Ga11NO17,85368.28907318418
Ga2(Co7B2)3,684423.4129926874
Ga2B3O8,86350.65618093857
Ga2CoP3NO14,344287.4057074894
Ga2CoS4,189076.98399875758
Ga2Fe2Bi2O9,468744.1881891007
Ga2Fe2S5,396731.7519835022
Ga2FeS4,257772.65167723686
Ga2FeSe4,212179.88324091453
Ga2NiCl8,62980.860395054355
Ga2NiP3H8NO14,65471.92480497262
Ga2NiS4,128399.94401662813
Ga3S2O15,326242.55467967206
Ga4Fe3,527317.9811077132
Ga5Fe6,779094.9631132494
GaAsH5CNO5,66238.38413592971
GaB2(PO6)2,231179.27406001068
GaCo,120659.38145248992
GaCo2Ni,605533.768811665
GaFe2AgTe4,293799.57835238153
GaFe2Co,1142763.776783854
GaFe2Ni,860146.3427748856
GaFe3,1285979.3495602328
GaFeCo2,1038779.020121539
GaFeO3,849528.8762432707
GaH18I3N7,66224.155147856
GaNCl4,93836.92405740164
GaNi2BO5,446515.32848466584
GaNi3,202428.95966128493
GaO2,296911.992864391
GaO3,580624.2124509215
GaPH4NO5,76942.25223806157
Ge(NF3)2,319126.4047631649
Ge2S5,95781.50515078813
Ge7HO20,210965.28997576772
Ge7O16,76578.88759569068
Ge7O23,361365.64407354995
GeN2F5,343627.5315202308
GeN2OF6,538714.8669953945
GeN3F7,291223.2545214289
GeNCl3,157541.84198246303
GeP2O9,243838.9397943827
H12OsSN4O7,76028.20368267376
H2,214818.80636193338
H23RuS2N5ClO12,64559.892284148744
H2Pd(S2O7)2,65829.2813905892
H2SeNO4,76534.68947124995
H3Se2NO6,184931.6828461462
H4I3NO9,83814.24350446733
H6PbC2S2O7,81447.15000932945
H6PtN2ClO5,55329.1791906144
H6S2N2O3,121673.56725472822
HRh,421681.04577464104
HSNO4,264220.0313975348
HXe2F15,65316.695460125724
Hf(Al2Fe)4,224783.82291157282
Hf(FeGe)6,733606.5823092511
Hf(FeSi)2,139475.8932749877
Hf(GaFe)6,552855.8126927122
Hf(PO5)2,169956.52307748157
Hf3(MnGa3)2,288412.1028876858
Hf4Fe4Ge7,311185.23707456025
Hf5Ga3,60553.669915251885
Hf6Ga16Co7,55950.12424591088
HfCo,90934.76446098511
HfCoGe,187296.1385015578
HfCoSi,172595.39969382863
HfFeCl6,178684.30351240045
HfGaCo,95239.76988577568
HfMnGa2,248523.23408074165
HfMnGe2,389910.04370720085
HfMnSi,582196.674745736
HfMnSi2,261434.32446848546
HfNF4,299451.4858750477
HfNF5,144270.7212744688
HfNi(OF)6,633898.7189999068
HfNi5(BO5)2,515971.32495128654
HfO3F4,476296.64172881783
HfP2O9,207222.01233400506
HfSO7,119939.46440522432
HfU3Sb5,310060.86093886336
HfVF6,209225.03768297852
HfZn2,198478.24327969743
Hg(Br3N2)2,88187.59132742282
Hg(BrO4)2,196565.16250620873
Hg(NCl)2,402340.359804847
Hg(OF)2,573113.8720326148
Hg2BOF4,62519.1480798568
Hg2Br2N,66404.88386781573
Hg2ClO6,61759.55409031274
Hg2SBr4N2O3,130781.92113874441
Hg2SN(ClO)3,133723.08994643326
Hg2Se2O7,91997.63840409825
Hg3(ClO5)2,67061.55712456016
Hg3(NCl3)2,169293.83917365907
Hg3(SeO3)4,53486.64657132962
Hg3N2Cl8O,221213.88611800384
Hg3NO5,56076.67789092965
Hg3S2O11,152653.48915958908
Hg4C5N4O,56204.04192191039
Hg4PNO8,75198.67055534876
Hg5(ClO)4,58195.643242182465
Hg5N3O11,52782.48741262048
Hg6MoAs4Cl7,57526.86465769611
HgAsO4,87895.67086221512
HgBrO4,89701.80547578524
HgC6(N4Cl)3,279462.65864754276
HgCBr3N,89989.85035482435
HgCNCl3,72248.4988087009
HgCS(NCl)2,162631.99799577994
HgClO4,83438.35567630314
HgClO6,251078.01264812108
HgN2Cl4O,107192.7951243881
HgN2O3,193485.89590403752
HgN4(ClO4)2,312292.0872488477
HgNCl,264656.7508292307
HgNCl3,157401.82712800778
HgNO4,111202.17233973609
HgPO4,166543.25833923576
HgRhF6,83733.47766141155
HgS2(IN2)2,195100.01911576616
HgS2(NO3)2,209847.80986895136
HgSN3,249623.98010648208
HgSNClO3,207002.3970679897
HgSO4,88855.90396027906
HgSO5,168096.79395797043
HgSeNO3,224538.3043808515
I(NO3)2,72245.65688956063
I3N,109310.87187970775
I3O8,53043.37158659455
I5N2,90979.18332429127
IBrNCl,179728.84784523767
INO4,124021.8544765248
IO6,363814.8740888785
In(BO2)5,127629.64919450718
In(Co11B3)2,884178.2372971857
In(FeO2)2,959374.6257445813
In(IO4)3,70758.54134521045
In(SeO3)2,60618.77136539619
In2(Co7B2)3,677357.6827514676
In2(Ni7B2)3,58505.68018871946
In2Co3S2,85624.12778926497
In2CoS4,186371.17408720255
In2CoSe4,160266.69231836312
In2Cu2O5,165721.9472194234
In2Cu3(PO4)4,60173.14288568177
In2Cu3(SeO3)6,64324.11152708751
In2FeS4,243818.68047788966
In2NiS4,125758.21404387515
In3(Co10B3)2,578179.8726430801
InAu(I4N)2,103718.86521858597
InC4Br7N4,149830.88038201953
InCo3N,555391.5186633617
InCuPO5,94393.5331829232
InFe2CuSe4,379684.2849312423
InFeBr3,283323.1313921389
InFeCo2,869754.5978009788
InFeO3,750587.8180493722
InI4N,89089.70544681631
InIO5,82959.70048427151
InNi3,162759.0024065573
InOF2,143277.71060378346
InP2H4NO8,102025.49663534059
InPH4NO5,72067.75156895112
InPO6,322990.4878736289
InRu3,178748.49864855042
InSe2N,203025.16728566837
Ir,50701.964552120495
Ir(Cl2F3)2,132277.39748675877
IrF4,145808.2652448952
IrF6,285538.3437776614
IrN5Cl3,78460.46669418187
IrO2,204433.71552297167
IrWN5ClO4,109381.07572430596
K(CoS)2,503261.5031883881
K(CoSe)2,203449.23893920568
K(FeAs)2,306689.32594617415
K(IO3)2,56544.430200003255
K(IO3)3,85328.0686812145
K(Mo2O3)2,609708.3904443284
K(MoO2)4,51743.19373034271
K(NiS)2,96128.8924494456
K(NiSe)2,78115.44379533922
K(NpSe3)2,240725.54765202972
K(PO4)2,219852.17616224792
K(USe3)2,148201.02892474434
K11LiMn4O16,131491.84859136154
K11Np2H9(S5O22)2,53027.84840674367
K14Fe4O13,321835.3516010663
K17Fe5O16,330457.90071447875
K2(TeO4)3,133199.11070964322
K2AgF4,76688.72898286305
K2Al2O7,104092.6751810349
K2Al2Si2O9,80219.69940164522
K2AlOF5,131912.12467405442
K2B10H9O,68747.54930696975
K2BeSi4O13,185665.8726300514
K2BiBr5O2,55804.56544425339
K2BiCl5O2,132087.73456824015
K2Ca2Mg(S2O9)2,99640.39624706813
K2CaNi(NO2)6,64633.293349550484
K2CaS2O9,85994.11299674689
K2Cd(SeO5)2,146083.2308036443
K2Cd3S3O16,145388.58263042287
K2Co(B2O5)6,195243.31472934148
K2Co(SO5)2,195544.7116648145
K2Co2(MoO4)3,192586.75891413985
K2Co2(SO4)3,218066.5946895141
K2Co3H6S3O16,243394.69612817673
K2Co3P4(HO4)4,241172.0684163128
K2CoCl4,132773.723160836
K2CoF4,247372.1992953775
K2CoH12(SO7)2,82926.90451308996
K2CoH12(SeO7)2,75554.51968333859
K2CoH2(SeO5)2,110734.80429567126
K2CoP2(H3O4)2,119340.63398967974
K2CoP2WO10,117286.96450851018
K2CoP4(HO2)8,52536.46190317995
K2CoS2,216393.45763255068
K2CoSe2,191041.01556450714
K2Cr2NiO10,154009.04110229944
K2Cr2O7,86710.30108453367
K2Cr3(ClF3)2,456396.3250086693
K2Cr4CdO16,95170.84107577112
K2Cr4Co(HO4)4,72154.16920694117
K2CrH2Cl5O,113632.84667702147
K2CrH2F8,101713.09796854704
K2CrH5C4S4N4O3,70177.14290968534
K2Cu(CO3)2,60619.71058466329
K2Cu(SO5)2,111358.61654484585
K2Cu3(AsO3)4,60493.76626748882
K2Cu3(MoO4)4,71081.69165118781
K2Cu3(SeO3)4,83954.96805865443
K2Cu5H8(Cl4O3)2,100221.18129774978
K2CuF4,87259.74746965962
K2CuP2O7,52615.99496397161
K2CuP4H8O15,67182.79956436147
K2CuTeO7,153170.92338356766
K2Fe(PS3)2,130528.88232249774
K2Fe(PSe3)2,117408.24904579755
K2Fe2As2O9,400878.8899323116
K2Fe2B2O7,470087.0493159394
K2Fe2H8C4Cl2O13,218464.6580877598
K2Fe2P2O7F2,175650.7891807795
K2Fe3P4(HO4)4,307504.16401514364
K2FeF5,391908.6885013911
K2FeGe3Se8,87325.94178384008
K2FeH12(SO7)2,107994.19262644857
K2FeH2Cl5O,187736.95938207622
K2FeH4(SO5)2,157133.85128088726
K2FeH8(SO6)2,128319.24096105958
K2FeNi(CN)6,69908.50964917312
K2FeO4,163748.3035266207
K2FeOF5,180190.30515984324
K2FeP4O15,64053.70525666611
K2GeC6O13,55319.387268068385
K2H2RhCl5O,64616.87835029673
K2H2RuO5,123756.63468035552
K2HfO2F5,109017.45525354495
K2HfO6,350697.4353752546
K2HgCl4O,88124.96239474538
K2HgS(ClO2)2,85217.61898375153
K2I3NO12,60140.06239253623
K2InCl5O,73684.06342693065
K2IrF6,70682.95957433619
K2Li3FeO4,354968.7229591734
K2LiP3O10,74922.3478198452
K2Mg(SeO7)2,363774.84991291753
K2Mn(BH4)4,172989.55436682585
K2Mn(NbCl3)6,72073.9039180434
K2Mn(PS3)2,161714.36010829435
K2Mn(PSe3)2,145482.38223268097
K2Mn(SnSe3)2,131394.9754271248
K2Mn2(MoO4)3,297309.09239527665
K2Mn2(SO4)3,339180.0405064419
K2Mn2Be3F12,345675.5350340862
K2Mn2O3,823062.8034715359
K2Mn2P2O7F2,451434.13039765996
K2Mn3(AsO4)3,502627.736772211
K2Mn3H10S4O21,295936.6505304595
K2Mn3H6S3O16,379338.4569908642
K2Mn3S4,624583.9679950846
K2Mn3V2CO11,506421.3981301771
K2MnCl6,123066.46150946527
K2MnF4,406891.7810031472
K2MnF6,214792.21179849954
K2MnH2OF5,255494.8581828533
K2MnH4(SO5)2,197691.14593673605
K2MnH8(SO6)2,158474.1346041052
K2MnO4,81274.10961123063
K2MnP2H2(O4F)2,115152.3506196943
K2MnP2O7,273841.09041045787
K2MnP4(HO2)8,124806.37973053445
K2MnS2,340258.5248662441
K2MnSO4F3,211678.69445454847
K2MnSe2,303562.28915157204
K2MnSnSe4,195401.36441970908
K2MnTe2,250677.5405415299
K2MnV4O12,140741.98143157325
K2Mo(OF)4,98376.08372571561
K2Mo2H12C4N(OF3)3,77375.20343236979
K2Mo3O13,110630.6840197029
K2Mo7O20,92478.94399809637
K2MoCl6,78040.20276583036
K2MoO2F5,134261.7082547232
K2MoO3F4,102413.53922702507
K2Na2IrO4,185804.8729016475
K2NaCrF6,185688.99006696296
K2NaCuF6,126486.51820596906
K2NaFeF6,306614.48655259045
K2NaMnF6,245835.21108148547
K2NaMnO4,140715.91925743752
K2NaMoF6,168798.34199530206
K2NaNiF6,63880.63068309829
K2NaVF6,121844.31201855413
K2Nb4Fe2O13,240974.96027975096
K2Ni(MoO4)2,80567.25707268718
K2Ni(NO3)4,66021.86880995981
K2Ni2(MoO4)3,120666.6985383246
K2Ni2(SO4)3,150342.78491193845
K2NiF4,178161.31969580514
K2NiH12(C2O7)2,52653.18171430527
K2NiH12(SO7)2,55700.22917493982
K2NiH12(SeO7)2,52531.98701463162
K2NiH8(CO5)2,76396.25435921834
K2NiO2,189139.6882842692
K2NiP2WO10,79147.29445174572
K2NiPb(NO2)6,60507.73942461276
K2O2,246509.72555299234
K2OsBr6,67211.97206612953
K2OsCl6,79698.70189834986
K2PbBr4O,70034.44327760584
K2PdO4,286147.40665858844
K2Pt(Br2O)2,146997.75142306025
K2Pt(C2O5)2,139744.1695803827
K2PuCl5,208582.357488815
K2PuCl6,127827.63826039137
K2RbMn2F7,459537.5336089861
K2Re,251948.83979995575
K2ReBr6,97869.79987682597
K2ReCl6,116167.39611300218
K2ReF6,208693.36061712253
K2ReF8,59589.53259531533
K2RhF6,71523.73847466148
K2RuCl6,80191.6558667535
K2RuNO2F5,97820.76072501067
K2RuO4,146524.31469000602
K2S2NO6,51967.51322907944
K2Sb2SeO5F6,65546.6874743928
K2Se2N,183881.9669938618
K2Se4N,128932.03411653863
K2SeS3O7,70276.98321019909
K2Si3PbO10,73044.63855190507
K2Si3SnO10,75863.2032979217
K2SnC4O9,74405.17293874492
K2SnCl4O,53574.01677977623
K2SnN6,601230.663725529
K2SnO6,322869.5729333441
K2SnOF6,99509.63340590452
K2Sr3Mn2(P2O7)3,184482.29312625693
K2Tc,225332.73155854575
K2TcCl6,117323.55545370723
K2TcF6,211179.6734747218
K2TcI6,76181.22268818239
K2Te(IO6)2,173980.76061376624
K2TeO6,324064.13506631687
K2Ti(OF2)2,128747.2840308086
K2TiF5,71681.00710692759
K2TiO3F4,57164.03214073604
K2TlCl5O2,141453.35337804956
K2U(PdS2)3,62763.01383741187
K2U(SO6)2,124801.57365563605
K2U2Cr2O15F2,89395.03583125108
K2U3(O5F4)2,184254.28482393926
K2UBr5,105830.04084729652
K2UCl5,123723.7514979321
K2UCoP2O11,87427.23978355942
K2UF6,128741.10735123034
K2UMo2O11,62707.60471036758
K2UP2(H2O5)2,67985.12578708304
K2USO7F2,82869.22002362733
K2UTe3,80784.48733096162
K2V2CoO7,132094.2061151539
K2V3P2O13F2,86171.58821381866
K2V4Zn5O20,163637.58741535683
K2VH2OF5,116130.64296370905
K2VO6,62869.60558095497
K2WCl6,77943.49626284385
K2Zn(SeO5)2,146968.34138998602
K2ZnCu3P3O12F,100859.04929916098
K2ZnH12(SO7)2,86846.04992344198
K2ZnN4,443348.962436896
K2ZnP4H8O15,50619.811459654054
K2Zr,249038.95452377712
K2Zr2Cu(OF2)6,270757.60221343953
K2ZrS2(O5F)2,135799.9278863154
K2ZrSi3O10,72121.99044551549
K2ZrSi3O11,138624.87231654994
K3(CuO2)2,62572.840142179404
K3(FeO2)2,553252.1252830288
K3(FeSe2)2,324635.9872023985
K3(NiO2)2,61962.91193335599
K3(PdO2)2,58502.408770113376
K3Al3OF12,62243.14460725049
K3CO,194365.51586723246
K3Co,70259.72731858166
K3Co(C3O7)2,76733.16371630039
K3Co2F7,323099.42402289814
K3CoO2,144866.3258961796
K3Cr(CN)6,88542.30796948074
K3Cr11S18,501720.8517165562
K3CrC3N3O4,70955.88439768707
K3CrC5N6O,87666.48783522237
K3CrO4,57947.13617670428
K3CrO8,50974.403177165615
K3Cu2F7,110177.34126265881
K3Cu2P4HO14,57833.10920244778
K3Fe(CO2)6,136347.1027548437
K3Fe2(PO4)3,312492.760757889
K3Fe5(PO4)6,415237.5537887136
K3Fe5F15,600037.5428516037
K3Fe6F19,625406.5696166382
K3FeMo4O15,115800.73982673543
K3FeO3,370743.5987448701
K3FeO4,207791.1495686879
K3FeS3,238462.9944874609
K3FeSe3,212373.04042476657
K3GaTe2O11,138762.01484967532
K3Ge7O20,179488.2003437772
K3LiIrO4,179443.0865428858
K3Mn,205441.19061323407
K3Mn(CN)6,59762.37745122723
K3Mn2Cl7,289741.8292236817
K3Mn2F7,495772.89330303896
K3MnH5,272116.69728578796
K3MnO3,293631.0095565855
K3Mo2Br9,83575.5057060467
K3Mo2Cl9,99546.65824256233
K3Mo2O4F5,80096.82273807035
K3Mo4(P2O11)2,172294.9989859734
K3MoCl6,100313.94557314503
K3MoF6,153017.5793279847
K3MoIO13,124222.77284333092
K3Na(RuO4)2,161296.27825143997
K3NaFeCl6,118088.25209022261
K3NaMnCl6,153739.77884847877
K3NaNp4H4(S2O13)2,125434.29336682236
K3NaOs2O9,83671.26285629642
K3NaP2O11,187638.19102280127
K3Ni2F7,220329.94256833123
K3NiO2,70475.08794412429
K3Np(MoO5)2,62306.58314532431
K3NpO8,82790.45484831413
K3Re,205847.7286204536
K3ReClF6,128556.50472224184
K3ReH6,114465.91379071947
K3S3NO11,120200.86031577227
K3Ta4F15,124509.04332999342
K3Te(PO7)2,183212.10963834755
K3Ti4Ge3O20,129921.51677157919
K3U3Si2O13,81264.2744455615
K3UF7,91237.82787902252
K3V3O8,91313.79144052547
K3V5Te4(HO3)8,62470.285891761705
K3VO5,110712.59805780173
K3WF6,151147.2237591146
K4(CoO2)7,82162.58819647045
K4(NiO2)3,87792.12003530058
K4Ag2Sn3S9O2,67013.41970149238
K4Cd(P3O10)2,76797.04027799073
K4Cd3(PO4)6,125012.70191955547
K4CoMo4O15,70649.90565388185
K4Fe2O5,503856.4718699171
K4Fe4(PO4)5,367917.3989903922
K4H4PtC6S2(NO6)2,74093.17185270436
K4IrO4,162787.32958972242
K4Mn(AsS4)2,110564.12075149622
K4Mn(MoO4)3,122432.27954679295
K4Mn3F12,430046.6718402854
K4Mn3P6(HO3)8,250147.83198329186
K4MnBr6,128569.05613511702
K4MnCl6,127672.02377493006
K4MnMo4O15,114798.34179884793
K4Mo2S4BrO20,109003.1208008816
K4Mo2S4ClO20,113386.93902505805
K4Mo6PtO26,88269.8235225674
K4MoC4(NO2)4,182156.77053557662
K4NiP6O25,212590.26300133212
K4NpS2ClO10,56195.07524030585
K4P4H7(RuO9)2,61219.533605703444
K4RuC6(N3O)2,94016.76068350342
K4Th(S2O9)2,83054.63486217282
K4UC2O11,61280.48831882521
K4V2O9,130448.82964613264
K4Zn(P3O11)2,131744.91754269708
K5Cr10F31,463750.8696634046
K5Fe2Te5,152153.56697109214
K5FeO4,230261.63591416972
K5Mn3O6,496532.55083269335
K5NaFe2(CO2)12,84485.02756613758
K5NaV2(MoO5)6,107234.51190447975
K5Ti3F14,80722.29031142243
K5U4VS4O33,93057.5005751796
K5V3F14,153910.10645925428
K6Co2O7,340757.9230250588
K6CoS4,86409.01596052307
K6CoSe4,76776.82207179324
K6Fe24S26Cl,127836.5942698639
K6Fe2O5,287255.86567869195
K6MnS4,143182.1845166538
K6MnSe4,127908.74358462298
K6MnTe4,105537.95679209393
K6Te2P6(H4O11)3,63538.813552431966
K7(FeS2)5,276792.75173361565
K7(FeTe2)4,155980.45642790908
K9(FeO4)2,68754.05579177818
K9Fe2O7,241578.64232508017
K9Fe2S7,164875.9904505616
K9Fe2Se7,79567.68825862034
KAl(SO10)2,445601.5793548174
KAl(SO7)2,85752.35859094618
KAl2NiP3(H2O7)2,66021.95458233905
KAl3(SO7)2,210332.08438169118
KAlBP2O9,51994.4623827997
KAlCr2O10,164450.36472121184
KAlCuF6,77311.52402137849
KAlN4,576722.8019705118
KAs,230808.00744209022
KAs(OF2)2,150563.8493356292
KAsO4,182978.4536498994
KAsOF5,71790.33480704408
KAuC2N2Cl2O,85802.6426037328
KB5O12,131693.17512697447
KBaFeO3,410800.0460649853
KBaMnO4,151814.8556230698
KBaP3O10,77781.74935566176
KBrF4,160830.6207440006
KC,473164.153756383
KC2,129788.06050777242
KCO3,110325.40105628638
KCa4Si8O28F,111637.91540974523
KCa9Mn(PO4)7,77395.01497491376
KCaPO5,115114.14724208774
KCd(CO2)3,144233.31536617773
KCd(NO2)3,173524.5862793829
KCdCl3O,120622.50923579522
KCdCu7Se2Cl9O8,81647.62053942004
KCdN9O,109539.79478365538
KCo,273681.72448228474
KCo2As2HO8,308236.7844236979
KCo4(PO4)3,438617.07838642027
KCoF3,402133.7285089899
KCoH3(CO2)3,100837.54291668483
KCoMo3(AsO6)3,105570.27505719001
KCoO2,626113.7137338513
KCoPH2O5,242942.39105896372
KCoPO4,262561.2231814386
KCr2FeO9,313023.0110994085
KCr2PbF9,282236.8045675626
KCr3BiO12,66885.26130596777
KCr3O8,157528.7426965648
KCr3S5,480050.78048828454
KCr5S8,527911.3380107338
KCr5Se8,450980.9059590298
KCr5Te8,361954.0313341918
KCrC4O13,289012.50435553567
KCrCuF6,287133.7405322877
KCrF3,497897.2427577796
KCrF4,294364.81457960996
KCrF6,84883.50459121856
KCrH18N6(ClO2)4,68166.72074278588
KCrO2,577904.3792743582
KCrP2O7,185612.14558563422
KCrP2S7,105845.92552449857
KCrS2,340373.3765312522
KCu2H2(SeO5)2,107140.04170820807
KCu2P2H3(O4F)2,89167.88193677564
KCu3Ag(MoO4)4,74140.22459719052
KCu3P3(O4F3)2,98261.62391279325
KCu3S2ClO9,80386.70025773483
KCu4(PO4)3,150140.31257118555
KCuCl3,66001.1109449572
KCuF3,140711.25160067924
KCuPH2O5,74844.39729286611
KCuPO4,88247.72400121397
KF3,280501.14897704055
KF5,360044.7254787907
KFe,386218.08442448167
KFe(MoO4)2,236561.77586053254
KFe(SeO3)2,307558.6580302648
KFe2(MoO5)2,354547.2095811261
KFe2(PO4)2,487378.4697474918
KFe2H(SeO3)4,315685.482251379
KFe2P2H5O11,398208.73550162185
KFe2P2O11,460179.0842146271
KFe2P3(O4F3)2,357691.0305022559
KFe2S3,358459.6977606965
KFe2Se3,55921.30002201398
KFe3As4(HO8)2,391219.4142873673
KFe3H6(SO7)2,329389.9430273391
KFe4(PO4)3,562471.8310771825
KFeAs2O7,279407.9750141848
KFeBP2HO9,257351.39900478156
KFeBr3,254098.5232379692
KFeCl3,301005.8911506475
KFeCl4,263294.9040180026
KFeCo(PO4)2,427674.7855251531
KFeCo3(PO4)3,470031.40274171357
KFeCu(PO4)2,331441.73216532095
KFeF3,513331.44500667584
KFeF4,514943.9455546659
KFeNi(PO4)2,380428.9526567229
KFeO2,739729.2030150761
KFeP2O7,319148.18775585893
KFePO4,341773.4179237811
KFeS2,288010.13049980823
KFeSO4F,340242.6418908971
KFeSe2,258001.13440478273
KGa2NiP3(H2O7)2,63196.69129222791
KGaCuF6,72382.64755701518
KH2Au(Cl2O)2,86594.45395231168
KH3CSN2O,117847.2390398974
KHfCuF7,70936.78908455704
KHfPdF7,131108.48307475826
KHgC2N2ClO,102383.61592234281
KIBr2O,97229.21927833851
KICl4O,87856.27957243029
KIn(PO4)2,102245.34634218179
KIrBr5NO2,61584.91469103784
KIrNCl5O2,71728.87761954342
KLi2O3,114972.65677816194
KLi6IrO6,129694.0398766228
KLiMn2(SiO3)4,315687.06331848376
KMg(CO5)2,378044.2672800949
KMg2V3(CuO6)2,72229.029424758
KMgFe(PO4)2,267853.4982527508
KMgPO5,165393.00899071552
KMgV3Cu4O13,66957.54581203358
KMn(CN)3,79587.25625152641
KMn2P2HO9,388436.967897286
KMn4(PO4)3,674672.3032882618
KMn5(SeO3)6,483565.96914851596
KMnAg3(CN)6,135178.605812768
KMnAs,491576.34964541363
KMnBP2H2O9,237917.4839377591
KMnBi,443200.7526519956
KMnBr3,321765.2220624613
KMnCl,438663.1782252594
KMnCl3,377618.5236187559
KMnF3,633685.8150529347
KMnF4,439521.28862359695
KMnGa2P3(H2O7)2,154570.46697041192
KMnH2OF4,323300.26744806115
KMnH3(CO2)3,247962.99955083075
KMnO2,627162.3658624488
KMnP,287419.09639616625
KMnP(OF)3,290910.627409624
KMnP3HO10,168195.9439756081
KMnSb,461278.890306102
KMnTe2,275374.9510823928
KMnVO4,446894.30405977805
KMo(PO4)2,54024.95822272654
KMo2C4ClO8,248024.23512607688
KMo2C4O11,95263.4443612886
KMo2Cl7O2,53812.23387293187
KMo2P3O13,64932.5038113115
KMo5O13,175156.8203779128
KMoO4,89281.5263358964
KMoP2O7,169469.51898423574
KMoPClO5,58041.9805104875
KMoPO7,120517.27950934425
KN,379167.99277968885
KNa2(NiO2)2,68997.62321568807
KNa2FeO3,425803.0580998835
KNa2Li3Cr2(Si2O5)6,87547.69124381195
KNa2Li3Fe2(Si2O5)6,143887.73270312068
KNa2LiTi2Fe2(SiO3)8,153071.52190724007
KNa4FeO4,319885.75393990445
KNaCu3S3O13,62333.30294046902
KNaFe(Si2O5)2,151375.30511377405
KNaMn(Si2O5)2,187694.8483662743
KNaV4H4O11,130862.7559433205
KNi3As3O11,243894.49319198032
KNi3P3O11,265742.9510058575
KNi4(PO4)3,316453.7329927902
KNiAu3(CN)6,57437.415363881366
KNiCl3,155631.16393558323
KNiF3,288065.44664589653
KNiPO4,182621.6859982729
KNpAgS3,184461.75382867985
KO2,180064.58651829374
KO2F,275993.7169049388
KO3,131414.09021293087
KOsBr4NO2,154502.84178182177
KOsF6,240644.57279758577
KOsNOF5,63126.561043113135
KP,244300.0402253551
KP2WO8,50548.296574377724
KPO4,173481.3282364001
KPd2F5,152948.76008211813
KPtNCl3,51369.72654074036
KPtNCl3O,98417.71996291247
KPu,714626.4036599759
KPuCO5,231696.4652392377
KPuP2S7,167676.2694754251
KRb2CrF6,166965.74148745323
KRb2FeF6,251904.06975861
KRb2MoF6,139401.8798767213
KRb2NiF6,52587.49314598493
KRb2VF6,106907.5293124735
KReC3SN3O,98515.81592800496
KRhF6,164069.44546348567
KRu2C4(ClO4)2,79067.69803217392
KRuF6,235512.64603423327
KRuO4,92464.1689148737
KS,134387.64499434517
KSNO3,166747.01319865286
KSO6,188639.0269668799
KSbP(O2F)2,58811.53958791368
KSe,120864.14844747543
KSi,141152.5155159606
KSiO3,110572.57444417384
KSnN3,356702.59400644654
KTe2O9,235993.70669490186
KTeIO9,268590.9857111902
KTeO4,95115.71374890336
KTeO7,149361.7405496181
KTi2F7,136892.13423907562
KTiBr3,68599.15066950416
KTiCl3,77853.98638209759
KTiF4,100762.84994851245
KTiI3,93335.70088461993
KTiO3,131403.60155472675
KTiP2O7,59446.71340242912
KTiS2,109088.82239266482
KTl2MoF6,139850.4020348834
KU2(B5O12)2,98545.70089290947
KU2(PO4)3,119853.91059174869
KU2Cl2O9,57077.37146344759
KUC3O10,76250.04766679683
KUCrO6,63248.322855865874
KUCuS3,128488.78984778859
KUCuSe3,114422.09702953318
KUO3,116736.54111960216
KUPO7F,149242.15182137376
KUSeO8,144004.36635580828
KUSi2O7,51788.74645329817
KUSiO7,57420.94860990155
KV2CrO7,197240.4262636243
KV2SeO7,54583.493955666025
KV4O8,303100.9937817335
KV4P7O24,160807.2652730295
KV5Se8,310649.35395331413
KV6O11,409065.9541055015
KVF3,395130.35933787
KVF4,207971.09543463404
KVHSe2O7,53093.000606877045
KVO4,180167.93432013795
KVOF3,97721.8648021539
KVP2O7,120806.93181341172
KVP2S7,66702.53301871024
KVPO5,74959.79326400165
KZnBr3O2,82819.18887833622
KZnCl3O,118341.91861985766
KZnI3O2,67568.79335299162
KZrCuF7,65586.09139720634
KZrPdF7,120268.62650621668
KZrVF7,183538.7937373904
Li(Co3P2)2,119814.6649485206
Li(CuO)2,186577.75197370644
Li(Fe3Ge2)2,925414.7461123021
Li(FeGe)6,667557.3815509103
Li(Mo4O5)2,783085.8331117546
Li12Mo5O17,223824.6226415175
Li2Al2(SiO4)3,139616.40724692697
Li2Al2Si4HO14,91088.64794135738
Li2CaN2,305949.9684514536
Li2Co(SO4)2,178108.16067040796
Li2Co3(SeO3)4,303636.96717524756
Li2CoCl4,73178.7917450298
Li2CoPO4F,298460.3085381087
Li2Cr2O9,204075.42083892628
Li2CrCl4,257998.8391793731
Li2CrF6,197385.52955658027
Li2Cu(WO4)2,62922.68963036736
Li2Cu5(Si2O7)2,163932.66793821176
Li2CuO2,192925.92013488457
Li2CuP2O7,60281.2067177526
Li2Fe(SO4)2,230868.1988591583
Li2Fe2(MoO4)3,245059.16346419143
Li2Fe3(P2O7)2,416801.7456139617
Li2FeBr4,224544.40817198757
Li2FeGeS4,227152.3149466536
Li2FeS2,486046.6272201736
Li2FeSnS4,210441.07249572425
Li2Ge3O8,124845.1830130903
Li2IrO3,171349.8350973815
Li2MgMn3O8,577634.2397987696
Li2Mn(PO3)4,199453.39770206047
Li2Mn2(SO4)3,384983.40692577424
Li2Mn3NiO8,717823.8738022592
Li2Mn3ZnO8,583480.398526433
Li2MnBr4,280582.28368446603
Li2MnF5,448989.2503799098
Li2MnF6,284588.86813544965
Li2MnO2,1015860.5323917137
Li2MnO3,569343.7441261424
Li2MnP2O7,334228.9356578917
Li2MnSn3O8,200965.92742827837
Li2MnSnS4,264758.8348345967
Li2MnV4O14,263283.7384175488
Li2MoF6,189540.64598050356
Li2N,326235.1491436248
Li2NbF6,89890.1577644644
Li2Ni(SO4)2,127616.30731028043
Li2Ni3(P2O7)2,218808.35859281107
Li2NiGe3O8,135071.22645457447
Li2NiO2,449636.6180229324
Li2P3NO9,114367.63175475466
Li2RhF6,97893.11511875507
Li2RuF6,194509.99324696977
Li2RuO3,350487.5006710212
Li2SO5,172552.8625076615
Li2Sn(OF3)2,252989.08029978056
Li2SnO6,523422.99164981843
Li2Ti(OF3)2,264807.96871131787
Li2U3(SeO10)2,118241.39533150618
Li2UN2,317677.6493097284
Li2US3,155119.76355418755
Li2V(PO4)2,62597.202329868465
Li2V2(PO4)3,122278.06514876834
Li2V2(SO4)3,237587.31533311913
Li2V6O13,226334.7238688122
Li2V6O15,64687.60482920968
Li2VF6,101118.15029862332
Li2Zn(Cl2O)2,98604.64168233403
Li3(CuO2)2,107867.53897489187
Li3B8O15,98609.26513653577
Li3CaMnN3,208519.89180049015
Li3Cr4PO19,123822.6705608629
Li3CrF6,280387.46315883216
Li3CrH12(CO3)6,66735.68965529001
Li3Fe2(AsO4)3,373702.0335548598
Li3Fe2(PO4)3,397593.41328023444
Li3FeN2,507264.939421612
Li3Mo3P3O17,56181.99200220102
Li3Ni2SbO6,318063.46578461863
Li3TiF6,90497.40914994491
Li3UO4,111833.86091990271
Li3V2(PO4)3,158412.16015938495
Li3V2BP4H2O17,117695.74960221072
Li3V6O13,276847.7297914845
Li3VF6,184510.51742462555
Li3VO12,87483.65385895342
Li4FeN2,336700.6650904534
Li4IO3,78148.15831799107
Li4MnGe2S7,158397.88452092613
Li4MnSn2Se7,126311.11926954509
Li4NpO5,95735.40726801402
Li4Si2O7,113244.85584291015
Li4V3O8,191453.5023345041
Li5Br3O2,110256.52004779417
Li5CrCl8,105935.89829811169
Li5FeO4,493305.91300485784
Li5VP2(O4F)2,99871.8446269474
Li5VP2O9,106668.76629383692
Li6CoCl8,102055.20971565908
Li6FeCl8,134936.40346777393
Li6VCl8,104324.8667671807
Li7MnN4,175267.78293068276
Li8Be6P7O29,50295.83805046874
Li8CoO6,336898.8109793377
Li8IrO6,73648.53657266202
Li9Cr3P8O29,145096.18557628625
Li9Fe3P8O29,239968.1586753426
Li9V3P8O29,95264.22956232225
LiAlGeO5,159026.4431874467
LiAlPdF6,179921.7279675846
LiAlSi2O7,60004.00227598722
LiAlSiO5,169738.43727093056
LiAsH20(C2O)4,50797.43428991059
LiB2O3,87731.38380629128
LiBeAsO5,182369.97186458766
LiBeNF4,147802.17837804346
LiBePO5,201404.79067053192
LiBrN,366290.1820784831
LiBrO3,214146.39782154985
LiCa2Mn2Si5HO15,315009.19738392613
LiCa3RuO6,204578.14012990062
LiCa9Mn(PO4)7,78400.17438655868
LiCaCoF6,335546.4936744446
LiCaCrF6,240351.88063227208
LiCaNiF6,245639.98967350472
LiCaUF8,59930.85517233999
LiCdMoO5,82187.8416800816
LiClO7,410434.93735903286
LiCo(PO3)3,173631.38129086414
LiCo2P3O10,310272.9950985033
LiCoF4,551987.925738956
LiCoPO4,380303.13785634807
LiCr(GeO3)2,247949.65518084937
LiCr(MoO4)2,166487.01980025473
LiCr(SiO3)2,262393.2188457242
LiCrO2,793472.3765143091
LiCrP2O7,210258.01479638965
LiCrS2,440618.1070900676
LiCu(PO3)3,58307.96247627068
LiCu2BP2(HO5)2,98545.12212543697
LiCuH4Cl3O2,60073.48346184347
LiCuSO4F,101166.01627058182
LiFe(GeO3)2,405848.5712366453
LiFe(MoO4)2,275834.79010002944
LiFe(PO3)3,227247.17104738427
LiFe(SeO3)2,310302.3239378142
LiFe(SiO3)2,428908.4631628061
LiFe(WO4)2,67395.295294543
LiFe2(P2O7)2,403147.9693883313
LiFe2F6,817316.8840107598
LiFe5O8,1515427.7309142407
LiFe6Ge5,558987.9641836978
LiFeAs,549283.962358184
LiFeAs2O7,346478.9584863802
LiFeMoClO4,288187.7769456637
LiFeO2,1265645.8874197472
LiFeP2(HO3)2,317387.01573823614
LiFeP2O7,362342.4188957637
LiFePHO5,506928.1888733182
LiFePO4,521564.1505826537
LiFeSiO4,531326.0415981569
LiGaPO5,96429.29364452946
LiGaPdF6,172002.52806777798
LiH2CO3,115329.75009101989
LiHO2,471487.93989939237
LiIO5,182159.4317178935
LiIrF6,193812.4243637778
LiMn(PO3)3,277438.0168818788
LiMn2O4,787891.0791855059
LiMn3H6(SeO3)8,197817.82204277633
LiMn4O8,829392.889840861
LiMnAs,559175.8512641885
LiMnAsO5,312080.7386837655
LiMnF4,576429.5495620646
LiMnFeF6,857177.6180328538
LiMnH2OF4,396412.6246095548
LiMnO2,1008498.3895298524
LiMnP,314317.81903679646
LiMnSb,577150.0678297792
LiMnSe2,408713.2476653972
LiMnVF6,641170.6501898686
LiMnVO4,594600.1989677285
LiMo3P3O16,59659.57232473149
LiMoO2,229758.43991181246
LiMoP2O7,191084.71810772733
LiN,725650.7490939663
LiNO3,217379.1667160342
LiNi2P3O10,212125.5270801506
LiNiO2,279835.9363360298
LiOsF6,281977.9230039765
LiPd7,205639.68387466067
LiPtF6,98013.36545139976
LiReO5,163097.70061544498
LiRh,180746.23510380334
LiRhF6,198451.89695565245
LiRuF6,288922.90114070696
LiS2N3O8,220830.65096558502
LiSNO4,312839.1102967621
LiTi(SiO3)2,85542.65827093918
LiTi2O4,71433.06031106027
LiTiMnF6,513427.4782732885
LiTiNF6,147776.37589588293
LiTiP2O7,67853.4410708874
LiTiS2,139487.10086625794
LiTiTe2,97329.7379239722
LiU2Cl3O8,168794.8858565647
LiUF5,208343.97031761342
LiUN2,173867.4939909725
LiUO3,146177.24071394556
LiV(GeO3)2,160744.02001129795
LiV(SiO3)2,175712.87569889825
LiV2(PO4)3,84324.81201811275
LiV2F6,462096.43429464725
LiV2O4,401071.52845435264
LiV2O5,91923.89616125787
LiV6O13,195451.55485225323
LiVAsO5,102377.3112959528
LiVCuO4,111620.38390495966
LiVPH4O7,68269.41756648787
LiVPO4F,201760.01007035
LiVPO5,105367.75765781992
LiVS2,292287.05341371364
LiZnAsO5,153237.88341363223
M2Co5,715000.0
Mg(B2O5)3,282921.36095847096
Mg(BO2)12,210611.1057489009
Mg(BrN3)2,142566.67954800272
Mg(BrO)2,284851.7540066927
Mg(C2O3)2,233385.62751915233
Mg(CO3)2,318828.0621998239
Mg(ClO5)2,284080.74775596964
Mg(ClO7)2,471998.18015000137
Mg(Co3P2)2,154312.7323828003
Mg(FeGe)6,698720.3205958256
Mg(IN)2,362799.940261088
Mg(IO5)2,382855.0240803663
Mg(IO8)2,544099.4373803786
Mg(N3Cl)2,933698.7385864963
Mg(NO4)2,260929.77382540744
Mg(NO6)2,236233.0870935513
Mg(PO5)2,315598.52272214426
Mg2(SiO3)3,99148.32031481103
Mg2As2O9,201744.71544845865
Mg2AsO5,84350.52165664222
Mg2B(PO5)2,158983.33242175795
Mg2B12H24O35,78270.3235318562
Mg2CClO6,146057.0587810202
Mg2CO5,202362.24335194522
Mg2ClO3,88813.92345864093
Mg2CoB2Ir5,178472.78964633346
Mg2Cu2P2(H4O5)3,61635.482665313655
Mg2FeB2Ir5,251836.1383084501
Mg2Mn(PO4)2,283431.918598015
Mg2MnB2Ir5,195908.79773100023
Mg2MnH24(ClO2)6,93252.28292875615
Mg2NiB2Ir5,94302.29321920271
Mg2PO8,467617.0206954709
Mg2Ru,51246.22070157639
Mg2S3(NO6)2,273887.5058874102
Mg2V2CuO8,62133.49296580474
Mg2VO4,122472.07841447249
Mg3(Al9Cr)2,70220.35270065689
Mg3(PO6)2,297793.0026463148
Mg3(SO5)2,99360.08525129296
Mg3(SO6)2,239145.1472259081
Mg3(SiO3)4,64431.88245101773
Mg3B11O24,203428.80423588952
Mg3B2H9SO13F,64651.04150568711
Mg3B2SO14,351468.25871959236
Mg3BO6,241996.19638068858
Mg3Cr,439413.2642613328
Mg3Cr2(SiO4)3,273733.511966506
Mg3Fe2(SiO4)3,452671.13042796816
Mg3Mn,356984.65014616045
Mg3Mn2(SiO4)3,359942.26254709257
Mg3Mn3(BO5)2,660556.5962287525
Mg3MnNi2,323497.11972289276
Mg3Si2O9,172353.5925952079
Mg3Si4O13,145405.64652577115
Mg3V2(SiO4)3,179038.76894407545
Mg3V6(FeO6)4,379050.44020654826
Mg5(C2O9)2,259775.16611901118
Mg6V,141345.42348466345
Mg6VH16,81884.80698497027
Mg7(SiO7)2,210726.85461578035
Mg7Ti,90246.59078389613
Mg7TiH16,80960.04726976472
Mg8SiW9O49,193294.28583250547
Mg9Si10Pb8(CO16)3,82919.01305860802
MgAl2(OF4)2,224383.33495777586
MgAl2(PO5)2,111127.82308001419
MgAlO2F5,289054.22054238745
MgAsO8,119439.2071945512
MgB12(H2O)6,265726.44625687983
MgB2O7,477787.6607714453
MgBO3,177643.06158550264
MgBPO6,176562.73987322877
MgC4S4N2(O4F3)4,59640.09785135098
MgCO6,553646.6626963597
MgCo,106605.83909597507
MgCo2,737135.8781993007
MgCo3C,390713.859600072
MgCr2O4,780961.4079832134
MgCrF6,195735.27225974636
MgCrO9,376967.0733364534
MgCu2AsO7,63430.887763982406
MgCuCO5,100393.55622583686
MgFe(SiO3)2,333501.2726750163
MgFe2BO5,917483.9684688209
MgFe2P2(HO)18,256187.86464428922
MgH12SO10,96259.50009966792
MgHg6(N3O13)2,190374.87151293186
MgIO12,252961.8970829835
MgMn2O4,970464.6203546628
MgMnGe,624710.5888560881
MgN(ClO2)3,115041.82120466778
MgN8,323490.2719243549
MgNi2,134434.5285489666
MgNi3,237066.0980469233
MgNi3C,97171.91613051266
MgP(CO4)2,126919.09748550483
MgPHO9,236305.65657362415
MgPO4,115374.35545989904
MgRhF6,95355.8174839049
MgSO4,208349.76837681842
MgSO5,197654.17187993886
MgSO6,140193.902017864
MgSO8,154714.36052165006
MgSO9,242812.46517817824
MgSiO6,541040.6507095722
MgTi2O4,229524.0429418864
MgTl2(PO4)4,201617.64437519273
MgU2(SiO8)2,234825.38775162792
MgU2Cr2O16,221590.78423424234
MgU2Si2O17,137564.36501239645
MgU8Se17,219622.36173025903
MgV2(CuO4)2,115004.04787668913
MgV2O4,470581.62683066144
MgV2O5,174319.64430170058
MgV4(H4O7)2,61036.93472516306
MgVO3,128152.48775180061
MgWO6,143398.1006360723
Mn,945595.036799483
Mn(AlS2)2,297986.2241227239
Mn(AlTe2)2,207258.8473983848
Mn(AsO3)2,493748.7345522841
Mn(BH4)2,496822.7742303934
Mn(BO2)2,772149.0369136486
Mn(BW)2,442879.9673111303
Mn(Bi3O5)4,50850.48305481219
Mn(BiSe2)2,244317.3526880908
Mn(BiTe2)2,206369.1395052079
Mn(C2N3)2,264506.28848582174
Mn(CrS2)2,798966.5809470005
Mn(CrSe2)2,704893.5184899984
Mn(GaS2)2,304668.8132406203
Mn(GaSe2)2,264465.2919194767
Mn(GaTe2)2,219050.45287685437
Mn(H15N8)2,103594.38981417501
Mn(H2N)2,425383.246623913
Mn(HO)2,1052572.290991416
Mn(IO3)2,339950.42912757
Mn(InS2)2,298988.4885408943
Mn(InSe2)2,216910.643390414
Mn(InTe2)2,193607.89125699375
Mn(NO3)2,414801.60505636537
Mn(NbS2)2,356546.1820178937
Mn(NbS2)3,212987.31244639613
Mn(NbS2)4,145457.70752766647
Mn(Ni3O4)2,961605.9017390175
Mn(PbO2)2,247840.90510174297
Mn(PtO2)3,402498.42269735225
Mn(RhO2)2,579665.3790411177
Mn(SbO2)2,409030.00980083464
Mn(SbO3)2,436410.7631151574
Mn(SbS2)2,277563.0767724832
Mn(SeO3)2,224040.33359714918
Mn0.5Fe2.5Sn0.95Sb0.05,1020000.0
Mn1.5Fe1.5Sn0.85Sb0.15,650000.0
Mn1.5Fe1.5Sn0.9Sb0.1,680000.0
Mn11Ge8,956923.759702862
Mn11Pd21,985901.0384123443
Mn13Al4Si2(SbO14)2,1013699.453647758
Mn13Si2SbO24,1152838.148654292
Mn15(Br3O10)2,981422.916745163
Mn16Bi16O45,620122.4230965063
Mn2(Co7B2)3,866456.5380945953
Mn2Al4Si5O18,224220.8643726566
Mn2AlB2,196808.74386376227
Mn2As,1117889.0495973395
Mn2As2O7,142380.96712366823
Mn2AsHO5,817133.6011406449
Mn2AsO5,757424.7755404721
Mn2Au,1395992.2944482802
Mn2Au5,691820.2817369632
Mn2B4Mo,539619.1592996031
Mn2B4W,538653.4287150222
Mn2BO4,1168701.6560440578
Mn2Bi3O7,479464.1335917382
Mn2BiO5,701613.0192135705
Mn2BiPO6,672756.305084839
Mn2BrO3,746614.3129979057
Mn2CdO4,883085.3740595595
Mn2ClO3,769649.0061364869
Mn2Co3Ge,1345455.7595695239
Mn2CoSb,689944.1049021245
Mn2CoSn,1172802.5226108092
Mn2CrPb2O9,305651.1676110876
Mn2Cu3H24(OF)12,214565.02792702467
Mn2CuH16(C2N11)2,209875.4694896887
Mn2Fe3(SiO4)3,986551.4967343488
Mn2FeSbO6,1235849.3588622883
Mn2Ga2S5,489073.8837835738
Mn2Ga5,397009.0616448749
Mn2GaCo,1252442.9982031027
Mn2Ge,1086509.5178432332
Mn2GeO4,1161476.5602982298
Mn2GeS4,652068.4825904586
Mn2GeSe4,557042.3784282827
Mn2H2SO5,803310.8598026474
Mn2H2SO6,174369.08847059676
Mn2H30C9N3Cl7,154952.41653298537
Mn2H8S3(NO6)2,338002.2612960635
Mn2Hg2SF6,531763.209467691
Mn2Hg5,475460.6977895887
Mn2In2O7,482174.038635198
Mn2InCo,1260095.3267253675
Mn2Mo3O8,823964.356207649
Mn2N,1566549.9625825053
Mn2Nb9Ge8,132009.05969155172
Mn2NiO4,1313319.7001189573
Mn2O2F9,403359.6935961154
Mn2O3,1395431.9241433814
Mn2P,930343.6434948628
Mn2P2H7NO10,333312.39693212573
Mn2PH2CO7,597135.2574887044
Mn2PHO3F2,875175.5761774029
Mn2PO4F,931458.3707397725
Mn2Pb2O5,594791.4865221594
Mn2Sb,1221986.9566968747
Mn2Sb2H8S5N4,301307.15700160514
Mn2Sb2O7,680661.5850120311
Mn2Sb3I3O5,296964.77604819584
Mn2Si(H2O3)2,728309.0522802231
Mn2Si(P2O7)2,338046.5175375165
Mn2Si2Pb2O9,344064.9477174424
Mn2SiO4,1144934.4237703865
Mn2SiS4,662768.0201255563
Mn2SiSe4,570146.1898510217
Mn2Sn,1157193.6604863126
Mn2SnRu,1069995.001867628
Mn2SnS4,628727.1164456164
Mn2SnSe4,513244.53255492676
Mn2SnTe4,359728.6189895453
Mn2Te3O8,457402.7233431276
Mn2Tl2O7,457166.53207023017
Mn2V2O7,653590.077015182
Mn2VHO5,848037.6399168476
Mn2ZnAs2,582827.1334890409
Mn2ZnO4,980510.7790789795
Mn2ZnP2H2O9,511170.75174307864
Mn2ZnS4,559571.7892444689
Mn2ZnSe4,489532.3953910885
Mn2ZnTe4,387173.61746873957
Mn3(AgO2)4,446723.7923291084
Mn3(BO3)2,1214260.8275603764
Mn3(Co10B3)2,889182.8252969132
Mn3(CoO4)2,942532.2015688241
Mn3(CuBi)4,515409.05468931515
Mn3(P3Pd10)2,300597.0648760484
Mn3(PO4)2,856580.3974669498
Mn3Ag2(P2O7)2,487692.2943093677
Mn3AgAs3(HO6)2,561086.967060522
Mn3AgN,1435695.8804884036
Mn3Al10,257831.81912402384
Mn3Al2(SiO4)3,687243.2608467686
Mn3As(HO2)4,743407.2214438011
Mn3As2,983056.3283191368
Mn3As2H26(S4N5)2,222030.80682813603
Mn3Au,1630121.5204584147
Mn3B4,1146838.9859003527
Mn3B7BrO13,583850.776066756
Mn3B7ClO13,581026.2105610451
Mn3B7IO13,574122.6927027694
Mn3BO5,1397159.8931934112
Mn3BPO10,526557.5589281203
Mn3Bi,1334533.1987421343
Mn3C,130636.91040005095
Mn3Cd2O8,569496.0623182291
Mn3Cr2(SiO4)3,916219.9331113399
Mn3CuAs2,872884.4020388838
Mn3CuN,1192269.74812704
Mn3Fe2(GeO4)3,1010015.2175998844
Mn3Fe2(SiO4)3,1082631.878264077
Mn3Ga,751223.1064422694
Mn3Ga4P6(H2O5)6,231198.58591456135
Mn3GaN,1525600.1196975622
Mn3Ge,974300.751408282
Mn3GeC,659365.1993102913
Mn3GeIr,1284803.7564049514
Mn3H24(O3F2)4,273119.8355537704
Mn3H2Se3O10,519494.2616705886
Mn3InC,909438.6287169605
Mn3IrN,1363364.1588538701
Mn3Mo2H34C22N16O5,155091.8365222852
Mn3N2,1565755.0694724987
Mn3Nb2ZnO9,802244.8147955475
Mn3Nb6O11,559789.6974509264
Mn3NiN,1431707.4377316667
Mn3O4,1193895.1649242525
Mn3P,1690879.4599096023
Mn3P3PbO12,522685.16255970864
Mn3P4H12(NO8)2,363149.66679253086
Mn3P4H2(PbO8)2,401035.36293630156
Mn3Pd5,1074461.6253366466
Mn3PdN,1443700.3303702774
Mn3Pt,1701434.1516214153
Mn3PtN,1627344.546535426
Mn3Rh,388628.9683625471
Mn3RhN,1377884.7062490243
Mn3Sb,1006018.1162269539
Mn3Sb5(IO3)3,332264.568735675
Mn3Se3O10,546032.7259427733
Mn3SiIr,1001549.455524014
Mn3SiNi2,1354512.227956192
Mn3Sn,1365668.6510775588
Mn3Sn2,856398.0724431877
Mn3SnC,475179.86027913244
Mn3SnN,468734.66838601406
Mn3TeO6,1150611.852188376
Mn3TeP2Pb3O14,416686.96372984204
Mn3V2(SiO4)3,817728.3700136223
Mn3V2O8,917042.832883201
Mn3V3(AgO6)2,497512.4253279445
Mn3V6(FeO6)4,653909.4914478133
Mn3ZnC,1112896.463161942
Mn3ZnN,1534529.7550852643
Mn3ZnO10,818393.9485498541
Mn3ZnO7,713814.3082143224
Mn4As3,952468.9651898347
Mn4Be3Ge3SO12,591971.5716068861
Mn4Be3Ge3SeO12,580006.909405185
Mn4Be3Si3SO12,628869.8267629319
Mn4Be3Si3SeO12,640858.6295332417
Mn4Be3Si3TeO12,598558.1063005639
Mn4Bi3NO15,380830.22708928026
Mn4Ge6Ir7,605237.8768630554
Mn4GeP4(H6O11)2,433378.8299704706
Mn4N,2049398.843597015
Mn4Nb2Si5,574346.4360232863
Mn4Nb7Ge8,293282.807669977
Mn4P3NO12,761359.240376519
Mn4Si3AsHO13,708519.4543269513
Mn5(AsO6)2,849068.952830937
Mn5(NiBi2)2,877440.3492789645
Mn5(PO6)2,885199.9451987601
Mn5(SiO4)3,990113.5053804626
Mn5(SiO5)2,1068542.4148903934
Mn5As4(H11O13)2,378703.60211293056
Mn5As4(HO2)10,537982.4660208061
Mn5Ge2,907765.1781929575
Mn5H8S3O16,633078.174433978
Mn5H8SO12,758314.3481610091
Mn5O8,1298885.6521264554
Mn5P4(HO2)10,587443.9692795082
Mn5Pb(SO4)6,480308.25299770426
Mn5Si3,857762.6613379103
Mn5SiB2,913631.0755592445
Mn5SiC,700700.4981981961
Mn5V2Pb3O16,519502.1314229874
Mn5VO8,1388160.1572979647
Mn6AgP7O24,594047.3056529107
Mn6Ni16As7,632673.4530571965
Mn6Ni16P7,672361.5410302082
Mn6P4H2O17,806644.9137549422
Mn6Si7,674375.6261350063
Mn6Si7Ni16,710800.6201922703
Mn6VSi5HO19,729918.4009128129
Mn7(AsO4)6,595217.7545837933
Mn7(AsO8)2,845269.2578994734
Mn7(PO8)2,822852.4578325499
Mn7(PbO5)3,732338.3169530206
Mn7BiO12,1188434.7327072746
Mn7CdO12,1181248.3965076117
Mn7FeCl3O10,1060644.8887752558
Mn7PbO12,1157417.686779018
Mn7SbAsO12,1205492.9262335165
Mn7SiO12,1226945.2444479875
Mn8Cl3O10,1053240.0599506227
Mn8Ga5,1067855.084699043
Mn8Si6ClO24,509537.8563904463
Mn8Zn14Ga27,60276.62189025719
Mn9(NbGe4)2,736373.2594761644
Mn9(PbO5)4,420493.2923918385
Mn9Al2Si8(HO4)8,653543.6838941121
Mn9Au31,528352.7573449302
MnAg(PO3)3,229333.27459224116
MnAg4(SbS3)2,160980.23648014117
MnAgH8(OF)4,203493.20818658677
MnAl,813588.4301746646
MnAl2O4,676097.2716266883
MnAl2P2(HO)18,134271.89422735092
MnAl2P2H10O13F2,155616.7036210818
MnAl6Si4O19,88319.39661400318
MnAlAu2,597433.2147686761
MnAlCo2,844650.0310249978
MnAlCu2,625567.9595041655
MnAlF5,552693.0750682415
MnAlGe,497381.61188038124
MnAlNi2,938566.4746363513
MnAlPd2,631921.4488056086
MnAlPt,733826.6347790605
MnAlPt2,638528.962394057
MnAlRh2,743692.4416429903
MnAs,791196.2913877858
MnAs2F12,219828.9390052486
MnAs2H16(S2N)4,104384.0218736731
MnAs2S2(OF3)4,138374.47960572288
MnAs2S4(NF6)4,80060.37824971887
MnAsH3O5,410745.82352464064
MnAsO4,517691.27342373214
MnAsPd,741664.3741993812
MnAsPd2,620150.2009201498
MnAsRh,794662.9663806806
MnAsRu,832874.2068866914
MnAu,1174985.986141756
MnAu2,773875.5673778802
MnAu2C4(N2O)2,148762.2030302947
MnAu4,473786.05028577184
MnB,787007.6180928317
MnB10(H13O4)2,111609.8718788135
MnB12(H5O12)2,106917.01878156229
MnB2,1134407.1086209342
MnB2(H7N)2,247201.33844481685
MnB2F8,372402.6316439292
MnB2H17N3,187565.68506533856
MnB2P3H10N2ClO13,141250.13883292925
MnB4,169506.42608823534
MnB4H24(C2N)2,142305.65052895038
MnB4O7,360443.5731419422
MnBPbO4,408919.5183755383
MnBe12,176313.2857820577
MnBe2,496036.02542914875
MnBePO5,417333.57983964065
MnBi4S7,156407.1883099545
MnBiO3,580833.7741089256
MnBiS2Br,386767.8389047512
MnBiS2Cl,404802.59979844186
MnBiSe2I,326433.23912177456
MnBr2,554481.0473238232
MnC3NCl3,227110.18062024718
MnC4Br3N,238946.1666804117
MnCO3,907678.166140158
MnCdF5,360740.7189183002
MnCl2,647518.3116990047
MnCo(BiO3)2,451828.048883322
MnCo2Ge,1013474.3234232223
MnCo2Sb,1043735.6503591072
MnCo2Si,1064756.4268210344
MnCo2Sn,908501.5824623512
MnCoAs,748723.2819080278
MnCoGe,856868.4228981207
MnCoO3,1156725.893090641
MnCoP,853652.2482491669
MnCoSb,836960.1712048735
MnCoSi,804755.5961916454
MnCr2O4,1350473.287252237
MnCrF5,827754.1919053844
MnCrO4,572876.7405505239
MnCu2GeS4,300935.54688598146
MnCu2Sb,589441.7694670751
MnCu2SiS4,311483.2177698214
MnCu2SiSe4,262094.82525575973
MnCu2Sn,595056.4947621059
MnCu2SnS4,281299.6761456599
MnCu2SnSe4,236343.967314609
MnCu4Sn,515118.1940222171
MnCuAs,844213.4910675988
MnCuH10Se2(ClO5)2,178150.0265090667
MnCuO2,806946.8190441828
MnCuP,724437.6999054407
MnCuSb,733133.856355915
MnF2,1207199.2133118086
MnF3,650771.5266216976
MnF4,473116.99777811463
MnFe2Pb8F24,256225.04765860186
MnFe2Si,652145.3611271209
MnFe4B2P,1013714.336380323
MnFe4SiB2,994281.7721366346
MnFeAs,1027275.8614008228
MnFeBiO5,754709.2139318981
MnFeC5N6O,162015.1240839463
MnFeH14O7F5,413584.2690746337
MnFeH4NF6,655608.8310949461
MnFeNF6,892567.3750953433
MnGa,976454.9359792536
MnGa2Co,652372.5861866584
MnGa2P3H4NO14,220526.74803354297
MnGa4,87160.12653148852
MnGaCo2,895364.1418755819
MnGaGe,413199.9911102522
MnGaNi2,808380.1311138363
MnGaPt,720851.9931903474
MnGe,705141.5994213821
MnGe2Pd3,375295.9809390928
MnGe4H24C8(S5N)2,67760.00295670646
MnGeN2,936731.6382407179
MnGeO3,764401.2493909128
MnGePd,657582.3293741832
MnGePd2,630049.5139271421
MnGeRh,852829.8084172538
MnGeRh2,842140.4453565881
MnH,1504359.6702794253
MnH10CNCl3O2,220311.93848460034
MnH10SeO9,224362.6032762389
MnH11C5NO6,198507.9768711307
MnH12(C2N5)2,190589.54578503355
MnH12C2(NCl2)2,184261.16375292698
MnH12C2NCl3O2,123166.18872549731
MnH12C8S2(NO)2,121995.36971628545
MnH12N8O15,119612.35892924607
MnH12S2(NO5)2,175761.98437578298
MnH14C3NCl3O2,172326.25049654336
MnH14C8(NO3)2,137820.18613231368
MnH16C4(Br2N)2,115836.74856820275
MnH16C4(NCl2)2,152802.75679424097
MnH16C4N(OF2)2,150911.66412381484
MnH16C4S4(N4Cl)2,99981.40504769066
MnH18C4N8(ClO)4,110249.68379158716
MnH2(CO2)2,423509.52464564523
MnH2(SeO4)2,262624.2550747964
MnH20C2S2(NO2)6,116956.34292808255
MnH21C7S3N,124869.84576679001
MnH28C12Br2(N4O)2,91545.80704324172
MnH2SO4,461641.8472890411
MnH30C6(Se2N3)2,87264.5259765921
MnH36(C5N)12,61233.295620076926
MnH4(BrO)2,331461.18709246395
MnH4(CO3)2,334016.62176797376
MnH4(ClO)2,371790.34989948774
MnH4(NO4)2,286796.375085224
MnH44C12N8(ClO5)2,61760.01904255698
MnH4S(NO2)2,376744.70742501976
MnH4S2O9,256717.35288614864
MnH5SO7,264763.24553971534
MnH6(CN2)4,196251.37794765463
MnH6(OF)3,303757.2999802449
MnH6(SO4)4,142678.3558671765
MnH6SO6,339068.12135204993
MnH7C3NO6,245244.61300283668
MnH8(BrO2)2,272192.8992363224
MnH8(ClO2)2,281650.04277945095
MnH8(N2Cl)2,300158.2981643782
MnH8(NF3)2,190537.4776002876
MnH8(NO5)2,227811.5977904833
MnH8C2NCl3,239903.26711007766
MnH8C2S2(NO2)2,178675.7693885242
MnH8N2(OF2)2,310569.07637457247
MnH8SN2O4F3,202072.99376012594
MnH8SO8,273186.4805270537
MnHO2,1078743.618024167
MnHg,982192.8386562419
MnHgC4(SN)4,154863.76659069286
MnHgC4(SeN)4,141299.46261088355
MnI2,431176.7235283151
MnIn2NiO6,426463.5249174791
MnInBr3,318154.1050114184
MnInCu2,604181.2862094595
MnInCu4,457405.63256842375
MnInNi2,691109.4611062078
MnInO3,620528.7094122074
MnInPd2,640728.9150645611
MnMoH2SeO7,308723.8611140522
MnMoN2,1123910.5048695486
MnMoO4,618637.4565507481
MnN,1544305.3251266526
MnN2F5,421121.3842424005
MnNCl3,619695.2454057905
MnNF3,1016448.9746496093
MnNb2O6,434358.790275466
MnNb2Zn2O8,296043.84591737954
MnNbP,572402.5840821923
MnNi,1702363.6712593355
MnNi(BiO3)2,384340.7401130242
MnNi2Ge,737026.3837393419
MnNi2Sb,661763.2503525597
MnNi2Sn,755005.3207404948
MnNi3,1135659.855922523
MnNiAs,800346.7298193019
MnNiGe,781261.5798710326
MnNiO3,981662.4252166488
MnNiP,798582.1928308149
MnNiSb,645457.0606913796
MnO,1910198.3267427883
MnO2,863145.6882509339
MnP,630076.358059524
MnP(HO)7,313514.6471845746
MnP2(H4O5)2,225202.69096372745
MnP2(HO)4,260633.23792234098
MnP2H12(CO2)4,159217.50364198742
MnP2H9C2NO7,230736.2876479417
MnP2HO7,305128.0731405561
MnP2O7,235358.78342937946
MnP2PbO7,300527.9196659035
MnP3(HO2)6,150280.212202641
MnP3H10C3NO9,179398.77237042933
MnP3H12NO7,178091.6145933439
MnP4(NO6)2,294237.6668209459
MnP4H16(NO8)2,117211.67523796584
MnP4O11,208298.18106918863
MnPH15C3N(ClO)3,148151.35603468464
MnPH4N(OF)3,271730.0950487029
MnPH4O5F,372377.5536965919
MnPH5CO4,360492.53807904845
MnPH6NO5,362436.3470495546
MnPHO3,622463.0704314711
MnPRh,741566.764898159
MnPS3,429261.52867719927
MnPSe3,378653.1896276999
MnPb(SO4)2,282782.740322947
MnPb2WO6,323951.8267043918
MnPbO3,399686.97077453893
MnPd,1402037.8692341137
MnPd2,916214.2555445717
MnPd3,787799.6054557735
MnPt,1398955.8721656806
MnPt3,689415.8917259267
MnPtF6,443316.4316740981
MnRh,1399811.9380586883
MnRh2Pb,675320.6730424871
MnS,556188.0483491466
MnS2,243606.72234221367
MnS2(NO7)2,134508.68455651437
MnSO3,654430.854585939
MnSO4,644745.7499387492
MnSb,801863.5501497595
MnSb2F12,227044.5894688737
MnSb2H18(Se2N3)2,102213.88042212842
MnSb2H8(SN)4,168522.62410230495
MnSb2Pb5O11,154305.21405543582
MnSb3XeF23,60862.0599510119
MnSb6(Pb2S7)2,74255.51267028257
MnSbAu,647018.6291278726
MnSbPd,520142.3126157636
MnSbPd2,582069.57181312
MnSbPt,591222.6260489483
MnSbRh,535666.3879537412
MnSbRh2,615222.0070159995
MnSbS2Br,393272.7799260741
MnSbS2Cl,410009.2212785953
MnSbSe2Br,336502.00200839486
MnSbSe2I,332563.32540635165
MnSe,989537.8236852449
MnSe2O5,411048.74183885026
MnSe2O9,305116.9640497338
MnSe3O8,156285.08156331605
MnSeO3,638419.4653289315
MnSeO4,581983.9035282847
MnSi,410353.1472276996
MnSi2O5,574394.3301500728
MnSi6Pb8O21,79534.67358640725
MnSiIr,856135.2812307173
MnSiN2,1041653.9427612287
MnSiNi,679127.6886116248
MnSiO3,801234.8962935013
MnSiRh,774615.600556089
MnSn(BO3)2,441736.06205806474
MnSn2,343465.79787901463
MnSn4H24C8(Se5N)2,52544.47297951013
MnSnAu,577916.9356406397
MnSnF6,406535.4939220232
MnSnH16C6S3O11,107747.51237765657
MnSnIr,545235.2466561021
MnSnO3,769276.0410578244
MnSnPd2,611516.653078091
MnSnPt,541680.2979488402
MnSnRh2,759260.6220947518
MnTe,893742.0274613928
MnTe2,538515.7131827797
MnTe2H20(CN)4,134741.2927141652
MnTe2O5,352596.7112038458
MnTe6O13,159064.52714510952
MnTeH18(SN2)3,126658.54188117528
MnTeMoO6,355198.31168105657
MnTePd,686828.3703881827
MnTl(PO3)3,209994.1978074692
MnTl2As2S5,179381.24564679843
MnTl2GeTe4,178843.39909286748
MnTl2H12(SO7)2,125589.41729734476
MnTl2P4(HO2)8,115301.74148212427
MnTl2SnTe4,173404.2434824559
MnTlCl3,362628.24491179845
MnTlF4,414069.9025090887
MnTlH2OF4,304472.2242070156
MnTlI3,255031.6962050847
MnV2(PbO4)2,221208.4457323736
MnV2HPb2O9,182391.62323343626
MnV2O4,1013466.8239838446
MnV2O6,464218.3540091849
MnV2Pb2O9,136041.19416827546
MnV2TeO7,425740.19423362426
MnVBiO5,390031.7954889988
MnVHPbO5,417996.2264845619
MnVPbO5,332895.33680802124
MnVSbO6,445699.8516366009
MnWO4,674267.8999845083
MnZn,980732.1182065461
MnZn2SiO6,233744.50474835013
MnZn3,537643.6505088833
MnZnGeO4,540427.7239915716
MnZnH22C5N10(Cl2O3)2,77890.39668721771
Mo(NCl2)3,284860.2154239808
Mo(PO3)3,165081.34638062227
Mo2(NCl3)3,238432.19596017196
Mo2C5N3O14,184446.6541502453
Mo2Cl8O,58985.643583387384
Mo2H12C4N2O15,121042.93741369064
Mo2H3(CO2)4,331751.6049666002
Mo2P2NO11,273346.6428212319
Mo3Br6O,232645.02495232841
Mo3Cl4O9,247398.08020700188
Mo3NO9,143432.18160260734
Mo3P2PbO14,66399.27070252769
Mo3P5Pb3O23,59874.93524693633
Mo3Se(NO6)2,171062.16490258463
Mo4O11,76616.4905542887
Mo5O14,61685.188120475446
Mo5PbO8,608985.5974874794
Mo9O25,68264.83463204978
MoBr3,125034.38241633544
MoCl3,177293.60428689086
MoCl3O,66383.33919766785
MoCl4,137042.27071523096
MoCl5,57978.79291333097
MoF3,452645.9700352842
MoF5,110234.23041890717
MoO2,541186.9026970472
MoP2O7,125386.94839009007
MoP3Pb2O11,115408.32812814284
MoPCl9,63105.971355888636
MoPO5,107381.4287683964
MoPO7,61817.094876188625
N2,689167.8814653144
N2O,273737.23139103194
NCl,505458.54106151126
NCl2O11,138971.66288776588
NClO3,358102.9969057489
NClO4,173010.35113036534
NF,274418.19914703484
NO,275948.71011718904
NO2,148502.32708404385
NO3,164569.5297453378
NO4,450006.43021081004
NO6,82414.72083490234
Na(AsO3)2,78140.75286405589
Na(CoO2)2,124236.06351616801
Na(CuO)2,157181.8485867393
Na(FeSb3)4,71765.38511113268
Na(RhO2)2,125865.02363614048
Na(SO2)2,141758.54986160967
Na10Co4O9,234882.53968418785
Na10US6O29,82101.34087543095
Na11U5O16,183781.31705579866
Na12Mn3S6(O3F)8,170081.42269300245
Na12MnCu2H16(SO4)8,54644.549170224
Na14Mn2O9,265707.07398240396
Na2AgF4,99022.83019464438
Na2Al(P2O7)2,99345.31705669368
Na2Al2(SiO4)3,130775.65999400502
Na2Al2Si3O14,129787.70088748093
Na2Al3Si3NO13,165701.68987365754
Na2AlCoF7,202534.0830875394
Na2AlFeF7,265595.66756608983
Na2AlNiF7,72785.29156576187
Na2B5H5O12,75202.76461781182
Na2Ca(PO4)2,102833.61426268269
Na2CaC2O3,159116.84206944684
Na2CaNi2P4(H5O6)4,68773.00743883487
Na2CaP2O11,151295.92262799383
Na2CaVP2O9,51354.31511017896
Na2Co(NO3)4,110540.86226355031
Na2Co(Si2O5)2,122123.90128251535
Na2Co7H16(CO2)16,212417.5835885107
Na2CoCl4,160628.9918635291
Na2CoGeO4,250863.88800110688
Na2CoH8(CO5)2,124453.02983403862
Na2CoH8(SO6)2,108635.35135693947
Na2CoP2O7,177457.01012641075
Na2CoPO4F,255497.2075433491
Na2CoS2,101057.24184610932
Na2CoSe2,243515.53786486987
Na2Cr3O9,99242.60839730066
Na2CrCl4,225621.0380914259
Na2CrCoF7,382493.3834541719
Na2CrCuF7,256952.13537175787
Na2CrF4,423715.84946233634
Na2CrFeF7,437069.0424578929
Na2CrH2F8,123914.35343137429
Na2CrNiF7,346413.3583620032
Na2Cu(CO3)2,69772.80910681453
Na2Cu(HO)4,90217.8281338431
Na2Cu(SO5)2,139160.90621151705
Na2Cu(SeO5)2,126180.84471801358
Na2Cu2Si4H4O13,65481.841477031965
Na2Cu2Si4O11,68784.97779964544
Na2Cu3H8(SeO4)4,71768.91577407143
Na2Cu5TeS3O19,73353.53958335685
Na2CuF4,111983.08031018972
Na2CuP2O7,62609.78085860434
Na2Fe(SO5)2,261892.0226974356
Na2Fe2F7,560413.4968761853
Na2Fe3(PO4)3,514967.323202619
Na2Fe3P2H2(C4O9)2,360403.16156535543
Na2FeCoF7,506360.3562235453
Na2FeCuF7,384650.4735260296
Na2FeH4(SO5)2,180807.42348687662
Na2FeH7(SO6)2,166120.48636164298
Na2FeH8(SO6)2,143024.3924382818
Na2FeNiF7,451469.67015754356
Na2FeO4,186327.86432964547
Na2FeP2(HO3)2,232332.8593410461
Na2FePO4F,334781.23620032705
Na2FePO5,418857.96971676324
Na2GaCuF7,65019.75064379059
Na2GaNiF7,131769.78441066254
Na2Hf(SO5)3,179884.26923433744
Na2HgS2O7,96089.94042735791
Na2IO6,200876.04059252987
Na2InNiF7,126005.47507525684
Na2InSiO5,88656.78360761562
Na2IrO3,137272.48529013144
Na2Li3CoO4,338740.7128546685
Na2Li3FeO4,413885.8980854109
Na2LiFe(Si2O5)3,144734.1733060185
Na2Mg(SO6)2,215446.70459911344
Na2Mn(H2N)4,321007.72681002395
Na2Mn(PO3)5,117326.4206832109
Na2Mn(SiO3)2,342116.0260237391
Na2Mn2O3,976020.2154877471
Na2Mn2S3,608233.6532023082
Na2Mn2Se3,533499.1211982887
Na2Mn2Si2O7,532254.3508771975
Na2Mn3O7,614506.3669928091
Na2Mn3P2H2(C4O9)2,328319.4436082284
Na2MnCl4,296355.8497349962
Na2MnCrF7,487471.84051910706
Na2MnF5,366393.85902853095
Na2MnGaF7,308293.0966007394
Na2MnH4(SO5)2,216781.86040526116
Na2MnH4(SeO5)2,201564.1916564106
Na2MnO4,91334.57410481063
Na2MnP2O7,295311.18047390773
Na2MnPO4F,411833.79614855023
Na2MoO6,255326.75000122568
Na2NbF6,72644.0074921479
Na2Ni(PO5)4,216083.32019496436
Na2Ni2(B4O7)3,100388.92718208721
Na2Ni3P2(HO5)2,276255.8189030752
Na2NiH12(SO7)2,59675.41360863639
Na2NiH4(SeO5)2,84729.99279060603
Na2NiH8(SO6)2,73620.04186274501
Na2NiP2(HO3)2,121756.3427390958
Na2NiPO4F,182810.44130951795
Na2Np(CO4)2,99739.45942559282
Na2NpH2(CO3)3,82054.00948169202
Na2O2,366001.79776776355
Na2Pd(C2O5)2,141251.611326351
Na2RuO4,198904.1126635278
Na2S3N,198347.6795978907
Na2SO4,207188.79357114714
Na2Si3SnO11,152569.67947616178
Na2Si4NiO10,83299.42387309112
Na2SnO6,405160.52716001915
Na2Sr(P2O9)2,148314.42574012556
Na2SrMnV2O8,239506.80767873963
Na2TcF6,248051.37800272924
Na2Ti(SiO4)2,109656.41510479584
Na2Ti3Cl8,179702.15825647116
Na2TiCl4,114973.7366660774
Na2TiCr(PO4)3,115402.47945081592
Na2TiFe(PO4)3,190974.06981778136
Na2TiFe5(Si3O10)2,478296.5954116614
Na2TiSi4H2O13,68591.2114859492
Na2U2FeH8(C3O7)4,120620.54831652471
Na2U2MnH8(C3O7)4,138309.24977281416
Na2U2ZnH8(C3O7)4,60788.964649258334
Na2UBr6,62747.18471651955
Na2UF6,151027.97653986403
Na2US3,134083.72107745335
Na2V(PO4)2,54170.68959178761
Na2V2NiH4(OF)6,80437.46494395629
Na2V3O7,161369.87459995455
Na2VCuF7,187877.53764966075
Na2VFeF7,184837.0704275234
Na2VNiF7,256557.97252232966
Na2VO4,88191.55393416432
Na2WO6,215838.68250280063
Na2Zn3(PO3)4,109343.5080623482
Na2ZnFeF7,315336.2017587273
Na2ZnPO5,76430.4702559318
Na2ZrCo(P2O7)2,100077.40118779794
Na2ZrNi(P2O7)2,67154.214505063
Na2ZrSi3O10,74339.99101818222
Na2ZrSi3O11,144107.74379025694
Na3(CuO2)2,79040.1704559697
Na3(FeSe2)2,122565.16951188073
Na3(Mn2Te3)2,428916.10991253506
Na3(PO4)2,155080.68006656176
Na3Cd2IrO6,119153.34230338954
Na3CoC2ClO6,157659.0202302099
Na3CoO3,395042.8998334396
Na3Cr2(AsO4)3,236798.84241746765
Na3Cr2(PS4)3,112665.42385170271
Na3CrCl6,116622.81010960184
Na3CrF6,232134.5327070382
Na3CrH10C6O17,65843.76018282304
Na3CrH14(C3O8)2,65063.098679759285
Na3CrP8O23,66584.76661451554
Na3CuPHClO5,56181.87719611434
Na3Fe(PO4)2,281711.12350440864
Na3Fe(SO4)3,185050.60752155882
Na3Fe(SO5)3,335078.4032173434
Na3Fe2(AsO4)3,386667.9831644018
Na3Fe2(MoO4)3,290489.152423326
Na3Fe2(PO4)3,377149.4571590067
Na3Fe2Mo5O16,420121.2449508524
Na3Fe2P2O8F3,411519.35224950226
Na3Fe3(PO4)4,403899.0885367544
Na3FeH10C6O17,109746.98428940277
Na3FeO3,491186.5238117527
Na3FePCO7,234207.5132922962
Na3FeS2(O4F)2,215926.51604718925
Na3FeS3,302599.72894867964
Na3FeSe3,218630.59448348152
Na3H2OsO6,62754.0682982225
Na3Li(MoO7)2,372537.80502007966
Na3Li3Cr2F12,224703.10594403392
Na3Li3Fe2F12,371530.8604101579
Na3Li3Ti2F12,73300.35325218581
Na3Li3V2F12,147462.45072134296
Na3Mn4(TeO6)2,698833.3348032224
Na3MnP3(H12O11)2,89370.26939601998
Na3MnPCO7,287222.8095595553
Na3MnS2(O4F)2,170836.06807581126
Na3MoCl6,112860.85750579998
Na3MoH6(CO2)6,81123.54378956732
Na3NiF6,79163.05780641298
Na3NpH2Se2O11,69766.66451928038
Na3NpO10,112742.32020973854
Na3Os,163195.6988559717
Na3OsO5,79363.41463126044
Na3P3O10,85012.3209591166
Na3Ru,127934.63401223489
Na3RuO4,300330.50423168874
Na3SNO8,102055.49918426873
Na3Sr4Cr5F26,259930.40757826556
Na3Te(PO7)2,266144.98299211287
Na3TiF8,58803.92038629776
Na3U6AlF30,202061.52006967564
Na3U6CrF30,250525.47394497096
Na3U6FeF30,184167.10184207352
Na3U6GaF30,201402.80595455036
Na3U6TiF30,220586.71934659794
Na3U6VF30,234497.2210811337
Na3V(SO4)3,75111.60932015534
Na3V5O23,198686.5449803389
Na3VP3NO9,84578.45118741957
Na3VS2(O4F)2,92167.44424432178
Na3VSi4(HO6)2,68265.86080336875
Na3Zn4P3O19,128313.63876816815
Na4(CoO2)7,102553.70021877131
Na4Be2Si6SnO20,87566.59461909908
Na4BrN3,318366.20421440236
Na4Co3P4(H3O4)6,123999.94708042347
Na4Co3P4O15,260735.19737265116
Na4Co7(PO4)6,400250.592001403
Na4CoAuO5,248277.28150523236
Na4CoO3,243207.63124167925
Na4CrC6(N3O5)2,355717.5292578675
Na4CrH8SO7,125761.69929922033
Na4CrO4,153664.01389438074
Na4Fe2(PO4)3,328460.6539448932
Na4Fe2O5,598745.4510355642
Na4FeO3,310431.3689332268
Na4FeO4,316229.27682470134
Na4Ga3Ge3O16,117102.19981819895
Na4IrO4,236198.17017519593
Na4Mn2P2O7F6,276307.4772658849
Na4Mn3P4O15,413844.8014943833
Na4Ni(PO4)6,237934.68643534865
Na4Ni3P4O15,176864.11444338784
Na4Ni5(P3O11)2,212125.09823044974
Na4Ni7(PO4)6,272970.1264595184
Na4NpO5,72856.22848618028
Na4Pu(MoO4)4,95293.5056049442
Na4SrSi8O23,137200.78208043549
Na4W4O15,57069.0754057097
Na4Zr(SiO3)6,91817.6895157151
Na5Co2O5,380117.34707683
Na5CoHO4,184592.3475475121
Na5CoO4,277396.24498743966
Na5Cr3F14,287038.91173094115
Na5Fe3F14,453276.5161379833
Na5FeHO4,239444.1121939205
Na5FeO4,323444.2435406412
Na5FeP2(O4F)2,204912.40127240279
Na5FeS4,199856.4980213897
Na5LiMn2O8,173916.38637083923
Na5Mn3F14,379346.03761913645
Na5NiO4,209472.16643713292
Na5NiSO2,54046.56538271228
Na5OsO6,65704.55256471831
Na5V3O12,123885.12238748258
Na5Zr2MnF15,145357.9028275363
Na5Zr2Si6ClO20,75088.06690018378
Na6BSe5O21,57048.75220402055
Na6Co3B9P6H3O38,162910.07480333024
Na6CoS4,116879.13534248571
Na6CoSe4,102478.15234428327
Na6Cu9(PO4)8,126931.08424224584
Na6CuP4(H13O15)2,113689.56134613692
Na6Fe2C4SO16,210947.5781505469
Na6FeS4,154073.24926547514
Na6Mn2V4O15,244853.79112372355
Na6MnCl8,134715.78985464916
Na6MnO4,316613.6163236977
Na6MnS4,193439.63165948022
Na6MnSe4,171123.76878164682
Na6MnTe4,138524.16433089052
Na6Ni3B9P6H3O38,125832.64710339437
Na6Te(PO5)6,252792.89697311324
Na6TeP6(H2O5)6,77891.40592233949
Na6U(SO5)4,82976.58152489069
Na6Zn3As4O19,118479.64706018663
Na7(CoO3)2,311013.7215847888
Na7Fe3O8,579899.7557892317
Na7Fe4(AsO4)6,330221.29314348334
Na7I2O5,148781.799173262
Na7Sr2Fe7F32,490063.5761307706
Na7TiNb2Si4P2O29F,188264.85310978527
Na7U5(SiO6)4,81277.62431763223
Na8(CuO2)5,93174.85175540144
Na9Co2O7,264391.6090912171
Na9Cr2(H9O7)3,103396.13305188507
Na9Fe(MoO4)6,71977.87411415133
Na9Fe2O7,333420.863918982
Na9V14O35,104583.96191680153
NaAg(SO2)2,132072.2071714598
NaAl(SO7)2,368584.5941771873
NaAl3(PO7)2,297981.479271007
NaAl3(SO7)2,229644.21836529137
NaAl6Fe3Si6B3H3O30F,205264.02845590602
NaAl6Fe3Si6B3O30F,256473.8305221311
NaAl6Fe3Si6B3O31,240010.53736938248
NaAlCO5,169649.2995727067
NaAsO6,151129.90985672796
NaAu(Cl2O)2,64805.0243482855
NaB5H8O13,64205.57223590829
NaB6NO10,149468.78039246105
NaBeSi3O8,53467.24713719654
NaC2NO3,186501.06441931633
NaCO2,149232.47526760568
NaCO3,150047.05920986386
NaCa2Fe5(SiO3)8,403768.7178988368
NaCa3RuO6,196888.87946983706
NaCa9Mn(PO4)7,78038.07083884077
NaCaB5O14,188900.0756956612
NaCaMn2P3(HO6)2,379367.0863539635
NaCaMn3Si5HO15,459811.7616937157
NaCaSiO4,98108.01282890892
NaClO3,206907.9545624375
NaCo2(SO4)2,210762.59743744548
NaCo2As3O10,266797.1857141506
NaCo2HSe2O7,230899.72572117083
NaCo3As3(HO6)2,345107.47933970636
NaCo3P3(HO6)2,378461.35268464993
NaCoBP2H2O9,158138.6371160797
NaCoF3,489560.183035139
NaCoH2C3O7,170942.9231855579
NaCoH4SO6F,192374.3362767997
NaCoP3(H4O5)2,108712.83347549189
NaCoPH10CO10,117318.06974143628
NaCoPO4,339879.94566255395
NaCr(GeO3)2,232006.54566956765
NaCr(SiO3)2,265206.3320869064
NaCr(WO4)2,188932.79020380852
NaCr3O8,163376.16376415812
NaCr5Se8,458207.2080985641
NaCrF4,377049.7718089128
NaCrF6,90500.18559577974
NaCrH22N6(Cl2O)2,73488.1438905859
NaCrH8(NF3)2,172776.21801137214
NaCrNO6,244498.66389516613
NaCrO2,683569.8584199384
NaCrP2O7,211479.0188777437
NaCrS2,390622.3947021744
NaCrSe2,336243.3311646041
NaCu3F7,215356.94664719858
NaCuPO4,106411.6411663726
NaCuSO4F,91753.8021935671
NaFe(GeO3)2,378036.9816025037
NaFe(SO)2,316698.7344298799
NaFe(SeO3)2,330703.5039925322
NaFe(TeO3)2,322603.66887697077
NaFe(WO4)2,312550.93518920423
NaFe2(MoO4)3,303509.5572877324
NaFe2(MoO5)2,387698.1497634384
NaFe2O3,1267886.2979701483
NaFe2P2H5O11,406408.87600578694
NaFe2P2HO8,372488.0631072077
NaFe3(PO4)3,593415.7172319785
NaFe3H6(SO7)2,518231.5012785303
NaFe3O5,1414520.5126055684
NaFe3P2(H4O7)2,514617.4424438648
NaFe3Si3O10,627670.0310574244
NaFe4(MoO4)5,349967.30265386944
NaFe7(PO4)6,662518.1619044745
NaFeAs,517061.8437465264
NaFeBP2H3O10,254194.7538338427
NaFeCl4,298328.163904362
NaFeF3,634365.1023808402
NaFeF4,617078.796826309
NaFeH4SO6F,250940.6607630102
NaFeH8(NF3)2,291339.7739868011
NaFeO2,956179.6756188422
NaFeP2(O3F)2,300851.4345567817
NaFeP2O7,345102.083122597
NaFeP3H7O13,171348.9225151487
NaFePH2(CO3)2,260554.3168292823
NaFePO4,479592.0571571048
NaFeS2,224137.91065064442
NaGa11O18,54615.684924401576
NaGa2P2O9,52632.21521844102
NaH5(SO4)3,101339.2379629926
NaH6RuN(ClO)4,73309.82855330454
NaHf2VF11,124595.07342735726
NaHgCl3O2,108049.2933301699
NaIO4,178004.53736387743
NaIr(N2O3)4,254663.7217727551
NaLi2Mo2P3O14,65509.053797508874
NaLiCoPO4F,277423.6805445511
NaLiFePO4F,357944.6237847439
NaLiNiPO4F,188837.4728034581
NaMg3Al6Si6B3O31,67688.9727691454
NaMgPH12O11,60484.02190799251
NaMgSO7,173844.26057541484
NaMn(GeO3)2,304335.39898993174
NaMn(SiO3)2,334804.72739589756
NaMn2(SiO3)3,474528.91397210065
NaMn2O4,931718.0012060837
NaMn2Si3BH2O11,420192.611195583
NaMn3F10,593363.2044136581
NaMn3V4O12,795988.048200493
NaMn6P7O24,595263.4085121287
NaMn7O12,1168133.8896545642
NaMnAs,539187.0335517855
NaMnAsO4,499212.6627963968
NaMnBi,489744.0541636463
NaMnCl3,401206.86378135375
NaMnCrF6,601415.3688990832
NaMnF3,742957.8854045715
NaMnF4,488550.5235065501
NaMnH3(CO2)3,221388.28574059557
NaMnH6C3S3(NO)3,151670.87257782006
NaMnO2,862787.2125825603
NaMnP,456610.7875389844
NaMnP2H10NO10,203173.1143664739
NaMnP2O7,282183.72509090486
NaMnSb,502509.31164455
NaMo(PO4)2,54725.30754075546
NaMo2(PO4)3,146786.53735462436
NaMo2P3O13,71101.69055224473
NaMo3H29C8(BrO2)4,134481.19275714105
NaMo3O11,111824.40963575279
NaMoF6,65616.77570521228
NaMoO2,588687.7484071555
NaMoP2O7,205067.82048779516
NaN3,162525.90172891607
NaNbO2F,140458.03376027773
NaNi(PO3)3,99125.74363038396
NaNi3P4H8NO16,164982.12504080214
NaNi4(PO4)3,314006.1318583945
NaNi4H9(CO5)3,257626.89700880207
NaNiF3,337595.41355414817
NaNiH4SO6F,131635.71700406919
NaNiO2,238436.47610060193
NaNp2F9,341748.6597968851
NaNp3F13,351808.4440061312
NaNpCO5,155293.6320097076
NaNpH2SeO7,114202.39208119734
NaNpSeO6,154242.67453127293
NaO2,236275.12754714803
NaO3,166623.14438706933
NaOsO3,266445.9874240288
NaP(WO4)2,109624.33969324903
NaP2PtO9,158161.96114961267
NaPNO3,101070.18190137234
NaPNO8,107103.0900166785
NaPOF6,134799.75918725698
NaPu,957185.9627190155
NaRh(N2O3)4,237733.87529701175
NaRuO2,206692.3821575671
NaS,196182.20070142497
NaSO4,112156.06586701427
NaSbBrOF3,135988.72000042142
NaSbClOF3,143537.31781824108
NaSbNO4F3,122537.5115623571
NaSbO6,146156.32714573314
NaSe,172714.09263196558
NaSeO3,53971.61489793213
NaSi4O13,308012.0336075204
NaSr2CrF8,159185.67912272966
NaSr3IrO6,116339.71406596726
NaSr3RuO6,174582.19252881006
NaSrCrF6,212920.24046620412
NaSrFeF6,340265.12758693565
NaTeO6,291491.4975611167
NaTi(SiO3)2,82877.9139915635
NaTi2O4,126562.439898581
NaTiF4,118525.28663611971
NaTiFeO4,603013.7070601359
NaTiO2,218804.20487467543
NaTiP2O7,66619.59999141966
NaTiS2,126818.20331368787
NaTl2MoF6,161927.1454972584
NaTl3Cu4(TeO6)2,115696.4440812568
NaU(B2O5)3,163920.10042767684
NaUHOF5,184946.13691270998
NaUO3,132344.67944724116
NaV(GeO3)2,151726.2772903799
NaV(NF3)2,366480.8061855918
NaV(SO4)2,118229.52150168696
NaV2O4,342277.2538558579
NaV2O5,91350.44694291806
NaV3(FeO4)3,508944.2540483937
NaV3(PO4)3,277129.92921411595
NaV6O11,427338.80212699133
NaVAsO5,93565.70325223419
NaVBP2H3O10,100671.66035640142
NaVF3,384315.4428550839
NaVF4,244535.84244022204
NaVO2,446949.6720346269
NaVP2O7,136509.0814750887
NaVPO5,106797.66838367283
NaVS2,253751.18590629153
NaVSe2,223389.23744091313
NaWO3,148168.55585675937
NaWO4,105689.707598316
NaZn2(MoO5)2,131546.8177961954
NaZnBr3O5,165754.0438210538
NaZnFe2(PO4)3,380754.80695087067
NaZnMoO5,79496.45686666263
NaZnO3,156046.9588251723
NaZnP2HClO7,51048.81702322665
NaZnSiO4,98982.69753606193
NaZr(PO4)2,55639.145642544514
NaZr2CoF11,124163.11136509398
NaZr2FeF11,163288.0989284625
NaZr2MnF11,200712.1505063687
NaZr2NiF11,88548.23361922249
NaZr2PdF11,78776.58579521846
NaZr2TiF11,81507.99745770205
NaZr2VF11,121448.83709268928
NaZrSi2O7,59231.80310703092
Nb(Br3N)2,191535.0535775025
Nb(FeGe)6,757371.871830501
Nb2Co12P7,393231.5253494657
Nb2Co3(PO7)4,289639.90864428104
Nb2Co4O9,684246.0059852271
Nb2Co4P3,158818.8069775352
Nb2CoO6,92437.34850196887
Nb2Cr4Si5,313326.7452133716
Nb2CrSe4,170918.29751625026
Nb2Cu3O8,174740.5400725868
Nb2CuO6,87008.85241765162
Nb2FeB2,249378.88354789285
Nb2FeO6,338026.9048318665
Nb2FeS4,317381.53367809823
Nb2FeSe4,162028.94298737895
Nb2Ni4O9,452162.90321264346
Nb2NiO6,182412.11894696837
Nb2O2F3,98910.10691816913
Nb2S4Cl9O5,166434.49295635737
Nb2VSe4,159058.69264343163
Nb3Co4B7,90483.4749601339
Nb3CoS6,123065.08347595371
Nb3CrS6,157011.21080620564
Nb3FeS6,58127.812118958995
Nb3NiSe6,72687.98922753068
Nb3VS6,104071.76866157558
Nb3VSe6,91504.32972226328
Nb4Co2C,85532.38360408116
Nb4Co2N,94228.71468861648
Nb4CoS8,85934.33371887484
Nb4CrSe8,127797.03425255153
Nb4Fe4Si7,58863.972566123775
Nb4FeS8,159147.58130952888
Nb4NiS8,64238.93388943028
Nb4VS8,72690.78686912477
Nb6Co16Ge7,211615.67613847117
Nb6Co7,57419.238947314465
Nb6HI11,57131.52694962048
NbAlCo2,352606.89737237775
NbCo2,785126.0558648453
NbCo2Sn,251263.35621626087
NbCoSn,113631.15801565278
NbCoTe2,62377.48418412943
NbCrF6,250264.96475338927
NbCrP,428669.78379306017
NbCrSe5,171538.2828556045
NbCuO3F,116586.91928533623
NbF3,251606.4068485716
NbF4,121788.63492571266
NbFeB,224189.24920008323
NbFeGe,275315.9583156196
NbFeO4,657995.5348983133
NbGaCo2,354189.56127253635
NbI3,81667.26491609633
NbN2Cl5,216973.46951527314
NbNOF4,179095.38767053344
NbNi2BO6,366396.12077078567
NbO3,147649.19131076947
NbS2,86280.44415140508
NbS2NO9,155371.15380568386
NbSbRh,141393.48514262092
NbSe2,79329.43498104386
NbSeI,56528.664930994826
NbSi4O13,140980.0488923603
NbVF6,327495.7710476875
Ni,644519.3497990915
Ni(AgO)2,235817.77957774876
Ni(AsO3)2,212413.96800933222
Ni(AuF4)2,124107.38880822658
Ni(BO3)6,268221.48321790755
Ni(C2N3)2,119440.14324131855
Ni(C2O3)2,247064.65542164986
Ni(CO2)2,260092.7897048906
Ni(CO3)2,312593.8573263323
Ni(ClO)2,109289.02530828647
Ni(ClO3)2,472240.9859564811
Ni(ClO4)2,132182.89147925892
Ni(HO)2,489924.73305511044
Ni(N3Cl)2,623816.6452857673
Ni(N3O2)2,222837.53071221086
Ni(NO3)2,184397.7334609806
Ni(NO4)2,254336.92101533676
Ni(PO3)2,180348.00226248463
Ni(SbO2)2,177829.58530628434
Ni12C8O31,436034.41839521774
Ni2As2O7,282412.8450766086
Ni2As2O9,424906.71555644233
Ni2GeO4,534134.9030428806
Ni2H,281922.7929710036
Ni2Hg2SF6,231013.06701140298
Ni2P2O7,322851.15309004777
Ni2Te3O8,204339.75815889612
Ni3(AsO4)2,404004.0252452234
Ni3(BO3)2,560042.5614284067
Ni3(PO4)2,406173.17865458166
Ni3AgP3(HO6)2,256306.92590916762
Ni3B7BrO13,246965.1819846242
Ni3B7ClO13,247905.03573326717
Ni3B7IO13,247679.26930577992
Ni3H2Se3O10,243528.88951441593
Ni3Mo2SeO11,266526.6971234147
Ni3P2(HO)16,187666.0588372188
Ni3P4H48(NO15)2,74087.83154077447
Ni3P4PbO14,215876.50064215605
Ni3Pt,570884.322543073
Ni3Se3O10,331788.5167582873
Ni3Se4(ClO5)2,203035.71350372082
Ni3Te2MoO10,238970.68370589704
Ni3TeMo2O11,258858.24776080853
Ni3TeO6,539672.8304807502
Ni4N,614272.5253696453
Ni5H2Se6(ClO4)4,182871.58447390003
Ni5Se4(ClO6)2,267401.62391907146
Ni5Sn(BO5)2,515559.6591783699
Ni5Te4(BrO6)2,252785.01549051987
Ni9Te5(PbO5)6,258442.52832404606
NiAgO2,192914.65151535586
NiBPO6,363448.728751377
NiBiAsO5,178596.11682089593
NiBiO3,303018.1266000257
NiBr2,243866.99298921315
NiC2(SN)2,153638.9296563062
NiC2(SN3)2,412253.5900795868
NiCN2,377211.2585640314
NiCO3,417066.90986915125
NiCl2,298314.3911827173
NiF2,561706.9416232632
NiF3,219362.19003274813
NiH10(SeO5)2,75528.61069588219
NiH10C2(N2O3)2,92453.82167472289
NiH12(BrO7)2,61216.27745517834
NiH12(ClO3)2,95900.02288971514
NiH12(ClO6)2,65787.17748080274
NiH12(N3O2)2,87785.29325443314
NiH12(NO6)2,74283.93210281874
NiH12C2(SN3)2,70465.88577428725
NiH12SO10,86076.00322737964
NiH14C2N10(ClO3)2,50423.48789483792
NiH14C3NCl3O2,73293.69172237192
NiH14SO11,77524.53552860676
NiH15IO12,76007.8381645206
NiH16(ClO8)2,50240.71678059141
NiH2(CN2)2,194537.76112798415
NiH2(ClO2)2,335214.6620019679
NiH20S2(NO7)2,56489.07044453339
NiH2SO5,210878.22369721925
NiH2SeO5,201336.4738236094
NiH4(IO4)2,95245.26746476385
NiH4(NO4)2,117234.06915991243
NiH4SeO5,171362.75462792482
NiH6(CO3)2,135945.6380205736
NiH8(ClO2)2,121374.0581520509
NiH8(IO5)2,79831.54582303196
NiH8(NO5)2,93380.08985442057
NiI2,195404.3967018726
NiMoO4,275430.36201453506
NiNF3,458478.8642699871
NiO,1011241.3750565486
NiP2(H4O5)2,102889.51255591997
NiP2(H7O6)2,68115.64124736682
NiP2(H8O5)2,67523.35574377884
NiP2(PbO4)2,103078.10094635378
NiP2H2O7,139661.64843776755
NiP3H12NO7,75727.21507857161
NiP3NO9,168347.40297689333
NiP4O11,91323.09965813898
NiP5O14,105581.4300934242
NiPH15O11,75087.361127921
NiPH16NO10,80726.62569240989
NiPH4ClO3,159339.42561821092
NiPH6NO5,162027.9151437983
NiPS3,190877.17847443532
NiPSe3,98355.61467645556
NiPbF6,175542.93397189607
NiPt,456278.04303349636
NiPtF6,196203.83116239813
NiRhF6,299039.35187024437
NiSO4,292783.1334549228
NiSO5,418556.52229401533
NiSb2H12(O3F4)2,59822.466548856326
NiSeO3,204616.3915523278
NiSeO4,267291.5513009937
NiSn(ClO)6,455464.32975894253
NiSnF6,180889.2975399884
NiSnH12(OF)6,66141.72177664685
NiSnRh2,156860.0977215915
NiTe2O5,157035.90729772457
NiTe6O13,66027.03932756353
NiWO4,290761.76064161817
Np(Al2Cu)4,205428.34082006544
Np(Al2Fe)4,525498.3162382457
Np(BH4)4,119028.84253338123
Np(CO2)4,261125.43265450935
Np(CoGe)2,493710.6006853305
Np(CoSi)2,502060.2633058772
Np(CrGe)2,201199.69858382255
Np(GePd)2,400438.1415296101
Np(GeRh)2,452382.99478362687
Np(IO3)4,99866.75332305024
Np(MnGe)2,81472.61920654456
Np(MnSi)2,55914.74267390663
Np(NiGe)2,469953.91541722335
Np(OF)2,115578.99734281306
Np(PS3)4,65438.11253283812
Np(SeO3)2,203498.6641492709
Np(SiAu)2,403866.05941313895
Np(SiIr)2,399705.8961774269
Np(SiPd)2,424813.0624730173
Np(SiPt)2,396006.51940869977
Np(SiRh)2,476046.94281750656
Np2C3,793766.7175644286
Np2Cr3(NO4)4,230206.98719148722
Np2H12SO14,118238.86659779101
Np2H2SeO10,87511.69247796138
Np2InPd2,651680.7546614378
Np2InPt2,629680.9210118138
Np2N3,608093.0274923103
Np2S3,643665.9402038675
Np2SO9,106422.76387630122
Np2Se5,372924.8096893888
Np2Tc3Ge4,410834.38868931204
Np3Al,917999.4155077796
Np3As4,527115.4074578506
Np3In,1255956.7855009576
Np3OF12,271761.2230429896
Np3S5,570570.658283982
Np3Se3O13,220500.0162403054
Np3Se4,812592.679475137
Np3Se5,499457.58519440965
Np3Si2,307856.4346615904
Np3Sn,1260936.391551334
Np3Te4,561694.8751966085
Np3Tl,1242003.6784431662
NpAgSeO5,150428.44988334074
NpAl2,654187.7434157527
NpAl2Pd5,262491.08850569045
NpAl3,435078.1894215192
NpAl4,394957.75388557557
NpAs,785204.677691604
NpAs2,423963.55454089696
NpAsS,560977.1706038788
NpAsSe,507575.0041637854
NpB12,315208.18164109474
NpB2,774125.5093227585
NpB2C,656218.4950296127
NpB4,617780.5366854472
NpB6,563125.9893331659
NpBe13,283893.89896954264
NpBi,574363.7538185499
NpBr3,298378.7642271546
NpC,882627.6396515274
NpCO4,291856.7249044719
NpCd11,141114.73717732707
NpCl3,360724.26938227494
NpCl4,207117.9885365001
NpClO10,140440.4999929249
NpCuSe2,434155.93985021993
NpFe2,304551.5777744015
NpGa2,659213.2162778075
NpGa3,421773.18682505086
NpGa4,402767.33204983675
NpGe3,417710.346610087
NpH2,932423.7168366663
NpH3,920176.1554435552
NpH4ClO4,137031.45743224013
NpI3,231241.03227251134
NpIO,478526.1038422073
NpIO5,160922.91096539696
NpIn3,380758.9308163203
NpIr2,627380.7349450747
NpMn2,512347.0229542374
NpN,1092688.5183193325
NpN4O11,114545.4094256175
NpNi2,809877.5901513498
NpO,1117859.6876867975
NpO2,697816.3602855318
NpP,761722.5855630926
NpPH3CO5,58620.476037170534
NpPO4F,285778.7755201123
NpPd3,473068.68547304516
NpPt,809005.4353610761
NpPt3,410952.6621419294
NpS,877415.312670295
NpSO,572241.8493026309
NpSb,660501.7095529772
NpSb2,439713.87662760116
NpSbTe,397888.77844003064
NpSe,796234.5349685249
NpSe3,247864.93838214863
NpSeO,527286.6391279417
NpSeO5,87201.75211957148
NpSi,903981.7350705459
NpSi2,624817.7915331498
NpSi3,403367.35484539735
NpSn3,332080.49499458674
NpTe,771347.4879526802
NpTe2,409305.4200877531
NpTe3,292984.758222547
NpTeAs,426537.0788814537
O2,522264.0077632656
Os2O3F7,170208.45956559258
OsBr4,123841.99509827151
OsCl4,147475.6256051225
OsF5,340414.8530920957
OsF6,191831.0122124581
OsOF5,96312.7210149533
OsPt(N2Cl3)2,63866.95626985534
P,177680.263947422
P(WO4)2,57724.700479179526
P2H4RhO9,103094.13063803311
P2N2O5,147762.02026604078
P2O9,352508.64608653565
P2PbO8,161233.72228267204
P2PbO9,212271.5953230552
P2WO7,130953.58936274398
P3N4Cl5,62756.21337091735
P3RuO9,50104.49393584881
PH11C(NO2)2,54573.181478214545
PH2NO2,220144.16946942577
PH2NO4,169234.06085399629
PH5(NO2)2,155048.28819797872
PH8BrN4,98452.88720913128
PN2,214975.62023951765
PO4,293008.78469983564
PPbO3,110460.69783839653
PRhO10,533423.431859563
PRu,84807.58499628569
PW12O43,89054.24168004913
PWO5,87190.02520199577
Pa3As4,169516.86850040118
Pa3P4,65740.18745921028
Pa3Sb4,140237.34551614278
PaBr4,57899.65217978816
PaCl2O,98675.32778847637
PaCl4,68765.99387549105
PaH3,407309.3585485989
PaO,186244.0887277693
Pb2Br5N,71503.92913150463
Pb2CO6,174340.517937171
Pb2NCl5,92277.76407500252
Pb3Cl4O2F,95763.23795453501
Pb4Br3NO16,86941.0871523036
Pb4C(Cl3O2)2,55772.63069566998
Pb4C2SO12,64382.23586606157
Pb4S2O7,56577.197154949594
PbBr2O7,112876.44820535937
PbC4O5,133828.87983116988
PbCI3N,74135.47236770186
PbCNO6,148746.53245246247
PbCl2O7,116579.73863660463
PbO2,356487.3017033428
PbS2N3,178741.24968921347
Pd,237696.5180736474
Pd(AuF4)2,118827.47560422392
Pd(Br2N)2,237517.42696956955
Pd(CN2)2,219228.81696915536
Pd(NCl)2,153706.26977394804
PdC2(NO)4,381521.46192179056
PdC2ClO2,67892.90264275593
PdCNCl2O,197656.87190958156
PdF2,437025.7334479695
PdF3,180813.88812908588
PdPtF6,177827.37019633965
PdRh(NO)10,108375.08528606349
PdS2O7,136776.29902967863
Pt(I3N)2,166813.53842860766
Pt(NCl)2,181860.03702354798
Pt(NCl2)2,169717.17452466523
PtBr3N2,127401.21812883596
PtC2(SN2)2,86071.92342967672
PtF5,117885.81008202545
PtF6,200358.04454495027
PtN3O4,126582.67102234309
PtN4(Cl2O)2,60564.84724882155
PtN4Cl2O,170190.25272011763
PtS2(NO2)4,311998.96547011845
PtS2NO9,228021.51804864695
Pu,1157054.024277108
Pu(CoSi)2,644495.1554583951
Pu(CrSi)2,72072.70270825161
Pu(IO3)4,143492.9591855961
Pu(Mo3Se4)2,147491.05164167477
Pu(N4O9)2,215106.23327924745
Pu(SO6)2,141171.7368873801
Pu(SeO3)2,283868.72424645425
Pu(SiIr)2,557291.6150124882
Pu(SiNi)2,637546.0967104763
Pu(SiOs)2,597859.3419590521
Pu(SiPd)2,551036.82636208
Pu(SiPt)2,550731.5984186016
Pu(SiRh)2,604399.8773804863
Pu(SiRu)2,581589.9267111117
Pu(TeO3)2,264213.63555941964
Pu2B6Os,903736.4407559339
Pu2B6Ru,914399.4234965192
Pu2C3,1160905.4828796252
Pu2InPd2,869521.8169796788
Pu2InPt2,830877.6306203919
Pu2Mg,1273439.8698443444
Pu2Ni17,612234.551340214
Pu2O3,1195795.2030802872
Pu2SO2,1059109.3510983533
Pu2Se3,714164.6177198313
Pu2SnPt2,834020.1473370132
Pu2Te4Cl2O11,203690.64062181473
Pu2Zn17,325618.168706904
Pu3Ga,1554525.6640964171
Pu3In,1781000.4326679192
Pu3Pd4,1001427.2359096681
Pu3Si2,1417495.0130360879
Pu3Zn22,365844.69447827095
Pu5Pb3,962968.8325813157
Pu5Rh4,501431.127654947
Pu6Co,1133880.6702808281
PuAl2,895956.556550726
PuAl3,633478.5096293509
PuAl4,539118.4015792038
PuAs,912525.7149317899
PuB,1374681.0500679242
PuB12,397318.4266006582
PuB2,1080618.6413798542
PuB2C,954461.8457135259
PuB2Ir3,564446.0246405281
PuB2Rh3,637925.1014573582
PuB4,881054.3936511229
PuB4Mo,706502.2456225686
PuB4Os,706683.1099975541
PuB4Ru,715059.4037384443
PuB4W,699354.4131862446
PuB6,729237.138536061
PuBe13,382114.6485299945
PuBr3,372929.37231682846
PuBrO,720001.6515519925
PuCNO5,383857.50086872093
PuCd11,184745.11744769433
PuCl3,460897.6249746031
PuClO,857672.3839480942
PuCoH24C4N6O13,59804.93612639779
PuCu2,1002870.5788309157
PuCu6,498006.6339777543
PuF3,891843.9315653435
PuFeC2,202743.8915617844
PuGa,906003.098872921
PuGa2,867486.2651354172
PuGa3,619311.117218466
PuGa4,529764.2945840295
PuGa6,389403.38954031
PuGe2,771271.6830709686
PuGe3,586640.5910587221
PuH18C3S3(O2F)9,73103.2686313418
PuH2,1359511.8528219669
PuH3,1129625.6744333291
PuH8(SO6)2,157353.17306745987
PuI3,292415.6009623459
PuIn,1029560.0759208605
PuIn3,490696.5001876769
PuIr2,71671.37658572863
PuN2O11,141921.71724830673
PuNiC2,1008273.1658589772
PuO,1682120.790423838
PuO2,958950.1794063752
PuOF,1037371.6870512738
PuP,996477.311954373
PuP2H2CO6,253971.16477143162
PuP2H4CO7,215185.3447584866
PuP2H6(CO3)2,181346.39334659633
PuP2H6CO8,197766.07761747774
PuPO4,631757.7254708131
PuPb2,621167.5760276015
PuPb3,489918.95753651677
PuPd,1133923.011481594
PuPd3,616780.2370815944
PuPt,1148165.5296974622
PuPt3,559670.1378228656
PuPt4,419590.40653227526
PuPt5,415803.2656948773
PuReB4,659637.8525698675
PuRh3,516966.35139978485
PuRh3C,614270.4051168538
PuS,1201779.301512144
PuS2,708849.5836723975
PuSb,917941.8547209568
PuSb2,571282.2828135662
PuSbTe,518174.4960931908
PuSe,1059194.4938862002
PuSe2,652625.1876193621
PuSi,1233646.370056427
PuSi2,873801.8511063929
PuSn2,641889.5805371105
PuSn3,54631.860729862296
PuTe,941642.7971879739
PuTe2,518202.98882017605
PuTe3,359224.9322020311
PuTeSO7,269458.4571813569
PuWC2,757961.9565081323
PuZn2,903809.0700947524
Rb(CoS)2,476826.6383521554
Rb(CoSe)2,195057.8051378271
Rb(IO3)3,77218.12985034144
Rb11Mn8O16,450016.82995422935
Rb2AlOF5,120470.34374964156
Rb2CdC2Cl2O5,69359.95950018807
Rb2CdC2NClO8,67086.46635537822
Rb2Co2O3,403968.6707219221
Rb2Co3S4,144083.83396983208
Rb2CoBr4,112461.09360832906
Rb2CoCl4,127142.90441474099
Rb2CoF4,226884.95119758914
Rb2CoF6,62706.40270970677
Rb2CoH12(SeO7)2,74548.9692491682
Rb2CoI4,89890.94589983195
Rb2CoS2,195295.81472759496
Rb2CoSe2,170603.6897320806
Rb2Cr2As2O9,234732.37295163033
Rb2Cr5F17,375837.41086697817
Rb2CrCl4,155735.3477153782
Rb2CrF5,216824.53424931766
Rb2CrF6,111558.28992504565
Rb2CrH2Cl5O,108420.35401763032
Rb2Cu2I4O,59491.20625047678
Rb2CuC2O7,93711.83912785111
Rb2Fe2As2O9,379114.35403625615
Rb2FeCl5O,239727.51051147666
Rb2FeF5,355862.04419562063
Rb2FeH12(SO7)2,103643.33659733234
Rb2FeI4,118242.52951743368
Rb2FeOF5,279555.53890150995
Rb2IO,63832.83531326957
Rb2InCl5O,72020.8120603597
Rb2IrF6,63566.7732434934
Rb2LiFe(MoO4)3,143497.27610286415
Rb2LiFeF6,305371.0409782737
Rb2Mn(PO3)4,156832.25078715326
Rb2Mn(PS3)2,155068.16378243105
Rb2Mn2(MoO4)3,157328.12432041904
Rb2Mn2(SO4)3,350568.4975681641
Rb2Mn3O4,918620.0810108129
Rb2Mn3S4,594214.902585295
Rb2Mn3Se4,531132.1131838254
Rb2MnBr4,190958.45841861295
Rb2MnCl4,224630.6008644397
Rb2MnCl6,115083.10203094427
Rb2MnF5,248685.46435739676
Rb2MnF6,186643.2417967127
Rb2MnH12(SO7)2,131353.60655807084
Rb2MnH12(SeO7)2,122715.38594300495
Rb2MnO4,72340.60422914303
Rb2MnOF5,300579.5993325519
Rb2MnS2,309086.6819760299
Rb2MnSO4F3,195304.96091490734
Rb2MnSe2,276165.9053318674
Rb2MnSi5O12,140462.52223895112
Rb2MnTe2,229837.59724182225
Rb2MnV2O7,200508.53484080054
Rb2MoSO4,94844.26759864125
Rb2Na2IrO4,183616.97985908616
Rb2Na4Co2O5,252507.17326119912
Rb2NaCr(CN)6,86965.68837798235
Rb2NaCrF6,175461.6378989351
Rb2NaFeF6,290061.2560378954
Rb2NaMn(CN)6,59772.486760380576
Rb2NaMn3F12,417162.4763332619
Rb2NaMnF6,230812.55495414085
Rb2NaMnO4,134543.0872394045
Rb2NaMoF6,161872.94154617545
Rb2NaNiF6,60006.05670093719
Rb2NaTiF6,57031.082077939296
Rb2NaVF6,124090.48291119229
Rb2NbF6,61499.51699750892
Rb2NiF4,162871.59035332972
Rb2NiH12(SO7)2,53293.01439131346
Rb2NiH8(CO5)2,67165.72759105367
Rb2NiO2,164054.6373009078
Rb2O2,195184.7655976889
Rb2O3,89402.41134023311
Rb2P,75633.16886826477
Rb2PdC4N4O,69490.05466647187
Rb2Pu(Cl2O)2,76511.34123821712
Rb2PuCl5,192332.81337510972
Rb2PuCl6,133176.84296106733
Rb2RhF6,64369.564578556456
Rb2RuNCl5O3,118386.27877830918
Rb2RuO4,133810.89907278924
Rb2Sb2SO5F6,64528.0187417411
Rb2Si5NiO12,56710.20726062737
Rb2SnO12,190659.73026935675
Rb2TiOF5,79415.74654951635
Rb2TlCl5O,65566.66872648924
Rb2U(BrO)4,109615.9442547231
Rb2U(ClO)4,120074.76782111269
Rb2U(PdS2)3,59873.39360537341
Rb2U(PdSe2)3,53383.28173857276
Rb2U(PtS2)3,60962.78026486332
Rb2U(PtSe2)3,53251.31979361521
Rb2U(SeO6)2,115844.77943154228
Rb2U3(O5F4)2,178505.1991932014
Rb2U5(PO7)4,50695.93127425994
Rb2U6Pd4S17,143991.92662415135
Rb2U6Pd4Se17,143434.4535680114
Rb2UBr6,55531.40441209799
Rb2UC2SO11,61584.24784214773
Rb2UCl5,113909.69775447359
Rb2UF6,117273.53910687049
Rb2UMo2O11,59283.37790071584
Rb2USi2O9,79994.5289594191
Rb2V4O9,156187.06297821726
Rb2WBr6,62721.29156353577
Rb2WCl6,72927.26397330947
Rb2ZnN4,425374.141957503
Rb2ZrSi3O10,70220.80518405953
Rb3(FeS2)2,331954.36419508926
Rb3(FeSe2)2,298134.691772485
Rb3CoNCl4O3,87976.97217295146
Rb3Cr(HO)6,126627.34026865601
Rb3CrF7,98642.28979312028
Rb3FeS3,213812.02356493456
Rb3Ga2(Se2O7)2,62179.07223632811
Rb3Mn2Br7,227957.45535655448
Rb3Mn2Cl7,249874.88213830942
Rb3Mn3P3O10F7,282354.2657831441
Rb3MnF7,149536.2429334905
Rb3MnH5,244296.10202067177
Rb3MnO3,260262.5978839082
Rb3Mo2Br9,76821.9050312964
Rb3Mo2Cl9,95207.6716175964
Rb3Mo4(P2O11)2,55601.51669060178
Rb3Na(RuO4)2,137931.36362490128
Rb3Ni2(NO3)7,81708.37880395952
Rb3NiO2,60984.41584593394
Rb3Os,131662.31325451503
Rb3P3O10,63294.53151808133
Rb3Re,156247.21867609237
Rb3Te(PO7)2,220757.00469021942
Rb3U3Ge2O13,76532.10102312066
Rb3V2Br9,82124.45581321935
Rb4Fe2O5,420827.48552965705
Rb4Fe2S5,204630.39255529296
Rb4Fe8CuH6(Se8O25)2,293242.3311075083
Rb4Li(SO4)4,59545.88533485862
Rb4MgFe8H6(Se8O25)2,287188.7499995778
Rb4NpS2ClO10,50678.45370038768
Rb4PS3O16,107637.30916033524
Rb4Te(MoO4)6,61816.06565111434
Rb4Te2S8O15,80480.00177990893
Rb4V2O9,119912.27598507698
Rb5(PO4)4,132980.72410770747
Rb5Fe3(SO5)6,85129.9917953702
Rb5Pt3(C4O9)3,66273.33642196514
Rb7(FeO4)2,177815.1446090129
Rb7Fe7P8(HO9)4,360980.1854682592
Rb8Fe2O7,252712.76233262985
Rb8Mn5O10,447699.5986708793
Rb8Ta6O23,108453.90436962062
Rb9Fe7(PO4)10,300901.12740845256
RbAl(H2N)4,197170.28506315564
RbAl(SO10)2,496888.1506015179
RbAlPdF6,134860.52956750232
RbAsOF5,66012.75900061966
RbBaMnO4,147073.50197144898
RbC2,111204.00175383138
RbC2S2NO5F6,68483.95425149999
RbCN2,109876.36653663049
RbCd(NO2)3,171540.37711642482
RbCoCl3,219548.39989623975
RbCoCl3O2,89352.4135948441
RbCoF3,362108.77963228786
RbCoO2,296453.57630246814
RbCr2FeO8,248901.06408615323
RbCr3O8,149499.2615739483
RbCr3S5,470308.5202369544
RbCr5S8,521825.779610756
RbCr5Se8,450442.3523441567
RbCrCl3,266798.60919711395
RbCrF5,174602.51895599067
RbCrF6,78871.2620108972
RbCrH24(SO10)2,58356.86521616186
RbCrI3,181431.42095205456
RbCrP2O7,180822.6146800647
RbCu3P3(O4F3)2,88543.58681899875
RbCuCl3,70528.96075265092
RbCuPO4,82435.30518743805
RbCuPdF5,72673.15046913113
RbFe(MoO4)2,202858.9917659869
RbFe(SeO4)2,217632.87231890523
RbFe2F6,643106.5392810846
RbFe2Se3,321437.4773118215
RbFe2Te3,288519.50155622314
RbFe3P3(O4F3)2,368857.3419769635
RbFeBP2HO9,238242.46217354495
RbFeCl4,248524.835320571
RbFeCu(PO4)2,321415.95325797424
RbFeF3,493400.992463119
RbFeF4,494271.0344149449
RbFeH4Cl3O2,205013.34256757936
RbFeP2O7,295824.63369735616
RbFeS2,264478.5329262896
RbFeSe2,238607.91392816222
RbFeSe2O7,251205.1986892309
RbGe,123525.17847952736
RbHfC(OF)4,92503.4458507077
RbHg(NO2)3,163317.7616401114
RbIn(PO4)2,99464.11776607062
RbLi2O3,279925.20505806146
RbLi3S2O9,81855.09253586354
RbLiMoO5,130205.94404363117
RbMg(ClO2)3,152475.41194457238
RbMn4(AsO4)3,643183.2328701054
RbMn4(PO4)3,665827.2146648025
RbMn6As7O24,530195.2033655865
RbMnAs,489580.7824818586
RbMnBi,414339.25593109307
RbMnBr3,293206.6662529002
RbMnCl3,352462.6073985065
RbMnF3,611582.8820947083
RbMnF4,407626.26613794407
RbMnH2OF4,301286.28382079303
RbMnH4Cl3O2,243609.9202829609
RbMnO2,540515.2526458774
RbMnP,416151.36549429584
RbMnP2O7,236233.2556840182
RbMnP3HO10,164976.6785288397
RbMnSb,435480.54282999516
RbMnSe2,321299.0317149187
RbMnTe2,260542.69269291012
RbMnVO4,351255.5464451709
RbMo2P3O13,61011.926205040465
RbMoP2O7,175090.4591549031
RbMoPClO5,56132.65846366647
RbNa2Fe3P4ClO14,329014.29205204645
RbNa2Mn3P4ClO14,399681.51123574085
RbNa2NiO2,88391.8829770685
RbNa7(CoO3)2,213338.69906873698
RbNaB4H4O13,258346.2976485459
RbNaUSi2O9,77381.40578685941
RbNi2F6,211024.4812386113
RbNi4(PO4)3,300129.52829600143
RbNiBr3,127014.86317609766
RbNiC2BrN2,60582.59122915895
RbNiC2N2Cl,64248.30021343733
RbNiCl3,149592.30284915795
RbNiF3,264684.2111483664
RbO2,160642.56881438257
RbO3,120509.37676512761
RbP,213035.92132846024
RbP2WO8,51759.00158235945
RbPNO2,99069.74434011664
RbPO4,157226.5188110314
RbPd2F5,143954.35207056542
RbPuP2S7,164451.82201867655
RbRuF6,216156.28342864735
RbS,117670.86112578327
RbSO4,84196.90313272041
RbSe,104884.0080193882
RbSeO3,88102.87080835554
RbSeO4,62632.90943002219
RbSi2O5,74897.75804262586
RbTeOF4,66714.16207178231
RbTiBr3,117534.37241033046
RbTiCl3,83803.52972952714
RbTiI3,70123.57767246445
RbTiP2O7,57645.140641775084
RbTiS2,104157.64355284437
RbU2F9,202766.22117543596
RbU2SbS8,113734.6162058904
RbU3F13,225008.8423862233
RbUAgS3,114797.7773234828
RbUAgSe3,102970.37222341221
RbUAuSe3,105296.72912958794
RbUCrIO10,73210.4252195504
RbUCrO6,59544.589285896014
RbUCuS3,122445.86383809028
RbUF5,163287.27917188307
RbUO3,114365.20270254197
RbUSeO8,135984.43603440668
RbUTe3Au,88339.67541198255
RbV2CrO7,189012.17783258372
RbV5Se8,303409.7909473608
RbVBP2HO9,95694.56749674045
RbVBr3,179268.47151781412
RbVCl3,211548.4210566203
RbVF3,380490.9400222871
RbVH4(OF2)2,133839.55821243493
RbVI3,139244.36925619887
RbVOF3,93805.11495886113
RbVP2O7,117204.3801523459
RbVP2S7,64549.5501053353
RbVPO5,70031.75878916378
RbVPO6,57609.25654684249
RbVSe2,143873.58382331528
RbZrMnF7,290288.0065571422
RbZrN3O11,71600.23564311689
Re(ClO)3,101180.29115793855
Re(Se2Cl3)2,90528.3516633347
Re(SeCl6)2,64879.427986508585
Re(Te4Cl3)2,53799.24815169207
Re(TeCl6)2,64059.09516441597
Re2(PCl8)3,55224.28012844515
Re2Ni(H2O3)4,65443.205910941804
Re2O9,191403.70886846745
Re2S2NCl11,77970.53603310195
Re2SCl12,81758.34349162033
ReCl4,125004.29770949
ReCl6,51877.0536915665
ReH12C3S3(NCl)6,59304.866737418764
ReH30Ru2(NCl)10,65764.56655699019
ReH8(Br3N)2,97380.39301669416
ReH8(I3N)2,73013.76899022478
ReH8(NCl3)2,110722.27512083351
ReN2(OF4)2,56129.56290543308
ReNCl4,179794.8238260269
ReNO4,195851.69179276336
ReO5,308885.8076907916
ReOF4,99801.45431736854
RePCl8O,56699.51708889601
RePCl9,94313.82211057341
ReRhBr6N5Cl,197861.29699529774
ReS2NO9,166766.04473727202
ReSF4,50251.712973269074
Rh(OF3)2,315164.2608629269
RhC3(N2Cl)3,107446.5174628039
RhF5,236632.96552006633
RhN5O7,176508.82098579544
RuCl(OF3)2,174031.3015026743
RuCl3,69931.0248794374
RuClF8,171725.81359301638
RuF3,190024.48427879144
RuF4,292405.9059987961
RuF5,347100.5181980611
RuN3(Cl2O)2,234212.1426510191
RuXeF11,134057.76211483288
RuXeF7,178915.53420015846
S,50304.92215270742
S(N3O5)2,450344.4448906798
S2N(O2F)2,58262.94566333825
S2N3ClO6,317208.3976836614
S2N3O8,185496.1201608562
S2NO9,56852.55858088357
S3N,83134.40500382737
SN2O3,322777.7226803334
SN4O5,294305.32677460025
SNO3,116800.56288574793
SNO4,279490.9767733944
SO12,192627.0584144355
SO4,197887.34111556504
SO6,549319.1612442648
Sb(Br3N)2,217250.24492642953
Sb(Cl3O)2,122991.63515832071
Sb(OF3)2,354492.5226142808
Sb2NO6,63575.1314657276
Sb3NF10,109003.02059577782
Sb3O8,64582.16895322802
Sb3P2H6C2NO9,84852.29622127533
Sb8Cl2O21,68508.0660440519
SbH(OF3)2,121771.75358661872
SbH3CS2N,58745.44875908215
SbIrXeF12,67214.63448137969
SbN2Cl3F2,226765.01174470226
SbN2Cl5,194939.84306232343
SbN2F5,317355.2328084852
SbO3,144651.91123514573
SbOF6,245863.5203323645
SbPC3Cl5O,90735.8302346062
SbPO6,125928.5330480169
Se(Br3N)2,216469.25180290575
Se(NCl3)2,234278.5431600523
Se2NO6,191059.43601048895
SeO4,211039.07724584665
Si(NF2)2,314912.6650320845
Si(NF3)2,353096.8823106217
Si(NiO2)2,550265.0682625154
Si2N3,144543.0895822817
SiMoP3O11,126924.80416974344
SiN3F7,434377.89300694165
SiNi2(P2O7)2,145724.53341380545
Sn(Br3N)2,203935.4343026608
Sn(CO)4,112168.9626972664
Sn(ClO)2,125769.52067795974
Sn(NF2)4,155768.09312952013
Sn(NF3)2,287074.1720675585
Sn3N3F11,120181.3304825705
Sn4P3C(NO4)3,124335.59846120134
Sn4P3NO12,53041.357965869945
Sn5W8O23,198224.80262486995
SnC8(NCl3)2,74801.61235582326
SnCCl3,95571.11776479021
SnCI3N2,85370.4700925263
SnCS(NCl)2,100097.74827451452
SnCl4O5,153985.28193157428
SnCl8O25,70721.62877852214
SnH2N2O3F2,107312.00772683807
SnMo5O8,618875.3016009599
SnNF3,308879.69057961093
SnP2(NO3)2,204330.81285918952
SnP2O9,220581.2478477954
SnPO3,94930.20024792539
SnRh2,69703.27479004333
SnS6N2O21,70250.56582295765
Sr(BO4)2,478938.3788324406
Sr(CO2)2,164157.2764402347
Sr(ClO)2,151749.35929706742
Sr(CoAs)2,140614.45464309768
Sr(CoP)2,128316.94619683722
Sr(CrAs)2,421242.2917698764
Sr(MnAs)2,516042.97125067667
Sr(MnGe)2,427992.7387512132
Sr(MnP)2,423481.5947843444
Sr(MnSb)2,588810.1273332282
Sr(Mo3S4)2,54122.40547763134
Sr15Fe10(Bi5O23)2,355842.5736768913
Sr2(BO2)11,112241.51677628752
Sr2(FeO2)3,839604.6971591356
Sr21(Mn2Sb9)2,129585.60214564217
Sr2CaIrO6,195578.72517285877
Sr2CaReO6,65292.95182768911
Sr2Co(ClO)2,208449.8820997343
Sr2Co(PO4)2,152906.02900906367
Sr2Co(SeO3)3,117110.74023605831
Sr2Co2O5,528154.2156333253
Sr2CoClO3,164953.7968769336
Sr2CoMoO6,228526.43187319927
Sr2CoO3,205411.11256700117
Sr2CoO4,234335.35557998827
Sr2CoOsO6,343711.07450668
Sr2CoWO6,213948.54034910162
Sr2CrClO4,64204.183880182405
Sr2CrCuSO3,227035.09844498782
Sr2CrO4,193092.34057924285
Sr2CrSbO6,217871.25948882705
Sr2Cu(BO3)2,64840.373138593175
Sr2Cu(HO)6,63187.54506348854
Sr2CuF6,69155.25678515622
Sr2CuMoO6,72295.48278958343
Sr2CuSi2O7,53902.500614551944
Sr2CuTeO6,71063.0985377034
Sr2CuWO6,71395.01933534586
Sr2Fe2H2OF10,424899.4096010148
Sr2Fe2O5,692568.9429649052
Sr2Fe2P3(O6F)2,325777.87931170175
Sr2FeCu(PbO3)2,240131.22096740417
Sr2FeCuSO3,377013.9475198546
Sr2FeMoO6,434348.6831790729
Sr2FeN2,200115.78060982714
Sr2FeO3F,453521.5057213023
Sr2FeO4,377832.29976612487
Sr2InOsO6,204405.7816161251
Sr2LiCoN2,170452.09776280267
Sr2LiFe2N3,231100.0993627106
Sr2Mg2V3O14,95019.58083674821
Sr2MgIrO6,183151.5611880009
Sr2MgOsO6,147346.45073440485
Sr2MgReO6,72945.21504277387
Sr2Mn2O5,650184.3169024796
Sr2Mn3(AsO)2,783987.7524410187
Sr2Mn3(BiO)2,667627.1494083162
Sr2Mn3(SbO)2,707275.6304123921
Sr2Mn3P4(HO8)2,409414.5258296944
Sr2MnClO3,323629.0293983518
Sr2MnCuSO3,305980.8639357356
Sr2MnMoO6,346660.88097435073
Sr2MnO4,308955.7483640147
Sr2MnP3O11,172910.91312857633
Sr2MnSi2O7,262011.84476531908
Sr2NO6,206045.39115757827
Sr2Ni(PO4)2,103101.55868219554
Sr2NiIrO6,367126.5094234097
Sr2NiMoO6,147782.33847305417
Sr2NiOsO6,132512.23081729512
Sr2NiTeO6,144551.7844562562
Sr2RhO4,104698.70628818111
Sr2RuO4,193120.14943164669
Sr2Ti2As2OF2,78513.67865586959
Sr2Ti2Sb2OF2,69198.60131737609
Sr2UCoO6,65554.63181956501
Sr2UFeO6,256857.7326901867
Sr2UMnO6,189406.3844861384
Sr2UNi,301009.6370354822
Sr2V3HO9,93357.10558311694
Sr2VO4,82314.33911092483
Sr2ZnReO6,71641.31850523382
Sr3(CoO3)2,260021.89112706925
Sr3(FeO3)2,577973.5292259891
Sr3(GaO6)2,340662.33520455373
Sr3CaIr2O9,181638.23106786204
Sr3CaIrO6,57367.95015798841
Sr3CaRu2O9,279828.32122805464
Sr3CdIrO6,57343.57522307049
Sr3Co2Cl2O5,203114.41226633627
Sr3CoRuO6,303066.2683683288
Sr3Cr2O8,102864.10224434707
Sr3CuPtO6,58789.04689192656
Sr3Fe2(OF)4,520961.2500205838
Sr3Fe2(SeO3)6,202018.02477467808
Sr3Fe2Br2O5,431750.9727450903
Sr3Fe2Cl2O5,476455.60469791497
Sr3Fe2Cu2S2O5,442701.88623717026
Sr3Fe2O5,466774.54604211764
Sr3Fe2O7,498742.5199521796
Sr3InNiO6,59940.60593299917
Sr3LiIrO6,120708.99780385329
Sr3LiRuO6,181067.2294365164
Sr3MgIrO6,61929.745985605165
Sr3MgRhO6,60661.06679745717
Sr3Mn2O7,372130.89921990293
Sr3MnN3,81583.12533020086
Sr3Ru2O7,238348.08191582293
Sr3TiSi4O15,112550.37914735902
Sr3V2O7,123961.65035539841
Sr3ZnCoO6,63282.82839350011
Sr3ZnIrO6,60008.376004023274
Sr3ZnRhO6,60519.90237573921
Sr4Cr3O9,340587.96059176564
Sr4Fe4O11,704460.9007639595
Sr4Fe4O13,630438.0050738697
Sr4Fe6O13,919835.200090518
Sr4IrO6,56437.52426254207
Sr4Mn2Bi4O13,203042.4565143565
Sr4Mn2CoO9,389847.7659885461
Sr4Mn2Cu3(SO)4,295248.46071924537
Sr4Mn3(ClO4)2,423564.59311951057
Sr4Mn3O10,380920.682772
Sr4RhO6,57010.3381279628
Sr4Ru3O10,254470.24280649837
Sr4V3O10,129859.20227527028
Sr5(CoN2)2,156474.42881161478
Sr5Cr3ClO12,82366.58528141936
Sr5Cr3O12F,88804.96003673035
Sr5Mn5O13,619503.3779972836
Sr5V3H6(O3F8)2,61717.24985209694
Sr6(CoO3)5,86710.46829040944
Sr6Co4Bi2O15,300644.2252325305
Sr6CoC2N7,66096.75935804634
Sr6FeC2N7,97259.03568246198
Sr8Co8O23,554249.385045324
Sr8Fe3N8,206985.55454964217
Sr8Fe8O23,685547.7479660708
Sr8Mn2FeN8,152084.02032790953
Sr9Cr5O18,244585.7362524202
Sr9Mn5Co2O21,392047.3241921668
SrAg2C4(N2O)2,135422.43186432598
SrAl(OF2)2,154760.51069605508
SrAl2(SiO5)2,98414.50348434885
SrAsO5,254114.2243242898
SrB8O15,122405.86835321765
SrBO3,132207.95934751863
SrBr2O,157890.62522794816
SrBr2O7,115176.78718921012
SrCa,357000.0
SrCl2O,183209.96886156892
SrCo2(PO4)2,302425.54932786425
SrCo2As2(H2O5)2,266287.4634618344
SrCo2Te3(ClO4)2,193092.84002120598
SrCo3(P2O7)2,317085.4789839108
SrCo6O11,233614.70111426376
SrCoAs2O7,174924.24667828224
SrCoAsHO5,251364.13034724834
SrCoO,115736.36985999886
SrCoO3,80743.40441604774
SrCoP2O7,201025.58331161633
SrCr(Si2O5)2,170566.3476433442
SrCr10O15,1018312.6737633204
SrCr2O4,628348.6255284616
SrCrF4,413359.48443053546
SrCrF6,186577.85091292174
SrCrO3,316693.05915782624
SrCrP2O7,247553.32057316575
SrCrSn(PO4)3,113175.12710773022
SrCu(SeO3)2,57638.463115295424
SrCu2(BO3)2,131291.39506102292
SrCu2(PO4)2,112277.70487173989
SrCu2Te2(ClO3)2,82742.99282620197
SrCu3(SnO3)4,118264.23312418422
SrCuAs2O7,59362.403526326154
SrCuF4,109254.65357602309
SrCuH6O5,70922.11968576442
SrCuP2O7,65402.690545458456
SrCuTe2O7,59959.73247897337
SrF3,164554.0641801724
SrFe2(PO4)2,444460.6594736075
SrFe3(P2O7)2,410719.3157214026
SrFe3(PO4)3,505427.8224719694
SrFe3P4HO16,443325.24914108176
SrFeAsF,450499.91193943145
SrFeBP2(HO5)2,252496.34151716912
SrFeF5,497292.07810579723
SrFeNi2(PO4)3,373813.4349644234
SrFeO2,633171.9609979239
SrFeO3,641696.3836560253
SrFeP(O2F)2,407491.71272793825
SrFeP2O7,252348.13733709094
SrFeSn(PO4)3,187127.60410513327
SrH2O3,254210.21424196294
SrH4Ir(OF3)2,76562.61348819942
SrI2O,130365.4192987038
SrI2O7,110868.27022096547
SrIO,105819.78515634293
SrIn2(PO4)4,112545.58166813898
SrIrO3,91245.25670029134
SrLi2Al4(PO5)4,106716.66091303628
SrLi3MnN3,194751.18711753344
SrLiFeF6,372779.2844530957
SrLiNiF6,224995.68039413384
SrMn(SeO3)2,279699.56432675995
SrMn2(PO4)2,520879.9368284123
SrMn2V2O8,525795.9045155026
SrMn3(PO4)3,527147.7114809979
SrMn5(SO4)6,483102.63630284334
SrMn7O12,1203526.3573669393
SrMnGe,485005.65334725956
SrMnO3,475376.9052662517
SrMnOF5,223859.87110414682
SrMnPF,579460.3776099712
SrMnSb2,330175.22021555866
SrMnSbF,481761.66669349896
SrMnSn,449200.6227311029
SrMnV2(AgO4)2,233437.9250313595
SrMo2(PO4)4,60475.92114823829
SrMo5O8,635699.5960072986
SrMoO3,272993.6703648803
SrN,203532.90284703305
SrN2,447548.05979022686
SrNi2(PO4)2,237017.8607381208
SrNi2Te3(ClO4)2,132319.25255712328
SrNi3(P2O7)2,215971.36706078865
SrNiN,50712.10886314062
SrNiO2,310943.02825660387
SrNiP2O7,130490.87811790865
SrNp(PO4)2,172936.85797259223
SrO6,359908.73061937
SrOsO3,156590.09977600284
SrP2(HO4)2,106813.02609056166
SrPH7CO6,95583.93490147991
SrPO4,104051.41080910584
SrRhF6,88950.3709279525
SrRuO3,292865.4059081185
SrSn2Cl6O5,92569.24288467804
SrTa2O7,123396.97019470671
SrTcO3,377531.20162032323
SrTi(OF3)2,213450.77545296703
SrTiCu4P4O17,111980.45984201049
SrU,306994.2033465117
SrU(PS4)2,60665.230306359976
SrU2I2O13,62532.864962955864
SrU2S5,202090.77401196994
SrU2Se5,181353.64935211287
SrUP2(HO5)2,112002.25969716405
SrV10O15,688502.7894202939
SrV13O18,767593.0829494839
SrV2(AsO5)2,89991.39932355077
SrV2(CoO4)2,337389.763178469
SrV2(NiO4)2,230013.5562194753
SrV2(P2O7)2,136177.01635021015
SrV2(PO5)2,103527.7533920947
SrV2CuO7,60590.521724023725
SrV2P2(H4O7)2,69356.59940168931
SrV2P2O9,201883.97777469066
SrV3O7,171764.87574170146
SrV3P4O17,86342.10644387688
SrV4O10,96432.17651043662
SrV4O9,200184.81306371055
SrV6O11,455052.68386055966
SrV6O15,65518.94276452967
SrVCuHO5,82985.46142362914
SrVF5,198241.39898502303
SrVO3,156150.9304619443
SrVSi2O7,65371.57531325205
SrVZnP2O9,50005.48755283169
SrZnO5,148365.97758563425
SrZnP2(HO4)2,176222.67637584652
Ta(MnB2)2,698914.5346187196
Ta(PO4)2,56092.35667635354
Ta2CoO6,181529.89525285456
Ta2CrO6,368102.13562086906
Ta2CuO6,88037.24647127249
Ta2Fe,380649.48164982913
Ta2FeB2,212952.68834561607
Ta2InCuTe4,136871.1399872956
Ta2Mn3O8,859000.2678054371
Ta2Mn4Si5,586424.6791247941
Ta2MnO6,438285.5805076565
Ta2MnZn2O8,296763.29306001455
Ta2Ni(NF2)6,135977.15068238886
Ta2NiO6,182309.0961437091
Ta2O7,127414.10848061703
Ta2VO6,267165.7205516308
Ta3FeS6,69092.8881804146
Ta4Co2C,148699.3028282879
Ta4Co2N,201382.68936120498
Ta4Fe2N,139025.34223664482
Ta4FeS8,133477.78182944175
Ta4Mn11O21,1153870.933528186
Ta4MnS8,156826.62954366455
Ta6Co16Ge7,214476.41811315116
Ta6Fe7,437874.3396969704
Ta7Fe6,357488.4885966341
TaAlCo2,357392.25084179983
TaCo2,515970.31169472216
TaCoP,183882.37627236883
TaCrP,417068.41555467225
TaF3,256408.00463746666
TaFeB,191260.7190234277
TaFeTe3,127800.61568533501
TaGaCo2,358898.04244922753
TaN2Cl5,214509.92527671644
TaNF6,160812.9364713258
TaRu,88128.76592647424
TaS2N,303685.83326231275
TaSe2,93892.38360278064
TaV2,82107.58231487432
TcBr3,153425.87039727427
TcBr4,180642.8787889094
TcCl3,97504.45282996492
TcCl4,212710.94515738898
TcH12C4S2(Cl2O)2,72841.16750386807
TcN2,124414.46809515233
TcOF4,101978.82087808376
TcPbO3,261866.04175221175
Te(Br3N)2,144121.83383826038
Te(I3N)2,111507.68289155149
Te(NCl3)2,192117.5208713629
Te2NO6,192239.5663952993
Te2NO7,57121.90688224332
Te4N5F21,266968.91894984175
TeC2S2(BrN2)2,201590.03487218884
TeC2S2(N2Cl)2,201528.6179164196
TeC6(I3N)2,75661.4995866037
TeH3N(OF)2,173195.89332858962
TeH5O6,73145.91877540591
TeMo3(NO6)2,195472.37697125616
TeO3,153007.0104333455
TeO4,271236.24426590535
TeO6,337428.8365037644
TeS4(NO3)2,104243.87609834236
TeSe(NO5)2,441158.0889479984
Th(Al2Cr)4,92153.13395876419
Th(Al2Fe)4,322980.3825166506
Th(CoGe)2,192788.66258696097
Th(CoSi)2,179075.67215932498
Th(CrGe)2,472965.1320388632
Th(CrSi)2,221470.36842444376
Th(FeGe)2,545904.6499660253
Th(MnAl2)4,369708.1924957895
Th(MnGe)2,693470.1129423685
Th(MnSi)2,484767.07303801907
Th(N4O9)2,98725.29207584308
Th2Br5,60324.12457869946
Th2Co7,118207.46160141316
Th2CrN3,299336.26153165445
Th2Fe14B,1121000.0
Th2FeS5,214403.43290484036
Th2FeSe5,186632.7582439624
Th2Mn12P7,432241.1513716373
Th2MnN3,319696.5691349713
Th2Ni17,285986.94081418077
Th2P3NO12,74693.53792166703
Th2P3O13,106647.81054343424
Th3Ga2,102334.76351320907
Th3Se3O16,52709.63031017076
ThCo3,136900.19444950993
ThCrB4,189790.69016152166
ThCrO7,105263.69821150716
ThCrS3,355688.7220882352
ThCrSe3,313076.2138666571
ThMg(N3O13)2,73270.99411115993
ThMnSe3,382400.60912613926
ThMo2O11,83127.47781929032
ThMo2O9,95675.5516522688
ThNi5,155833.37518640127
ThP2(HO4)2,183091.48188779774
ThP2H2CO8,87507.99383958952
ThP2O9,94525.40533341901
ThUP4H4(CO8)2,132806.26032253396
Ti(AlCl4)2,55430.99513377995
Ti(CrS2)2,598819.8654922909
Ti(CrTe2)2,413678.3223026304
Ti(FeGe)6,575589.6460044072
Ti(FeO2)2,1057237.9068803824
Ti(NbS2)3,51029.46648800416
Ti(NbSe2)2,69906.66318615508
Ti(PO3)3,54210.14451267925
Ti(PO5)2,133982.01947030274
Ti(VTe2)2,219189.39508157346
Ti2(SO4)3,77796.02354471336
Ti2C2O9,175114.83319588992
Ti2CdO6,168489.6977150508
Ti2Co,250197.1938606879
Ti2Co12P7,293078.178740008
Ti2CoSe4,80172.57235353073
Ti2Cu,180274.1023347547
Ti2Cu(PO5)2,50893.43125436608
Ti2Cu3,110260.19944388422
Ti2CuS4,62608.070484580116
Ti2FeB2Rh5,269955.5741196208
Ti2FeO5,403391.65429976874
Ti2FeS4,169157.11244817567
Ti2In5,52820.25742686549
Ti2Mn4Si5,390754.2195033493
Ti2Ni,86134.66403639432
Ti2Ni(PO5)2,104256.97726031717
Ti2NiH,307126.05039924564
Ti2P2O11,141972.950921143
Ti2VHO6,183462.2462887116
Ti3Cu3O,147091.1930524527
Ti3FeO7,370172.51752783736
Ti3FeS6,150820.66436763873
Ti3O5,150530.822058228
Ti3O7,130538.80232544764
Ti3P4(NO8)2,139954.6265475161
Ti3Sb,319194.3280389711
Ti3SnH,149856.36099418707
Ti3V2O9,197513.77536954143
Ti3Zn3C,98324.02240818866
Ti4Cd(CuO4)3,134128.78936903382
Ti4CoS8,56376.45548056179
Ti4Cr3(PO4)6,336629.4508003545
Ti4Cu2O,228905.42286235612
Ti4Fe(PO4)6,81093.41193819433
Ti4FeBi2,59762.918029007924
Ti4GaS8,96375.713894809
Ti4Mn(PO4)6,104627.99612347606
Ti4Ni2O,207017.53278320556
Ti4NiBi2,104509.09815615517
Ti4O7,76406.45746082209
Ti5Ga3,162361.548114776
Ti5Ga4,162156.37911433776
Ti5O9,127000.1765939184
Ti5TlSe8,126871.76271716692
Ti6Al16Co7,66486.51474845427
Ti6O11,69286.46376111486
Ti6Sn5,72485.35558548803
Ti7Al2O15,123543.99831241735
Ti7Br16,62414.42948745655
Ti7Cl16,74585.27040002451
Ti7O13,89768.86007527674
Ti8O15,79011.12114367809
Ti9Co2(B4Ru9)2,76414.72179541744
Ti9Fe2(B4Ru9)2,102557.97916467169
Ti9O17,70308.16590054757
TiAg,242143.97563814546
TiAgF6,84515.852002604
TiAgHg2,199206.86082657985
TiAlAu,145656.53318512
TiAsRu,65094.19169732101
TiAu,288351.9189449274
TiAu2,93109.3370055208
TiBO3,193646.8911792924
TiBe2,343562.24674823944
TiBe3,213125.3211062347
TiBr2,221319.83686553643
TiBr3,77011.89062388791
TiCdHg2,101130.36481087163
TiCdO3,142319.98907670128
TiCl2,251276.3025486654
TiCl3,91959.39956954923
TiClO,174331.76813497843
TiCo2Si,397232.7989461512
TiCoGe,118133.86205611026
TiCoO3,545467.260390365
TiCoSn,170112.81906605797
TiCr(BIr)2,127050.79826915475
TiCu(O2F3)2,406013.28013652744
TiCu2,117145.71861066307
TiF2,529747.5640761834
TiF3,154043.42033240985
TiFe2O5,998544.7337328168
TiFeGe2,371117.64566948847
TiFeO3,723939.4854156618
TiFeP,241237.6427320565
TiFeSi2,220197.2881858668
TiH8N2F5,65711.48831077106
TiHg,247706.4179762403
TiMn2O4,1142253.9851193286
TiMnO3,864907.9310194715
TiNi,108668.29190289896
TiNi(OF)6,664539.6919998149
TiNiO3,370246.092146711
TiOF5,270875.3308146362
TiP2H2O9,94269.39545958421
TiP2O9,109336.40056440198
TiPO4,132376.749082647
TiS2N,314460.38231182616
TiSO6,159935.12767040863
TiVO4,139348.49380424924
TiZn(OF)6,551599.9204193974
TiZn2,293754.480944592
Tl(CoS)2,187273.8083913943
Tl(CoSe)2,180142.34936366265
Tl(CuO)2,123562.7107641322
Tl(FeS)2,545958.4209816774
Tl(FeSe)2,505827.7496063459
Tl(FeTe)3,345794.50939115905
Tl2Cu(CO3)2,55924.72861921358
Tl2Cu(SO3)2,52772.19523057956
Tl2FeH12(SO7)2,101198.42425148678
Tl2MoCl6,77478.75271467012
Tl2Ni4P4O15,225233.67210915615
Tl2NiH12(SO7)2,53625.665718448254
Tl2NiH12(SeO7)2,50650.77196819387
Tl2Ru2O7,276245.1839807116
Tl2Te(PO7)2,65413.40378678138
Tl2TeSO10,94447.34375295158
Tl2WCl6,77138.3480654826
Tl3(FeS2)2,288324.7198573731
Tl3CoCl5,109429.02129744843
Tl3FeCl5,145173.96035174173
Tl4CrI6,85306.01342260127
Tl4Ni7(PO4)6,250943.89462050295
TlCd(NO2)3,170880.16976006245
TlCo(BrN)6,175200.02785712405
TlCo(NCl)6,170434.22960201447
TlCoCl3,228311.7998508907
TlCr(MoO4)2,143636.55124639947
TlCr3S5,478179.47304385004
TlCr5S8,528427.9095084077
TlCr5Se8,457629.4337299027
TlCrO3,475834.6301269964
TlCrP2O7,180459.9741529098
TlCrS2,335475.68613781803
TlCrTe2,242717.2189651662
TlCuCl3,74111.25048291277
TlCuHCO4,84687.27430188241
TlCuHSO5,76338.48479146195
TlCuHSeO5,69345.83579727045
TlCuPO4,83784.64565673796
TlFe(MoO4)2,238633.11997955217
TlFeBr3,260301.76486078178
TlFeBr4,223837.21942720868
TlFeI3,233630.2113563513
TlFeO2,582798.2909779553
TlFeSe2,288341.49140119296
TlHg(NO2)3,165812.87249936335
TlMo2Cl7O2,55355.07380773624
TlNi4(PO4)3,294339.3265801092
TlNiO3,165447.24050926173
TlO2,188494.7377434337
TlS2O9,144325.37528530313
TlV5S8,80386.92499059183
TlVPO6,62062.89209551231
U,225278.1392978264
U(Al10Cr)2,94002.58819450192
U(Al2Cr)4,63764.78643019674
U(Al2Cu)4,147652.33490207797
U(Al5Ru)2,120743.39063725324
U(AlAu)2,247210.9564010769
U(AlC)3,120197.65551747191
U(AsO6)2,154416.96595892304
U(BH4)4,100987.97665786895
U(BO2)4,163568.67710391412
U(BRu)4,162236.92684338827
U(CO3)2,126772.86237606974
U(CoGe)2,356479.4506751426
U(CrSi)2,470909.02550022973
U(CuAs)2,198034.66314682097
U(CuP)2,220734.1922847451
U(CuSi)2,312612.31550558546
U(CuSn)2,227513.78948466666
U(FeB3)2,244290.83945028283
U(FeP3)4,80175.59421317223
U(GeIr)2,128147.9311165446
U(GePd)2,247800.7333070884
U(GePt)2,245686.73317860605
U(GeRh)2,248723.17913822533
U(MnAl2)4,409824.28748714377
U(MnSi)2,468320.69932508597
U(MoO4)2,106163.7521168261
U(NO5)2,51980.6321467957
U(NiP)2,326152.80462078
U(PO2)4,58044.309255035165
U(PO3)4,91099.13175962723
U(PS3)2,78299.95939041418
U(PdS2)2,135887.12586521992
U(SO4)2,119489.84140225814
U(SiAu)2,257128.99908847891
U(SiIr)2,239691.77516995446
U(SiPd)2,276871.26412532607
U(SiPt)2,252577.1456663936
U(SiRh)2,246111.1542135522
U(WC)4,60895.61001487724
U(Zn10Ir)2,64395.596931983
U(Zn10Rh)2,60035.76110114395
U2Ag(GeO6)2,88245.3630958276
U2Al19Co6,110204.05565584105
U2Al3C4,99016.92440614577
U2AsN2,320946.59985966265
U2AuF11,92249.39688596979
U2B6Os,120257.37035405963
U2BiN2,272039.27336555306
U2C3,404531.85674885527
U2C6NO14,141887.85733770626
U2ClO11,101714.94240770713
U2ClO9,139840.26598721027
U2Co(AsO10)2,322687.75227396697
U2Co(PO11)2,311366.3678884699
U2Co3Ge,151969.91529228858
U2Co3Si,111245.8270335808
U2CoO6,279673.5230706176
U2Cu2As3O,161261.40995520778
U2Cu4As5,176842.07036428308
U2CuSi2O17,136245.394364339
U2F9,185175.42798639933
U2FeS5,247096.94094459375
U2GeO10,155037.91173562623
U2Hg5(AsO9)2,84669.19435863182
U2In8Rh,202920.48595251245
U2InPd2,400139.89854054543
U2InPt2,380907.3047982134
U2N3,384216.38770966965
U2Nb3Ge4,274378.73168360104
U2Ni12P7,190757.50024568755
U2NiO6,304981.22015850066
U2P2O9,182488.03858176095
U2PCl11O,88529.58442646694
U2PN2,337497.67160080606
U2PbI2O13,61999.417961729036
U2PbS5,205108.23233203916
U2PbSe5,178037.13213815572
U2PdS4,248995.40319653694
U2PtC2,375223.37799936545
U2Re3Si5,184986.17177118987
U2ReB6,99957.83353408301
U2S(NO5)2,197202.5339342287
U2S3,476535.08991332364
U2S5,264990.05642340094
U2SN2,437229.95407902676
U2SbN2,298870.352854763
U2SeN2,413972.86177553696
U2Si5Rh3,238474.44635505264
U2Si5Tc3,177564.7308026786
U2SnIr2,327992.01670630137
U2SnPd2,364232.0741099039
U2SnPt2,355588.3963459106
U2SnRh2,376275.70239994396
U2Ta3Ge4,258333.7555914312
U2Ta6O19,106559.29646537996
U2Te5,174521.1967526253
U2TeN2,381416.6270383677
U2TeO2,550335.8690943711
U2Ti3Si4,151426.13555026925
U2TiS5,357921.2624773601
U2TlSe6,147493.6616899473
U2V2NiO16,216977.338060131
U2Zn17,172567.17674151764
U3(CuGe)4,376930.379681326
U3(FeGe)4,97589.84979101396
U3(PO9)2,87926.56973826222
U3(SiC)2,396600.73636234336
U3Al19Ni5,160251.12831253005
U3Al2Si3,394518.488643698
U3As4,350201.2465261474
U3Bi4,315065.5723581277
U3Co4Ge7,69758.87946239987
U3CrSb5,446965.32100410835
U3Cu2Sb3,419690.1351342469
U3Cu3Sb4,354045.55563500983
U3Cu3Sn4,259633.53847032087
U3Ga5,398860.89060436306
U3H2OF12,227020.7973402364
U3MnSb5,321922.465524452
U3NF13,300297.42590088997
U3NbSb5,341414.45319266606
U3O10,83302.09397712625
U3O11,54747.49646344536
U3O8,112850.84884973193
U3P2Pb2O21,130071.59063357853
U3P4,390633.58198176743
U3S3O16,127224.51521659129
U3S5,415686.7023656819
U3Sb4,309840.04819105053
U3Sb4Ir3,125295.94633302276
U3Sb4Pd3,241234.35665305817
U3Sb4Pt3,239422.99984023752
U3Se4,532816.5273140832
U3Se5,362032.19335500756
U3Si,209150.42211313918
U3Si2C3,138763.7046221817
U3Sn4Au3,261794.7597604297
U3Sn4Pt3,215469.15465365115
U3Te4,434008.70154557546
U3Te5,201710.5570856114
U3TiSb5,336279.33434551413
U3VSb5,375672.80244586885
U4Co2S2O27,223970.8075582295
U4Ga12Co,294107.8862996031
U4Ga12Rh,304875.31247109635
U4Ga20Pd11,79667.59283880025
U4Ga20Pt11,121737.45818076581
U4Re7Si6,78427.8012912965
U4S3,562777.8003114734
U4Te3O4,421362.3433687392
U5(PbO11)2,111205.80238516463
U5Ge4,196689.76447707848
U5Re3C8,325387.1073692563
U6Co12Ge4C,183141.7821983865
U6Cu2S13,253688.15287540678
U6Cu2Se13,214553.86508385456
U6Rh2S15,201261.41639709388
U7(Se6O)2,238469.0171115427
U8CoS17,276226.3346592889
U8CrS17,320637.28125876666
U8CrSe17,278749.8890612311
U8FeSe17,229348.26128137685
U8TiS17,286768.60381619114
U8TiSe17,249526.48712589446
U8VS17,303888.3528326683
U8VSe17,265375.3085837188
UAl2,364193.1344987046
UAl2Pd5,160068.43352182832
UAl3,315007.5305717357
UAl3Pd2,192122.95469887689
UAl4,277556.5824970852
UAl5Cu6,145902.64534591188
UAlAu2,293310.1733005704
UAlIr,301228.5465945795
UAlPt,376875.0415895819
UAlRh,330207.2717631393
UAs,549463.2089156855
UAs2,263230.3012492413
UAs2Pd,202335.87787980528
UAsC2N2(O2F)2,51615.08347957081
UAsP,247785.59272819213
UAsS,377809.75426895096
UAsSe,350924.70938603143
UAu2,356163.29686630884
UB2,327457.61196202034
UB2C,331058.61731148884
UB2Ir3,240516.87607424567
UB2Rh2C,244819.25762860294
UB4Mo,98424.60236378817
UB4Ru,279775.0186703432
UB4W,202819.71106827597
UB6H36(C2N)3,56558.6671698001
UB8O17,121020.36093899532
UBC,283638.70666427934
UBN,479747.8137308427
UBRh3,250556.36553650573
UBe13,183068.54927399606
UBi,417104.3615039227
UBi2,236541.15968644782
UBiO5,75919.66739249426
UBiSb,233209.42517036755
UBiTe,274811.37795544165
UBr3,224258.13716891105
UBr4,102114.12867092002
UBrN,283493.4857304074
UBrO2,108009.3274597525
UC2,331020.1949657731
UC2S(NO2)4,83184.49856343253
UC2Se2(NO6)2,185055.78924983632
UC2Se2N2O11,146664.19142492296
UC3NO8,122974.45384768015
UCO6,60264.00946456938
UCl2O,202947.46535195122
UCl2O13,194082.9279305561
UCl2O3,95706.81900465637
UCl3,265274.437795734
UCl4,139568.35026699348
UClO5,88960.39775855822
UCoAs2,353138.2178915161
UCoO4,122011.1314585455
UCoP2,342775.6699440745
UCr2O6,537433.7683255946
UCrB4,193772.64262087314
UCrO4,507615.15275963355
UCrO9,83462.8722983134
UCrS3,564697.3958551434
UCrSe3,489229.28082040313
UCu2(PO5)2,89971.23597631307
UCu2Sn,307086.0193227441
UCu4(MoO8)2,55557.20899616189
UCu4(SeO7)2,51815.933445924966
UCu4Ag,166822.06186177605
UCu4Au,153765.04594783913
UCu5,154070.32642699874
UCuAs2,274484.2858230945
UCuGe,476146.1285051663
UCuO4,121631.4022691122
UCuP2,313398.08483861905
UCuSn,439312.2558263111
UF4,237899.7546686911
UF5,98769.08370620743
UFeO4,724674.8354333
UFeS3,222121.6992713381
UGa,246323.10543500615
UGa2,366859.8565447632
UGa3,296674.59055166855
UGa5Ir,166066.3634109788
UGa5Ni,173987.22694860285
UGa5Pt,155113.19930427842
UGa5Rh,176043.74918611278
UGaCu,477189.5264075635
UGaPd,356941.62322975503
UGaPd2,318845.56566211383
UGaPt,373858.0046651816
UGe2,320260.25662179483
UGe2Ir,236735.75690083767
UGe2Rh,251155.1964180415
UGe3,162859.03799475593
UGeIr,328939.8837507491
UGeO4,251370.42870700426
UGePd,340230.48688537156
UGePt,361507.5172871206
UGeRh,355891.6812677756
UGeS,233262.38165599867
UGeSe,313520.80860502133
UGeTe,254884.66592843094
UH12(ClO2)3,105722.4541359171
UH12C2S2N6O13,133413.62987353708
UH12N5F4,150124.93755739884
UH14Cl3O7,99800.69483159749
UH18N5F7,66717.52358844416
UH2C(OF)3,156340.1893059832
UH3,737911.0036936081
UH4(C2O5)2,84838.75117101333
UH8(SO6)2,77343.62962276791
UHg2,450181.02228730626
UI2O9,90191.03988479101
UI3,173151.11904649876
UI4O15,111756.93673690611
UIN,236959.83985476327
UIn3,256683.65579412162
UInAu2,290371.8459878471
UInNi4,64251.17421737869
UInPd,339259.3674350963
UInPt,359886.4855935191
UInRh,311754.8290036345
UIr,371535.91622381884
UIr2,350945.0932651572
UIr3,64188.34284235409
UMnC2,345236.2230750322
UMnO4,604983.2825219498
UMnSe3,472972.1280632363
UMo5O16,121451.11277609963
UMoO5,184666.39691047298
UN,475155.5840702065
UN2O11,149880.49137951547
UNCl,332687.0805822749
UNF5,324476.51212006353
UNb2O7,139439.03198255753
UNi(OF2)3,356609.91432279337
UNi2,413459.3780871232
UNi2B2C,96590.18970039656
UNi5Ge3,152780.20691888107
UNi7(BO4)4,474213.945333074
UNiB4,366559.1146321852
UNiH14O9F4,63669.68935108455
UO,645182.8638384322
UO2,457309.02514096664
UP,508473.8679625376
UP2,248464.2969808151
UP2H2CO9,180100.1075832523
UP2H6CO10,76976.57963286868
UP2O7,55024.73051762565
UP3H10BrO8,62299.011136975474
UP3H10ClO8,62228.7086461511
UPCl5O2,76527.71723130913
UPCl7O,66658.66961232302
UPH3(CO5)2,203249.26448548428
UPO10,145018.95459382728
UPO5,94216.64421118547
UPS,394827.8618074254
UPSe,359717.3344560704
UPb,499168.64905572834
UPb3,215962.56426957343
UPd3,305515.7321527852
UPdSe3,163783.50216808086
UPt,505443.46931657585
UPt2,324107.07954617665
UPt3,263997.3284263416
UPt4Au,171990.5985632014
UPt5,104542.64030681377
UReB4,210737.73599633394
UReC2,210081.162189826
URhS3,201624.13252672073
URuS3,203103.70210443911
US,590990.7098169476
US2,297773.69251025666
US3,185249.76147750337
USNO6F,107865.05892903403
USO,373479.9734241014
USb,420724.11510519154
USb2,223676.29331130732
USb2Au,251033.16838229136
USb2Pd,222681.00790178814
USbAs,253271.9178082753
USbPd,404324.34980061546
USbRh,262722.9625457345
USbS,353185.8363837894
USbSe,323668.3875430565
USbTe,291085.7074592119
USe,571126.8380492313
USe2,259167.25614619302
USe2NO8,118031.66701735262
USe2O9,68149.0008034416
USe3,144431.50031538404
USeO,345319.21394364646
USeS,279101.5807413753
USi,460874.6644753369
USi2,388475.1441633628
USi3Ir,293540.38432934915
USiAu,362989.17244621523
USiIr,345376.39883150323
USiNi,320482.9412079448
USiO4,238838.77990299158
USiPd,333332.8923185449
USiRh,316084.9940775468
USiSe,288849.66883849126
USn3,229538.92675117328
USnAu,441584.3211868208
USnAu2,289473.46443044016
USnPd,448670.06399669783
USnPd2,246337.65681047455
USnPt,325067.4667144594
USnTe,272346.2074116692
UTcC2,206262.78091898613
UTe,563829.0344996548
UTe2,276141.83641303616
UTe3,158796.46727368186
UTe4Br5,50026.72013672867
UTe5,86937.9434050341
UTeAs,290379.7555432908
UTeN,144575.57620149656
UTeO,274657.4387673985
UTeP,235855.1878574135
UTeS,248798.55930821117
UTeSe,234955.72637653453
UTi2O6,164665.63813675527
UTl3,230352.4522243152
UTlF5,163013.18478991665
UV2O6,359080.52336269984
UV3O10,52974.17630916681
UVB4,146006.62613331256
UVCuO10,89068.61833169332
UVNO6,173137.95628428622
UVO5,98069.99329173347
UVSe3,408196.2587036875
UW3O11,87325.63049844633
UWC2,183971.6037796703
V(BiO3)2,62416.0525066772
V(CrTe2)2,486119.8558977352
V(FeSe2)2,463784.61502999265
V(MoS2)2,171097.48757226273
V(NCl3)2,201636.00084533886
V(NF2)3,458118.0061761048
V(PO3)3,116017.66387114098
V(PO4)2,187231.39230319182
V(SeO3)2,75330.17525195441
V12CoH24C8(NO16)2,119104.21402410853
V13O16,663715.231232506
V16O3,1327576.702151959
V2Cd(P2O7)2,140851.69036799233
V2Cd(PO5)2,106589.80493818288
V2CdO10,166481.545107446
V2CdO4,426421.5500267375
V2CdP2O9,213559.09705966245
V2Co(HO2)4,50757.95992515726
V2Co(PO5)2,261385.1514858236
V2Co2O7,440759.4484335687
V2Co2PbO8,328497.45665680536
V2Co2Se2O11,239646.29117510642
V2Co3O8,591430.8504344992
V2Co3TePb3O14,238705.80752190936
V2CoO6,264321.48263227893
V2CoP2(H4O7)2,165763.32191346455
V2CoS4,123732.90987125658
V2CrS4,258392.2696554318
V2Cu2O7,129286.44578749135
V2Cu3(Bi2O7)2,87739.32686934085
V2Cu3H6O11,119374.03587084333
V2Cu3O8,169792.05623787537
V2CuH14C2N2(OF2)4,87946.47258850819
V2CuO6,87457.09675287061
V2CuO8,155520.54331542528
V2Fe3(SiO4)3,705348.5313791524
V2FeAg3O8,247157.26537779585
V2FeAgO7,310845.2322197762
V2FeS4,146863.06661604202
V2Ge(O2F)2,342869.80234378506
V2H10Se2O13,63812.39099581898
V2H2O5,203989.7345330478
V2H2Se2O13,200189.36159067173
V2Hg(P2O7)2,134932.40325980439
V2I3NO13,79368.76727037145
V2Ni(H4O5)2,134759.39111347485
V2Ni(HO2)4,101762.6133229082
V2Ni(PO5)2,195070.8805946971
V2Ni2O7,300976.0356855622
V2Ni3O8,406184.2388997957
V2NiH6(NO3)2,95780.32723847816
V2NiO6,192334.28586610168
V2NiO7,249190.44188083036
V2NiP2(H4O7)2,137851.83056172158
V2NiP2H6O13,152096.58457050586
V2O3,640900.3770225081
V2P2NO11,199795.71822654956
V2P2O9,118240.0945188138
V2P2PbO10,93706.08486766266
V2P4S13,75070.0885913845
V2PO5,516265.99229033024
V2Te2O7F2,101244.89576604213
V2WO6,389021.8276429591
V2ZnO4,471753.4533273208
V3(NO4)2,249858.57789082336
V3As2H4O13,112295.59798491986
V3As2O9,141321.28759585926
V3Au,236110.7746465503
V3C4NO7,72321.69682356587
V3Cd,276147.20271137287
V3Cd5P6O25,93806.82261835014
V3CdO7,185675.97778540346
V3Ga,327015.834429368
V3Ge,108530.03964367669
V3H4NO7,116765.41023938061
V3H6CNO7,87400.81764530751
V3H8C2NO7,80234.6460141573
V3O10,213179.410190885
V3O5,551329.8522121927
V3O7,72039.37530299033
V3P4PbO17,85473.75098116371
V3P6H14(NO8)3,143099.08447839934
V3Pt,73278.15802121225
V3S4,170853.0933466511
V3Sb2,90548.01145130125
V3Si,142592.24465951542
V3Te4,378854.88389942964
V3ZnO8,59398.9590271934
V4As2O13,176822.31197499516
V4Bi23,130103.44381175318
V4Co2N,214532.18041126613
V4Cr2O13,190117.61240063532
V4Fe2O13,322781.4858381742
V4GaS8,202694.35897206503
V4GaSe8,174554.38673040274
V4GeS8,154219.3973853496
V4GeSe8,248273.5453065911
V4O7,502382.27373279777
V4O9,109690.51553845638
V4S9Br4,85385.26802180905
V4Zn3(PO4)6,174318.170624943
V5(PbO6)2,183961.57773395188
V5Ga3,111223.65768940195
V5O9,462121.649186747
V6Fe4(CuO8)3,443309.83103076625
V6O11,436279.88779294776
V6O13,164176.80464064778
V6PbO11,461631.36666582536
V6Si7Ni16,65711.90270155758
V6Zn3(FeO6)4,381463.51098319306
V7C2(NO8)2,71233.73222876959
V7O13,418026.4608157633
V7O3,1359125.648233873
V7Sb4(NO11)2,181291.06604094332
V8O,131740.27024505255
V8O15,381314.768101893
V8ZnO24,87642.45190526916
V9O17,370847.7082066936
VAg(PS3)2,80269.1979209052
VAg(PSe3)2,70255.39537318832
VAg2(PO4)2,53822.55866288371
VAgP2O7,134460.76742108507
VAs2H4O9,51805.93074604305
VAsRh,340973.2612168453
VAu2,338793.13656492444
VAu4,253268.38540732214
VBO3,413573.5331584583
VBP2H5NO9,96689.03083617637
VBi2O5,80085.28467247795
VBr2,342660.2347406676
VBr2O,106782.47563940658
VBrO,329115.65568069834
VCdCoO5,176384.25166630387
VCdO3,153542.9437019508
VCl2,398324.78026512207
VCl2O,110786.36294323971
VCl3,194663.096023619
VCl4,60604.343757110175
VClO,364304.7098648071
VCo2Si,612092.2368051145
VCo2Sn,509749.391870039
VCoH14(O2F)4,141667.95301357668
VCrMoO7,186922.29014883412
VCrO4,398670.0435264871
VCu2HO5,184868.00880878064
VCuAgO4,106057.18077629062
VCuHPbO5,82725.3891871033
VCuSe2O7,116923.65403004915
VF2,747910.9656833896
VF3,374102.8168448399
VF4,148362.74588484032
VFeAs,344333.4130466287
VFeH2O5,464765.1312344442
VFeMoO7,306863.7967046335
VFeO4,624132.6475139344
VGaCo2,396293.0343805067
VGe2,76123.70924082692
VH10N2(OF2)2,52887.52512398532
VH12(ClO2)3,74352.2098860435
VH12C2S2(O2F)6,63230.33160756896
VH14SO11,111711.45575133056
VH15C4S2(NO5)2,58147.84154032861
VH20S2(NO7)2,77696.71968651371
VH2O3,176664.97967038996
VH2SeO5,86892.0900503616
VH4(CO3)2,67323.43762324168
VH5Se2NO7,53717.32380759912
VH6SO8,56986.72822952426
VH7(CO2)4,89740.96111497749
VH8N2OF4,67729.62370980531
VH9(NF)3,124957.66894605341
VI2,266315.70181321254
VIO7,99130.93261752187
VIn2O5,94643.84121715097
VInCuO5,89737.45623846083
VMoO5,101854.80653719482
VNi2Sn,63717.96342896277
VNiH14(O2F)4,111986.18276070047
VNiSb,359798.5821753073
VO,1316288.726437416
VO2,284092.7813465899
VO3,61180.81154630495
VP(H2O3)2,157616.90553104942
VP(HO)9,51402.99165612999
VP2(HO)6,57282.05105248336
VP2H4NO7,118081.9241905977
VP2H4O9,55980.84185569991
VP2O7,73417.05707914673
VP3(HO5)2,94080.85962375984
VPH5O7,68816.88344425223
VPH7N2O5,63939.20108992811
VPNO5,260599.806590835
VPO4,287675.77339962474
VPO4F,108039.90395884746
VPO7,196378.50099087786
VPS3,223175.78421058223
VPbO3,151923.3576591274
VPd3,226115.95057666308
VPt3,181822.75847280456
VRe2O9,50272.014808065636
VS,588180.5348060658
VS2,129838.18110010884
VS2NO9,145485.6783782833
VS4N3,359318.80583901756
VSO5,116546.00581028662
VSb,324079.34783254017
VSb2,97571.74265825776
VSb2O5,72637.30967319751
VSe,558107.697318761
VSe2,154596.0988020094
VSeO4,121389.43987868605
VSiNi,152286.13625805016
VSiP2O9,55543.4561811056
VSnRh2,288400.7872204734
VTe,528040.9860745812
VTe2,144892.88611728646
VTeO4,113947.05130929922
VZnPbO5,82934.7616322375
VZnSe2O7,56601.15685338402
W11O12,775822.8223613608
W17O47,80708.40001170798
W18O49,97719.28399496496
W2(OF3)3,112671.49227302562
W2Cl4O7,134844.76527544594
W2NO6,196308.3211214597
W2O7,131832.0771173973
W3O10,98481.80070629058
W3O8,126017.01310819548
W8O21,142852.2600894744
WBr4,63914.536592176584
WCl3O,64582.65416197835
WCl5,56183.92026462166
WO2,500659.28986188944
Zn(BrN)2,404373.62539257546
Zn(BrO6)2,506357.67821699637
Zn(CO3)2,344075.37102122465
Zn(CrS2)2,444744.6412976693
Zn(CrSe2)2,379904.54508267675
Zn(I3N2)2,270492.8474454316
Zn(Mo4O5)2,775934.6378219111
Zn(NCl)2,403178.9067670263
Zn(NO4)2,257723.1075200169
Zn(OF)2,548933.9906484389
Zn(ReO6)2,285655.2890764832
Zn10Fe(B4Rh9)2,88012.21710263737
Zn13Fe,64345.14724448748
Zn2As2O9,202289.57444253025
Zn2AsO5,84831.35818938825
Zn2AsO6,134123.0184070395
Zn2CoP2(H2O3)4,109026.50903162552
Zn2Cu(AsO4)2,55971.91053839045
Zn2FeP2(H2O3)4,149760.12256763622
Zn2Mo3O8,340122.9827685483
Zn2NiP2(H2O3)4,72989.87191204862
Zn2P2H10O11,64740.355120270906
Zn2P2HNO8,86282.76140203216
Zn2P3C(NO4)3,248496.58962936117
Zn2PO5,92317.34588185193
Zn2SiHO5,78020.95833575801
Zn3(AsO5)2,138621.72116337132
Zn3(NO5)2,182606.5401910885
Zn3(PO6)2,270657.98148798733
Zn3(Se2O7)2,173626.17159267308
Zn3Cu2H14(SO9)2,52522.09210067969
Zn3CuP2O9,53661.33637813222
Zn3Fe2(SeO3)6,220349.9292593471
Zn3P6H6O19,143492.7138704092
Zn3Sb2H18(Se2N3)3,136674.5808246653
Zn3Se3O10,74774.2630403374
Zn4As3C3N3O13,111775.41834487767
Zn4Cu5(TeO6)3,132404.80367172285
Zn4Fe5(P3O14)2,390262.2893877992
Zn4P3C3N3O13,120602.36872531577
Zn4P5C2(N3O10)2,237797.74784700645
Zn4Si2O9,77885.89590703366
Zn5(CO6)2,239865.4861371059
Zn5(NO8)2,354699.5437906154
Zn5Ag4Sn3Se13N6,161176.35675177537
Zn5Cl2O9,382373.7566846524
Zn5P6H14(NO11)2,110961.78893846141
Zn9(As3O14)2,126200.18990829024
ZnAs3OF18,78986.27266968219
ZnAs4(HO2)8,54825.08631083697
ZnAsNO4,162834.61829178946
ZnAsO5,283915.6786218032
ZnB8(H2N)4,300140.7951177494
ZnBP2PbO9,53242.83341178634
ZnClO,174334.55122489028
ZnCo2Ge,219763.79899058942
ZnCo3C,528781.294659181
ZnCoP2O7,222608.7908084829
ZnCoPHO5,264954.4602945678
ZnCoTeBr2O3,52632.73142134105
ZnCr2O4,766239.9221533064
ZnCrH15N5Cl4F,86275.569532481
ZnCu2PO8,179393.4933764085
ZnCu3H6(ClO3)2,129836.81602024056
ZnCu5P2O15,169912.77577039532
ZnCuAsHO5,81223.64572221164
ZnCuC8N5,133916.04483849247
ZnCuCO5,104320.02118047091
ZnCuH3ClO3,84933.3049257262
ZnFe(SO8)2,422065.8883011739
ZnFe2(SeO3)4,331901.64184419985
ZnFe2As2(HO5)2,470408.2553384491
ZnFe2H28(S2O15)2,146379.66361214075
ZnFe3C,692833.3913428984
ZnFeH4O2F5,339649.43607684906
ZnFeSb,414656.5657071561
ZnGe(OF)6,599683.5856809003
ZnH12(IN2)2,62487.74024735221
ZnH5C9N4O5,65633.06206593369
ZnMo(NO2)4,354010.95062181185
ZnN3Cl5,76358.86741231786
ZnNO5,290973.936733101
ZnNi(PO3)4,84842.34265567374
ZnO2,538174.863352508
ZnP2C4NO8,113305.53879105304
ZnP2H4O9,55079.74865996388
ZnP2O5,124453.71899362805
ZnPNO4,165918.93400006404
ZnPb(IO4)6,216376.3007779662
ZnRhF6,94755.10761618607
ZnSO10,683994.1327105677
ZnSO5,180036.97470785124
Zr(Al2Fe)4,225437.2824233237
Zr(Fe2P)2,577068.2077117207
Zr(Fe2Si)2,913967.9905146568
Zr(FeGe)6,740455.034288993
Zr(GaFe)6,555752.2484955934
Zr(MnSn)6,784768.8403140242
Zr(PO4)2,102516.18030660473
Zr(PO5)2,81691.25705898723
Zr(SO6)2,314280.3682202894
Zr2(SO6)3,269359.1900223626
Zr2AgPdF11,76146.46809649777
Zr2Cl5,71679.03369433209
Zr2Co12P7,278442.34779492853
Zr2CoSi2,99472.31745062368
Zr2Cu,112258.97187304762
Zr2Fe,65706.44091697452
Zr2InCo2,199313.95589813738
Zr2Mn4P3,523388.67738224275
Zr2TiAl,209702.3574967144
Zr3(Mn2Si3)2,299550.17664412427
Zr3(MnGa3)2,192657.19822342385
Zr3Ti2Ga3,119374.34536173468
Zr4Fe4Si7,210810.82727475307
Zr4H22N4O3F20,67759.33664837055
Zr4NbGa3,113676.43439627475
Zr4Ni2O,133369.21402087135
Zr5Al3,138156.82922484147
Zr5FeSb3,73826.68686126728
Zr5Ga3,70100.32780012955
Zr5In3Ag,59664.43812585262
Zr5Sb3,52455.25251490116
Zr6Al16Co7,63781.610938082806
Zr6B(Cl3O4)6,169406.16799411527
Zr6FeSb2,85850.71195483406
ZrAs2O9,80149.34898755004
ZrCl3,50340.19674059868
ZrCo5Si3,73381.94814618753
ZrCoF6,212723.2702447768
ZrCoGe,198330.723327624
ZrCoH3,316169.8957420782
ZrCoSi,170028.40622623204
ZrCr5P3,217484.40040922034
ZrCrF6,257861.73848983
ZrCrP,199999.6133455292
ZrCu2(O3F2)4,712428.2820526435
ZrCuF6,55514.374104325325
ZrFeCl6,158590.98840953707
ZrFeF6,281275.3860506704
ZrFeGe2,196891.6135004211
ZrGaCo,89767.62987506861
ZrH11C4NOF5,98922.64122360716
ZrH12N5F4,121892.57582489123
ZrMn2Ag4(MoO4)6,160739.51042914164
ZrMn2H12(O3F4)2,342015.03623468964
ZrMnGe2,230867.45502343687
ZrMnH10O5F6,205686.81279785943
ZrMnSi2,164751.58645375143
ZrNF5,146660.68154820317
ZrNi(OF)6,627181.0044705262
ZrNi5,185566.15060952937
ZrO3F5,67302.70778241951
ZrOF4,195912.22337363003
ZrP2CO6,116325.5982354693
ZrP2O9,201888.53705822374
ZrPdF6,152646.9456838149
ZrS2O9,99958.91088381787
ZrSO7,111301.79413457532
ZrSO9,348179.61757702846
ZrTi2,525554.8475339274
ZrTiCuO5,101827.2208747124
ZrTiF6,133831.97358993004
ZrU2S5,328777.39304909634
ZrU3Sb5,310033.0183544367
ZrVF6,206319.55892904315
ZrZn2,205602.2258226081
