{
  "random_forest": {
    "all": {
      "rf_errors": {
        "metrics": {}
      },
      "LogTransformation_all_standard": {
        "metrics": {
          "train": {
            "mse": 0.0629981179035028,
            "mae": 0.10815149464085601,
            "r2": 0.978083186883426,
            "mape": 36.51203622144976,
            "gini": -0.36911454922131665,
            "adj_r2": 0.9780720403796159
          },
          "test": {
            "mse": 0.4330374092812905,
            "mae": 0.29571871743595585,
            "r2": 0.8540657187210537,
            "mape": 3.2252045052070457,
            "gini": -0.3681906390938412,
            "adj_r2": 0.8537683488152383
          },
          "per_variable": {
            "Hc (A/m)": {
              "train": {
                "mse": 0.033176165329309906,
                "mae": 0.09053260733657116,
                "r2": 0.9833240789792279,
                "mape": 0.8917699638213255,
                "gini": -0.36307905225122483,
                "adj_r2": 0.9833155979005143
              },
              "test": {
                "mse": 0.2261300165971399,
                "mae": 0.24974891533044993,
                "r2": 0.8864443672148028,
                "mape": 2.186734829608946,
                "gini": -0.36258865204566504,
                "adj_r2": 0.8862129751969012
              }
            },
            "Mr (A/m)": {
              "train": {
                "mse": 0.037310051615400235,
                "mae": 0.07859251046662588,
                "r2": 0.9727842228379455,
                "mape": 106.24213902473339,
                "gini": -0.3549189242424456,
                "adj_r2": 0.9727703813746718
              },
              "test": {
                "mse": 0.2467739927653604,
                "mae": 0.21591032828617351,
                "r2": 0.8237913818358873,
                "mape": 1.6981963731629275,
                "gini": -0.354096746899556,
                "adj_r2": 0.8234323219924555
              }
            },
            "BHmax (J/m^3)": {
              "train": {
                "mse": 0.1185081367657983,
                "mae": 0.155329366119371,
                "r2": 0.9781412588331048,
                "mape": 2.4021996757945465,
                "gini": -0.3893456711702796,
                "adj_r2": 0.978130141863662
              },
              "test": {
                "mse": 0.826208218481371,
                "mae": 0.42149690869124395,
                "r2": 0.8519614071124711,
                "mape": 5.790682312849263,
                "gini": -0.3878865183363025,
                "adj_r2": 0.851659749256358
              }
            }
          }
        },
        "best_params": {
          "max_depth": 20
        }
      }
    }
  },
  "neural_network": {
    "all": {
      "LogTransformation_all_standard": {
        "metrics": {
          "train": {
            "mse": 0.4132563826011551,
            "mae": 0.3632501828041352,
            "r2": 0.8487906741390331,
            "mape": 87.09401607024925,
            "gini": -0.3681287684472296,
            "adj_r2": 0.8487137717482582
          },
          "test": {
            "mse": 0.42787629626266965,
            "mae": 0.3741520967269951,
            "r2": 0.8511971089908865,
            "mape": 3.9596536676424128,
            "gini": -0.3684518373328396,
            "adj_r2": 0.8508938937264767
          },
          "per_variable": {
            "Hc (A/m)": {
              "train": {
                "mse": 0.2509848612462339,
                "mae": 0.30639898916939734,
                "r2": 0.8738430532279151,
                "mape": 2.858405201078379,
                "gini": -0.36262359836963126,
                "adj_r2": 0.8737788920343883
              },
              "test": {
                "mse": 0.24373764123427005,
                "mae": 0.3138169449982628,
                "r2": 0.8776023523969485,
                "mape": 2.701663863981811,
                "gini": -0.3627760052293569,
                "adj_r2": 0.8773529430284247
              }
            },
            "Mr (A/m)": {
              "train": {
                "mse": 0.26622123059318303,
                "mae": 0.3159708001284851,
                "r2": 0.8058052086789037,
                "mape": 251.2533492193003,
                "gini": -0.3538554941170993,
                "adj_r2": 0.8057064446400881
              },
              "test": {
                "mse": 0.25741769034043216,
                "mae": 0.3212825187859996,
                "r2": 0.8161912647374725,
                "mape": 2.4695411745561375,
                "gini": -0.3541568881371123,
                "adj_r2": 0.815816718155175
              }
            },
            "BHmax (J/m^3)": {
              "train": {
                "mse": 0.7225630559640484,
                "mae": 0.4673807591145231,
                "r2": 0.8667237605102804,
                "mape": 7.170293790369121,
                "gini": -0.38790721285495805,
                "adj_r2": 0.8666559785702984
              },
              "test": {
                "mse": 0.7824735572133068,
                "mae": 0.48735682639672295,
                "r2": 0.8597977098382386,
                "mape": 6.707755964389289,
                "gini": -0.38842261863204963,
                "adj_r2": 0.8595120199958305
              }
            }
          }
        },
        "best_params": {
          "hidden_dim": 64,
          "num_epochs": 50,
          "learning_rate": 0.001,
          "batch_size": 32
        }
      }
    }
  },
  "linear_regression": {
    "all": {
      "LogTransformation_all_standard": {
        "metrics": {
          "train": {
            "mse": 1.6547445643645837,
            "mae": 0.8504378088879423,
            "r2": 0.45641971826522615,
            "mape": 103.19980823229946,
            "gini": -0.3593687748628378,
            "adj_r2": 0.45614326294075835
          },
          "test": {
            "mse": 1.6495501346119177,
            "mae": 0.8504247938704926,
            "r2": 0.4747245200681696,
            "mape": 8.94988985189519,
            "gini": -0.36004824603790214,
            "adj_r2": 0.47365416758741186
          },
          "per_variable": {
            "Hc (A/m)": {
              "train": {
                "mse": 0.7990543233631006,
                "mae": 0.6151693847526574,
                "r2": 0.5983572346157369,
                "mape": 5.443620040985725,
                "gini": -0.35939094669909577,
                "adj_r2": 0.5981529662035898
              },
              "test": {
                "mse": 0.7691064949889385,
                "mae": 0.6091155221491751,
                "r2": 0.6137780555101298,
                "mape": 5.158328478511135,
                "gini": -0.35963529531237337,
                "adj_r2": 0.6129910520572721
              }
            },
            "Mr (A/m)": {
              "train": {
                "mse": 0.8455670143229913,
                "mae": 0.6381854047783472,
                "r2": 0.38320204767823496,
                "mape": 286.06944231628637,
                "gini": -0.3473774560214647,
                "adj_r2": 0.3828883551404998
              },
              "test": {
                "mse": 0.823977152289154,
                "mae": 0.643659192214774,
                "r2": 0.4116402876306139,
                "mape": 4.954334369102169,
                "gini": -0.3480710838520838,
                "adj_r2": 0.41044138857331514
              }
            },
            "BHmax (J/m^3)": {
              "train": {
                "mse": 3.319612355407659,
                "mae": 1.2979586371328224,
                "r2": 0.38769987250170657,
                "mape": 18.086362339626177,
                "gini": -0.3713379218679529,
                "adj_r2": 0.38738846747818556
              },
              "test": {
                "mse": 3.3555667565576606,
                "mae": 1.298499667247529,