{
  "random_forest": {
    "all": {
      "rf_errors": {
        "metrics": {}
      },
      "LogTransformation_all_standard": {
        "metrics": {
          "train": {
            "mse": 0.06299811790350289,
            "mae": 0.10815149464085609,
            "r2": 0.978083186883426,
            "mape": 36.51203622144975,
            "gini": -0.36911454922131665,
            "adj_r2": 0.9780720403796159
          },
          "test": {
            "mse": 0.43303740928129036,
            "mae": 0.2957187174359559,
            "r2": 0.854065718721054,
            "mape": 3.2252045052070453,
            "gini": -0.3681906390938412,
            "adj_r2": 0.8537683488152386
          },
          "per_variable": {
            "Hc (A/m)": {
              "train": {
                "mse": 0.033176165329309906,
                "mae": 0.09053260733657116,
                "r2": 0.9833240789792279,
                "mape": 0.8917699638213255,
                "gini": -0.36307905225122483,
                "adj_r2": 0.9833155979005143
              },
              "test": {
                "mse": 0.2261300165971399,
                "mae": 0.24974891533044993,
                "r2": 0.8864443672148028,
                "mape": 2.186734829608946,
                "gini": -0.36258865204566504,
                "adj_r2": 0.8862129751969012
              }
            },
            "Mr (A/m)": {
              "train": {
                "mse": 0.037310051615400235,
                "mae": 0.07859251046662588,
                "r2": 0.9727842228379455,
                "mape": 106.24213902473339,
                "gini": -0.3549189242424456,
                "adj_r2": 0.9727703813746718
              },
              "test": {
                "mse": 0.2467739927653604,
                "mae": 0.21591032828617351,
                "r2": 0.8237913818358873,
                "mape": 1.6981963731629275,
                "gini": -0.354096746899556,
                "adj_r2": 0.8234323219924555
              }
            },
            "BHmax (J/m^3)": {
              "train": {
                "mse": 0.1185081367657983,
                "mae": 0.155329366119371,
                "r2": 0.9781412588331048,
                "mape": 2.4021996757945465,
                "gini": -0.3893456711702796,
                "adj_r2": 0.978130141863662
              },
              "test": {
                "mse": 0.826208218481371,
                "mae": 0.42149690869124395,
                "r2": 0.8519614071124711,
                "mape": 5.790682312849263,
                "gini": -0.3878865183363025,
                "adj_r2": 0.851659749256358
              }
            }
          }
        },
        "best_params": {
          "max_depth": 20
        }
      }
    }
  },
  "neural_network": {
    "all": {
      "LogTransformation_all_standard": {
        "metrics": {
          "train": {
            "mse": 0.38287503157390024,
            "mae": 0.33329747978767554,
            "r2": 0.865444565203315,
            "mape": 83.68949832812497,
            "gini": -0.36817885367127995,
            "adj_r2": 0.8653761326872074
          },
          "test": {
            "mse": 0.4129154296015814,
            "mae": 0.3531951052842947,
            "r2": 0.8618744054667923,
            "mape": 3.7798358162707353,
            "gini": -0.36841299617585116,
            "adj_r2": 0.8615929473016711
          },
          "per_variable": {
            "Hc (A/m)": {
              "train": {
                "mse": 0.2112807090327563,
                "mae": 0.2531857456916441,
                "r2": 0.8938002514133161,
                "mape": 2.428280060538188,
                "gini": -0.3626503098568228,
                "adj_r2": 0.8937462400980781
              },
              "test": {
                "mse": 0.21064201013015332,
                "mae": 0.2671543180987515,
                "r2": 0.8942219741039986,
                "mape": 2.3263035089651356,
                "gini": -0.3627746769670592,
                "adj_r2": 0.8940064304954485
              }
            },
            "Mr (A/m)": {
              "train": {
                "mse": 0.22857639482291778,
                "mae": 0.25591126379764534,
                "r2": 0.8332651937839038,
                "mape": 241.52118541874978,
                "gini": -0.3539451393145953,
                "adj_r2": 0.8331803954082059
              },
              "test": {
                "mse": 0.23255128925579163,
                "mae": 0.27015661073372405,
                "r2": 0.83394708302585,
                "mape": 2.0887132436608913,
                "gini": -0.35418707461051474,
                "adj_r2": 0.8336087174283479
              }
            },
            "BHmax (J/m^3)": {
              "train": {
                "mse": 0.7087679908660275,
                "mae": 0.4907954298737383,
                "r2": 0.8692682504127252,
                "mape": 7.119029505086909,
                "gini": -0.3879411118424216,
                "adj_r2": 0.8692017625553381
              },
              "test": {
                "mse": 0.7955529894188006,
                "mae": 0.5222743870204093,
                "r2": 0.8574541592705279,
                "mape": 6.924490696186178,
                "gini": -0.38827723694997957,
                "adj_r2": 0.8571636939812167
              }
            }
          }
        },
        "best_params": {
          "hidden_dim": 64,
          "num_epochs": 50,
          "learning_rate": 0.001,
          "batch_size": 32
        }
      }
    }
  },
  "linear_regression": {
    "all": {
      "LogTransformation_all_standard": {
        "metrics": {
          "train": {
            "mse": 1.6547445643645833,
            "mae": 0.8504378088879413,
            "r2": 0.45641971826522615,
            "mape": 103.19980823229946,
            "gini": -0.3593687748628378,
            "adj_r2": 0.45614326294075835
          },
          "test": {
            "mse": 1.6495501346119184,
            "mae": 0.8504247938704926,
            "r2": 0.4747245200681694,
            "mape": 8.94988985189519,
            "gini": -0.36004824603790214,
            "adj_r2": 0.47365416758741163
          },
          "per_variable": {
            "Hc (A/m)": {
              "train": {
                "mse": 0.7990543233631004,
                "mae": 0.6151693847526574,
                "r2": 0.5983572346157369,
                "mape": 5.443620040985724,
                "gini": -0.35939094669909577,
                "adj_r2": 0.5981529662035898
              },
              "test": {
                "mse": 0.7691064949889385,
                "mae": 0.6091155221491751,
                "r2": 0.6137780555101298,
                "mape": 5.158328478511135,
                "gini": -0.35963529531237337,
                "adj_r2": 0.6129910520572721
              }
            },
            "Mr (A/m)": {
              "train": {
                "mse": 0.8455670143229913,
                "mae": 0.6381854047783471,
                "r2": 0.38320204767823496,
                "mape": 286.06944231628637,
                "gini": -0.3473774560214647,
                "adj_r2": 0.3828883551404998
              },
              "test": {
                "mse": 0.823977152289154,
                "mae": 0.643659192214774,
                "r2": 0.4116402876306139,
                "mape": 4.954334369102168,
                "gini": -0.3480710838520838,
                "adj_r2": 0.41044138857331514
              }
            },
            "BHmax (J/m^3)": {
              "train": {
                "mse": 3.319612355407659,
                "mae": 1.2979586371328224,
                "r2": 0.38769987250170657,
                "mape": 18.086362339626177,
                "gini": -0.3713379218679529,
                "adj_r2": 0.38738846747818556
              },
              "test": {
                "mse": 3.3555667565576606,
                "mae": 1.298499667247529,