{
  "random_forest": {
    "all": {
      "rf_errors": {
        "metrics": {}
      },
      "LogTransformation_all_standard": {
        "metrics": {
          "train": {
            "mse": 0.0629981179035028,
            "mae": 0.10815149464085601,
            "r2": 0.978083186883426,
            "mape": 36.51203622144976,
            "gini": -0.36911454922131665,
            "adj_r2": 0.9780720403796159
          },
          "test": {
            "mse": 0.4330374092812905,
            "mae": 0.29571871743595585,
            "r2": 0.8540657187210537,
            "mape": 3.2252045052070457,
            "gini": -0.3681906390938412,
            "adj_r2": 0.8537683488152383
          },
          "per_variable": {
            "Hc (A/m)": {
              "train": {
                "mse": 0.033176165329309906,
                "mae": 0.09053260733657116,
                "r2": 0.9833240789792279,
                "mape": 0.8917699638213255,
                "gini": -0.36307905225122483,
                "adj_r2": 0.9833155979005143
              },
              "test": {
                "mse": 0.2261300165971399,
                "mae": 0.24974891533044993,
                "r2": 0.8864443672148028,
                "mape": 2.186734829608946,
                "gini": -0.36258865204566504,
                "adj_r2": 0.8862129751969012
              }
            },
            "Mr (A/m)": {
              "train": {
                "mse": 0.037310051615400235,
                "mae": 0.07859251046662588,
                "r2": 0.9727842228379455,
                "mape": 106.24213902473339,
                "gini": -0.3549189242424456,
                "adj_r2": 0.9727703813746718
              },
              "test": {
                "mse": 0.2467739927653604,
                "mae": 0.21591032828617351,
                "r2": 0.8237913818358873,
                "mape": 1.6981963731629275,
                "gini": -0.354096746899556,
                "adj_r2": 0.8234323219924555
              }
            },
            "BHmax (J/m^3)": {
              "train": {
                "mse": 0.1185081367657983,
                "mae": 0.155329366119371,
                "r2": 0.9781412588331048,
                "mape": 2.4021996757945465,
                "gini": -0.3893456711702796,
                "adj_r2": 0.978130141863662
              },
              "test": {
                "mse": 0.826208218481371,
                "mae": 0.42149690869124395,
                "r2": 0.8519614071124711,
                "mape": 5.790682312849263,
                "gini": -0.3878865183363025,
                "adj_r2": 0.851659749256358
              }
            }
          }
        },
        "best_params": {
          "max_depth": 20
        }
      }
    }
  },
  "neural_network": {
    "all": {
      "LogTransformation_all_standard": {
        "metrics": {
          "train": {
            "mse": 0.5007008378009318,
            "mae": 0.4896883874395497,
            "r2": 0.8025131566245367,
            "mape": 72.96206288513308,
            "gini": -0.3679948254539646,
            "adj_r2": 0.8024127183062275
          },
          "test": {
            "mse": 0.5459368465557611,
            "mae": 0.5129428567802893,
            "r2": 0.7924327870647895,
            "mape": 4.818460024263955,
            "gini": -0.3681510796478698,
            "adj_r2": 0.7920098278942643
          },
          "per_variable": {
            "Hc (A/m)": {
              "train": {
                "mse": 0.3049594564659318,
                "mae": 0.42979634300104486,
                "r2": 0.8467128506237992,
                "mape": 3.6807267621512674,
                "gini": -0.36263927678531654,
                "adj_r2": 0.8466348914887064
              },
              "test": {
                "mse": 0.3106083790090177,
                "mae": 0.4438598963629068,
                "r2": 0.8440218969709328,
                "mape": 3.5964267388713527,
                "gini": -0.36270868901116665,
                "adj_r2": 0.8437040607956315
              }
            },
            "Mr (A/m)": {
              "train": {
                "mse": 0.4006630134221387,
                "mae": 0.4961162069279428,
                "r2": 0.7077367942886138,
                "mape": 207.9127399759936,
                "gini": -0.35374409308772303,
                "adj_r2": 0.7075881543874256
              },
              "test": {
                "mse": 0.42798732598551587,
                "mae": 0.5190662955227189,
                "r2": 0.6943962592712591,
                "mape": 3.848815845401389,
                "gini": -0.35391756608753294,
                "adj_r2": 0.6937735313227543
              }
            },
            "BHmax (J/m^3)": {
              "train": {
                "mse": 0.7964800435147248,
                "mae": 0.5431526123896614,
                "r2": 0.853089824961197,
                "mape": 7.292721917254438,
                "gini": -0.38760110648885426,
                "adj_r2": 0.8530151090425504
              },
              "test": {
                "mse": 0.8992148346727498,
                "mae": 0.5759023784552424,
                "r2": 0.8388802049521766,
                "mape": 7.010137488519125,
                "gini": -0.3878269838449098,
                "adj_r2": 0.8385518915644072
              }
            }
          }
        },
        "best_params": {
          "hidden_dim": 64,
          "num_epochs": 50,
          "learning_rate": 0.001,
          "batch_size": 32
        }
      }
    }
  },
  "linear_regression": {
    "all": {
      "LogTransformation_all_standard": {
        "metrics": {
          "train": {
            "mse": 1.6547445643645837,
            "mae": 0.8504378088879423,
            "r2": 0.45641971826522615,
            "mape": 103.19980823229946,
            "gini": -0.3593687748628378,
            "adj_r2": 0.45614326294075835
          },
          "test": {
            "mse": 1.6495501346119177,
            "mae": 0.8504247938704926,
            "r2": 0.4747245200681696,
            "mape": 8.94988985189519,
            "gini": -0.36004824603790214,
            "adj_r2": 0.47365416758741186
          },
          "per_variable": {
            "Hc (A/m)": {
              "train": {
                "mse": 0.7990543233631006,
                "mae": 0.6151693847526574,
                "r2": 0.5983572346157369,
                "mape": 5.443620040985725,
                "gini": -0.35939094669909577,
                "adj_r2": 0.5981529662035898
              },
              "test": {
                "mse": 0.7691064949889385,
                "mae": 0.6091155221491751,
                "r2": 0.6137780555101298,
                "mape": 5.158328478511135,
                "gini": -0.35963529531237337,
                "adj_r2": 0.6129910520572721
              }
            },
            "Mr (A/m)": {
              "train": {
                "mse": 0.8455670143229913,
                "mae": 0.6381854047783472,
                "r2": 0.38320204767823496,
                "mape": 286.06944231628637,
                "gini": -0.3473774560214647,
                "adj_r2": 0.3828883551404998
              },
              "test": {
                "mse": 0.823977152289154,
                "mae": 0.643659192214774,
                "r2": 0.4116402876306139,
                "mape": 4.954334369102169,
                "gini": -0.3480710838520838,
                "adj_r2": 0.41044138857331514
              }
            },
            "BHmax (J/m^3)": {
              "train": {
                "mse": 3.319612355407659,
                "mae": 1.2979586371328224,
                "r2": 0.38769987250170657,
                "mape": 18.086362339626177,
                "gini": -0.3713379218679529,
                "adj_r2": 0.38738846747818556
              },
              "test": {
                "mse": 3.3555667565576606,
                "mae": 1.298499667247529,