{
  "random_forest": {
    "all": {
      "rf_errors": {
        "metrics": {}
      },
      "LogTransformation_all_standard": {
        "metrics": {
          "train": {
            "mse": 0.0629981179035028,
            "mae": 0.10815149464085601,
            "r2": 0.978083186883426,
            "mape": 36.51203622144976,
            "gini": -0.36911454922131665,
            "adj_r2": 0.9780720403796159
          },
          "test": {
            "mse": 0.4330374092812905,
            "mae": 0.29571871743595585,
            "r2": 0.8540657187210537,
            "mape": 3.2252045052070457,
            "gini": -0.3681906390938412,
            "adj_r2": 0.8537683488152383
          },
          "per_variable": {
            "Hc (A/m)": {
              "train": {
                "mse": 0.033176165329309906,
                "mae": 0.09053260733657116,
                "r2": 0.9833240789792279,
                "mape": 0.8917699638213255,
                "gini": -0.36307905225122483,
                "adj_r2": 0.9833155979005143
              },
              "test": {
                "mse": 0.2261300165971399,
                "mae": 0.24974891533044993,
                "r2": 0.8864443672148028,
                "mape": 2.186734829608946,
                "gini": -0.36258865204566504,
                "adj_r2": 0.8862129751969012
              }
            },
            "Mr (A/m)": {
              "train": {
                "mse": 0.037310051615400235,
                "mae": 0.07859251046662588,
                "r2": 0.9727842228379455,
                "mape": 106.24213902473339,
                "gini": -0.3549189242424456,
                "adj_r2": 0.9727703813746718
              },
              "test": {
                "mse": 0.2467739927653604,
                "mae": 0.21591032828617351,
                "r2": 0.8237913818358873,
                "mape": 1.6981963731629275,
                "gini": -0.354096746899556,
                "adj_r2": 0.8234323219924555
              }
            },
            "BHmax (J/m^3)": {
              "train": {
                "mse": 0.1185081367657983,
                "mae": 0.155329366119371,
                "r2": 0.9781412588331048,
                "mape": 2.4021996757945465,
                "gini": -0.3893456711702796,
                "adj_r2": 0.978130141863662
              },
              "test": {
                "mse": 0.826208218481371,
                "mae": 0.42149690869124395,
                "r2": 0.8519614071124711,
                "mape": 5.790682312849263,
                "gini": -0.3878865183363025,
                "adj_r2": 0.851659749256358
              }
            }
          }
        },
        "best_params": {
          "max_depth": 20
        }
      }
    }
  },
  "neural_network": {
    "all": {
      "LogTransformation_all_standard": {
        "metrics": {
          "train": {
            "mse": 0.39275396180813704,
            "mae": 0.3067453759457249,
            "r2": 0.8606591855015724,
            "mape": 85.30954997172645,
            "gini": -0.36807695464819273,
            "adj_r2": 0.8605883192259216
          },
          "test": {
            "mse": 0.4073482036506531,
            "mae": 0.32450599699083843,
            "r2": 0.8617616931454847,
            "mape": 3.59269062278642,
            "gini": -0.368392834763646,
            "adj_r2": 0.8614800053067593
          },
          "per_variable": {
            "Hc (A/m)": {
              "train": {
                "mse": 0.2120789760495638,
                "mae": 0.25048077418344483,
                "r2": 0.8933990043857095,
                "mape": 2.4139474642441874,
                "gini": -0.36259398746068755,
                "adj_r2": 0.8933447890033246
              },
              "test": {
                "mse": 0.20703778194756725,
                "mae": 0.2621198951185669,
                "r2": 0.8960319081328143,
                "mape": 2.291642819530243,
                "gini": -0.3627450978281106,
                "adj_r2": 0.8958200526221323
              }
            },
            "Mr (A/m)": {
              "train": {
                "mse": 0.24442162904079878,
                "mae": 0.2515049429125167,
                "r2": 0.8217069046665442,
                "mape": 246.66562782183343,
                "gini": -0.35385275863324384,
                "adj_r2": 0.8216162279492735
              },
              "test": {
                "mse": 0.24095491568606836,
                "mae": 0.2645737931103424,
                "r2": 0.8279464855388431,
                "mape": 2.0664647204730793,
                "gini": -0.35412856171718826,
                "adj_r2": 0.8275958925394317
              }
            },
            "BHmax (J/m^3)": {
              "train": {
                "mse": 0.7217612803340484,
                "mae": 0.4182504107412132,
                "r2": 0.8668716474524634,
                "mape": 6.849074629101723,
                "gini": -0.38778411785064665,
                "adj_r2": 0.8668039407251664
              },
              "test": {
                "mse": 0.7740519133183238,
                "mae": 0.44682430274360607,
                "r2": 0.861306685764797,
                "mape": 6.419964328355936,
                "gini": -0.38830484474563887,
                "adj_r2": 0.861024070758714
              }
            }
          }
        },
        "best_params": {
          "hidden_dim": 64,
          "num_epochs": 50,
          "learning_rate": 0.001,
          "batch_size": 32
        }
      }
    }
  },
  "linear_regression": {
    "all": {
      "LogTransformation_all_standard": {
        "metrics": {
          "train": {
            "mse": 1.6547445643645837,
            "mae": 0.8504378088879423,
            "r2": 0.45641971826522615,
            "mape": 103.19980823229946,
            "gini": -0.3593687748628378,
            "adj_r2": 0.45614326294075835
          },
          "test": {
            "mse": 1.6495501346119177,
            "mae": 0.8504247938704926,
            "r2": 0.4747245200681696,
            "mape": 8.94988985189519,
            "gini": -0.36004824603790214,
            "adj_r2": 0.47365416758741186
          },
          "per_variable": {
            "Hc (A/m)": {
              "train": {
                "mse": 0.7990543233631006,
                "mae": 0.6151693847526574,
                "r2": 0.5983572346157369,
                "mape": 5.443620040985725,
                "gini": -0.35939094669909577,
                "adj_r2": 0.5981529662035898
              },
              "test": {
                "mse": 0.7691064949889385,
                "mae": 0.6091155221491751,
                "r2": 0.6137780555101298,
                "mape": 5.158328478511135,
                "gini": -0.35963529531237337,
                "adj_r2": 0.6129910520572721
              }
            },
            "Mr (A/m)": {
              "train": {
                "mse": 0.8455670143229913,
                "mae": 0.6381854047783472,
                "r2": 0.38320204767823496,
                "mape": 286.06944231628637,
                "gini": -0.3473774560214647,
                "adj_r2": 0.3828883551404998
              },
              "test": {
                "mse": 0.823977152289154,
                "mae": 0.643659192214774,
                "r2": 0.4116402876306139,
                "mape": 4.954334369102169,
                "gini": -0.3480710838520838,
                "adj_r2": 0.41044138857331514
              }
            },
            "BHmax (J/m^3)": {
              "train": {
                "mse": 3.319612355407659,
                "mae": 1.2979586371328224,
                "r2": 0.38769987250170657,
                "mape": 18.086362339626177,
                "gini": -0.3713379218679529,
                "adj_r2": 0.38738846747818556
              },
              "test": {
                "mse": 3.3555667565576606,
                "mae": 1.298499667247529,