{
  "train": {
    "mse": 9.08959687169086e-09,
    "mae": 1.6166172578016043e-05,
    "r2": 0.9999999932769669,
    "mape": 0.00012693740536839752,
    "gini": -0.3497216934649665,
    "adj_r2": 0.9999999932570762
  },
  "test": {
    "mse": 0.04281746074441715,
    "mae": 0.034642590979421885,
    "r2": 0.9221976800908034,
    "mape": 0.3030603876327685,
    "gini": -0.35068888013133553,
    "adj_r2": 0.9212677718847173
  },
  "per_variable": {
    "Hc (A/m)": {
      "train": {
        "mse": 2.725026587054905e-08,
        "mae": 4.6246616086551184e-05,
        "r2": 0.999999979861641,
        "mape": 0.0003652761471139626,
        "gini": -0.35478057062509327,
        "adj_r2": 0.9999999798020601
      },
      "test": {
        "mse": 0.04488521474218749,
        "mae": 0.058705590762711174,
        "r2": 0.9713009765846546,
        "mape": 0.5116568473760953,
        "gini": -0.3563347123526714,
        "adj_r2": 0.970957960368535
      }
    },
    "Mr (A/m)": {
      "train": {
        "mse": 4.799933698811466e-12,
        "mae": 8.242400002287175e-07,
        "r2": 0.999999999982225,
        "mape": 5.5841910136762645e-06,
        "gini": -0.34243804986013665,
        "adj_r2": 0.9999999999821724
      },
      "test": {
        "mse": 0.07181748819703437,
        "mae": 0.033660935730950046,
        "r2": 0.8047470539888405,
        "mape": 0.2740923143984359,
        "gini": -0.34269464021425206,
        "adj_r2": 0.8024133534389063
      }
    },
    "BHmax (J/m^3)": {
      "train": {
        "mse": 1.3724810824733374e-11,
        "mae": 1.4276616472682257e-06,
        "r2": 0.9999999999870348,
        "mape": 9.951877977553676e-06,
        "gini": -0.3519464599096695,
        "adj_r2": 0.9999999999869964
      },
      "test": {
        "mse": 0.011749679294029598,
        "mae": 0.011561246444604429,
        "r2": 0.9905450096989151,
        "mape": 0.12343200112377407,
        "gini": -0.3530372878270833,
        "adj_r2": 0.9904320018467109
      }
    }
  }
}