{
  "train": {
    "mse": 0.04134275221359838,
    "mae": 0.09324176416623732,
    "r2": 0.9691108686469004,
    "mape": 0.6930706802521368,
    "gini": -0.3496565851210165,
    "adj_r2": 0.9690194806843173
  },
  "test": {
    "mse": 0.06573337466323785,
    "mae": 0.10347623523580968,
    "r2": 0.907444127849324,
    "mape": 0.7845480462520218,
    "gini": -0.35055384566576225,
    "adj_r2": 0.9063378823654514
  },
  "per_variable": {
    "Hc (A/m)": {
      "train": {
        "mse": 0.1221728183265249,
        "mae": 0.23607722816502122,
        "r2": 0.9097124379467468,
        "mape": 1.767441171449833,
        "gini": -0.3546148552166566,
        "adj_r2": 0.9094453149820922
      },
      "test": {
        "mse": 0.1224024646959606,
        "mae": 0.23630111405221924,
        "r2": 0.9217374536229265,
        "mape": 1.7922895013549796,
        "gini": -0.3561044241203257,
        "adj_r2": 0.9208020447020849
      }
    },
    "Mr (A/m)": {
      "train": {
        "mse": 0.00022732845034419854,
        "mae": 0.011872390733719021,
        "r2": 0.9991581640055406,
        "mape": 0.0826817799594484,
        "gini": -0.34243356478721465,
        "adj_r2": 0.9991556733665037
      },
      "test": {
        "mse": 0.07273386296412768,
        "mae": 0.040774139248877996,
        "r2": 0.8022556709369246,
        "mape": 0.31847167928492137,
        "gini": -0.3425522683649134,
        "adj_r2": 0.7998921929003142
      }
    },
    "BHmax (J/m^3)": {
      "train": {
        "mse": 0.0016281098639259156,
        "mae": 0.03177567359997175,
        "r2": 0.9984620039884138,
        "mape": 0.22908908934712938,
        "gini": -0.35192133535917836,
        "adj_r2": 0.9984574537043558
      },
      "test": {
        "mse": 0.002063796329625286,
        "mae": 0.033353452406331856,
        "r2": 0.9983392589881209,
        "mape": 0.24288295811616475,
        "gini": -0.3530048445120477,
        "adj_r2": 0.998319409493955
      }
    }
  }
}