{
  "train": {
    "mse": 0.04107125223253446,
    "mae": 0.09107968311578135,
    "r2": 0.9694521040906953,
    "mape": 0.6761158567367893,
    "gini": -0.34965818909103713,
    "adj_r2": 0.969361725700431
  },
  "test": {
    "mse": 0.06502435612518558,
    "mae": 0.10033266018245977,
    "r2": 0.9081271342399311,
    "mape": 0.7592875238931861,
    "gini": -0.3505625144334031,
    "adj_r2": 0.9070290521790537
  },
  "per_variable": {
    "Hc (A/m)": {
      "train": {
        "mse": 0.12162459365220119,
        "mae": 0.23750256034141728,
        "r2": 0.9101175842794592,
        "mape": 1.7731541158274955,
        "gini": -0.3546156139127465,
        "adj_r2": 0.9098516599725937
      },
      "test": {
        "mse": 0.12076680983946694,
        "mae": 0.2351721489307983,
        "r2": 0.9227832700971387,
        "mape": 1.777807405158538,
        "gini": -0.3561076449251801,
        "adj_r2": 0.9218603609747937
      }
    },
    "Mr (A/m)": {
      "train": {
        "mse": 9.427781334787511e-05,
        "mae": 0.006925445739440497,
        "r2": 0.9996508731897173,
        "mape": 0.04789952580639318,
        "gini": -0.3424352416661235,
        "adj_r2": 0.9996498402701604
      },
      "test": {
        "mse": 0.0724163289810283,
        "mae": 0.03525257232283436,
        "r2": 0.803118962695176,
        "mape": 0.27904153662077524,
        "gini": -0.34257171167664796,
        "adj_r2": 0.8007658028867518
      }
    },
    "BHmax (J/m^3)": {
      "train": {
        "mse": 0.0014948852320541494,
        "mae": 0.02881104326648635,
        "r2": 0.9985878548029097,
        "mape": 0.20729392857647883,
        "gini": -0.35192371169424147,
        "adj_r2": 0.9985836768585395
      },
      "test": {
        "mse": 0.001889929555061486,
        "mae": 0.0305732592937466,
        "r2": 0.9984791699274788,
        "mape": 0.22101362990024523,
        "gini": -0.35300818669838113,
        "adj_r2": 0.9984609926756159
      }
    }
  }
}