{
  "train": {
    "mse": 0.020260119459538418,
    "mae": 0.10220057863439463,
    "r2": 0.970610043514478,
    "mape": 0.7407673639499053,
    "gini": -0.34954938702480726,
    "adj_r2": 0.9705230909804972
  },
  "test": {
    "mse": 0.055288842840084666,
    "mae": 0.12810169693075726,
    "r2": 0.9071784304989737,
    "mape": 0.9661889272396841,
    "gini": -0.3505979011010533,
    "adj_r2": 0.906069009349559
  },
  "per_variable": {
    "Hc (A/m)": {
      "train": {
        "mse": 0.03474375051316312,
        "mae": 0.12880315006362822,
        "r2": 0.9743238424603085,
        "mape": 0.9555719107674782,
        "gini": -0.3546266375333576,
        "adj_r2": 0.9742478774971732
      },
      "test": {
        "mse": 0.058969757910914224,
        "mae": 0.15376787863037789,
        "r2": 0.962295502588029,
        "mape": 1.1751990369658494,
        "gini": -0.35611508600188846,
        "adj_r2": 0.9618448512245393
      }
    },
    "Mr (A/m)": {
      "train": {
        "mse": 0.013738602261842158,
        "mae": 0.09256683049128218,
        "r2": 0.9491236143999184,
        "mape": 0.6418193460113018,
        "gini": -0.34217982386929263,
        "adj_r2": 0.9489730925490306
      },
      "test": {
        "mse": 0.08084495432753233,
        "mae": 0.12709634806137343,
        "r2": 0.7802037372947254,
        "mape": 0.9237031599369003,
        "gini": -0.3427513246099279,
        "adj_r2": 0.7775766903301204
      }
    },
    "BHmax (J/m^3)": {
      "train": {
        "mse": 0.012298005603609954,
        "mae": 0.08523175534827371,
        "r2": 0.9883826736832072,
        "mape": 0.6249108350709358,
        "gini": -0.3518416996717716,
        "adj_r2": 0.9883483028952877
      },
      "test": {
        "mse": 0.026051816281807576,
        "mae": 0.10344086410052042,
        "r2": 0.9790360516141663,
        "mape": 0.7996645848163026,
        "gini": -0.35292729269134365,
        "adj_r2": 0.9787854864940169
      }
    }
  }
}