{
  "train": {
    "mse": 0.0020630980380748776,
    "mae": 0.017775368974842203,
    "r2": 0.9983348594469575,
    "mape": 0.1364128063644402,
    "gini": -0.3497175885745296,
    "adj_r2": 0.9983299329956172
  },
  "test": {
    "mse": 0.05307855754170648,
    "mae": 0.06404516051634591,
    "r2": 0.9165074847318581,
    "mape": 0.5221346732474725,
    "gini": -0.3506773030762984,
    "adj_r2": 0.9155095662226771
  },
  "per_variable": {
    "Hc (A/m)": {
      "train": {
        "mse": 0.005640163211736526,
        "mae": 0.04040098807841647,
        "r2": 0.9958318340122995,
        "mape": 0.3111514059549204,
        "gini": -0.3547695717572,
        "adj_r2": 0.9958195021602648
      },
      "test": {
        "mse": 0.08007571513733439,
        "mae": 0.12197310005698649,
        "r2": 0.948800627624782,
        "mape": 0.9932469071991814,
        "gini": -0.3562829318900619,
        "adj_r2": 0.9481886829350383
      }
    },
    "Mr (A/m)": {
      "train": {
        "mse": 0.00011184206451522926,
        "mae": 0.004422571937815858,
        "r2": 0.9995858297742275,
        "mape": 0.03159431489377313,
        "gini": -0.3424375936483727,
        "adj_r2": 0.9995846044185299
      },
      "test": {
        "mse": 0.0708335610116119,
        "mae": 0.04190495111749099,
        "r2": 0.8074220943785452,
        "mape": 0.3308190796241849,
        "gini": -0.34271631844643546,
        "adj_r2": 0.8051203664229103
      }
    },
    "BHmax (J/m^3)": {
      "train": {
        "mse": 0.00043728883797287894,
        "mae": 0.008502546908294249,
        "r2": 0.999586914554346,
        "mape": 0.06649269824462703,
        "gini": -0.3519456003180162,
        "adj_r2": 0.9995856924080571
      },
      "test": {
        "mse": 0.008326396476173116,
        "mae": 0.028257430374560247,
        "r2": 0.9932997321922474,
        "mape": 0.24233803291905157,
        "gini": -0.3530326588923979,
        "adj_r2": 0.9932196493100831
      }
    }
  }
}