{
  "train": {
    "mse": 1.6551406151335446,
    "mae": 0.8528911481115555,
    "r2": 0.4562319731995788,
    "mape": 103.6015646768939,
    "gini": -0.35936835346446405,
    "adj_r2": 0.4559554223912887
  },
  "test": {
    "mse": 1.6506544349318808,
    "mae": 0.8533038324592764,
    "r2": 0.47431032763312403,
    "mape": 8.974638744129825,
    "gini": -0.360048131126252,
    "adj_r2": 0.47323913115351746
  },
  "per_variable": {
    "Hc (A/m)": {
      "train": {
        "mse": 0.7994986625898357,
        "mae": 0.6182463487335893,
        "r2": 0.5981338885545535,
        "mape": 5.4655919697439455,
        "gini": -0.35940377892693537,
        "adj_r2": 0.597929506552547
      },
      "test": {
        "mse": 0.7696215352473949,
        "mae": 0.6123006421415954,
        "r2": 0.6135194179203972,
        "mape": 5.181255447448528,
        "gini": -0.3596475927997696,
        "adj_r2": 0.612731887442395
      }
    },
    "Mr (A/m)": {
      "train": {
        "mse": 0.8459389289604555,
        "mae": 0.6400542930913947,
        "r2": 0.38293075494455364,
        "mape": 287.22062205357236,
        "gini": -0.34735934422745796,
        "adj_r2": 0.3826169244321287
      },
      "test": {
        "mse": 0.8248794715850555,
        "mae": 0.6461705267348897,
        "r2": 0.41099598782214586,
        "mape": 4.97306062398393,
        "gini": -0.3480582695769363,
        "adj_r2": 0.40979577587680127
      }
    },
    "BHmax (J/m^3)": {
      "train": {
        "mse": 3.3199842538503366,
        "mae": 1.3003728025096857,
        "r2": 0.38763127609963066,
        "mape": 18.118480007365335,
        "gini": -0.3713419372389987,
        "adj_r2": 0.38731983618919186
      },
      "test": {
        "mse": 3.3574622979631905,
        "mae": 1.3014403285013416,
        "r2": 0.3984155771568295,
        "mape": 16.76960016095701,
        "gini": -0.37243853100205004,
        "adj_r2": 0.39718973014135683
      }
    }
  }
}