{
  "train": {
    "mse": 1.6547445643645828,
    "mae": 0.8504378088879413,
    "r2": 0.4564197182652263,
    "mape": 103.19980823229942,
    "gini": -0.3593687748628378,
    "adj_r2": 0.45614326294075846
  },
  "test": {
    "mse": 1.6495501346119186,
    "mae": 0.8504247938704927,
    "r2": 0.4747245200681694,
    "mape": 8.94988985189519,
    "gini": -0.36004824603790214,
    "adj_r2": 0.47365416758741163
  },
  "per_variable": {
    "Hc (A/m)": {
      "train": {
        "mse": 0.7990543233631006,
        "mae": 0.6151693847526574,
        "r2": 0.5983572346157369,
        "mape": 5.443620040985724,
        "gini": -0.35939094669909577,
        "adj_r2": 0.5981529662035898
      },
      "test": {
        "mse": 0.7691064949889385,
        "mae": 0.6091155221491751,
        "r2": 0.6137780555101298,
        "mape": 5.158328478511135,
        "gini": -0.35963529531237337,
        "adj_r2": 0.6129910520572721
      }
    },
    "Mr (A/m)": {
      "train": {
        "mse": 0.8455670143229913,
        "mae": 0.6381854047783471,
        "r2": 0.38320204767823496,
        "mape": 286.0694423162863,
        "gini": -0.3473774560214647,
        "adj_r2": 0.3828883551404998
      },
      "test": {
        "mse": 0.8239771522891539,
        "mae": 0.6436591922147739,
        "r2": 0.4116402876306139,
        "mape": 4.954334369102168,
        "gini": -0.3480710838520838,
        "adj_r2": 0.41044138857331514
      }
    },
    "BHmax (J/m^3)": {
      "train": {
        "mse": 3.319612355407659,
        "mae": 1.2979586371328224,
        "r2": 0.38769987250170657,
        "mape": 18.086362339626174,
        "gini": -0.3713379218679529,
        "adj_r2": 0.38738846747818556
      },
      "test": {
        "mse": 3.3555667565576606,
        "mae": 1.2984996672475289,
        "r2": 0.3987552170637654,
        "mape": 16.73700670807227,
        "gini": -0.3724383589492493,
        "adj_r2": 0.39753006213164876
      }
    }
  }
}