{
  "train": {
    "mse": 0.4038917593675289,
    "mae": 0.32565165608293917,
    "r2": 0.8533690315949105,
    "mape": 86.8980569342731,
    "gini": -0.36817496519496057,
    "adj_r2": 0.8532944576758233
  },
  "test": {
    "mse": 0.4046031524470442,
    "mae": 0.33215198357048714,
    "r2": 0.8594556076439607,
    "mape": 3.657407473788131,
    "gini": -0.36865371099379013,
    "adj_r2": 0.8591692207008002
  },
  "per_variable": {
    "Hc (A/m)": {
      "train": {
        "mse": 0.2399660422722379,
        "mae": 0.2814959624061742,
        "r2": 0.8793816365189203,
        "mape": 2.66052011103171,
        "gini": -0.3625703223513862,
        "adj_r2": 0.8793202921509706
      },
      "test": {
        "mse": 0.23106464703000584,
        "mae": 0.28650995757546194,
        "r2": 0.8839663455448028,
        "mape": 2.489425251369841,
        "gini": -0.3627384295306612,
        "adj_r2": 0.8837299040685823
      }
    },
    "Mr (A/m)": {
      "train": {
        "mse": 0.2569606590739266,
        "mae": 0.28301221604457355,
        "r2": 0.812560322648173,
        "mape": 251.36672301526585,
        "gini": -0.3540215036715219,
        "adj_r2": 0.8124649941409375
      },
      "test": {
        "mse": 0.24213903072714743,
        "mae": 0.28303706589904976,
        "r2": 0.8271009698797668,
        "mape": 2.2181535076850207,
        "gini": -0.3544602660169972,
        "adj_r2": 0.8267486539752935
      }
    },
    "BHmax (J/m^3)": {
      "train": {
        "mse": 0.7147485767564219,
        "mae": 0.4124467897980686,
        "r2": 0.8681651356176383,
        "mape": 6.666927676521698,
        "gini": -0.38793306956197365,
        "adj_r2": 0.8680980867355621
      },
      "test": {
        "mse": 0.7406057795839802,
        "mae": 0.4269089272369491,
        "r2": 0.8672995075073127,
        "mape": 6.264643662309531,
        "gini": -0.38876243743371197,
        "adj_r2": 0.8670291040585247
      }
    }
  }
}