{
  "train": {
    "mse": 0.06300854737727214,
    "mae": 0.10816564610938333,
    "r2": 0.9780804634515462,
    "mape": 36.51188126968448,
    "gini": -0.3691142472107076,
    "adj_r2": 0.9780693155626468
  },
  "test": {
    "mse": 0.43293522230835163,
    "mae": 0.29571826862511047,
    "r2": 0.8540922353932804,
    "mape": 3.2246961490389165,
    "gini": -0.36819186388473124,
    "adj_r2": 0.8537949195204191
  },
  "per_variable": {
    "Hc (A/m)": {
      "train": {
        "mse": 0.03317131105681053,
        "mae": 0.0905452067815241,
        "r2": 0.9833265189678164,
        "mape": 0.8918525071313154,
        "gini": -0.36307897914381293,
        "adj_r2": 0.9833180391300378
      },
      "test": {
        "mse": 0.22611086393814875,
        "mae": 0.2497919963797918,
        "r2": 0.8864539850989916,
        "mape": 2.1868936232287854,
        "gini": -0.36258905993063467,
        "adj_r2": 0.8862226126794277
      }
    },
    "Mr (A/m)": {
      "train": {
        "mse": 0.03731728793239292,
        "mae": 0.07860469164214716,
        "r2": 0.9727789443142711,
        "mape": 106.24218175683117,
        "gini": -0.3549186739489108,
        "adj_r2": 0.9727651001664335
      },
      "test": {
        "mse": 0.24673952682623326,
        "mae": 0.2159682475410563,
        "r2": 0.8238159921906466,
        "mape": 1.6986292579147189,
        "gini": -0.3540977900358641,
        "adj_r2": 0.8234569824956708
      }
    },
    "BHmax (J/m^3)": {
      "train": {
        "mse": 0.11853704314261267,
        "mae": 0.1553470399044787,
        "r2": 0.9781359270725514,
        "mape": 2.4016095450909374,
        "gini": -0.38934508853939914,
        "adj_r2": 0.9781248073914693
      },
      "test": {
        "mse": 0.8259552761606731,
        "mae": 0.4213945619544834,
        "r2": 0.8520067288902025,
        "mape": 5.788565565973246,
        "gini": -0.38788874168769505,
        "adj_r2": 0.8517051633861581
      }
    }
  }
}