{
  "train": {
    "mse": 1.2711849048591517e-11,
    "mae": 1.5543792428382888e-06,
    "r2": 0.9999999999843094,
    "mape": 1.3521317881741717e-05,
    "gini": -0.351397335038897,
    "adj_r2": 0.9999999999840389
  },
  "test": {
    "mse": 0.254802810671788,
    "mae": 0.21509533443056952,
    "r2": 0.860091604242161,
    "mape": 2.058561040834201,
    "gini": -0.3552502452398664,
    "adj_r2": 0.8498544045525631
  },
  "per_variable": {
    "Hc (A/m)": {
      "train": {
        "mse": 1.7653327406017842e-11,
        "mae": 2.0594451620413846e-06,
        "r2": 0.9999999999735001,
        "mape": 1.87472132202672e-05,
        "gini": -0.35483085217105415,
        "adj_r2": 0.9999999999730432
      },
      "test": {
        "mse": 0.13925168206775881,
        "mae": 0.24512427276344076,
        "r2": 0.866195069865709,
        "mape": 2.3586894265957454,
        "gini": -0.3587196593916259,
        "adj_r2": 0.8564044652217365
      }
    },
    "Mr (A/m)": {
      "train": {
        "mse": 2.0362081055296582e-11,
        "mae": 2.3813641434857656e-06,
        "r2": 0.9999999999797875,
        "mape": 2.0232352262802528e-05,
        "gini": -0.35521421454122054,
        "adj_r2": 0.999999999979439
      },
      "test": {
        "mse": 0.6215539557144373,
        "mae": 0.36705875323633136,
        "r2": 0.7225103016498717,
        "mape": 3.5733488258163373,
        "gini": -0.3614725360476406,
        "adj_r2": 0.7022061773803501
      }
    },
    "BHmax (J/m^3)": {
      "train": {
        "mse": 1.2013868446011307e-13,
        "mae": 2.2232842298771612e-07,
        "r2": 0.9999999999996408,
        "mape": 1.5843881621554304e-06,
        "gini": -0.34414693840441624,
        "adj_r2": 0.9999999999996346
      },
      "test": {
        "mse": 0.003602794233167713,
        "mae": 0.03310297729193646,
        "r2": 0.9915694412109025,
        "mape": 0.24364487009052088,
        "gini": -0.3455585402803328,
        "adj_r2": 0.9909525710556027
      }
    }
  }
}