{
  "train": {
    "mse": 0.25463155754003586,
    "mae": 0.30650070511239824,
    "r2": 0.7000591045791985,
    "mape": 2.714435584594682,
    "gini": -0.3485787192634911,
    "adj_r2": 0.694887709830564
  },
  "test": {
    "mse": 0.49445288167189644,
    "mae": 0.3731104388065695,
    "r2": 0.7261224864234315,
    "mape": 3.559771023594429,
    "gini": -0.354869198954376,
    "adj_r2": 0.7060826683568533
  },
  "per_variable": {
    "Hc (A/m)": {
      "train": {
        "mse": 0.2448668087496097,
        "mae": 0.3884512951391158,
        "r2": 0.6324230929359904,
        "mape": 3.609114711277608,
        "gini": -0.35111858814046054,
        "adj_r2": 0.6260855600555765
      },
      "test": {
        "mse": 0.28437040572657407,
        "mae": 0.4308414472990534,
        "r2": 0.7267525842022554,
        "mape": 4.113651748697123,
        "gini": -0.358479539755975,
        "adj_r2": 0.7067588708512009
      }
    },
    "Mr (A/m)": {
      "train": {
        "mse": 0.5104989377892023,
        "mae": 0.46676844195365547,
        "r2": 0.493251868210245,
        "mape": 4.07533217972408,
        "gini": -0.35053992798131944,
        "adj_r2": 0.4845148314552492
      },
      "test": {
        "mse": 1.192068609386366,
        "mae": 0.6209974329021748,
        "r2": 0.4678068479975145,
        "mape": 6.088158345148577,
        "gini": -0.3605900990940623,
        "adj_r2": 0.42886588565586914
      }
    },
    "BHmax (J/m^3)": {
      "train": {
        "mse": 0.008528926081295157,
        "mae": 0.06428237824442373,
        "r2": 0.9745023525913604,
        "mape": 0.45885986278235946,
        "gini": -0.34407764166869337,
        "adj_r2": 0.9740627379808666
      },
      "test": {
        "mse": 0.006919629902749058,
        "mae": 0.06749243621848033,
        "r2": 0.9838080270705243,
        "mape": 0.47750297693758564,
        "gini": -0.34553795801309084,
        "adj_r2": 0.9826232485634895
      }
    }
  }
}