{
  "train": {
    "mse": 0.25427279327028346,
    "mae": 0.3041349421932053,
    "r2": 0.7006350815728705,
    "mape": 2.6967073394553833,
    "gini": -0.3485884265356858,
    "adj_r2": 0.6954736174620579
  },
  "test": {
    "mse": 0.4950303388603153,
    "mae": 0.37080197082521654,
    "r2": 0.7262704196470539,
    "mape": 3.5441387430914872,
    "gini": -0.3548528800562965,
    "adj_r2": 0.7062414259626919
  },
  "per_variable": {
    "Hc (A/m)": {
      "train": {
        "mse": 0.24447502259979007,
        "mae": 0.3867511719686651,
        "r2": 0.6330112148701823,
        "mape": 3.5952040932048783,
        "gini": -0.351126914011976,
        "adj_r2": 0.6266838220231166
      },
      "test": {
        "mse": 0.28168293445299664,
        "mae": 0.42824695807218455,
        "r2": 0.7293349365348036,
        "mape": 4.091806994658585,
        "gini": -0.3585097661867438,
        "adj_r2": 0.7095301757934478
      }
    },
    "Mr (A/m)": {
      "train": {
        "mse": 0.510044954639702,
        "mae": 0.4642258959510182,
        "r2": 0.4937025157940962,
        "mape": 4.05616762295144,
        "gini": -0.35056500943328084,
        "adj_r2": 0.4849732488250289
      },
      "test": {
        "mse": 1.1964011375514565,
        "mae": 0.6177390147824499,
        "r2": 0.4658726121639698,
        "mape": 6.068155525000964,
        "gini": -0.3605076783353184,
        "adj_r2": 0.42679012037108954
      }
    },
    "BHmax (J/m^3)": {
      "train": {
        "mse": 0.008298402571358336,
        "mae": 0.0614277586599329,
        "r2": 0.975191514054333,
        "mape": 0.43875030220983113,
        "gini": -0.34407335616180057,
        "adj_r2": 0.9747637815380285
      },
      "test": {
        "mse": 0.007006944576492935,
        "mae": 0.06641993962101517,
        "r2": 0.983603710242388,
        "mape": 0.47245370961491623,
        "gini": -0.34554119564682745,
        "adj_r2": 0.9824039817235384
      }
    }
  }
}