{
  "train": {
    "mse": 0.31786540277656766,
    "mae": 0.4042887593002491,
    "r2": 0.47080644709560177,
    "mape": 3.3918097539731002,
    "gini": -0.3478453886898875,
    "adj_r2": 0.46168242032138795
  },
  "test": {
    "mse": 0.6745263041623234,
    "mae": 0.471038114548505,
    "r2": 0.48029029568039805,
    "mape": 4.305172617283067,
    "gini": -0.35153767664666496,
    "adj_r2": 0.4422627563399394
  },
  "per_variable": {
    "Hc (A/m)": {
      "train": {
        "mse": 0.21881379393092215,
        "mae": 0.34875932942576293,
        "r2": 0.6715320544798086,
        "mape": 3.281186111197992,
        "gini": -0.3511735330365304,
        "adj_r2": 0.6658688140398052
      },
      "test": {
        "mse": 0.31244391508808605,
        "mae": 0.39572867704652687,
        "r2": 0.6997771545129131,
        "mape": 3.8695725075079928,
        "gini": -0.3566528707191884,
        "adj_r2": 0.6778096292333702
      }
    },
    "Mr (A/m)": {
      "train": {
        "mse": 0.4695063323191824,
        "mae": 0.4417554231024811,
        "r2": 0.5339432873326581,
        "mape": 3.9035602276216204,
        "gini": -0.3507720435097848,
        "adj_r2": 0.5259078267694279
      },
      "test": {
        "mse": 1.4497340702816612,
        "mae": 0.6324456149293751,
        "r2": 0.35277337365191563,
        "mape": 6.3071754367544015,
        "gini": -0.35478527788985714,
        "adj_r2": 0.305415327821568
      }
    },
    "BHmax (J/m^3)": {
      "train": {
        "mse": 0.2652760820795986,
        "mae": 0.42235152537250337,
        "r2": 0.2069439994743385,
        "mape": 2.990682923099689,
        "gini": -0.3415905895233473,
        "adj_r2": 0.19327062015493057
      },
      "test": {
        "mse": 0.26140092711722274,
        "mae": 0.38494005166961326,
        "r2": 0.3883203588763652,
        "mape": 2.73876990758681,
        "gini": -0.34317488133094937,
        "adj_r2": 0.34356331196487977
      }
    }
  }
}