{
  "train": {
    "mse": 0.03210615834015728,
    "mae": 0.088519920766989,
    "r2": 0.9634621323683014,
    "mape": 0.7872885327346597,
    "gini": -0.3511859079813817,
    "adj_r2": 0.9628321691332721
  },
  "test": {
    "mse": 0.34853152757123973,
    "mae": 0.2706497639393548,
    "r2": 0.8139650219850311,
    "mape": 2.5917770325606546,
    "gini": -0.35531275123258926,
    "adj_r2": 0.8003527065205212
  },
  "per_variable": {
    "Hc (A/m)": {
      "train": {
        "mse": 0.021643042677686686,
        "mae": 0.1001727800358765,
        "r2": 0.9675109798361714,
        "mape": 0.9283636287556738,
        "gini": -0.3545763831628025,
        "adj_r2": 0.9669508243161054
      },
      "test": {
        "mse": 0.15665953912385946,
        "mae": 0.27658268274941217,
        "r2": 0.8494681114362527,
        "mape": 2.6423058500662004,
        "gini": -0.3585416702388935,
        "adj_r2": 0.838453583004759
      }
    },
    "Mr (A/m)": {
      "train": {
        "mse": 0.07317419525985873,
        "mae": 0.1379742247383306,
        "r2": 0.9273634399637796,
        "mape": 1.2367059335620054,
        "gini": -0.35484411104657504,
        "adj_r2": 0.9261110854803964
      },
      "test": {
        "mse": 0.8832777758737562,
        "mae": 0.4785789447805911,
        "r2": 0.6056649928245518,
        "mape": 4.723975028538444,
        "gini": -0.36187424205713875,
        "adj_r2": 0.5768112118117141
      }
    },
    "BHmax (J/m^3)": {
      "train": {
        "mse": 0.0015012370829264271,
        "mae": 0.027412757526759934,
        "r2": 0.9955119773049528,
        "mape": 0.19679603588629974,
        "gini": -0.3441372297347676,
        "adj_r2": 0.995434597603314
      },
      "test": {
        "mse": 0.005657267716103128,
        "mae": 0.05678766428806116,
        "r2": 0.9867619616942885,
        "mape": 0.409050219077318,
        "gini": -0.3455223414017353,
        "adj_r2": 0.9857933247450902
      }
    }
  }
}