composition,Ms
Ac(CoO2)2,104130.56286140664
Ac(CuO2)2,300206.8208203381
Ac(FeO2)2,867219.4620671746
Ac(GeO2)2,77015.4147899853
Ac(HgO2)2,76045.78885396691
Ac(MoO2)2,450073.3641352286
Ac(NiO2)2,305831.3323107174
Ac(OsO2)2,94228.55465075014
Ac(PbO2)2,68658.91128483858
Ac(PdO2)2,93285.5240050397
Ac(ReO2)2,277893.3179431484
Ac(RhAu)2,69199.5354698756
Ac(RuO2)2,95757.57645291182
Ac(SnO2)2,72654.66030940415
Ac(TcO2)2,281997.01308329246
Ac(WO2)2,341479.32257664605
Ac2AgTe,68970.67952134987
Ac2AsAu,81778.77857726958
Ac2AsOs,84549.0661514254
Ac2AsPd,56340.42700700407
Ac2BTe,68439.04210748638
Ac2BiAu,66562.18360101731
Ac2BiPd,59982.00086937291
Ac2BiRu,57771.49636065198
Ac2Cl3,72310.61334518563
Ac2Co2O5,57067.90818479594
Ac2CoHg,59110.05114994289
Ac2CoPb,76072.62398651788
Ac2CoSn,78791.60624689699
Ac2Cr2O5,500807.8157992781
Ac2CrAs,276598.0127918673
Ac2CrAu,300536.8746211208
Ac2CrBi,244741.80848704765
Ac2CrPd,310831.8091504497
Ac2CrPt,326367.06121750164
Ac2CrSb,243764.3439571442
Ac2CrSn,301150.4357294848
Ac2CrTe,269317.32306938793
Ac2Cu2O5,67990.48952286906
Ac2F,50697.25502082585
Ac2F3,218646.84412098196
Ac2Fe2O5,593076.9160588931
Ac2FeAs,103855.14598229452
Ac2FeAu,142650.55392112755
Ac2FeBi,94091.96062181312
Ac2FeSb,96479.6338594937
Ac2FeSn,153980.85834148177
Ac2FeTe,106112.87620667218
Ac2GeAu,51469.69246321932
Ac2Hf2O5,61689.879404325446
Ac2Hg3(AuO4)3,76181.80299455885
Ac2I3,60830.39461762841
Ac2Mn2O5,613665.2285768243
Ac2MnAs,209459.21115866734
Ac2MnBi,209481.54357315655
Ac2MnPt,304427.54389530217
Ac2MnRh,296936.5907523029
Ac2MnSb,227759.91097796423
Ac2MnSn,226197.76155373605
Ac2MnTe,256094.97344211882
Ac2Mo2O5,161820.09535865064
Ac2N3,267868.70487091405
Ac2Nb2O5,170928.34570170642
Ac2Ni2O5,280044.2416568013
Ac2NiSb,55373.32783779063
Ac2NiTe,102312.41849195672
Ac2Np2O5,504622.2663958805
Ac2Os2O5,108430.14046154745
Ac2Pa2O5,154598.45063856602
Ac2PbAu,58068.82941329294
Ac2Pu2O5,674488.9453917689
Ac2PuAu,497195.281410332
Ac2PuBi,447256.6712089278
Ac2PuIn,445220.6616688618
Ac2PuPt,559305.1926199925
Ac2PuSb,441501.58083116944
Ac2PuTe,433141.4448030078
Ac2Re2O5,57005.25184704669
Ac2Ru2O5,50783.75111984759
Ac2SbOs,78709.33823851153
Ac2SbPd,65542.7838699609
Ac2SbRu,59945.74393438689
Ac2SnAu,56795.75324211073
Ac2Ta2O5,110809.78172586471
Ac2Tc2O5,188371.03961358994
Ac2Te2O5,50934.07810428536
Ac2TeAu,81955.67258421946
Ac2TePd,126168.1932154799
Ac2TePt,100149.797514892
Ac2ThSb,77287.2131214266
Ac2Ti2O5,112119.34075078914
Ac2TiAs,245482.01919823547
Ac2TiAu,206782.4350935545
Ac2TiBi,229006.58518144532
Ac2TiPt,228574.9279149506
Ac2TiSb,230635.8976187881
Ac2TiSn,221815.8697399298
Ac2TiTe,201739.52077971626
Ac2U2O5,369264.092442462
Ac2V2O5,356346.0933862851
Ac2VAs,308171.91159082105
Ac2VPt,298151.1409946874
Ac2VSb,276040.5188169055
Ac2W2O5,135817.3113008579
Ac2Zr2O5,98396.58494894023
Ac2ZrPt,165535.4360399456
Ac2ZrSb,141180.00029619245
Ac2ZrSn,161838.73125188873
Ac2ZrTe,151755.91333108285
Ac3Cr,220459.71388830728
Ac3Mo,106017.0535783751
Ac3Np,316815.20286089403
Ac3Pa,77048.56238108368
Ac3V,194468.33283811365
Ac4Fe4O11,653761.6731198903
Ac4Mn4O11,641079.1688698858
Ac4Ni4O11,232838.26735791622
AcAs2W,86331.82359592836
AcAsRu,227617.1462963306
AcBe2O4,120135.56925271373
AcBeO3,143847.27628710464
AcCd2O4,80549.42940574781
AcCoAs,129228.37886176119
AcCoAs2,220932.4355478239
AcCoAu,92789.80826650641
AcCoAu2,174622.82840374633
AcCoBi,111896.3840776685
AcCoGe,170517.85148926076
AcCoO3,434557.1802671164
AcCoPb,157927.8951303892
AcCoPt,182764.88726259902
AcCoSb,119385.11445868821
AcCoSi,180175.36921420402
AcCoSn,174887.8851996888
AcCoTe2,167449.84362886095
AcCr2O4,668592.4842766781
AcCrAs,469576.9173828586
AcCrAs2,310353.8793266794
AcCrAu2,479609.340221922
AcCrO3,448981.81872856925
AcCrPd2,491337.0059123743
AcCrPt,527821.7168112119
AcCrPt2,496200.1278256048
AcCrRh2,556952.3791347506
AcCrSb2,289795.049744979
AcCrSn,501754.99781013484
AcCrSn2,348078.15073935356
AcCrTe,345191.13681661605
AcCrTe2,386558.8459403876
AcFeAs,243597.43480001227
AcFeAs2,244208.41277789572
AcFeAu2,297451.5060894432
AcFeO3,650231.3581250551
AcFePd2,333409.91982520936
AcFePt,341731.8916902762
AcFePt2,395831.87586485955
AcFeTe2,247266.6334698709
AcHfBi2,79257.05805294213
AcHfSb2,69818.82130529713
AcMg2O4,97179.19252714839
AcMgO3,136557.06117333967
AcMn2O4,832342.8543363523
AcMnAs,363844.80753619457
AcMnAs2,405199.92539009114
AcMnAu2,413522.57432794693
AcMnBi,320703.08379205555
AcMnGa2,404993.66010676994
AcMnGe,431842.1856209199
AcMnO3,554455.9823764254
AcMnPd2,485077.638208936
AcMnPt,468964.08326380793
AcMnPt2,520093.9406235859
AcMnRh2,526529.5697395598
AcMnSb2,342088.8537729405
AcMnSn,423768.46907921036
AcMnTe2,331857.5632538199
AcMoAs2,79829.64155437906
AcMoO3,113001.59949759037
AcMoPt2,355557.6443460824
AcNb2O4,200261.3189168573
AcNbAs2,182478.50027796137
AcNbAu2,256639.70465692936
AcNbBi2,130042.7600021133
AcNbGe2,202264.55593112775
AcNbPd2,244135.1407879065
AcNbPt2,172374.75435018685
AcNbSb2,137219.75257770944
AcNbSn2,197839.77812948666
AcNiGe,116253.01657051574
AcNiO3,157513.67888360453
AcNiTe,53633.698334362256
AcNiTe2,80531.07902548564
AcNp2O4,592840.4591783552
AcNpAs,534961.2837050073
AcNpAs2,362015.8025610645
AcNpAu2,396791.368365971
AcNpGa2,385151.7612640265
AcNpO3,384440.67600831133
AcNpPd2,461611.10205010563
AcNpPt,529698.9161675626
AcNpRh2,390107.20162449236
AcNpSb2,312659.1433203235
AcNpSn2,361160.2096978411
AcNpTe2,427054.18632496236
AcO3,93175.37802021735
AcOsO3,107406.15381295777
AcPa2O4,203043.58699878864
AcPaAs,211834.52876121967
AcPaAs2,137297.8392314495
AcPaAu2,122061.03488064656
AcPaGe2,126685.52702527432
AcPaIr,104757.88642474687
AcPaO3,149101.793647404
AcPaPb2,187013.70093779438
AcPaPt,169083.001360335
AcPaPt2,127037.69726287252
AcPaSb2,132354.61630740392
AcPaSn2,180411.7837190101
AcPaTe2,128698.12574300304
AcPu2As,1169966.7512690548
AcPu2O4,755690.2597050284
AcPu2Pt,1135328.5747088806
AcPu2Sb,1065557.8121424636
AcPu2Sn,1113333.094539613
AcPu2Te,1023709.6612842422
AcPuAs,670168.6936431904
AcPuAs2,453375.8625170515
AcPuAu2,517267.8158536196
AcPuGa2,527025.1962280095
AcPuGe,711856.3045745146
AcPuGe2,518678.7079901967
AcPuIn2,480036.9027348129
AcPuIr,606647.5828933489
AcPuO3,498647.60443223856
AcPuPb2,449457.8919380136
AcPuPd2,592729.275890919
AcPuPt,668359.8560055837
AcPuRh2,508662.2059399794
AcPuSb2,407357.46234949026
AcPuSi,679765.2332106236
AcPuSi2,534166.3767799225
AcPuSn2,457570.6549569131
AcPuTe,630995.739384911
AcPuTe2,507431.8780644711
AcPuTl2,466714.1787439897
AcPuZn2,579793.8677213643
AcReO3,194972.90356496198
AcRuO3,117703.85836393405
AcS,60853.91652542721
AcTa2O4,152430.5937249015
AcTaAs2,183910.66714681016
AcTaSb2,136440.04671700488
AcTcO3,228427.08025442224
AcTcTe2,174140.6209569529
AcTe2Mo,87984.85619515425
AcTe2Ru,253152.01265006824
AcTeRh,61489.54168626748
AcTi2O4,207605.84737588264
AcTiAs,204333.20858138517
AcTiAs2,140035.36031915326
AcTiAu2,199215.4431335696
AcTiBi2,158001.6357110895
AcTiGa2,121002.57723555798
AcTiGe,247399.5469710135
AcTiGe2,197278.6687559133
AcTiIn2,167588.7094560827
AcTiIr,169124.5854290396
AcTiO3,75265.49926631598
AcTiPb2,201732.69620606027
AcTiPd2,185897.57305546588
AcTiPt,218452.44147471336
AcTiPt2,162226.08750754548
AcTiSb2,149839.79749508656
AcTiSi2,196912.78455074015
AcTiSn2,198423.2880268547
AcTiTe,228318.6135495206
AcTiTe2,84880.47732821325
AcU2O4,440821.1801657124
AcUAs2,258126.27959294445
AcUO3,274949.9034493584
AcUPd2,311568.9489414951
AcUPt,388079.65292985743
AcUSb2,228661.54482225783
AcUSn2,276771.6765743096
AcUTe2,330120.18691606366
AcV2O4,502139.32626442594
AcVAs,488490.5653480567
AcVAs2,216502.00096258902
AcVAu2,371048.32060343144
AcVBi2,208106.3635131946
AcVGa2,359791.10482723056
AcVGe2,302919.9687510782
AcVO3,274605.89178708754
AcVPd2,377172.16602292116
AcVPt,432984.7338853722
AcVSb,483561.3845002675
AcVSb2,193471.78511595473
AcVSn2,271638.8702249569
AcVTe,431668.7337378812
AcVTe2,306744.48315333226
AcZn2O4,95805.80208783728
AcZrAs,91438.06180011283
AcZrAs2,89407.52370872191
AcZrAu2,85250.99577031193
AcZrBi2,106627.15064607249
AcZrGe2,95489.2510572582
AcZrPb2,149854.32172904655
AcZrSb2,95303.66694821042
AcZrSn2,149628.55319922284
Ag(IrO2)2,103458.91555383457
Ag(MoO2)2,308943.4991171982
Ag(OsO2)2,310460.9803033711
Ag(RhO2)2,108118.81569529106
Ag(RuO2)2,322072.41801474127
Ag(WO2)2,290579.761622811
Ag2(MoO4)3,74335.62922317258
Ag2F3,60815.87201750267
Ag2IO6,85906.10665652662
Ag2Ir2O5,85892.26789870068
Ag2Mo2O5,127637.13984251219
Ag2Os2O5,134430.90643754334
Ag2Rh2O5,167867.1227392392
Ag2Ru2O5,132667.75406657503
Ag2W2O5,111849.17205896044
Ag3HSN3O2,137733.7841075091
Ag3IrO4,73943.69861557712
Ag3Ru,222925.670239207
Ag3RuO4,253753.8219742254
Ag3S(NO)3,138056.81884012383
Ag3Te(PO7)2,133046.73358989359
AgBO3,218013.59127601486
AgBi2WO8,52489.816500648376
AgBrO2,157094.2671747882
AgC2N3,84459.70324378418
AgC2S2N4Cl,85826.45609938317
AgCNO,102062.46827024393
AgClO2,75995.77967844023
AgH8O5,75906.76785565013
AgHO2,124207.6512056264
AgIrF7,172386.3264583163
AgMo5P8O33,67617.5360857997
AgMoO3,62028.29665695781
AgO2,144117.993068687
AgP4(RuO7)2,109931.31712743257
AgPbF6,76375.36717978887
AgPtF6,85851.10464924094
AgPtO3,138185.35991063048
AgRh,117784.66743534786
AgRhF6,165985.0511071184
AgRhO3,55024.89277096667
AgRuF7,247908.17328787158
AgRuO3,83363.97298266465
AgS8N9(ClO6)2,99154.22657745267
AgSbWO7,69519.56941032565
AgW2(Br3O)2,92154.57452392082
AgWS4N,129546.764056354
Al(BiO3)3,342818.58381145645
Al(CoO2)2,776951.0753815671
Al(CoO2)3,537165.5835415563
Al(CoS2)2,82512.3074452928
Al(CuO2)2,116080.9040197213
Al(CuO2)3,419169.9852287212
Al(FeB)2,539084.132964669
Al(FeO2)2,1127379.0621691318
Al(FeO2)3,1240478.4744112538
Al(FeS2)2,396709.7838224871
Al(Ni4Pt)3,336777.1108936263
Al(NiO2)2,415823.98835517414
Al(NiPd)2,97196.01454508366
Al(NiPt)2,127691.99060461496
Al(NiS2)2,204113.4451209774
Al(OF)3,509235.4654843434
Al(OsO2)2,136282.90854686906
Al(RuO2)2,124007.90346970064
Al(SiO3)2,56631.483293770434
Al(V4Ge)3,176466.94237882804
Al(V4Si)3,192791.37853491327
Al(V4Sn)3,145545.4157855116
Al(WF5)3,182534.44984623534
Al(WO2)2,224466.64229543143
Al10(Bi2O9)3,98904.4757998768
Al10(Cu2O7)3,109256.76616397515
Al11Cr4,207271.8632323631
Al11H2NO17,58575.48584297477
Al11NO17,105474.50311494061
Al11O18,87719.62220738873
Al12Fe7,467070.2823705199
Al12Ga(S2O33)2,208313.85580844915
Al13(CrSi)4,54440.431574133065
Al15Fe9O32,611481.6844218364
Al16As9O76,183173.18013371393
Al19CrO30,63069.527706065324
Al2(BiO3)3,139584.1006966955
Al2(CuO2)3,220653.7776071441
Al2(FeO3)3,667369.6128222012
Al2(SeO4)3,67039.49878516253
Al2Bi2O7,159936.06000469704
Al2Co2Mo3,126210.70788299714
Al2Co2O5,503537.0593285888
Al2Co2O7,188206.271560441
Al2Co2W3,124493.51304634898
Al2Co3GeO8,581074.9225137198
Al2CoCl8,63935.35032881379
Al2CoMo,210213.62158936687
Al2CoN3,291139.34930194455
Al2CoO4,406473.5065071562
Al2CoOs,88437.02881687306
Al2CoPd,85723.60093401295
Al2CoPt,112415.11848785383
Al2CoRe,142428.8171647261
Al2CoTc,201636.39445226162
Al2Cr2O5,699261.6615793568
Al2Cr3(SiO4)3,548538.8986337164
Al2Cr3Co2,161639.78924251036
Al2Cr3CuS8,336488.93402602273
Al2Cr3Ir2,97619.31682158669
Al2Cr3Rh2,196091.28416355065
Al2CrAu,490773.4318654784
Al2CrAu2,400214.69962949393
Al2CrCo,551738.324217288
Al2CrCoCu4,392381.0948031158
Al2CrCu,521577.0433233497
Al2CrCu4Ni,305067.85092423845
Al2CrCu5,296581.362619168
Al2CrFe,367885.7733241967
Al2CrFeCo4,802502.8772792881
Al2CrFeCu4,540603.8315924762
Al2CrIr,485549.3235503667
Al2CrN3,421205.4815938606
Al2CrNi,501188.2909301978
Al2CrO5,246031.95392387937
Al2CrOs,343791.5840679684
Al2CrPd,482778.8437529335
Al2CrPt,418814.31336176314
Al2CrRe,260554.99019906681
Al2CrRh,502393.9432887003
Al2CrRu,434910.3548941122
Al2CrS4,263619.64220383734
Al2CrTc,106015.533433003
Al2Cu3(SiO4)3,141058.7459886216
Al2CuO4,136958.64738852408
Al2Fe(PO4)3,162756.52619788135
Al2Fe(PO8)2,315032.3485042278
Al2Fe2Bi2O9,464686.43510039395
Al2Fe2O5,871212.8585510857
Al2Fe2O7,369567.95405050664
Al2Fe3(BiO4)3,547541.8435650157
Al2Fe3(PO5)3,461192.8134137249
Al2Fe3F15,521191.709404338
Al2FeAg,242875.77327928724
Al2FeAu,238968.41276544065
Al2FeCo,95679.03333800813
Al2FeCoCu4,299578.71014756395
Al2FeCu,130296.77767587481
Al2FeCu4Ni,217751.06483136732
Al2FeCu5,230974.5431789243
Al2FeIr,56513.719700846894
Al2FeMo,405221.60329530365
Al2FeN3,696934.216524556
Al2FeO4,529274.6167264489
Al2FeOs,345736.7606800003
Al2FeP2(HO)18,113913.69029584766
Al2FePd,206030.78859422437
Al2FeRe,380844.8591669472
Al2FeRu,359691.9449443481
Al2FeS4,243853.4886781543
Al2FeSiO5,292528.82693911035
Al2FeTc,346798.47894290416
Al2HPb(CO5)2,210846.44844708586
Al2Ir3,56700.35237258941
Al2IrW,164652.47479285073
Al2Mo2O5,267952.85147199774
Al2Mo2O7,295656.6227697867
Al2MoIr,231535.94942037854
Al2MoRh,258368.20493142516
Al2MoRu,349724.51528303896
Al2Ni2O5,292116.430161583
Al2Ni9Pd,157011.30037039373
Al2NiCl8,74544.84039892319
Al2NiN3,144552.44895626215
Al2NiO4,276843.3895933624
Al2NiPt2,72177.05404637614
Al2Os2O5,81286.2059204951
Al2P2NO11,81045.43644275052
Al2P2NO8,146109.99248062656
Al2P3O13,94269.0677445397
Al2Re2O5,172024.92392386732
Al2RhW,244992.83378295603
Al2Ru2O5,111054.90943481539
Al2RuW,250947.20687716105
Al2Si2H8N2O9,76160.4648072424
Al2Si2O11,84560.85188393916
Al2Si3(NiO4)3,285962.05505438906
Al2Si3(WO4)3,545084.9894437799
Al2Tc2O5,395361.81811946037
Al2TcMo,155392.50729667436
Al2V2O5,493549.4200143445
Al2V2O7,171378.5669488366
Al2V3(SiO4)3,410573.9176461111
Al2VAu,283635.23294843896
Al2VCl8,95685.07760970415
Al2VCo,406412.80149423867
Al2VCoCu4,233488.78499618196
Al2VCr,51113.09405862272
Al2VCrCu4,390870.1237057138
Al2VCu,345036.24255269766
Al2VCu4Ni,67134.85221389233
Al2VFe,385464.615798809
Al2VFeCu4,395221.13699429185
Al2VIr,430091.95633357344
Al2VNi,406696.75878868566
Al2VOs,349560.51645935455
Al2VPd,413607.1718854759
Al2VPt,442368.81391478644
Al2VRe,272449.6104328286
Al2VRh,431131.8616233702
Al2VRu,352095.786713438
Al2VTc,277709.74299671024
Al2W2O5,183487.28530009565
Al2W2O7,257052.1313247294
Al2ZnCrCu4,291742.0857355298
Al2ZnFe,117866.06296183012
Al2ZnFeCu4,230756.71207620535
Al3(Co10B3)2,52483.14378062378
Al3(MoSe2)4,61121.145310904256
Al3(O2F)2,100493.51757003444
Al3(PO8)2,264631.10608617094
Al3(SiO5)2,178878.89869426118
Al39Fe7Cu24,130254.2070728804
Al3Cr,356931.33216723945
Al3Cr3(SbO8)2,171838.91873399244
Al3CrO6,316274.97805128567
Al3P3H7O12,104559.17713415642
Al3Si3(PbO8)2,169509.66727187147
Al3Tl4Fe(As2O7)4,71383.00119110728
Al3V,60894.996783712326
Al3ZnNi12,174471.14873472892
Al4(CoO4)3,658458.1313549608
Al4(FeO4)3,549512.4423129678
Al4(NiO4)3,179297.34020021214
Al4Co(BO5)2,65438.06066308354
Al4Co13Si2(SbO14)2,661901.3712912615
Al4Cr13Si2(SbO14)2,771310.3719311035
Al4CrS8,76585.67243906729
Al4Fe2CuP4(H8O13)2,211634.26758190113
Al4Ni15,209394.0783496528
Al4Ni15Ge,122748.91911216502
Al4Ni15Sb,100902.82408166125
Al4Ni15Sn,114815.41674860292
Al4Si2Ni13(SbO14)2,454100.97090934817
Al4V13Si2(SbO14)2,556884.0913122259
Al4Zn3Cr2O12,261830.86723233125
Al5(CoO4)3,510501.5611052227
Al5(CuO4)3,271064.0318959404
Al5(FeO4)3,684258.0198394904
Al5(NiO4)3,242844.96344202565
Al6B5O18,95063.76468785219
Al6Cu2B4O17,56840.23663235401
Al7Cr(Bi2O9)2,74313.97026572617
Al8Cr5,114333.02818206725
Al8Fe5,412670.95868903707
Al9Cr(BO9)2,81024.04223677577
Al9Fe2(SiO6)4,220833.29407311603
Al9Fe2Si4HO24,203505.92474344352
AlAgRh2,56117.12076584726
AlAsO6,331470.7596755555
AlBi(WO4)2,118054.47441914608
AlC2Br5(NO3)2,166105.19258578244
AlC4NCl2,78333.53842103787
AlC6,181527.19760815342
AlCdCoAu,155361.6030547073
AlCdCoNi,74714.61771255823
AlCdCoPd,112679.38673219614
AlCdCoPt,138831.83614539838
AlCdFeIr,348223.29572363396
AlCdFePd,366730.92742278415
AlCdFePt,368983.84852471866
AlCdFeRh,387759.11986656114
AlCo,119920.08619770034
AlCo(OF)6,645099.3075892073
AlCo(WO4)2,211993.4403403799
AlCo2As,313203.35838284914
AlCo2Cu,377349.12487095397
AlCo2Ge,228252.5506665888
AlCo2Ir,639958.3110145244
AlCo2Mo,342210.930278948
AlCo2Ni,533331.4012809616
AlCo2Os,467145.0888083611
AlCo2Pd,238522.69858314333
AlCo2Pt,529047.4418822685
AlCo2Re,357073.4849210959
AlCo2Rh,627275.117435153
AlCo2Ru,755505.2651012591
AlCo2Sb,231531.2052757038
AlCo2Si,345934.66586785077
AlCo2Sn,208010.38300137487
AlCo2Tc,707769.7026219995
AlCo2W,333358.55182891106
AlCo3,758957.8623629578
AlCo3(SiO4)3,593387.4606937103
AlCo3Se2ClO8,227747.71240252285
AlCo4,962567.7179944366
AlCo4(CuO4)3,411769.2512718508
AlCoAgPd,100474.03002954414
AlCoAgPt,122986.936818929
AlCoAgRh,243261.50490343285
AlCoAu2,178019.58939762047
AlCoCu2,68955.37714737083
AlCoCuAu,119947.79170495369
AlCoCuIr,332763.2894012413
AlCoCuOs,422340.4632579184
AlCoCuPd,206741.15327206417
AlCoCuPt,213438.66507273464
AlCoCuRh,341066.9337243715
AlCoCuRu,396761.5672482749
AlCoCuTc,359292.5877727008
AlCoF5,329080.9255833158
AlCoHgPd,100908.5622975113
AlCoHgPt,135743.56997873806
AlCoIr,389165.0854401512
AlCoIr2,233147.4367184328
AlCoIrAu,221710.9818709756
AlCoIrPd,338586.85819984984
AlCoIrPt,345982.6916699424
AlCoIrRh,453625.1939555451
AlCoIrRu,471843.6455416831
AlCoIrW,219684.59423214718
AlCoMoIr,293307.3685871925
AlCoMoOs,316529.9077329312
AlCoMoPd,100641.24801753426
AlCoMoPt,119683.584669161
AlCoMoRh,280408.1644714759
AlCoMoRu,169346.92682438836
AlCoN2,75512.2185364193
AlCoNF6,518671.6755861179
AlCoNi2,123198.2199937764
AlCoNi6,487378.4553260166
AlCoNiAu,177769.0992467007
AlCoNiIr,371126.8882917407
AlCoNiOs,354021.3641341813
AlCoNiPd,284870.70908702415
AlCoNiPt,301468.581790082
AlCoNiRh,393599.07500449015
AlCoNiRu,403231.19517245865
AlCoO3,403857.04861361755
AlCoOsPt,251093.16672273175
AlCoOsRh,363478.18461321166
AlCoOsRu,329486.8445176244
AlCoOsW,313322.1723156953
AlCoP2NO8,327075.5073600985
AlCoPd,82893.71509682779
AlCoPd2,137759.81445386246
AlCoPdAu,180534.00658317702
AlCoPdPt,259386.54186402351
AlCoPdRh,338661.77052835
AlCoPdRu,367912.34784594155
AlCoPdW,60103.619413512504
AlCoPt,256048.4177756219
AlCoPt2,134604.48331787804
AlCoPtAu,112534.06795362063
AlCoPtRh,349748.18502999644
AlCoPtW,73470.22699441107
AlCoReIr,159688.08414450675
AlCoReMo,155655.1527857691
AlCoReNi,123871.96153018398
AlCoReOs,360571.2414336025
AlCoReRh,183957.09744480936
AlCoReRu,296397.2993683852
AlCoReTc,309543.3201845555
AlCoReW,150422.60299939665
AlCoRh,329522.80308333255
AlCoRh2,222186.7184293364
AlCoRhAu,245946.79967196484
AlCoRhW,259818.46469455512
AlCoRu,409683.6612956519
AlCoRu2,230247.94834605817
AlCoRuPt,400646.0400143956
AlCoRuRh,460735.2591928352
AlCoTc,157587.1338557748
AlCoTc2,315295.86087384366
AlCoTcIr,285651.2594626198
AlCoTcMo,231182.12866801315
AlCoTcNi,169164.0759532586
AlCoTcOs,326095.05824935716
AlCoTcPd,288230.63239832805
AlCoTcPt,313112.5569248206
AlCoTcRh,326119.7238543381
AlCoTcRu,310300.7591002984
AlCoTcW,147921.09330031797
AlCr,900768.9974869748
AlCr(WO4)2,277654.5658766785
AlCr2C,211538.88462150848
AlCr2Fe,198475.59242608104
AlCr2Mo,507003.22118862806
AlCr2Ni,184983.83468915147
AlCr2O4,881642.2639268083
AlCr2Pt,626651.4363330427
AlCr2Re,342131.2636972845
AlCr2Si,803697.5007657383
AlCr2Tc,366094.5929781875
AlCr2W,339523.6803753843
AlCr3,530275.0286509299
AlCr3O6,762523.7645027031
AlCr3O8,326820.8448195004
AlCr4(CuO4)3,565481.2609911447
AlCr4AgS8,428556.42539969867
AlCr4CuS8,447764.491800308
AlCrAgPd,521835.371275688
AlCrAgPt,505191.78750643134
AlCrAgRh,590946.9172799631
AlCrAu2,513768.25206820644
AlCrCdIr,486413.9334648002
AlCrCdPd,500702.6094909486
AlCrCdPt,490241.40819346404
AlCrCdRh,495423.792521448
AlCrCo2,605515.8910959584
AlCrCoAu,717610.5175250247
AlCrCoCu,210895.62979250215
AlCrCoIr,356061.9307982838
AlCrCoNi,62535.79752128094
AlCrCoOs,338526.9146897075
AlCrCoPd,697393.4615029634
AlCrCoPt,693128.0629225521
AlCrCoRe,179713.34791660204
AlCrCoRh,551320.0426073588
AlCrCoRu,373650.35357838403
AlCrCoTc,180824.8627632424
AlCrCu2,527221.3555562126
AlCrCuAu,532657.4618694042
AlCrCuIr,365526.70781281544
AlCrCuNi,554886.0193291373
AlCrCuPd,546889.4889954266
AlCrCuPt,535420.605108724
AlCrCuRh,346539.6449008032
AlCrCuRu,145933.2621943246
AlCrCuTc,178338.66554954348
AlCrF5,445988.44696045737
AlCrFe2,211592.09838702527
AlCrFeCo,392918.2413956907
AlCrFeIr,354143.3589603384
AlCrFeMo,190016.5944487413
AlCrFeNi,406461.32975256327
AlCrFeOs,466546.92130903015
AlCrFePd,320240.462804924
AlCrFePt,527760.9794749086
AlCrFeRh,350578.8867890297
AlCrFeRu,319812.93933569524
AlCrFeW,178603.64221743422
AlCrHgPd,491877.77122679434
AlCrHgPt,497891.2123337424
AlCrHgRh,487990.8916387822
AlCrIr2,334372.16525025223
AlCrIrAu,541443.0533714669
AlCrIrPt,378301.0661402858
AlCrIrRh,245769.78128985828
AlCrIrRu,347398.4819031742
AlCrMoOs,182037.15624716162
AlCrMoPt,219600.66788842995
AlCrMoRu,177288.7541533823
AlCrN2,615388.1373099231
AlCrNi,218172.07703896984
AlCrNi2,420637.19504325016
AlCrNiAu,521653.8259514355
AlCrNiIr,230243.04804193586
AlCrNiMo,98711.20208339907
AlCrNiPd,596513.91409548
AlCrNiPt,586798.9599387138
AlCrNiRh,531095.2409505752
AlCrNiRu,436067.9654023683
AlCrO3,542903.5550009187
AlCrOs2,198069.6592764617
AlCrOsW,151200.32067931147
AlCrPd2,582451.6614530319
AlCrPdAu,516830.3106018272
AlCrPdPt,543658.6313171491
AlCrPdRh,51096.1006490198
AlCrPdRu,303720.68841527356
AlCrPt,459673.64016791864
AlCrPt2,533235.8299395625
AlCrPtAu,501144.3518462728
AlCrPtRh,500641.92890229216
AlCrReMo,302731.7007197549
AlCrReTc,155153.61365859004
AlCrReW,308576.48888801184
AlCrRh2,356810.570462049
AlCrRhAu,527667.3335822602
AlCrRu2,219007.43242797404
AlCrRuAu,468190.598197447
AlCrRuPt,235641.23472169717
AlCrRuRh,321400.8816284292
AlCrRuW,161351.75039042992
AlCrTc2,131713.30250040867
AlCrTcIr,250009.15029747234
AlCrTcMo,333876.9815384587
AlCrTcNi,189323.65974457882
AlCrTcOs,136851.07940004687
AlCrTcPt,298737.09096649603
AlCrTcRu,83359.59258517581
AlCrTcW,318209.1261279521
AlCu2Sb(HO)12,102265.34351531442
AlCu3(NiO3)4,200547.98175684895
AlCu3(SnO3)4,91424.46562870101
AlCu6SClO19,145297.8042535475
AlCuF5,111792.59472898788
AlCuIr2,94041.2470404939
AlCuIrRh,163143.89207047806
AlCuIrRu,143053.30546211774
AlCuMoPd,243404.39296586812
AlCuMoPt,192029.16410382342
AlCuNi6,218212.2481750213
AlCuNiMo,237426.20952480566
AlCuNiOs,187800.1569325378
AlCuNiRu,79100.00431472018
AlCuO4F,260288.11020615112
AlCuOsRh,51661.66520706179
AlCuPdRu,51112.0962279398
AlCuRuPt,153458.2474067058
AlCuRuRh,242063.56729411165
AlCuTcNi,341140.97017054807
AlCuTcPd,314239.2517476473
AlCuTcPt,316533.06130046287
AlCuTcRh,83250.78173735607
AlFe,701850.621036038
AlFe(WO4)2,497371.8007878444
AlFe2,856937.7707925162
AlFe2Au,845919.8652828097
AlFe2B,308777.1181571914
AlFe2BO5,843237.0270048311
AlFe2Co,1046604.1049688299
AlFe2Cu,805112.678762607
AlFe2Ge,73459.26161910605
AlFe2Ir,921384.3127687998
AlFe2Mo,371556.11126577016
AlFe2Ni,895854.2583789672
AlFe2Os,763089.9423686147
AlFe2Pd,847667.6005586071
AlFe2Pt,866258.3792788717
AlFe2Re,443550.7372348198
AlFe2Rh,945267.2467026252
AlFe2Ru,928938.9247150798
AlFe2Si,71862.0827038998
AlFe2Sn,60563.23863053099
AlFe2Tc,467024.88039026083
AlFe2W,144960.27992797454
AlFe3,1272208.5416720507
AlFe3(SO7)6,327906.2661069941
AlFe3(SiO4)3,728997.2387307679
AlFe3B,672642.0114321107
AlFe3C,535610.3464392972
AlFe3F15,525276.7818381018
AlFe3H,1340914.4058249798
AlFe3N,369764.0374866168
AlFe3O,1379232.4099603253
AlFe3Se2ClO8,485178.6503152435
AlFe4,1360753.2624128326
AlFe4(CuO4)3,907089.0637511404
AlFe4Hg2O2F,638402.9715293183
AlFeAgPd,413191.7084383869
AlFeAgPt,421531.20579002716
AlFeAgRh,441844.6462443905
AlFeAs,205548.67994110115
AlFeAu2,384636.42928649404
AlFeB,95152.73295310259
AlFeCo2,988988.1142280046
AlFeCoAu,620992.9348168595
AlFeCoCu,633023.5271770469
AlFeCoIr,775859.380889158
AlFeCoMo,376101.1165944814
AlFeCoNi,712531.3372722105
AlFeCoOs,750576.3109564087
AlFeCoPd,680833.548386111
AlFeCoPt,702253.055125209
AlFeCoRe,493289.58634851425
AlFeCoRh,774017.2304691115
AlFeCoRu,776031.8109335708
AlFeCoTc,564554.741510199
AlFeCoW,360917.41669521877
AlFeCu2,389204.07930192526
AlFeCuAu,400870.02802770364
AlFeCuIr,518371.2794575297
AlFeCuNi,544243.774520293
AlFeCuOs,554421.4823671379
AlFeCuPd,497590.5814801126
AlFeCuPt,478377.428409214
AlFeCuRh,534176.2399483214
AlFeCuRu,493637.9760187833
AlFeCuTc,190533.53916133632
AlFeF5,468645.896132906
AlFeGe,110393.11574437683
AlFeHgPd,347017.99134238437
AlFeHgPt,353761.4577694846
AlFeIr,484605.8840877025
AlFeIr2,500848.5228824366
AlFeIrAu,450940.66995159944
AlFeIrOs,497769.6456992608
AlFeIrPd,454924.75915059284
AlFeIrPt,444834.84334926144
AlFeIrRh,527582.5018951627
AlFeIrRu,543530.221647219
AlFeIrW,303795.262969353
AlFeMo2,160094.0214535459
AlFeMoIr,321679.08010743064
AlFeMoOs,302334.85688979103
AlFeMoPd,236307.2301214929
AlFeMoPt,252550.43852758993
AlFeMoRh,328878.0806694324
AlFeMoRu,310769.209750737
AlFeMoW,150300.0016477155
AlFeN2,259760.51571769433
AlFeNi,659903.0208906779
AlFeNi2,594828.26402367
AlFeNiAu,479504.052942511
AlFeNiIr,493217.42448982224
AlFeNiMo,244358.928962606
AlFeNiOs,457170.36645024404
AlFeNiPd,505256.3418617607
AlFeNiPt,505424.8026052584
AlFeNiRh,537133.1040802592
AlFeNiRu,595806.9837838872
AlFeNiW,224171.06730595147
AlFeO3,909792.2458032323
AlFeOs2,522939.6578171222
AlFeOsPt,569636.8725798236
AlFeOsRh,619209.7733454632
AlFeOsRu,443005.8185527326
AlFeOsW,138679.3120515519
AlFePO5,367833.635116018
AlFePd,556972.6593530817
AlFePd2,482150.89769381343
AlFePdAu,421997.46353569813
AlFePdPt,446215.95628640347
AlFePdRh,460186.5702359087
AlFePdRu,516221.36823349464
AlFePdW,238753.09155328452
AlFePt,503558.57052714913
AlFePt2,477746.5405283327
AlFePtAu,427103.8765881151
AlFePtRh,457964.0737317777
AlFePtW,294996.6547083425
AlFeRe2,151978.8238722084
AlFeReIr,428109.4770707548
AlFeReOs,333253.62164738745
AlFeRePt,482399.90921044233
AlFeReRh,446818.7242803081
AlFeReRu,304888.42315813084
AlFeReTc,273849.304819567
AlFeRh,496399.46135787433
AlFeRh2,711953.249160926
AlFeRhAu,442598.53776950354
AlFeRhW,309699.36534508894
AlFeRu2,493669.8899729441
AlFeRuPt,469402.1427027783
AlFeRuRh,620127.5865433429
AlFeRuW,138269.62684432167
AlFeSb,141081.0931732596
AlFeTc2,397960.14489774476
AlFeTcIr,351472.25345567527
AlFeTcMo,249850.96759229427
AlFeTcNi,170277.2740010548
AlFeTcOs,344437.3943810909
AlFeTcPd,549815.9597912317
AlFeTcPt,356289.73949307937
AlFeTcRh,345197.9681536621
AlFeTcRu,356686.2277456814
AlGaFe2,272690.22765275516
AlGaNi6,196319.3721647691
AlH14C4NOF4,62235.43688087753
AlHg2O2F5,139732.2013356508
AlI2NO15,340369.64919458603
AlInCuO4,115080.11042840053
AlIr2Rh,142637.41217212804
AlIr2Ru,314588.12278364156
AlIrPt,112746.87138221001
AlIrRh,168826.70393901443
AlIrRh2,287808.0315252807
AlIrRu2,172981.09096644857
AlMo(WO4)2,308145.5548818131
AlMo3F15,188738.89569143692
AlMo3Se2ClO8,415176.77779365337
AlMoO3,261471.7832114286
AlMoP2O9,51903.9607851193
AlMoPt,145243.8955897709
AlNi(WO4)2,105445.40849478073
AlNi2BO5,459941.3968004992
AlNi2Ir,82953.6677418282
AlNi2Os,267435.97015042556
AlNi2Rh,66534.01721024267
AlNi2Ru,274361.94462965766
AlNi3,91993.83041313112
AlNi3F15,91452.53829918445
AlNi3Se2ClO8,257369.01197210615
AlNi6Ge,136058.11775125502
AlNi6Pd,188006.891493823
AlNiAg2F7,130012.66518513799
AlNiF5,227249.91592309775
AlNiIr,89333.93290572969
AlNiIrRh,176975.14288836255
AlNiMo2,51151.17686082443
AlNiMoOs,88540.13702587697
AlNiMoRu,146968.7625814959
AlNiO3,190913.15048995888
AlNiOsPt,186189.9881373882
AlNiPdRu,194125.88590743666
AlNiRu2,50805.25329483459
AlNiRuAu,116287.18493064953
AlNiRuPt,198603.65741169814
AlNiRuRh,194548.69847146847
AlNiRuW,104730.89453632268
AlOsO3,406125.65353609924
AlOsPt2,102084.5296490361
AlP2CN3O10,397496.4459256811
AlPO6,368530.6979913899
AlPd2Ru,87365.81315213573
AlPdRh2,80086.4335281656
AlPdRu2,60295.05480875166
AlPtO3,144139.35623819823
AlPtRh2,78290.85219631156
AlPtW,129648.58188967653
AlRe(WO4)2,389784.1881336593
AlRe2Rh,74066.50334814114
AlReNi2,223956.79362155596
AlReNiMo,85278.32688748506
AlReNiPt,84318.05127057254
AlReO3,363341.66731011594
AlRePd2,144801.43811785322
AlRePt2,118030.05582272871
AlRhO3,326503.2813932498
AlRu2Pt,103510.84669536077
AlRu2Rh,194021.97486666564
AlRu3,96063.08649249967
AlRuO3,536592.9026690376
AlRuPt2,193249.28591905974
AlRuRh2,307121.1825382204
AlS2NO8,102667.03650225294
AlSO10,185001.94916282254
AlSb(WO4)2,128920.25322579397
AlSe2NO8,93263.47125439261
AlSeO10,200057.6514993007
AlSiNi6,136340.5083733884
AlSn(WO4)2,132413.53412488053
AlTc2Ir,133659.68381841521
AlTc2Ni,69044.90954148068
AlTc2Pd,139589.84102429968
AlTc2Pt,79146.55220289776
AlTc2Rh,287231.61854064604
AlTcNi2,312239.5085452613
AlTcNiIr,81917.58332964065
AlTcNiMo,171057.6100400722
AlTcNiPd,278229.25487592304
AlTcNiPt,252368.64961631014
AlTcNiRh,87875.50997259478
AlTcO3,378598.0208716325
AlTcPd2,270847.17914103245
AlTcPt,336647.55667276675
AlTcPt2,253641.53063792718
AlTcRu2,156113.06599308242
AlTe(WO4)2,147014.54085209136
AlTl2OF5,116616.69727907893
AlTlFe2F2,446983.04714223347
AlV(WO4)2,273616.765381731
AlV2Co,361946.20245279867
AlV2Cr,174765.85271499882
AlV2Fe,525678.3380323037
AlV2Ir,415193.7650248349
AlV2Mo,78355.64131039032
AlV2Ni,197864.44601517046
AlV2O4,612146.3609963292
AlV2Os,179328.24317780408
AlV2Pd,160790.75152208275
AlV2Pt,434499.3770532674
AlV2Re,171478.07938487153
AlV2Rh,464583.8399708939
AlV2Ru,206568.08117678715
AlV2Si,357637.93214456836
AlV2Tc,170401.9065516386
AlV2W,80671.57089643138
AlV6Ga,283823.0702301271
AlV6Ge,238624.28472051927
AlV6Sb,138306.3332426956
AlV6Sn,200840.6097136282
AlVAu2,317964.68604676006
AlVB,319215.9268086325
AlVCo,149849.93120868478
AlVCo2,365305.7402714931
AlVCoIr,345884.3066910106
AlVCoMo,201495.73917779315
AlVCoNi,145365.5811657547
AlVCoOs,274038.3613644794
AlVCoPd,214552.03197714733
AlVCoPt,333190.83302411175
AlVCoRe,57678.92259034878
AlVCoRh,357014.0645817953
AlVCoRu,320523.9802002712
AlVCoTc,186913.86759164292
AlVCoW,163007.85850007567
AlVCr2,351634.5904632804
AlVCrCo,186187.4484210114
AlVCrFe,371538.8924583674
AlVCrIr,470663.6049239184
AlVCrMo,324721.2890198248
AlVCrOs,297603.87824115023
AlVCrPt,349260.4833438016
AlVCrRe,449150.9243908555
AlVCrRh,483691.3185311379
AlVCrRu,457858.95168640336
AlVCrTc,468752.0030426871
AlVCrW,330060.6305946469
AlVCu2,263398.6294443045
AlVCuAu,274276.25197069807
AlVCuNi,87585.79172197878
AlVCuPd,116433.30622412486
AlVCuPt,134659.04454422457
AlVCuRu,79251.09905559811
AlVF5,316236.6473402689
AlVFeAu,64798.93106878735
AlVFeCo,301771.3927861077
AlVFeCu,190998.72775039685
AlVFeIr,334450.17548406555
AlVFeMo,334349.9811960637
AlVFeNi,367003.0636833988
AlVFeOs,290547.47238618066
AlVFePd,305004.62619321427
AlVFePt,332115.4637136877
AlVFeRe,181564.00168495212
AlVFeRh,338904.1416255032
AlVFeRu,326763.21353046387
AlVFeTc,361334.4802443718
AlVFeW,345564.1905140951
AlVIr,90119.27404551799
AlVIrAu,59093.598731207625
AlVMo2,111037.01271872141
AlVN2,411654.7232853836
AlVNiPd,166952.50876119817
AlVNiPt,240091.28954036647
AlVNiRh,238453.74577834803
AlVNiRu,306455.06858014833
AlVO3,361901.22097840096
AlVRh,149457.0965261396
AlVRh2,155617.62354994923
AlVRhAu,56339.74911835895
AlVTc2,75151.63806853557
AlVTcNi,123481.88251035158
AlVZnCo,99739.99063693818
AlVZnNi,280397.81946214143
AlW3O8,318199.86604433623
AlW3Se2ClO8,58381.078657994214
AlWF5,375851.4634515004
AlWO3,357994.0908228852
AlZnCoAg,69770.41268321114
AlZnCoAu,126741.03911183012
AlZnCoIr,130128.42230969196
AlZnCoNi,101605.2391150167
AlZnCoOs,128198.0312670875
AlZnCoPd,76922.14719247044
AlZnCoPt,110322.97615273659
AlZnCoRh,128993.90605007815
AlZnCoRu,247114.2932018539
AlZnCoTc,334924.18692756677
AlZnCrAu,549301.3311672934
AlZnCrCo,466173.6011105854
AlZnCrIr,430903.97822360205
AlZnCrNi,503185.8185922541
AlZnCrOs,548153.7355100106
AlZnCrPd,501009.43464682676
AlZnCrPt,496267.0598605911
AlZnCrRh,434146.8052981685
AlZnCrRu,371789.81321454624
AlZnCrS4,217940.35243738416
AlZnFe2,514494.1614122399
AlZnFeAu,303893.08638912125
AlZnFeCo,668226.9428731074
AlZnFeCu,251559.24026401402
AlZnFeIr,383743.4063537014
AlZnFeNi,477249.5139444648
AlZnFeOs,388662.0365078718
AlZnFePd,355754.4877024204
AlZnFePt,356785.8237246659
AlZnFeRh,387945.46220692643
AlZnFeRu,456669.828772555
AlZnFeTc,427076.09387971315
AlZnH10O7F5,76160.7972770904
AlZnRu2,111049.45023581425
As(NF2)3,204442.85421393477
As(NO2)2,63621.06428059131
As(OsO2)2,108293.47950745541
As(RuO2)2,116608.70970443617
As2H5CO6,50096.9874050483
As2Rh2O5,188143.44509808198
As2Ru2O5,299396.69570975215
As2RuRh,185695.94844859262
As2W2O5,183080.38612769177
As4HN2(ClO3)2,163644.95209548538
As4N2Cl2O7,240554.98240778554
As4W3O16,55507.676849703115
AsC3OF6,105444.57786101909
AsOsO3,224735.87007967933
AsPbO4,102203.02882107961
AsPtO3,138741.26514211128
AsRhO3,222948.33909000803
AsRuO3,412433.6022103773
AsS4N3,73376.67307055648
AsXe2OF10,114567.59063354594
Au3I8N3,148197.63449036403
AuBr4N,167184.08871306904
AuC2S2BrN4,103107.7347202534
AuNCl4,103273.42597781058
B(IrO2)2,299302.5477948481
B(PtO2)2,358483.2793873375
B(RhO2)2,142580.1092474148
B(RuO2)2,158570.2966179785
B2Mo2O5,211271.54570992748
B2MoIr2,92438.70154177377
B2Os2O5,162777.45431645
B2Pt2O5,167636.42100133142
B2Ru2O5,220971.24863196438
B3H52C16(NO)12,51964.616515526504
B5NO12,141476.02201360938
B6H6NO6,152324.22386518432
BAuO3,216759.95867562632
BMoO3,317413.04616428784
BNF4,210125.8891197025
BPdO3,200976.3250693723
BPtO3,99420.69043648285
BRuO3,58564.19750347197
BWO3,273642.9374281486
Ba(C2O5)2,61757.43576162788
Ba(CO3)2,123713.93021732013
Ba(CoO2)2,781002.4871388501
Ba(CoO2)4,796273.0909745799
Ba(CrAs)2,393022.39758796507
Ba(CrN)2,90429.47630026269
Ba(CrN2)2,57880.07762728203
Ba(CuO)4,131160.47483710776
Ba(FeN)2,395234.2810564017
Ba(FeO2)2,829288.4715521395
Ba(FeO2)4,790748.8437390316
Ba(FeS2)2,114069.65393893447
Ba(H2O3)2,120815.77933013465
Ba(H9O5)2,57231.78506137043
Ba(HCl)2,148881.3704508898
Ba(MnAs)2,355605.15213249566
Ba(MnGe)2,528108.4537014422
Ba(MnN)2,392246.05609485024
Ba(MnP)2,283467.6433922093
Ba(MnSb)2,526955.145732861
Ba(MnSn)2,539895.1452239773
Ba(MoO2)2,516290.7738160804
Ba(MoO2)4,389955.1224388312
Ba(NiN)2,115629.45092334323
Ba(NiO2)2,199323.39717619543
Ba(NiO2)4,283993.09384307335
Ba(OsO2)2,182979.55523246384
Ba(PO4)2,65563.79058316768
Ba(PdO2)2,90259.3438543471
Ba(PtO2)2,77246.05289431346
Ba(ReO2)2,358958.273068744
Ba(RuO2)2,185905.0667527839
Ba(TcO2)2,363926.5440561021
Ba(WO2)2,494648.34502750967
Ba(WO2)4,396528.1404564517
Ba10Fe8Pt2Cl2O25,463360.5485131162
Ba10Ge3C3O26,101042.93509648133
Ba10MgMn3V8(Cl3O7)4,119375.30681895578
Ba10MgMn6(O12F)2,166140.70849793035
Ba10V10O29,161381.19610748405
Ba12SrCa3(Ru2O9)4,238841.94446956977
Ba12V4O19,84685.0472660987
Ba13Ru10BrO36,178085.41694256727
Ba14U2Fe4S25O,148276.40978111821
Ba2(CrS2)5,372297.83095143514
Ba20Ga5Ru7O44,124277.50962804379
Ba2AcO4,58708.02544948772
Ba2AgIrO6,126222.29567382933
Ba2AgRuO6,64439.86423058802
Ba2AlCo2F11,243982.6849764373
Ba2AlCo3O8,528267.2667379417
Ba2AlCr2F11,318122.16335557087
Ba2AlCr3O7,580274.7760559933
Ba2AlCr3O8,471830.01281619654
Ba2AlCrO6,76820.06108165992
Ba2AlFe2F11,318590.00861918816
Ba2AlFe3O7,641600.6737501516
Ba2AlFe3O8,754418.1930237337
Ba2AlIrO6,135600.18770754567
Ba2AlMo3O8,404243.3516223701
Ba2AlNi2F11,165403.5116795973
Ba2AlNi3O7,278912.22193964466
Ba2AlNiO6,366583.04389497486
Ba2AlOsO6,223046.42377750506
Ba2AlReO6,147362.65267293894
Ba2AlRhO6,148682.85586965
Ba2AlRuO6,223970.79989349077
Ba2AlTcO6,148022.8143840635
Ba2AlTlCo2O7,281560.457023127
Ba2AlTlCr2O7,295114.1888900903
Ba2AlTlFe2O7,377110.4846217515
Ba2AlTlV2O7,164796.28107225348
Ba2AlTlW2O7,164479.53382102257
Ba2AlV3O7,392421.08483116416
Ba2AlV3O8,305323.9384267335
Ba2AlW2F11,284183.37036802754
Ba2AlW3O7,186910.3434924211
Ba2AlW3O8,119266.28082527498
Ba2AsIrO6,131998.90967519776
Ba2AsOsO6,200441.35849705522
Ba2AsRh,71574.34782542626
Ba2AsWO6,66004.44665918978
Ba2BIrO6,143261.76253868308
Ba2BMoO6,72644.64272776445
Ba2BOsO6,212552.39935364784
Ba2BRuO6,220504.75383765958
Ba2BWO6,72621.08255397141
Ba2BeFeO6,151232.97824481752
Ba2BeIrO6,172996.99981058334
Ba2BeNbO6,73825.89933296494
Ba2BeNiO6,304367.12442640564
Ba2BeOsO6,147590.8753958915
Ba2BePtO6,76003.35962120962
Ba2BeReO6,75543.06942678764
Ba2BeRhO6,188578.80873915777
Ba2BeRuO6,141918.21907976267
Ba2BeTcO6,75145.28443154962
Ba2BeVO6,76155.01149849051
Ba2BiIrO6,120665.60327123535
Ba2BiMoO6,59602.30676807114
Ba2BiOsO6,180866.14455765238
Ba2BiPtO6,53671.66964722775
Ba2BiRh,65733.3683614873
Ba2BiRhO6,119112.03203926205
Ba2BiRuO6,159724.26104267902
Ba2BiWO6,56888.054205655935
Ba2Ca2Mn3Tl2O10,408680.7941069895
Ba2Ca2Tl2Co3O10,277408.3640938751
Ba2Ca2Tl2Cr3O10,304587.3275843578
Ba2Ca2Tl2Fe3O10,367417.8560499706
Ba2Ca2Tl2W3O10,169311.7509474086
Ba2Ca2Zn5Fe3O14,314984.21865989035
Ba2Ca3Mn4Tl2O12,449540.00240300957
Ba2Ca3Tl2(CoO3)4,311899.74357018515
Ba2Ca3Tl2(FeO3)4,430846.24676218524
Ba2Ca3Tl2(WO3)4,198024.96813915472
Ba2Ca3Tl2Cr4O12,368869.3780049249
Ba2Ca3Tl2V4O12,225654.25339116438
Ba2CaCo2CuF14,98491.38578026813
Ba2CaCr2F14,123286.55500011313
Ba2CaCuMo2F14,210616.36411103158
Ba2CaIrO6,180899.52129098307
Ba2CaMn2(P2O7)2,202033.74342965553
Ba2CaMnFe2F14,476134.17414783785
Ba2CaMnV2F14,300334.20787042135
Ba2CaOsO6,127185.98202122063
Ba2CaReO6,56667.337617778874
Ba2CaV2(Si2O7)2,99382.92610125693
Ba2CaV2FeF14,256273.8632543393
Ba2CdCoO6,211608.26494434485
Ba2CdFeO6,135217.5001811326
Ba2CdOsO6,123156.13390081369
Ba2CdPtO6,128258.83355560842
Ba2CdReO6,63565.10058997064
Ba2CdRhO6,194479.03650068803
Ba2CdRuO6,129944.05652294727
Ba2CdTcO6,64477.80602709744
Ba2Co(BO2)6,117455.97817643077
Ba2Co2ClF7,304716.4133844964
Ba2Co2F11,350828.28611558763
Ba2Co2O5,383232.6211079998
Ba2Co3O7,501940.8046579066
Ba2Co3O8,550371.3001257005
Ba2Co4BrO7,264700.6214324166
Ba2Co9O14,562458.9228966357
Ba2CoAs,143910.62973054172
Ba2CoBO6,270780.9994327583
Ba2CoBi,124961.6432158182
Ba2CoBiO6,137928.33977389432
Ba2CoC2(O3F)2,165387.03481477898
Ba2CoCl6,116491.68945658754
Ba2CoCu2(SO)2,172860.70989689644
Ba2CoCuO6,275594.5778616408
Ba2CoHgO6,199014.1444883573
Ba2CoIrO6,276346.5960217422
Ba2CoMoO6,210764.37219564887
Ba2CoN2,84959.66464133043
Ba2CoNiO6,378857.92882885714
Ba2CoO4,80037.99843748016
Ba2CoOsO6,208895.27144373447
Ba2CoPdO6,359275.8361248224
Ba2CoPtO6,357066.0161957112
Ba2CoReO6,139529.01815676538
Ba2CoRhO6,434730.02905414737
Ba2CoRuO6,358830.99641048646
Ba2CoS3,176288.79920988562
Ba2CoSb,130915.591382429
Ba2CoSbO6,275501.2948611595
Ba2CoSeO6,218181.40173216877
Ba2CoSi2O7,154759.6224401531
Ba2CoSnO6,206442.43247658177
Ba2CoTcO6,156417.8803448515
Ba2CoTe,72426.06653478878
Ba2CoWO6,209672.3877104534
Ba2Cr2CuF14,160218.4620480242
Ba2Cr2F11,187601.5008927343
Ba2Cr2O5,429584.06543746655
Ba2Cr7O14,610907.5970463816
Ba2CrAs,345119.3594188884
Ba2CrAsO6,223998.9704122328
Ba2CrBO6,74625.70235465199
Ba2CrBi,312577.24747514864
Ba2CrBiO6,190257.80957573865
Ba2CrBrO6,210514.83985603284
Ba2CrCoO6,224499.77299688917
Ba2CrCuO6,74631.31252352243
Ba2CrF6,247035.45331290143
Ba2CrFeO6,446799.12683134305
Ba2CrGaO6,74794.80942747084
Ba2CrGeO6,150838.3271704049
Ba2CrIrO6,349141.6909816724
Ba2CrMoO6,143470.32890333273
Ba2CrN2,159942.61863217264
Ba2CrNiO6,150464.08566144176
Ba2CrO4,156371.35189762912
Ba2CrOsO6,411949.4375277223
Ba2CrPbO6,132225.21028446546
Ba2CrPdO6,145034.795154269
Ba2CrPtO6,143304.2690415198
Ba2CrReO6,304105.81917259557
Ba2CrRhO6,72805.4058703231
Ba2CrRuO6,421001.90644230816
Ba2CrSb,313360.61496949324
Ba2CrSbO6,209131.40708299412
Ba2CrSeO6,142691.8692140417
Ba2CrSiO6,156413.32012278002
Ba2CrSnO6,137070.79674269163
Ba2CrTcO6,358476.6228866176
Ba2CrTe,309460.51151171804
Ba2CrTeO6,265794.1108826615
Ba2CrWO6,269390.1321521321
Ba2Cu(C2O3)6,58009.90899038022
Ba2Cu(C3O8)2,54300.29174014089
Ba2Cu4As5H3O20,84646.12102447919
Ba2CuIrO6,251809.0822990689
Ba2CuMoO6,70420.78257493813
Ba2CuN2,84889.82641511955
Ba2CuNiO6,137115.48805559627
Ba2CuOsO6,74276.36645504931
Ba2CuPtO6,211230.37559759605
Ba2CuRhO6,285033.4987747954
Ba2CuRuO6,122739.88776330325
Ba2CuWO6,69764.47057142289
Ba2Fe2ClF7,361618.6435455045
Ba2Fe2CuF14,282498.7032336496
Ba2Fe2O5,679443.3083140254
Ba2Fe2S2OF2,453844.07678054133
Ba2Fe2Se2OF2,429590.1915547835
Ba2Fe3O7,629169.2924037448
Ba2Fe3O8,709396.2491107333
Ba2Fe3P6HO22,326329.19860561454
Ba2Fe4Bi2O11,700103.9936547693
Ba2Fe5BiPb2O13,733326.5120884969
Ba2Fe8Ni3(SbO11)2,941331.8736956441
Ba2FeAgO6,263320.9469578353
Ba2FeAs,217087.7687235766
Ba2FeAsO6,371313.9177944555
Ba2FeBiO6,324783.5863454159
Ba2FeBiS5,189904.94293020444
Ba2FeBrO3,340213.3050093502
Ba2FeBrO6,348810.56692348653
Ba2FeCoClF7,320435.15756648366
Ba2FeCoO6,555909.4322358938
Ba2FeCuO6,229337.56654163345
Ba2FeGe2O7,188050.159685404
Ba2FeHgO6,198284.6569180482
Ba2FeIrO6,501768.8944459648
Ba2FeMoO6,282471.21315007645
Ba2FeNiO6,405228.2904694612
Ba2FeO4,315224.71655431774
Ba2FeOsO6,310822.0487627911
Ba2FeP4HO14,152666.30190523906
Ba2FePbO6,263559.9438995373
Ba2FePdO6,429105.126663623
Ba2FePtO6,426678.33323857206
Ba2FeReO6,212046.69428552839
Ba2FeRhO6,504772.141793991
Ba2FeRuO6,547107.8610747627
Ba2FeSb,197716.42701963848
Ba2FeSbO6,345762.14741575165
Ba2FeSbS5,190355.609374861
Ba2FeSeO6,302146.7234628599
Ba2FeSiO6,459855.104504263
Ba2FeTcO6,362366.5473747863
Ba2FeTe,136495.9323010162
Ba2FeTeO6,268863.86188685126
Ba2FeWO6,276111.2977888904
Ba2GaFeO6,223653.7907090966
Ba2GaIrO6,142934.3062218549
Ba2GaMoO6,70884.37340034673
Ba2GaNiO6,177319.16461822568
Ba2GaOsO6,213828.20378676083
Ba2GaReO6,141970.0732990478
Ba2GaRhO6,143342.35395857508
Ba2GaRuO6,214761.0674175976
Ba2GaTcO6,142778.43626497453
Ba2GaWO6,70922.96579157715
Ba2GeMoO6,143786.94102451295
Ba2GeOsO6,162475.86497792642
Ba2GeRhO6,74200.2707493405
Ba2HfAlO6,67448.91884697347
Ba2HfCoO6,71643.87423314717
Ba2HfCrO6,139772.71492011732
Ba2HfCuO6,79661.01275988205
Ba2HfFeO6,278082.96709149715
Ba2HfGaO6,67359.9887323749
Ba2HfInO6,62181.08250115393
Ba2HfIrO6,67789.35985330696
Ba2HfMnO6,211390.74617639516
Ba2HfMoO6,132258.70995838268
Ba2HfOsO6,135074.90495036467
Ba2HfReO6,192693.13739684693
Ba2HfRhO6,68041.97163160049
Ba2HfRuO6,135634.5749884864
Ba2HfTcO6,200628.75327951543
Ba2HfUO6,114172.21241214282
Ba2HfVO6,68831.58264172691
Ba2HfZnO6,130113.25546835466
Ba2HgIrO6,184852.27232632937
Ba2HgOsO6,123022.44915599795
Ba2HgPtO6,122844.91187575391
Ba2HgRhO6,186511.1212552263
Ba2HgRuO6,124414.49385441536
Ba2InFeO6,221874.4827637767
Ba2InNiO6,74956.63683595776
Ba2InOsO6,191831.3096001264
Ba2InReO6,129183.13040296447
Ba2InRhO6,129851.9035960157
Ba2IrOsO6,206601.71589783978
Ba2IrPbO6,175227.94910824383
Ba2IrPdO6,157420.34322619383
Ba2IrPtO6,68865.05189724054
Ba2IrRhO6,127685.96637165007
Ba2IrRuO6,204114.8813433656
Ba2IrSeO6,67465.06148544597
Ba2Li(CO3)2,54887.58832053943
Ba2Li(NiO2)2,132603.8865985622
Ba2Li(NiO3)2,62393.04132151472
Ba2LiFe2N3,225763.09751190362
Ba2LiHfO6,197098.51600002171
Ba2LiMn2(P2O7)2,264662.75209992286
Ba2LiMn2O6,418351.19311645033
Ba2LiNbO6,134119.35886311607
Ba2LiOsO6,52515.1943875293
Ba2LiPtO6,99845.18580875514
Ba2LiRhO6,101025.31341643004
Ba2LiTaO6,132685.48471707004
Ba2LiTiO6,208396.49394970268
Ba2LiVP2O9,82007.46804572851
Ba2LiZrO6,195085.93661568203
Ba2Mg(CoO3)2,286577.9046036389
Ba2Mg(FeO2)4,671071.1062499111
Ba2Mg(MoO4)2,84361.53215339535
Ba2Mg(NiO3)2,145172.94371728608
Ba2Mg(VS3)2,107449.31990558731
Ba2Mg(WO4)2,72942.47866622696
Ba2Mg2Mn3Tl2O10,395401.51306382584
Ba2Mg2MnF10,214165.1001771971
Ba2Mg2Tl2Co3O10,287177.97028845706
Ba2Mg2Tl2Cr3O10,292549.94086967176
Ba2Mg2Tl2Fe3O10,380447.34353974345
Ba2Mg2Tl2Ni3O10,202991.5922597292
Ba2Mg2Tl2W3O10,174550.08751698805
Ba2Mg3Mn4Tl2O12,475323.0643913088
Ba2Mg3Tl2(FeO3)4,443847.57912810595
Ba2Mg3Tl2(NiO3)4,116672.29717042361
Ba2MgAl2(Fe4O7)2,853303.0946851936
Ba2MgCoO6,221583.50562366584
Ba2MgCoWO6,213874.49044830375
Ba2MgCr2CuF14,243021.41773389114
Ba2MgCrMoO6,220982.26791338983
Ba2MgCuMo2F14,223194.4206213314
Ba2MgFe2B2(P2O9)2,193403.76578122034
Ba2MgFe2CuF14,369255.8745104029
Ba2MgFeMoO6,204384.70941281272
Ba2MgFeWO6,199708.45183437644
Ba2MgMn2(P2O7)2,258407.35097704473
Ba2MgMn2O6,377356.65955601295
Ba2MgMn3Tl2O10,426780.1864621381
Ba2MgMn3Tl2Zn2O10,387657.7368932107
Ba2MgMnMoO6,212344.81609116134
Ba2MgMnO4,315533.643422212
Ba2MgMnO6,71699.8108174665
Ba2MgMnWO6,302298.6828016542
Ba2MgMo4(P2O7)4,200358.83880357753
Ba2MgNb4O12,55121.045040943915
Ba2MgNbO6,67029.48746680836
Ba2MgNbVO6,206161.21983241505
Ba2MgNiMoO6,99856.40142871895
Ba2MgNiWO6,99604.53577342773
Ba2MgOsO6,137921.18734945357
Ba2MgPtO6,138790.20378643947
Ba2MgReO6,70149.70535493639
Ba2MgRhO6,202929.29189522925
Ba2MgRuO6,140378.78065198052
Ba2MgTaO6,67374.2277298812
Ba2MgTcO6,70273.86064409644
Ba2MgTiO6,138204.22120111217
Ba2MgV2(Si2O7)2,96663.86762096226
Ba2MgVMoO6,155313.45763438143
Ba2MgZnWO6,105732.268311441
Ba2MgZrO6,128585.18239877312
Ba2MgZrTiO6,105840.1357422919
Ba2Mn(BO2)6,190575.40239944076
Ba2Mn(PO4)2,241143.68312223503
Ba2Mn2AlF11,395437.4731576294
Ba2Mn2AlTlO7,388110.07364579
Ba2Mn2As2O,540638.5996133975
Ba2Mn2Bi2O,443760.9824498299
Ba2Mn2CuF14,225708.10573722312
Ba2Mn2F11,268594.16665345366
Ba2Mn2O5,528951.6480705203
Ba2Mn2Sb2O,464373.77833994216
Ba2Mn2TlO7,350450.84852618654
Ba2Mn3(AsO)2,739717.5881948705
Ba2Mn3(SbO)2,662688.7490916586
Ba2Mn3(SeO3)6,282143.1919208366
Ba2Mn3AlO7,681326.5281468178
Ba2Mn3AlO8,626108.6869229967
Ba2Mn3O7,601599.9381826915
Ba2Mn3Tl2O10,396624.19599730754
Ba2Mn3Tl2Zn2O10,420653.68225359544
Ba2Mn4Tl2Zn3O12,471269.5166668975
Ba2Mn5O10,819992.0457823267
Ba2MnAl2CoF14,257070.56699368465
Ba2MnAl2CuF14,181331.19130098843
Ba2MnAlO6,152635.54889597086
Ba2MnAs,287127.2280822837
Ba2MnAsO6,293372.119526486
Ba2MnBO6,139136.01514503383
Ba2MnBeO6,78207.04535029132
Ba2MnBi,252987.05733658804
Ba2MnBiO6,259900.30944655463
Ba2MnCdFe2F14,486169.76629019016
Ba2MnCdO6,66701.94704753219
Ba2MnCoO6,555740.6470479396
Ba2MnCrO6,375171.6415916236
Ba2MnCuO6,160388.64231375477
Ba2MnFeO6,583461.450929142
Ba2MnGaO6,146630.02904235868
Ba2MnHgO6,72639.90820296857
Ba2MnIrO6,524212.4271203324
Ba2MnMoO6,335972.1684911355
Ba2MnN2,82428.64099081763
Ba2MnNbO6,265566.81561631564
Ba2MnNiClF7,348462.75276916666
Ba2MnNiO6,405199.3015842393
Ba2MnO3,426008.14202647656
Ba2MnO4,253609.30971125187
Ba2MnOsO6,467219.48784537386
Ba2MnP2F,164689.96506284035
Ba2MnPdO6,310827.13127727224
Ba2MnPtO6,331045.5475043896
Ba2MnReO6,334684.20647668955
Ba2MnRhO6,438819.4723507876
Ba2MnRuO6,476092.6839922754
Ba2MnS3,281093.0748427355
Ba2MnSb,259823.22472527408
Ba2MnSbO6,272472.02828618424
Ba2MnSe3,249693.0318550584
Ba2MnSeO6,355525.4433364132
Ba2MnSi2ClO7,188873.58029687335
Ba2MnSiO6,330993.8481055674
Ba2MnSn,302489.2403967833
Ba2MnSnO6,208278.5706250262
Ba2MnTcO6,398101.67480976635
Ba2MnTe,219619.35462467617
Ba2MnTe3,207841.60627863827
Ba2MnTeO6,330503.2963983546
Ba2MnTeSe2,232545.37564916164
Ba2MnTlO6,130613.85009534203
Ba2MnVO6,294841.91883002943
Ba2MnWO6,334176.3031802206
Ba2MnZn2(AsO)2,257287.50746849843
Ba2MnZnO6,72850.68307426819
Ba2Mo2F11,170553.48768225295
Ba2Mo2O5,124975.20981241493
Ba2Mo3O7,373712.7187457059
Ba2MoAsO6,66056.06763121624
Ba2MoIrO6,68937.30167859496
Ba2MoWO6,78579.6020432462
Ba2Na(NiO2)3,56240.99040169211
Ba2Na2Zr2Si6O23,137311.45186287197
Ba2NaCrO6,68277.75118775805
Ba2NaHfO6,178332.91232813854
Ba2NaIrO6,112965.79421395606
Ba2NaMgReO6,105137.63568382182
Ba2NaMn3F11,530728.1183239132
Ba2NaMnO6,396824.51648288494
Ba2NaNbO6,122132.00180292268
Ba2NaOsO6,55278.98600944651
Ba2NaPtO6,191564.41894358958
Ba2NaRhO6,115984.82810591251
Ba2NaRuO6,55343.55232672777
Ba2NaTaO6,122340.25182806532
Ba2NaTi2MnRe2Si8HO26F,197115.53605597455
Ba2NaTiO6,190843.56001770188
Ba2NaVO6,131445.7507867884
Ba2NaWO6,62966.33361007812
Ba2NaZrO6,176119.2181467293
Ba2Nb2O5,93607.3583407879
Ba2NbCoO6,278896.4410348401
Ba2NbCrO6,209130.5838917949
Ba2NbCuO6,140697.89307845628
Ba2NbFeO6,325000.3145100694
Ba2NbNiO6,69563.86953652039
Ba2NbO,385309.79226177605
Ba2NbOsO6,68536.02647384936
Ba2NbReO6,111443.37956151596
Ba2NbRuO6,68911.46590977623
Ba2NbSiO6,74976.0641398178
Ba2NbTcO6,136739.21371257873
Ba2NbVO6,137802.5832330152
Ba2Ni2ClF7,207510.1088175584
Ba2Ni2F11,279249.0583635467
Ba2Ni2O5,145625.20644329663
Ba2Ni3F10,315082.3243725601
Ba2Ni3O7,257417.5635051156
Ba2Ni7F18,413730.28037661075
Ba2NiAgO6,208387.37562259732
Ba2NiAsO6,218454.7408389153
Ba2NiBO6,206254.75686625263
Ba2NiBiO6,65401.78821224956
Ba2NiF6,143678.13680535188
Ba2NiGe,89854.29193146482
Ba2NiGeO6,285548.65610547684
Ba2NiIrO6,127468.92237173808
Ba2NiMoO6,142095.83632370943
Ba2NiN2,169971.11075208377
Ba2NiOsO6,296524.8171547805
Ba2NiPb,67733.61204265204
Ba2NiPbO6,53232.61641336168
Ba2NiPdO6,284313.7694291792
Ba2NiPtO6,284334.05907927663
Ba2NiRhO6,358847.1517997953
Ba2NiRuO6,276833.9397073016
Ba2NiSbO6,202434.319181639
Ba2NiSeO6,147136.40199936138
Ba2NiTeO6,136024.15553400686
Ba2NiWO6,141040.45845015114
Ba2Np2O5,421345.6372574685
Ba2Os2O5,58747.52595519983
Ba2OsPbO6,116573.89755991696
Ba2OsPtO6,135989.8148480928
Ba2OsRhO6,187562.12034563202
Ba2OsRuO6,142379.7841022773
Ba2OsSeO6,135661.89300518692
Ba2Pa2O5,103069.49251919735
Ba2PdN2,157832.24591814243
Ba2PdRhO6,96412.64154261081
Ba2PdRuO6,183281.95942488476
Ba2PtRhO6,68141.43634665314
Ba2Pu2O5,533121.625488446
Ba2PuPaO6,257508.60478268558
Ba2PuTaO6,288662.1111737315
Ba2PuTe,430854.49167831166
Ba2PuTiO6,247662.53851537313
Ba2Re2O5,110477.1251183213
Ba2ReBO6,145866.78642202888
Ba2ReBiO6,120049.23103029202
Ba2ReGeO6,216796.13317022895
Ba2ReIrO6,139709.64673377204
Ba2ReNiO6,213863.5418610252
Ba2ReOsO6,70681.00695231177
Ba2RePbO6,57871.22369353161
Ba2RePdO6,64682.853906808756
Ba2ReRhO6,90181.80209544177
Ba2ReRuO6,70930.52479322234
Ba2ReSbO6,123727.2222171889
Ba2ReSeO6,57976.218554200794
Ba2ReSiO6,229634.54433705556
Ba2ReSnO6,59954.48815213615
Ba2ReTeO6,188393.0743831009
Ba2ReWO6,69802.3788952194
Ba2Rh2O5,82654.68630414052
Ba2RhBrO6,64989.26556846111
Ba2RhPbO6,63154.59687720965
Ba2RhSeO6,69337.62643605044
Ba2RhWO6,68408.53707818301
Ba2Ru2O5,179732.0514295979
Ba2RuBrO6,57996.50161033777
Ba2RuN3,55348.4086498146
Ba2RuO4,172941.10712893482
Ba2RuPbO6,178965.7902864637
Ba2RuPtO6,209908.5791706199
Ba2RuRhO6,203711.27393672397
Ba2RuSeO6,136939.58279260527
Ba2SbMoO6,61630.47630279107
Ba2SbOsO6,187060.34475498614
Ba2SbRh,67707.17913665231
Ba2SbRuO6,122456.0487747247
Ba2SbWO6,61441.404635214574
Ba2SiMoO6,152486.18818156814
Ba2SiNiO6,303010.3017530078
Ba2SiOsO6,154580.3595912943
Ba2SiRuO6,155259.19513971347
Ba2SiTcO6,230252.19164509483
Ba2SiWO6,152613.53548704163
Ba2SnIrO6,67330.37144936834
Ba2SnOsO6,140199.1906492992
Ba2SnRh2,70971.6172308112
Ba2SnRhO6,67628.40726328739
Ba2SnRuO6,142030.51902820135
Ba2Sr(IrO3)3,100189.55491482354
Ba2Sr2Co(CuO4)3,230274.61816929467
Ba2Sr6Co3Cu5O24,274519.3394576449
Ba2Sr6Co5(CuO8)3,352561.8108334127
Ba2Sr6Ti7MnO22,92004.75631130468
Ba2Sr6Ti7MnO24,56183.067438767874
Ba2SrIrO6,173142.89711748261
Ba2SrMgWO6,99400.74366680498
Ba2SrNp,256442.8413181163
Ba2Ta2O5,102962.5241685805
Ba2TaBeO6,73939.27147833712
Ba2TaCoO6,280302.7458758673
Ba2TaCrO6,207891.46710266743
Ba2TaCuO6,140320.15012272148
Ba2TaFeO6,347953.98702208174
Ba2TaMnO6,267096.6172737091
Ba2TaMoO6,150966.5093995797
Ba2TaNiO6,69664.34012809329
Ba2TaOsO6,68907.78778421122
Ba2TaReO6,137255.6976642549
Ba2TaRuO6,69218.69236806822
Ba2TaSiO6,75299.84844912487
Ba2TaTcO6,137293.96280152968
Ba2TaVO6,138344.22023143384
Ba2TaZnO6,66002.98932291807
Ba2Tc2O5,114226.40470727647
Ba2TcAsO6,134021.37549546207
Ba2TcBiO6,120868.12593896566
Ba2TcGeO6,217557.5887225747
Ba2TcHgO6,61836.99758299241
Ba2TcIrO6,141277.37883529862
Ba2TcMoO6,70186.68334430072
Ba2TcNiO6,216104.2417658698
Ba2TcOsO6,58632.43395001359
Ba2TcPbO6,58649.760760997364
Ba2TcPtO6,161456.41476877488
Ba2TcRhO6,128238.55012733539
Ba2TcRuO6,71410.44504347119
Ba2TcSbO6,210015.9445489209
Ba2TcSeO6,203341.80402796261
Ba2TcSnO6,200545.83441048663
Ba2TcTeO6,189922.25049253408
Ba2TcWO6,69851.68817960664
Ba2TeIr,69900.77799168645
Ba2TeIrO6,64165.81751309849
Ba2TeMoO6,125172.91115842179
Ba2TeOsO6,127282.26744885996
Ba2TeRu,133874.6009148715
Ba2TeRuO6,128384.50154450082
Ba2Ti2AlTlO7,66335.83412069037
Ba2Ti3AlO8,127527.27212577673
Ba2Ti4Fe2O13,207430.71514206874
Ba2TiAlO6,74275.284194745
Ba2TiBO6,72313.5251686103
Ba2TiBeO6,152043.6298605507
Ba2TiCoO6,219045.65847263765
Ba2TiCrO6,147143.374450469
Ba2TiCuO6,192375.38066552658
Ba2TiFeO6,287617.0716790093
Ba2TiGaO6,72081.8798903408
Ba2TiMn2Si2PO13,287768.22439742973
Ba2TiMnO6,222888.05855256264
Ba2TiOsO6,142416.02118296127
Ba2TiReO6,55405.11251949616
Ba2TiRhO6,71932.76746639797
Ba2TiRuO6,143535.09262085886
Ba2TiTcO6,169598.38808129053
Ba2TiTe,224521.65559363304
Ba2TiTlO6,63485.3550162408
Ba2TiVO6,72719.83276047719
Ba2TiZnO6,139507.46140322325
Ba2Tl2Co3O10,358926.4975772245
Ba2Tl2Mo3O10,128918.21427750676
Ba2Tl2Ni3O10,217033.09691542742
Ba2Tl2W3O10,82938.80342551734
Ba2Tl2Zn2Co3O10,286805.07310168754
Ba2Tl2Zn2Cr3O10,288754.90198218083
Ba2Tl2Zn2Fe3O10,379135.0584396001
Ba2Tl2Zn2Ni3O10,201504.18688697484
Ba2Tl2Zn3(CoO3)4,295547.62209383806
Ba2Tl2Zn3(FeO3)4,449338.4103471188
Ba2Tl2Zn3(NiO3)4,236475.91722958037
Ba2Tl2Zn3(WO3)4,99473.09949104687
Ba2Tl2Zn3Cr4O12,350803.2576971676
Ba2TlCo2O7,364028.1615368942
Ba2TlCoO6,131292.10006257883
Ba2TlFe2O7,420687.132782126
Ba2TlFeO6,212076.59791292477
Ba2TlMo2O7,141936.7475857748
Ba2TlNi2O7,156637.44477171905
Ba2TlNiO6,78597.47692869516
Ba2TlOsO6,56549.44207331206
Ba2TlPtO6,62472.02549754592
Ba2TlRhO6,126113.82968142263
Ba2TlRuO6,189659.87546068776
Ba2TlV2O7,61070.56832672363
Ba2TlW2O7,134702.00846078488
Ba2U2O3,288154.9388660898
Ba2U2O5,317058.6490175682
Ba2U2O7,95756.27385745253
Ba2UCoO6,63528.22717664814
Ba2UCu2S5,79033.80087150526
Ba2UFeO6,376602.4923865282
Ba2UMnO6,303539.66917681706
Ba2UNiO6,127339.3337420985
Ba2UTiO6,122471.88030694598
Ba2V2CuF12,189712.6042474893
Ba2V2F11,108738.08752147904
Ba2V2FeO9,172575.0494810287
Ba2V2O5,272556.2748866743
Ba2V3O7,244250.4402002558
Ba2V3O8,151671.1356406058
Ba2V3P6HO22,129491.99200585952
Ba2VCdO6,66911.99834398208
Ba2VCoO6,296123.6780782583
Ba2VCrO6,223857.06608983944
Ba2VFeO6,357392.2541475578
Ba2VGeO6,74554.68785612693
Ba2VMoO6,209386.4126101836
Ba2VNiO6,74659.39086275976
Ba2VO4,83320.82140672796
Ba2VOsO6,52001.54799273108
Ba2VPtO6,71638.54671111019
Ba2VReO6,139922.40813073076
Ba2VRuO6,103014.68790546407
Ba2VSbO6,137092.23823993411
Ba2VSeO6,70113.49734454983
Ba2VSiO6,78114.13460956966
Ba2VSnO6,68960.66288357577
Ba2VTcO6,235398.59424898427
Ba2VTe,303654.4028219041
Ba2VTeO6,65246.72219950676
Ba2VWO6,206565.58568865436
Ba2VZnO6,71774.24683070123
Ba2W(CO2)4,193266.2501157526
Ba2W2F11,160105.83141268202
Ba2W2O5,81998.17735124746
Ba2W3O7,217180.00466175505
Ba2W3O8,190531.037600811
Ba2Zn(P3O14)2,55774.29088588345
Ba2Zn2Cr7Ga2(SnO11)2,414801.45391825924
Ba2ZnFe2CuF14,373892.322981076
Ba2ZnFe2F14,335618.6663760406
Ba2ZnFeO6,234049.07317019856
Ba2ZnIrO6,206267.97277807965
Ba2ZnNiO6,161568.66870411162
Ba2ZnOsO6,139009.4357838835
Ba2ZnPtO6,139055.24212505596
Ba2ZnReO6,69463.96492320468
Ba2ZnRhO6,208151.68921593882
Ba2ZnRuO6,140932.13961532776
Ba2ZnTcO6,70068.79611793703
Ba2ZrAlO6,67311.17090473865
Ba2ZrBeO6,142122.53450367236
Ba2ZrC8O19,100864.58918407786
Ba2ZrCoO6,70618.16625275229
Ba2ZrCrO6,137497.94715948726
Ba2ZrCuO6,111263.83926171127
Ba2ZrFeO6,274338.1929542943
Ba2ZrGaO6,66278.48431731782
Ba2ZrInO6,61167.19455470236
Ba2ZrIrO6,66945.79992855978
Ba2ZrMnO6,208264.76962392076
Ba2ZrMoO6,90641.08507059183
Ba2ZrO6,249510.59895216805
Ba2ZrOsO6,133139.5987367811
Ba2ZrReO6,159047.21843441387
Ba2ZrRhO6,67308.5623357237
Ba2ZrRuO6,133931.9254469464
Ba2ZrTcO6,197650.0005546953
Ba2ZrTlO6,58804.49293117919
Ba2ZrUO6,112717.84288041983
Ba2ZrVO6,67742.38020607298
Ba2ZrWO6,63038.00359717745
Ba2ZrZnO6,120550.57637546273
Ba3(CoN2)2,115173.2935574585
Ba3(CrS3)2,211287.51411464802
Ba3(FeN2)2,237132.98486459517
Ba3(FePt)2,247401.56838977477
Ba3(MnN2)2,94693.60795346426
Ba3(P3O11)2,139249.5264812805
Ba3(P3O13)2,132463.23297145695
Ba3Al2Ga2(FeO6)2,269202.54894817766
Ba3BeIr2O9,128925.19207752265
Ba3Bi2RuO9,114342.42439086975
Ba3BiIrRuO9,79282.25595464124
Ba3BiRu2O9,126557.11961640089
Ba3CaIr2O9,85710.88597296261
Ba3CaRu2O9,182442.2603162175
Ba3CaZrWO9,53035.41057460734
Ba3Co10O17,597216.7602574705
Ba3Co2WO9,347431.46066191717
Ba3Co8Sn3O20,330862.48461118335
Ba3CoIr2O9,302420.96016150474
Ba3CoO5,59397.96435121944
Ba3CoO6,175122.1414637352
Ba3CoRu2O9,331269.17053790577
Ba3Cr2MoO9,279261.44411414134
Ba3Cr2O8,88156.20789721378
Ba3Cr2WO9,278149.40571370086
Ba3CrF12,71418.31574153795
Ba3CrO5,118860.84735457152
Ba3CrS5,123121.31554880507
Ba3CuN3,114946.18218124952
Ba3CuRu2O9,224623.9101052126
Ba3Fe10SnO20,940612.7955939514
Ba3Fe2(Ge2O7)2,267433.1196722148
Ba3Fe2Br2O5,358491.14806818496
Ba3Fe2BrO5,395341.20781957067
Ba3Fe2Cl2O5,367886.92908393365
Ba3Fe2TeO5,452345.967100562
Ba3Fe2TeO9,430888.72833638923
Ba3Fe2WO9,433656.64091072814
Ba3Fe3O8,620641.9363693967
Ba3Fe3Se7,242274.0950158249
Ba3Fe4P8PbO28,239039.78826837117
Ba3Fe8Sn3O20,689111.1996431614
Ba3FeGe5O14,106945.09564071732
Ba3FeN3,120476.77513577645
Ba3FeO5,236052.55670737728
Ba3FeO6,230481.85994893458
Ba3FeRu2O9,357189.2069430463
Ba3FeS5,169693.4167279582
Ba3HfO6,103810.50834967996
Ba3InIr2O9,124695.81944642753
Ba3InIrRuO9,84478.3824480524
Ba3InRu2O9,131108.9726902578
Ba3Ir2(NO2)12,101870.87612484007
Ba3IrO6,164553.42053348874
Ba3LiIrRuO9,145264.37741339827
Ba3LiOs2O9,135826.3074535106
Ba3LiRu2O9,227314.40124466887
Ba3LiTi3O8,70541.39834991761
Ba3MgCr2O8,163770.63203015467
Ba3MgIrRuO9,174068.59421251903
Ba3MgMn2O8,247392.66492098835
Ba3MgMn3O9,365770.57850682863
Ba3MgNb2CoO9,115945.82309002386
Ba3MgNb2ZnO9,52569.559306870746
Ba3MgRu2O9,184278.09089290086
Ba3MgV2O8,78819.7518350923
Ba3Mn,203802.1635666681
Ba3Mn2IrO9,397326.3538499255
Ba3Mn2O8,184304.67259814232
Ba3Mn4PtO12,409739.7323617551
Ba3MnF12,169479.5846404382
Ba3MnF6,216788.7307981625
Ba3MnN3,59255.476348200595
Ba3MnNb2O9,218123.6681851938
Ba3MnO6,278946.7302837073
Ba3MnSb2O9,209935.42166321506
Ba3Mo,150312.31882738034
Ba3Na2Cr4F20,295347.7206589714
Ba3NaIr2O9,108713.3813745921
Ba3NaIrO6,105070.27473235698
Ba3NaIrRuO9,165555.4784544493
Ba3NaMn4Si6O23,300946.32186120836
Ba3NaOs2O9,129689.14492591291
Ba3NaRu2O9,190271.70876074175
Ba3NaRuO6,157979.44769332474
Ba3Nb,182956.48788203803
Ba3NbFe3(SiO7)2,419692.52904280653
Ba3NbO6,52688.658656814274
Ba3NiF12,56122.31759644846
Ba3NiIr2O9,92082.61712850253
Ba3NiO4,125732.00862482372
Ba3NiO6,116370.11229846757
Ba3NiRu2O9,365435.47381467215
Ba3NiSb2O9,88384.4052606378
Ba3NiSbRuO9,212533.97382399323
Ba3OsN3,106737.2448865432
Ba3OsO6,108947.38230254149
Ba3Pa,126749.9214309797
Ba3PtO6,108299.05026848709
Ba3ReO6,53610.857751561976
Ba3RhO6,163968.46704586028
Ba3RuF6,68490.16256370643
Ba3RuN3,111546.79895980406
Ba3RuO6,109436.61320883913
Ba3Sr(CuO3)4,125224.14980808912
Ba3Sr3Np2,249270.10931439072
Ba3Sr5Co2(CuO4)6,234740.00844378688
Ba3Sr5Co3Cu5O24,272329.1672961162
Ba3Sr5Co4(CuO6)4,306126.7985303618
Ba3Sr5Ti7MnO20,137047.28204641797
Ba3Sr5Ti7MnO24,55453.53655848565
Ba3Sr5Ti8O20,80343.12526501085
Ba3SrCo(CuO4)3,207254.25890067205
Ba3SrCo2Cu4(SO)4,173825.09835285254
Ba3SrIr2O9,76748.35415443908
Ba3SrRu2O9,237027.7126412892
Ba3Ta2NiO9,90776.55077809458
Ba3Ta6Fe2O21,207663.93861665027
Ba3TaO6,52857.867074005975
Ba3TcO6,55019.14596085003
Ba3Ti(FeO4)2,444397.57358647155
Ba3Ti20O40,74460.78447471285
Ba3Ti3Fe3(BiO9)2,345868.6581843894
Ba3Ti3O8,91485.67720438562
Ba3TiFe2O9,364812.0308874879
Ba3TiO6,108290.7472789345
Ba3V2Ni6(AsO6)4,213697.16400234186
Ba3V2Ni6(PO6)4,223365.31627066727
Ba3V2P6(HO4)6,77708.77429773647
Ba3V2S4O3,68286.27304398039
Ba3V3N5,70461.34081265432
Ba3V4(PO4)6,145306.34758017233
Ba3VN3,52107.011083468584
Ba3VO5,58138.275089972936
Ba3VO6,56367.073084889555
Ba3ZnIr2O9,102763.51124513116
Ba3ZnRu2O9,270550.2906065575
Ba3ZrN3,50510.28167174506
Ba3ZrO6,102986.6304437879
Ba3ZrRu2O9,88700.64995914414
Ba4Al(IrO5)2,107423.17568487159
Ba4CaCr4Cu2F28,193551.45425690993
Ba4CaFe4Cu2F28,314674.9588259014
Ba4Co(ReO6)2,106941.08134312007
Ba4Fe12Si8ClO35,651815.44555293
Ba4Fe2S4I5,129635.53678576779
Ba4Fe4O11,606731.7625572539
Ba4Li(RhO3)4,92701.88087928224
Ba4Mg(Co2O5)2,415245.17225716345
Ba4Mg(Fe2O5)2,513084.34706337034
Ba4Mg(RhO3)4,57760.490284465355
Ba4MgCo(ReO6)2,97294.1578495541
Ba4MgMn4(P2O7)4,271031.8420807155
Ba4Mn2Ag2As4O17,159989.9866811581
Ba4Mn3O10,348606.74067043554
Ba4Na(FeAs)10,62042.687070669344
Ba4Na(IrO4)3,193775.84991187905
Ba4Na(RuO4)3,100007.13299573635
Ba4NaMn2O9,192945.1616687866
Ba4NbCo2MoO12,235930.2550507136
Ba4NbFeO8,193427.90226863034
Ba4NbP4(O9F)2,96526.50129091676
Ba4Re2NiO12,65760.98735802824
Ba4Ru3O10,142685.47011430984
Ba4Se4S16O31,102390.94724586034
Ba4Sr(FeO3)5,628897.5603598276
Ba4Sr4Co3Cu5O24,269305.6328597719
Ba4Sr4CoCu7O24,192498.512338479
Ba4Ta10FeO30,59271.06745443494
Ba4TiAl3P4(O5F)4,59305.711169607166
Ba4U4O11,210433.2382260776
Ba4UCr2S9,184026.91961971388
Ba4Zr(RuO4)3,129048.87714534943
Ba5(FeN2)2,65914.39588019498
Ba5(RuO5)2,201379.8845074014
Ba5AlRu2O11,89379.89155374045
Ba5Co4PtClO13,275304.8483561472
Ba5Co5O14,311043.04383168486
Ba5Cr3ClO12,68573.74679133059
Ba5Cr3O12F,71943.59190326721
Ba5Fe3W2O15,374152.97387982823
Ba5Fe5O14,591869.8848733956
Ba5GaRu2O11,88012.02550296196
Ba5MgMnV4(Cl3O7)2,80070.74614214414
Ba5Mn(Co2O7)2,343903.22587987554
Ba5Mn3ClO12,151803.26655470056
Ba5Mn3O12F,144884.7904754179
Ba5Mn5O14,473537.93803463725
Ba5Na2Ru3O14,199865.86838263652
Ba5Os3NO18,67061.32296498775
Ba5Ru2Br2O9,146926.49154661308
Ba5Ru2Cl2O9,151012.95990757665
Ba5Ru2ClO9,162220.56842487486
Ba5Ru2O11,191301.99719091042
Ba5Ti4MoO15,55503.63843328509
Ba5V5O14,185559.58076287922
Ba6(NiO3)5,51784.54555782373
Ba6Co6O16F,286215.3539707833
Ba6Fe14Cu11S27,429619.4130935996
Ba6Fe3Si8C2(ClO10)3,205029.18042547946
Ba6Fe8S15,347939.5694374353
Ba6Ga2Co11O26,528205.0934925684
Ba6MgCo2(Sb2O9)2,98761.33831415948
Ba6MgCr2O10,149505.96323828344
Ba6Mn2Zn(ClF2)6,172065.13354896012
Ba6Mn4Co2ClO16,402060.8427120389
Ba6Mn4Si12Cl3O34,172126.78990050103
Ba6Na2As2Ru2O17,127065.99624660127
Ba6Na2Mn2Nb2O17,78591.51547932126
Ba6Na2Mn2Ru2O17,212897.07750854664
Ba6Na2P2Ru2O17,125923.05407021676
Ba6Na2Ta2Mn2O17,78837.7946053098
Ba6Na2V2Ru2O17,126691.84641700723
Ba6Os2N6O,56571.73357744787
Ba6Ru2Pt(ClO6)2,126213.32476988663
Ba6Ru3(ClO6)2,127342.81027441596
Ba6Sr2CoCu7O24,188839.2286418699
Ba6ZnCo5(SiO4)6,213268.944889856
Ba7(Fe3S7)2,329511.7944933593
Ba7Ca2Mn3Cr2O20,196701.222509081
Ba7Ca2Mn3V2O20,161765.721889497
Ba7Fe6CuF34,395860.6095314262
Ba7Fe7F34,407526.12466336915
Ba7Li3(RuO5)4,201988.0654595619
Ba7Ru4Br2O15,96574.1082681686
Ba7Ru4Cl2O15,169491.16705298563
Ba7Sr(CuO3)8,144814.72878458948
Ba7SrCoCu7O24,188866.40416616315
Ba8(MnN3)3,84728.9338238464
Ba8Bi2F17,55619.479504079005
Ba8Ca5Mn3Fe8F56,435724.0858706685
Ba8Co7O19,136445.55770323306
Ba8Fe3N8,129214.45833830848
Ba8Fe8O21,622364.6556464017
Ba8Mn6Co2ClO22,398047.1633566954
Ba8Mn8O21,521752.8676879635
Ba8Mn8O23,445564.488825941
Ba8Ta2Ru3(BrO9)2,92810.32765772633
Ba8Ti3Co(SiO4)8,60923.175591272775
Ba8V7O22,116591.97976427135
Ba9(FeSe4)4,168519.35725678742
BaAcGe,59561.75209994193
BaAcO3,88667.55937850584
BaAcPb,61320.23188681147
BaAcSi,61590.782084966864
BaAcTe,130254.52604379746
BaAg4O7,101153.70632697082
BaAl2(SiO5)2,91461.81379077326
BaAl2H10C2O13,51441.60402919153
BaAl2O6,183949.54338377484
BaAl2Si3O14,58541.549741577684
BaAl3(PO7)2,244895.8302664019
BaAlCo4O7,643816.8338474212
BaAlCoCuO5,312787.99084162846
BaAlCr4O7,822503.1127895885
BaAlCrCuO5,250621.16536381026
BaAlCu4O7,159828.7270550688
BaAlCuMoO5,193855.5292504305
BaAlCuWO5,109554.64307281504
BaAlFe4O7,1015474.9357061879
BaAlFeCuO5,406676.6147784576
BaAlNi4O7,529744.2634636983
BaAlPO5F,80154.75070719846
BaAlV4O7,502948.9417684677
BaAlVCuO5,146558.65255976113
BaAlW4O7,360942.30514698173
BaAs2O9,179204.93539051063
BaAsRh,80179.41504060329
BaB2H10O9,65097.787155709244
BaBO3,86251.70345227078
BaBeO3,157061.14127993348
BaBi2Br2O5,85001.1268627459
BaBiRh,59602.2773854227
BaC,340509.8599557895
BaC2,305604.92630294705
BaC2O5,147612.52312624696
BaC2S2(NO)2,97858.30025917411
BaCO4,217209.91078956102
BaCa(CoO2)4,372143.6063892671
BaCa(CoO3)4,703191.3160939278
BaCa(FeO2)4,944447.3820100693
BaCa(FeO3)4,798141.2992794458
BaCa(MoO2)4,496984.8308117398
BaCa(NiO3)4,566105.8975040861
BaCa(SnO3)4,134539.72696248308
BaCa(WO2)4,494534.9813011266
BaCa3(CuN2)2,86240.07213132764
BaCaAgF7,116022.96387291374
BaCaCr4O8,540610.6867275193
BaCaCrBiO6,199991.18072903174
BaCaCrF7,196054.3517800143
BaCaCrSbO6,213504.7765185906
BaCaCrSnO6,141893.67412664634
BaCaCuF7,124964.81695797632
BaCaFe2Co2O7,783003.508090929
BaCaFe4O7,901310.3306602424
BaCaFeBiO6,328530.36360503884
BaCaFeF7,305532.64446990134
BaCaHf4O12,132553.45781841353
BaCaHfWO6,131480.68802628713
BaCaMn4O12,663124.7832115781
BaCaMn4O8,712178.0329777771
BaCaMnF7,241785.71543418322
BaCaMnSnO6,215459.35158572037
BaCaMnWO6,334579.0724017435
BaCaMoF7,171331.05787707467
BaCaNbWO6,196546.34788761236
BaCaNiBiO6,66803.9750536734
BaCaNiF7,185782.0014966647
BaCaTi4O12,153965.91913111176
BaCaTi4O8,177621.86493693865
BaCaTiF7,59791.96385301975
BaCaV2Ni3(HO5)2,154132.25318451435
BaCaV4O8,349610.9510226215
BaCaVF7,120190.74462401336
BaCaWF7,170009.8984996248
BaCaZr4O12,128392.45535569968
BaCaZrWO6,129154.53822484658
BaCd(ClO)4,147265.1697610532
BaCdFeF7,312580.0715775412
BaClO,122652.959585664
BaClO3,91405.07242474124
BaCo(SeO3)2,62745.247782323255
BaCo(SeO3)4,121831.10857351303
BaCo2(AsO4)2,322572.7909120013
BaCo2(PO4)2,229677.01879598794
BaCo2P2H2O9,100523.14418397217
BaCo2Sn4O11,157203.92649990894
BaCo4O7,417462.9572480795
BaCoBP2HO9,174680.13140924976
BaCoCu3Se4,137210.34743121816
BaCoF4,324856.591750906
BaCoO2,369776.64451938425
BaCoO3,298788.7515752478
BaCoP2O7,66345.67591768954
BaCoS2,56755.21639345302
BaCoSb,219011.2068428442
BaCoSe2,93623.97849926334
BaCoSiO4,89577.39398666348
BaCoTe,111766.66547188495
BaCoTe2,218481.46542274774
BaCr(Si2O5)2,162654.96315516386
BaCr10O15,1050605.495503171
BaCr2O4,581471.9691303913
BaCr2PO13,92972.23975793377
BaCr4O7,544265.317129909
BaCr4O8,427189.23471942917
BaCr4S7,477745.02163828094
BaCrAs,493145.20980418666
BaCrAs2,291824.86137886194
BaCrCdF7,186890.03221433595
BaCrCu3Se4,118254.72153183311
BaCrF5,306703.51671693905
BaCrF6,176337.81524493266
BaCrInWO6,209945.32542322137
BaCrO3,291707.26000127976
BaCrP2O7,260246.55962412126
BaCrS2,378650.8269852748
BaCrSb,452196.5192458447
BaCrSnBiO6,208145.6166794131
BaCrTe,444822.8611331197
BaCrTe2,300887.8317729853
BaCu(C2O7)2,122047.37455215128
BaCu2(AgO2)2,115431.6020630932
BaCu3NiSe4,119812.03698252677
BaCu4O7,354405.57599303516
BaCuO2,110641.99858171392
BaCuRu5O11,162442.6813054464
BaFe(Si2O5)2,163668.8258125097
BaFe12,1202472.6805840796
BaFe2(P2O7)2,361831.54528202885
BaFe2(PO4)2,441233.97732185584
BaFe2(SeO3)4,339075.7334561005
BaFe2F7,620696.8828547052
BaFe2P2O7F2,404132.3558466638
BaFe2P4H4O17,285495.544217378
BaFe2PbO5,728025.6443218419
BaFe2S2O,541028.0787495157
BaFe2Se3,429857.68428653816
BaFe2Si2O7,438295.4270564403
BaFe3Si4SO11,446490.2870780689
BaFe4O7,1059980.127000639
BaFe4Sn2O11,867902.5597141396
BaFe5Bi4O15,687996.305985712
BaFeCuF7,348684.08227261284
BaFeCuPb2ClO5,248414.48067865078
BaFeF4,434321.0979410183
BaFeF5,468690.32128917234
BaFeO2F,668860.8781396807
BaFeO3,456790.4910583811
BaFeO4,193537.30705179597
BaFeP3H2O11,209431.96122576247
BaFePHO5,343772.021305234
BaFeTe,233517.7376710586
BaFeTe2,259829.8734544523
BaH(BrO3)2,51414.751437947925
BaH(NO2)2,72477.26272786739
BaH2(CO2)4,75745.25908144416
BaH2(S2O3)2,71317.47968646433
BaH2S5O6,58707.25836210808
BaH2Se(S2O3)2,58950.215388616016
BaHS2O3,67439.99943230633
BaHf2As,166354.3546360859
BaHf4SnO12,69116.70151395527
BaHfTe2,141497.50770954898
BaIO5,131002.96630207368
BaIn8Ni2O15,105390.04252707626
BaInCo4O7,334972.09547676664
BaInCuF7,61256.85608279272
BaInFe4O7,873818.160338103
BaInFeWO6,342985.3045410919
BaIrF6,82894.93808547333
BaIrN2,106852.16879787024
BaLi2NiO3,187745.2068657767
BaLi4NiO4,157902.64702955028
BaLiCaVP2O9,94584.14759611325
BaLiCoTe,80999.31456430755
BaLiRu5O11,305507.7983681416
BaLiV2Ni3(HO5)2,209469.15738569596
BaMg(CoO2)4,413889.047267714
BaMg(FeO2)4,909361.7817167828
BaMg(FeS2)2,425652.40227426315
BaMg(MoO2)4,538104.9846717576
BaMg(NiO2)4,219239.406396963
BaMg(WO2)4,532102.866672575
BaMg14CoO16,74485.0243409218
BaMg14Cr,89363.14171902419
BaMg14CrO16,106645.02144485418
BaMg14Fe,50174.7795651828
BaMg14FeO16,107409.36242020398
BaMg14MnO16,133529.90128178155
BaMg14NbO16,74347.35909092912
BaMg14NiO16,54168.728666669835
BaMg14V,73919.1553981497
BaMg14VO16,53705.697311928045
BaMg2V6(Cu4O13)2,67276.74198451974
BaMg30FeO32,57151.26423498503
BaMg30MnO32,71169.20908295373
BaMg6CoO8,146001.0289565848
BaMg6Cr,191340.94839620357
BaMg6CrO8,188211.26532730216
BaMg6Fe,110645.65896743642
BaMg6FeO8,192096.97305052914
BaMg6Mn,178116.0662739039
BaMg6MnO8,238016.10129152302
BaMg6Mo,79670.6137199966
BaMg6Nb,54953.94858078168
BaMg6NbO8,106266.29626833835
BaMg6NiO8,97534.47833996944
BaMg6Ti,81489.30121391486
BaMg6TiO8,82141.622968943
BaMg6V,149269.6238621431
BaMg6VO8,143965.9371534506
BaMg6Zr,55764.82968251201
BaMgAgF7,127724.5504993225
BaMgCoO3,273764.4921072256
BaMgCr4O8,598702.8919614257
BaMgCrF7,204711.35267375226
BaMgCuF7,137192.71178995908
BaMgFeF7,339541.95347337355
BaMgMn2O5,649563.5093295877
BaMgMn4O8,587564.1977808512
BaMgMnF7,269414.20479569415
BaMgMnO3,504609.40325760224
BaMgMo(PO4)2,95053.63325365131
BaMgMoF7,190927.68456063597
BaMgMoO3,226760.7009333126
BaMgNiF7,208000.1565234253
BaMgTi(BO3)2,122599.44393063958
BaMgTi4O8,94482.35607887252
BaMgTiF7,67014.18540270498
BaMgV2CuO8,54632.54071152968
BaMgV4O8,385454.3860908711
BaMgVF7,134513.11983039603
BaMgVO3,204359.12159280042
BaMgWF7,191580.66742236077
BaMgZn(FeO2)4,835556.6039397196
BaMn2Fe4O11,1177670.8845795363
BaMn2O3,1071026.4916779588
BaMn2O4,645237.8560060693
BaMn2O8,136743.84530273438
BaMn3Fe3O11,1130320.2190491057
BaMn3O6,865796.2245658427
BaMn4AlO7,1017850.1890006707
BaMn4O7,723067.2316739127
BaMn4O8,788734.9395027108
BaMn4ZnO8,784008.2088807132
BaMn5(SO4)6,476856.14230998314
BaMn5O11,782936.0830705782
BaMn6O12,877919.0209041988
BaMn8O16,865210.5524011118
BaMnAlCuO5,332328.5995375073
BaMnAlF7,343773.37491753895
BaMnAs,421435.23642888194
BaMnAs2,341722.4326847239
BaMnAu2,420033.5030505874
BaMnCO3F2,462237.2374766162
BaMnF4,510270.15955884097
BaMnF5,401585.7000285579
BaMnFeF7,669348.7581747415
BaMnGaF7,362211.47672773065
BaMnGe,436119.3538976273
BaMnInWO6,304015.4855026478
BaMnN2,137341.97302269688
BaMnNb2O6,374677.42347192863
BaMnNb4O12,184432.92071439233
BaMnO3,423212.50722527434
BaMnO4,100932.87673172238
BaMnP2O7,323721.22394689126
BaMnS2,448935.3035440969
BaMnSb,405956.448837133
BaMnSb2,304282.1106947665
BaMnSnWO6,328638.4361796448
BaMnTe,395463.7696267168
BaMnTe2,369870.84728568705
BaMnV2(AgO4)2,239240.8559789287
BaMnVF7,457889.92026819376
BaMnZnF7,265916.73985154094
BaMo(PO4)2,107300.54741868525
BaMo2(P2O7)2,206305.38690975885
BaMo2(PO4)3,184661.51177317023
BaMo4O15,57687.85394749562
BaMo4O7,407850.97327093733
BaMoF7,68174.87038655662
BaMoO2,493700.1060094717
BaNa2Fe4F12,547671.9995683419
BaNa2V2CuO8,50279.39020994157
BaNa5LiCo5F18,338380.98168873886
BaNaCoTe,76687.20810003344
BaNaCr2F9,351239.3902032675
BaNaCrF6,200772.62913037502
BaNaFe2F9,573277.2396156937
BaNaFeF6,334227.5633460177
BaNaMnBiO6,102432.45417281757
BaNaPSO12,75954.31754648183
BaNaTeIr,63569.91989060549
BaNaTiF6,65877.17235702495
BaNaVF6,132006.8965801468
BaNb2(FeO3)4,807289.6045227525
BaNb2CrO6,323581.1335079639
BaNb2Fe2(PO4)6,182847.4705710981
BaNb2Fe2O9,444437.75908395357
BaNb2O4,187722.93406479186
BaNb4(FeO7)2,254823.68967328616
BaNb4CrO12,147185.18927484372
BaNb4O14,178702.4588049611
BaNbAs2,170048.20135190152
BaNbInWO6,131991.04388209636
BaNbSb2,161597.9439517833
BaNbTe2,82698.90750863253
BaNi2(AsO4)2,224860.92000403794
BaNi2(PO4)2,242010.35555247345
BaNiAs,110598.0100094307
BaNiBi,85744.78381238588
BaNiCl3,80909.70417104507
BaNiF4,221142.5814271636
BaNiIO6,70068.2303630314
BaNiO2,140580.14084844658
BaNiSb,94605.80255022075
BaNiSn,55881.91830459312
BaNp(PO4)2,178934.01563999677
BaNp2O4,535150.1359677614
BaNpAs,546739.3692371722
BaNpAs2,281056.1589309524
BaNpAu2,403841.78340940963
BaNpBi2,270633.8330959267
BaNpO3,315201.04868406535
BaNpO4,96481.35836861364
BaNpPH2O7,120611.22218182588
BaNpPd2,417326.2415779764
BaNpSb2,269390.6383324101
BaNpTe2,351618.1468854672
BaO10,284170.19274025393
BaO4,212848.90119078165
BaO6,325494.38536879834
BaOsO2,215450.51372957515
BaOsO3,134564.8317949382
BaP2(HO3)2,99087.53459089222
BaP2S2O9,136399.96263921892
BaP3HNO9,100901.93540388957
BaP4(W2O7)8,50081.49620550824
BaP4PtO14,66201.15530056962
BaPa2O4,243543.1431944103
BaPaAs2,67388.39720219045
BaPaAu2,105733.79030250048
BaPaBi2,69184.10082656384
BaPaGe2,116956.26354485485
BaPaO3,98575.06116451998
BaPaPd2,124385.47609861661
BaPaPt2,115306.91604011328
BaPaSb2,66620.92860953022
BaPaSn2,128235.12931305643
BaPu2O4,674461.6978700277
BaPu2Sb,1080757.2431719876
BaPuAs,628936.7103236376
BaPuAs2,397399.2113656725
BaPuAu2,506622.9301574535
BaPuBi,536929.965984016
BaPuGa2,511473.14324784884
BaPuGe,522295.211103756
BaPuHg2,446455.7025974113
BaPuIn2,430597.48286728124
BaPuO3,424737.1280272331
BaPuPd,555358.8042366194
BaPuPd2,528372.8975866247
BaPuPt,557693.6357648257
BaPuPt2,512999.2724619063
BaPuRh2,473863.97122988396
BaPuSb,573728.0328370278
BaPuSb2,388236.7692369586
BaPuSn2,416187.19497265806
BaPuTe2,414752.6709200214
BaPuTl2,423251.3051691477
BaRe2O9,63709.539159296975
BaRh2,67063.2212724941
BaRhF6,84982.38260004534
BaRhO3,119810.45491805347
BaRuO3,194724.6397958379
BaSi2O9,95068.89857243453
BaSr(CoO3)2,142177.4804504823
BaSr(CoO3)4,763235.232489455
BaSr(FeO2)4,888326.6845968396
BaSr(FeO3)4,796020.798772242
BaSr(GeO3)4,164963.62445152868
BaSr(MoO3)2,265575.1156263028
BaSr(NiO3)4,566081.0384430195
BaSr(WO3)4,143645.38947447887
BaSr2Mn2(Si2O7)2,254227.42345080906
BaSr2Np,240394.38310454894
BaSr3Co2(CuO6)2,313727.4595024168
BaSr3Co2Cu4(SO)4,185118.50495507638
BaSr3Cu8(BO3)8,127000.81120382702
BaSr3Mn3O10,360365.7613294107
BaSr3Mn4O12,440368.6067715917
BaSr4(FeO2)5,628471.0054412428
BaSr4(FeO3)5,642383.0934941166
BaSr6Fe3Bi3O16,297736.05309075734
BaSr7(Fe2O5)4,720096.4083005686
BaSr7(FeO3)8,633287.4053689772
BaSr7Co4(CuO5)4,247535.6468057929
BaSr7Co6(CuO12)2,399890.0563317285
BaSr7Fe6(CoO10)2,640141.9287660295
BaSr7Fe6(CoO12)2,608085.6118324754
BaSr7Fe7CoO24,645020.0791283286
BaSr7Mn2(Fe3O10)2,680280.2960203902
BaSr7Mn2(FeO4)6,630393.5606902037
BaSr7MnFe7O20,698632.5160975251
BaSr7MnFe7O24,636401.3152593822
BaSr7Ti5Mn3O20,262027.29581267087
BaSr7Ti5Mn3O24,174904.18862503878
BaSr7Ti6Mn2O24,114415.46565926373
BaSr7Ti7MnO20,128545.06325670436
BaSr7Ti7MnO24,56611.48487722952
BaSrCaFeO6,262400.20524108736
BaSrCoCu2(SO)2,170858.40861881874
BaSrCoWO6,205798.7876048588
BaSrCrBiO6,195787.314596092
BaSrCrSnO6,139162.31001391355
BaSrFeBiO6,323179.11122585647
BaSrHf4O12,130498.97622488794
BaSrInWO6,64177.00785180965
BaSrMg(FeO2)4,685078.5531973105
BaSrMn2Al9PbO20,155958.5475896853
BaSrMn2O6,451346.9275339084
BaSrMnWO6,329191.6424396351
BaSrNbWO6,193805.92441523602
BaSrNiBiO6,65251.433795893136
BaSrTi4O12,151428.75345002997
BaSrV4(CuO4)4,109187.07377898249
BaSrZr4O12,124922.15425846062
BaTa2O4,91086.52956609403
BaTaTe2,84633.49175571951
BaTcO3,101850.98876034803
BaTe2Rh,83153.47659849805
BaTe2Ru,167853.8109335864
BaTeH3(S2O3)2,89362.98339066672
BaTeRh,76883.9797780033
BaTeS4O9,88393.1543706951
BaThTe,116044.96244085349
BaThTe2,90892.84664389318
BaTi2(P2O7)2,70157.84676291875
BaTi2Fe4O11,896476.7382635603
BaTi2O4,123837.23344466458
BaTi4AlO7,56787.26125706213
BaTi4O7,93156.80312919375
BaTi4O8,80431.30880650508
BaTi4SnO12,121953.63194485224
BaTi4ZnO8,71706.04957898775
BaTi6O12,80750.38217378805
BaTi7O14,67875.68556089525
BaTi8O16,60111.64866834057
BaTiAs,281413.8616043593
BaTiAs2,96669.54539070823
BaTiAu2,230987.06157581447
BaTiBi2,152454.6480039279
BaTiFe3(BiO4)3,530251.7317085625
BaTiMnBiO6,291323.6838140901
BaTiMnNbO6,357500.2601338162
BaTiSb,242364.32455365072
BaTiSb2,138825.26057038156
BaTiSn2,169518.1043193766
BaTiTe,351799.9435491288
BaTiTe2,154602.83144035607
BaTiZnF7,66591.90742316646
BaTl(MoO3)2,164525.1016017245
BaTl(NiO3)2,279849.91093380627
BaTl(SnO3)2,51570.98570373987
BaTl(WO3)2,58732.236418920664
BaTlV2O6,152768.81292896724
BaU2(AsO11)2,78836.24056302286
BaU2O4,396185.64702730166
BaU2P2O19,93362.5093593142
BaU2S5,194405.3113983643
BaU2Se5,171734.47301404376
BaU3W3(SeO7)2,299128.3301352053
BaUAs2,178241.18293756203
BaUAu2,288398.432244188
BaUO3,205827.63219356345
BaUPt2,270041.85248962237
BaUS3,131853.3038328781
BaUSb2,171163.44522506223
BaUTe2,284300.5211964503
BaV(AsO4)2,55763.49830323715
BaV10O17,519085.7144769752
BaV13O18,785447.215228534
BaV2(AsO5)2,89567.09589296159
BaV2(CoO4)2,344201.8706194941
BaV2(NiO4)2,229874.20612681896
BaV2(P2O7)2,138473.90788670778
BaV2(PO7)2,172006.1885529095
BaV2Cu3(HO5)2,134464.82788546005
BaV2O4,375851.1272659238
BaV3O8,57902.280632888156
BaV4O7,364914.4969636969
BaV4O8,247505.54693291767
BaV4O9,223125.3304415714
BaV4ZnO8,383271.5838333724
BaV6O11,456669.5287990583
BaV8O16,313268.89668930415
BaVAs2,235324.8043652805
BaVCdF7,123352.1659581012
BaVCu4P4O17,143709.42559674228
BaVInWO6,140315.97502187002
BaVO3,142987.08119644065
BaVOF4,91973.1437403747
BaVSb2,220053.72902932137
BaVSe2S,74129.94538221887
BaVSe3,68072.07985119501
BaVSi2O7,65790.73323037032
BaVTe,467745.77622681187
BaVTe2,229743.15734030807
BaVZnF7,133613.4854835275
BaW4O7,331067.47132327023
BaWF7,67531.99483737427
BaWO2,485672.1898291829
BaZn(FeO2)4,985944.8586271718
BaZn(MoO2)4,532296.8461329312
BaZn(WO2)4,528542.7336982521
BaZnAgF7,126697.28850164409
BaZnCr4O8,595402.15229803
BaZnCrF7,200964.91588147043
BaZnCuF7,137715.48678784308
BaZnFe6O11,1270456.412353108
BaZnFeF7,372609.4321737022
BaZnMoF7,189583.0236573978
BaZnNiF7,207071.54347283108
BaZnWF7,185309.2084587752
BaZr4SnO12,66597.24396521125
BaZrAs,185131.62700633006
BaZrBi2,64427.36287196356
BaZrNi,137674.37877636362
BaZrSb2,59500.8185728322
BaZrSn2,86069.04141502724
BaZrTe,160924.22060543174
BaZrTe2,153255.20536207693
Be(CoO2)2,1191856.0513914386
Be(FeO2)2,1373086.5110755984
Be(NF2)2,272884.33142364345
Be(NiO2)2,313652.96828222135
Be(PtO2)2,192391.345091231
Be(RuO2)2,189316.1373187102
Be12V,136429.0338699211
Be13Mo,59051.515178349095
Be2AsO9,52186.52409273296
Be2BO5,330257.56512299663
Be2Co,256741.2955499608
Be2Co(NF7)2,63167.08942031547
Be2Co2O5,334028.43887637404
Be2CoH6(NF4)2,241633.112754168
Be2CoIr,154982.6117964129
Be2CoN2(O3F4)2,320895.8119934147
Be2CoRu,60498.70903396262
Be2CoTc,462302.60736494116
Be2Cr2O5,645288.4937165803
Be2Cr3Ni2,178221.24120634102
Be2Cr3Pd2,167522.55537641948
Be2Cr3Pt2,144591.58721584245
Be2CrAu,616737.9893731404
Be2CrCo,245460.5811058793
Be2CrIr,118244.39297370262
Be2CrNi,550557.3284547987
Be2CrOs,260369.3664613608
Be2CrPd,605763.8909544364
Be2CrPt,399836.07439279644
Be2CrRh,415214.4848454644
Be2CrRu,281641.2990546337
Be2Fe,656171.8935891648
Be2Fe2O5,964481.8121952235
Be2FeCo,676948.0696467843
Be2FeIr,516758.5905776564
Be2FeNi,494600.1509588717
Be2FeOs,445534.36644485185
Be2FePd,290116.47184172657
Be2FePt,304654.1479744263
Be2FeRh,569599.9923256999
Be2FeRu,108515.3636167398
Be2FeSi,63684.3625421758
Be2FeTc,353983.1104958194
Be2Ir2O5,70205.08116230422
Be2IrW,259677.19849978425
Be2Mo2O5,359617.7658448239
Be2MoIr,290712.97188910726
Be2MoPd,414634.87370941683
Be2MoPt,431132.8102801306
Be2MoRh,284971.98769809614
Be2Nb2O5,209263.49064567016
Be2NbFe,166659.74948217513
Be2NbPd,205364.75723689844
Be2NbPt,222033.8742411716
Be2Ni(NF7)2,60103.64371189995
Be2Ni2O5,393257.8546011877
Be2NiN2(O3F4)2,296273.82298058836
Be2NiRu,62541.3750322943
Be2Os2O5,195830.9498094146
Be2PtW,423479.2579563475
Be2Re2O5,311741.2189285866
Be2ReRh,62531.814805586895
Be2Rh2O5,85045.83977880547
Be2Ru2O5,270863.25480373064
Be2Tc2O5,328500.68174972024
Be2Tl2Co(O3F4)2,168884.69677692684
Be2Tl2Ni(O3F4)2,118469.7401785606
Be2Tl2Zn(O3F4)2,70320.10947613909
Be2V2O5,382735.1631565169
Be2VAu,446285.5135784063
Be2VIr,88557.30541683047
Be2VNi,160975.01910840557
Be2VPd,236992.9861121073
Be2VPt,187105.25937214753
Be2VRh,67984.16265694119
Be2W2O5,327372.09365756804
Be3(FeNi)2,565616.98868996
Be3(FePd)2,515236.63040198735
Be3(FePt)2,525506.1556692171
Be3(NiRu)2,70091.71858419875
Be3B3P6N3O25,149347.95108857995
Be3Cd2(NF6)2,88951.51814369723
Be3Co2(NF6)2,519634.8034976107
Be3Cr2(SiO4)3,268512.7843680617
Be3Cu2(SiO4)3,177897.09474837533
Be3Fe,103323.74572577378
Be3Fe2(SiO4)3,443080.3743961044
Be3Fe4Si3SO12,517909.17587056564
Be3Fe4Si3TeO12,492864.50066208723
Be3Si3(AgO6)2,103366.27682803734
Be3Si3(MoO6)2,249835.2104460202
Be3Si3(NiO6)2,248073.94673160443
Be3Si3(WO6)2,248262.63650285467
Be3Tl2Co2F12,200548.8550453608
Be3V2(SiO4)3,176731.4982665248
Be4AlCr,474035.3231142646
Be4AlFe,167758.57931030053
Be5Co,87693.93027558702
Be5Fe,292052.0542426127
BeAl2CrCu4,305886.4373036941
BeAl2FeCu4,232285.76792993367
BeAlCoAg,59652.81765577245
BeAlCoAu,113146.29441266548
BeAlCoIr,136839.16448440388
BeAlCoMo,376490.4224705838
BeAlCoNi,76367.99382161471
BeAlCoOs,227472.6614512377
BeAlCoPd,51331.327200049716
BeAlCoPt,83148.14333968938
BeAlCoRe,453206.2044372835
BeAlCoRh,137531.6026492923
BeAlCoRu,227921.29904513407
BeAlCoTc,348760.5744583097
BeAlCrCo,418861.48358763807
BeAlCrFe,212142.01767856846
BeAlCrIr,470294.1179008349
BeAlCrNi,562246.5339181484
BeAlCrOs,273951.0095496261
BeAlCrPd,530653.9800241659
BeAlCrPt,537852.3283741886
BeAlCrRh,469337.88587311096
BeAlCrRu,289591.5340889168
BeAlFe2,538302.2182220735
BeAlFeAu,210129.9071324235
BeAlFeCo,694303.1593864141
BeAlFeCu,105407.62432522408
BeAlFeIr,391416.22650579916
BeAlFeMo,118535.92318718295
BeAlFeNi,480681.1295390053
BeAlFeOs,432457.3861094734
BeAlFePd,229460.47138213977
BeAlFePt,226471.02372701777
BeAlFeRe,329966.366481346
BeAlFeRh,409327.0023843753
BeAlFeRu,452763.4982177129
BeAlFeTc,429460.99858959275
BeAlFeW,160786.70330755334
BeAlNiMo,167103.03911594677
BeAlTcNi,95369.28088906752
BeAlVCo,202401.64973847545
BeAlVNi,312870.49797112856
BeBMo,137441.5859594225
BeCdO3,196270.58321212648
BeCo2As,274274.9503551128
BeCo2Ir,793383.8800480746
BeCo2Mo,102774.70881058062
BeCo2P,107381.17695909884
BeCo2Pt,686865.526384871
BeCo2Rh,817007.7486214876
BeCo2Sb,234296.0367400935
BeCo2Si,194312.77589967172
BeCo3,519610.8217760055
BeCoAsIr,204328.42805283444
BeCoAsPd,203864.0966150307
BeCoAsPt,249660.27951331116
BeCoAsRh,206689.43491053523
BeCoBOs,121374.19356046693
BeCoBRu,101415.245030192
BeCoGePd,129148.35356219977
BeCoGePt,130695.14581327829
BeCoGeRh,106669.70956837511
BeCoNi2,486418.2975705504
BeCoNiAs,106130.91978668461
BeCoNiGe,80019.38800547023
BeCoNiSn,131437.8776398886
BeCoO3,693811.554418538
BeCoPd2,383334.82685972383
BeCoPt,289770.0930112201
BeCoPt2,377193.50762032403
BeCoReSi,119926.84497628493
BeCoSbPd,90553.93303294823
BeCoSbRh,202205.24769032333
BeCoSiIr,96494.38658590929
BeCoSiMo,188293.4595543881
BeCoSiPd,78511.52440261056
BeCoSiPt,108555.63476576589
BeCoSiRh,96678.22585052506
BeCoSiRu,138160.88643380575
BeCoSiTc,103678.92362804606
BeCoSnIr,50097.67601660274
BeCoSnPd,103808.00433015889
BeCoSnPt,112080.4221638867
BeCoTcB,255505.47540707997
BeCoTcGe,101194.7867914017
BeCr2O4,867842.2754501421
BeCr2Os,355812.7307575501
BeCr2Si,455052.0311587463
BeCrAsIr,349585.6946900274
BeCrAsRh,341670.65370083466
BeCrAsRu,516783.5698364376
BeCrB,341076.5131335337
BeCrBIr,622282.8614865908
BeCrBPt,601037.9441954552
BeCrBRh,631932.1760091782
BeCrBRu,514298.57490051887
BeCrCo2,469897.5841106265
BeCrCoB,696038.6424977767
BeCrCoGe,595498.517991567
BeCrCoSi,611541.8665962919
BeCrCuIr,204282.32382849613
BeCrFeB,527570.2120193194
BeCrFeGe,638935.4737076758
BeCrFeSi,444641.16077788145
BeCrGaCo,508232.1835200568
BeCrGaFe,211466.9954229361
BeCrGaIr,462048.7119547151
BeCrGaNi,571339.6588640421
BeCrGaPd,510155.3346630652
BeCrGaPt,519041.7693900006
BeCrGaRh,461466.608975103
BeCrGaRu,281931.5089923304
BeCrGeIr,513735.12656975986
BeCrGePd,418230.42220908735
BeCrGePt,405516.94021336286
BeCrGeRh,498599.4163250126
BeCrGeRu,555093.0013151731
BeCrInPt,520754.525370614
BeCrIr2,372475.9116195282
BeCrNi2,689808.7808609523
BeCrNiB,635458.2953212949
BeCrNiGe,383971.75344248547
BeCrO3,416062.8141141867
BeCrPd2,697467.4082215523
BeCrPt,882430.345783855
BeCrPt2,349894.36608103145
BeCrReSi,242057.43501296887
BeCrRh2,383063.0356365743
BeCrSiIr,311765.71314056654
BeCrSiNi,472567.28280565335
BeCrSiOs,288385.2830729475
BeCrSiPd,404727.6508520185
BeCrSiPt,391599.0157372096
BeCrSiRh,472576.1721812658
BeCrSiRu,326917.1886824386
BeCrSiTc,254984.81200844297
BeCrSnRh,511138.144351591
BeF4,150797.06337580178
BeFe,842562.107421255
BeFe2B,582571.329732437
BeFe2Co,1301339.9579747627
BeFe2Ge,273917.8971436086
BeFe2Ir,1035744.7243359906
BeFe2Ni,941218.7104118844
BeFe2P,165846.88729311927
BeFe2Pd,950894.0251073008
BeFe2Pt,971586.6589767139
BeFe2Rh,1084463.3050900158
BeFe2Ru,476831.024963614
BeFe2Si,291749.7031109392
BeFe2Tc,674225.164725304
BeFe3,1341371.6615111895
BeFeAsPd,321533.0438869524
BeFeAsPt,311927.64202723885
BeFeBIr,242838.22482769925
BeFeBOs,423808.1701588557
BeFeBRh,244391.9148561839
BeFeBRu,441068.0697139565
BeFeCo2,1023436.5196994783
BeFeCoB,258330.55605107278
BeFeCoSi,613742.1722119219
BeFeCuSi,272005.8586470044
BeFeGeOs,221016.1460588412
BeFeGePd,110839.53164393926
BeFeGePt,230510.5766485481
BeFeGeRh,233296.83104144002
BeFeGeRu,220623.13201447055
BeFeIr2,751748.1802245028
BeFeNi2,728012.8579730499
BeFeNiAs,308163.58925619954
BeFeNiGe,72067.11928776347
BeFeO3,751329.8550260051
BeFePt,661696.1007404985
BeFePt2,501261.5019002077
BeFeReSi,350020.6819840699
BeFeRh2,773877.2882788503
BeFeRu2,284976.2936614496
BeFeSiIr,216020.62204952678
BeFeSiMo,393111.2915627932
BeFeSiNi,228679.16024785084
BeFeSiOs,220291.62740776953
BeFeSiPd,196373.64050579834
BeFeSiPt,189657.93362182504
BeFeSiRh,216699.65603663173
BeFeSiRu,380119.0310284153
BeFeSiTc,400699.7783402149
BeFeSnPd,261101.5358465035
BeFeSnPt,233547.1512829313
BeFeTcAs,208007.63346092205
BeFeTcGe,366992.7877799819
BeGaCoAu,174207.28536348062
BeGaCoIr,139961.13722894763
BeGaCoNi,91553.92249980717
BeGaCoOs,124641.38108112996
BeGaCoPd,59392.30184737605
BeGaCoPt,97413.07383448475
BeGaCoRh,136915.75879165376
BeGaCoRu,254884.24976183556
BeGaCoTc,361088.4493410025
BeGaFe2,549401.5078251301
BeGaFeCo,722268.7446045341
BeGaFeCu,262335.0068539304
BeGaFeIr,401268.3122583692
BeGaFeNi,517386.39354516164
BeGaFePd,271921.56488922046
BeGaFePt,228813.7103586106
BeGaFeRh,414165.138636704
BeGaFeRu,475605.2834889244
BeH4SO4,84298.0371183768
BeHgO3,189738.7951274821
BeInCoPd,74956.87392368361
BeInCoPt,124634.21166101136
BeMoO3,206299.20765681457
BeNF3,207563.3363394035
BeNbCoSi,230418.5917373456
BeNbCrSi,117580.48003336323
BeNbFeSi,267398.511523942
BeNbO3,54877.03104993758
BeNbZnFe,181743.44516400364
BeNi2Ir,349829.8692519218
BeNi2Rh,332688.4915774195
BeNi2Ru,391911.5773251383
BeNi3,248775.1794137868
BeNiIr,70912.92683895802
BeNiPt2,67551.38181900456
BeNiRh,78953.44583884967
BeO2,434254.9603727313
BeOsO3,55664.72544744173
BePO4,109302.8134718906
BePRu2,51654.410363460935
BePd2Rh,170511.9234237643
BePt2Rh,62281.333863422224
BeReO3,408430.76968613476
BeRhO3,102416.90241799952
BeRuO3,167978.81590607483
BeTcNi2,128884.66292421329
BeTcO3,276742.127925704
BeV2Co,593647.7529952336
BeV2Fe,413490.24215146905
BeV2Ir,322842.9145370684
BeV2O4,562875.3249599622
BeV2Os,174741.13951551565
BeV2Pd,358082.52470200433
BeV2Pt,344101.8187905012
BeV2Re,89183.25224885982
BeV2Rh,509650.3201315226
BeV2Ru,180787.67438024312
BeV2Si,97553.63833437006
BeV2Tc,91972.87749258871
BeVBOs,167881.809294884
BeVBRu,158314.99077251038
BeVCoAs,500522.6453744746
BeVCoB,178376.22471612258
BeVCoGe,446108.45503119397
BeVCoSi,428535.6623443284
BeVFe2,188676.62205183622
BeVFeAs,507400.2202617236
BeVFeGe,204557.72921830302
BeVFeSi,212479.46171125406
BeVGaCo,144749.2517243598
BeVGaNi,307588.9844593689
BeVIr,333549.0914180147
BeVNiAs,273318.44556162343
BeVNiB,513603.1004187913
BeVNiGe,356291.38824711414
BeVO3,119199.20825586394
BeVPd2,82915.98957804388
BeVPdAu,264442.01067003096
BeVPt,97897.37093569596
BeVPt2,197897.30501117808
BeVPtAu,116143.815646773
BeVSiNi,411542.88380510535
BeVZnFe,201090.37003367755
BeWO3,167486.5086780246
BeZnCo2,276071.9863482118
BeZnCoAu,99728.45785659766
BeZnCoIr,265514.6644325697
BeZnCoPd,115127.7467408513
BeZnCoPt,132873.60599464527
BeZnCoRh,288115.0749774445
BeZnCoRu,426953.57391988515
BeZnCrIr,396160.78245019366
BeZnCrPd,568728.9590403968
BeZnCrPt,521712.6846437047
BeZnCrRh,408007.85880605085
BeZnFeCo,657799.2479949347
BeZnFeIr,514364.5064258194
BeZnFeNi,622881.8056462145
BeZnFePd,451497.37913982966
BeZnFePt,453564.4966711099
BeZnFeRh,520179.80490143964
BeZnFeRu,512644.77225540654
BeZnNiRu,78714.59291799914
BeZnRh2,87750.90772414452
Bi(MoO2)2,480822.5248588075
Bi(OsO2)2,123742.23274091947
Bi(RuO2)2,100492.45805194178
Bi(WO2)2,236786.96528891133
Bi(WO4)2,55408.74321272113
Bi2C3(BrN)9,114876.48867257143
Bi2Mo2O5,125971.14665991714
Bi2Ru2O5,316572.34028802183
Bi2SeO7,67124.61963855693
Bi3P3O14,98282.26844307261
Bi5BO10,72075.50357208197
Bi6N5O26,64493.74530214984
Bi6P2O15,52146.4963008447
BiC3S3(NO)9,71408.10036878666
BiMoO2,485234.8010100314
BiMoO3,308506.3262361086
BiMoO5,56725.58591781097
BiN3O14,145105.34278527083
BiNF4,181644.4066900084
BiO2,74463.760995618
BiOF3,93616.37993555643
BiOsO3,72961.36901574506
BiP2O7,56647.38374227978
BiPtO14,116837.56002033487
BiRu3(CO)9,64163.195175605826
BiRuO3,144170.2376419585
BiS2,82281.61237119758
BiSO6,118109.89463235128
BiSbO5,71045.71699194859
BiWO2,134256.45882303762
BiWO4,110276.20205652996
BiWO5,62804.712641281745
Br,177542.54788086677
BrO,196541.97269974512
BrO2,152238.40485039187
BrO3,180104.15999979014
C3N,109610.47464818957
C3N4,210458.21306383944
C5S2(NO)2,73225.2637905593
CBrN3O,306125.5545361673
CN2,232627.68864382213
CN2O,88458.85392544363
CNClO,174203.55146514502
CS30,53054.662394141356
CSN2,117858.06485399553
CSN3,71483.39658726167
Ca(AgO2)2,115441.1406679647
Ca(Al2Fe)4,285913.14510082843
Ca(Al5Cr)2,70528.34111843012
Ca(B2O5)3,68005.08236012058
Ca(BO5)2,171114.38500308662
Ca(ClO2)2,73435.89043104404
Ca(Co2O3)2,1097873.9824093645
Ca(CoAs)2,147969.6908023517
Ca(CoN)2,123471.95529911603
Ca(CoO2)2,513651.1279733298
Ca(CoO2)4,124776.05725483834
Ca(CoO2)8,423604.72911592986
Ca(CrN)2,246201.8448643483
Ca(CrN2)2,208094.5763975922
Ca(CrS2)2,382537.479888789
Ca(CuN)2,207011.75915044473
Ca(CuO2)2,232186.2550663252
Ca(Fe2O3)4,1428787.3257270588
Ca(Fe9O13)2,1523993.2360112397
Ca(FeN)2,394169.0701629949
Ca(FeO2)2,1056727.9745645
Ca(FeO2)4,1070513.8928105158
Ca(FeS2)2,175251.34197531757
Ca(FeS2)4,235024.0727141737
Ca(IO6)2,200837.78155050278
Ca(MnAl2)4,377299.66152995685
Ca(MnAl3)3,226377.3394991007
Ca(MnAs)2,503933.38249320013
Ca(MnP)2,427898.5449465873
Ca(MnS2)2,486397.22081920574
Ca(MnS2)4,419883.4638130097
Ca(MnSb)2,614328.5246515599
Ca(MoO2)2,559751.2508209974
Ca(MoO2)4,512185.33570014045
Ca(MoO3)2,158383.19236459385
Ca(NO4)2,102182.4459710912
Ca(NiO2)2,265066.6400110421
Ca(NiO2)4,121535.63952638615
Ca(NiS2)2,140887.86712643103
Ca(NiS2)4,65581.74615707442
Ca(OsO2)2,205824.65536479198
Ca(PtO2)2,168829.28719723062
Ca(ReO2)2,406946.12543717434
Ca(RuO2)2,210885.78106173818
Ca(SO5)2,84179.06012145702
Ca(TcO2)2,412576.0933232488
Ca(TiN)2,96423.14414809486
Ca(TiS2)2,120214.18882581
Ca(VS2)2,248793.34072902869
Ca(VS2)4,219437.0706228385
Ca(W2O3)2,682283.5200299459
Ca(WN)2,74407.93297776162
Ca(WO2)2,554223.5002004807
Ca(WO2)4,497095.9980813404
Ca(WO3)2,154035.66584151186
Ca10Ti8NbFeO30,79821.42125017497
Ca10V5Fe15(BiO24)2,696906.6902346755
Ca11(CrN5)2,97101.5223010482
Ca11(FeN5)2,89368.06111731112
Ca11(OsN5)2,68344.52729942178
Ca11(ReN5)2,77602.85444240435
Ca11(TeN5)2,78529.45061935
Ca11(VN5)2,50533.08478505076
Ca12FeCo7O24,305744.32509351993
Ca12Mn8Si7(H5O16)3,210367.41632082584
Ca14MnAs11,55541.98936596548
Ca14MnP9(O12F)3,58262.710168029706
Ca15Ni(IrO6)4,97678.4373008562
Ca16Mn14Al2O41,543216.183488115
Ca16Mn14Al2O43,513521.39421704767
Ca16Mn14Al2O45,481336.8387164612
Ca16Mn14Al2O47,447547.32875093294
Ca16Ti11Fe5O47,229113.13823154656
Ca17Ni19(PO4)24,179802.76812532987
Ca2(Fe2O3)11,1499689.8206921103
Ca2AcO4,75313.14031945188
Ca2AgWO6,100916.2269451913
Ca2Al2(SiO4)3,76469.73583524894
Ca2Al2FeSi3O13,141073.94507716398
Ca2Al2FeSi4BHO16,131280.78568467792
Ca2Al2SiO8,104789.70405787359
Ca2Al3O8,150053.8507947966
Ca2Al3Si3O14,110711.76175464486
Ca2Al4Si8O33,96366.231753301
Ca2AlClO8,469083.9562424709
Ca2AlCoO5,173099.8347757486
Ca2AlCuAs3O19,347160.36753396597
Ca2AlFeO5,426393.8312764701
Ca2AlIrO6,116182.24741304455
Ca2AlMoO5,228836.29415780684
Ca2AlNiO5,86554.03102553294
Ca2AlOsO6,259486.61992959693
Ca2AlRuO6,257484.78146962833
Ca2AlWO5,230526.50352941727
Ca2AlWO6,85846.7346769866
Ca2AsOsO6,83384.65501624164
Ca2B3(HO)13,70198.07458596349
Ca2B3ClO8,194782.80288988855
Ca2B8O15,68109.89507380906
Ca2BIrO6,79171.29358702867
Ca2Be2P2O9F,50093.29015682272
Ca2Be4P3O20,202377.93142669986
Ca2BeTcO6,91368.87764392939
Ca2BiMoO6,69563.42304726288
Ca2BiWO6,62477.10495400274
Ca2Cd(BrO2)6,78212.42710533345
Ca2Cd3(Cl5O9)2,64233.15229144477
Ca2CdRuO6,150023.25158654037
Ca2Co12P7,109450.40931507492
Ca2Co2O5,440469.1225722939
Ca2Co3O8,193040.16257913533
Ca2Co9O13,1102827.5888685265
Ca2CoAs,87626.76532326276
Ca2CoAs2(HO4)2,139944.8431705623
Ca2CoAu,69072.28399768252
Ca2CoBi,153967.9448309058
Ca2CoC(NO)2,205895.0743205401
Ca2CoF6,239889.69577062957
Ca2CoGe,165108.61962568466
Ca2CoN2,242817.40145215872
Ca2CoPb,150305.9243129332
Ca2CoPd,122527.90000048467
Ca2CoPt,131644.1046024658
Ca2CoRhO6,140658.75309027373
Ca2CoSb,78051.76073167974
Ca2CoSbO6,154675.48991006863
Ca2CoSi2O7,183762.90201435186
Ca2CoSn,94928.35239549488
Ca2CoTe,99182.08636963359
Ca2CoTeO6,236917.99460717244
Ca2CoW,126927.46893274633
Ca2CoWO6,150079.0055928679
Ca2Cr2(SiO4)3,171705.6675361874
Ca2Cr2O5,508821.69207242934
Ca2Cr3O8,343563.9924767515
Ca2Cr9O13,1112024.243876493
Ca2CrAs,471909.9123888311
Ca2CrAu,449000.81587303337
Ca2CrBi,413287.707763813
Ca2CrFeO5,646156.8863822693
Ca2CrIrO6,384279.01209214405
Ca2CrN3,110151.36845728922
Ca2CrO4,200089.67038205586
Ca2CrPbO6,154141.34926182264
Ca2CrPt,492292.1354942157
Ca2CrReO6,408202.5218823384
Ca2CrSb,426465.92406646296
Ca2CrSbO6,241360.4439520864
Ca2CrSeO6,272423.44349686906
Ca2CrSn,401473.4671645081
Ca2CrTe,417453.77879797877
Ca2Cu2Si3(HO3)4,65538.8385721944
Ca2CuIrO6,156965.0557272079
Ca2CuSO2,59002.67860851973
Ca2CuWO6,76974.93930047161
Ca2Fe2(SiO3)5,321258.62178282725
Ca2Fe2(SiO4)3,328454.74317591736
Ca2Fe2O5,825044.8214189021
Ca2Fe3O8,674902.2597931141
Ca2Fe3Sb(PO4)6,289706.2698183796
Ca2FeAs,276662.0424485619
Ca2FeAs2F,254765.9036090876
Ca2FeBiO6,345770.05416967993
Ca2FeClO3,464328.99361130444
Ca2FeClO8,339728.97611162666
Ca2FeCuSO3,426238.3973048378
Ca2FeCuSeO3,409036.5644575299
Ca2FeMoO6,317955.0392133917
Ca2FeN2,244790.69940500124
Ca2FeNiO6,354294.3664360755
Ca2FeP2(H2O3)4,164376.42641399105
Ca2FeP2(H2O5)2,188900.56550122303
Ca2FePt,265618.09365534777
Ca2FeReO6,244110.0815373062
Ca2FeRhO6,550295.1854374737
Ca2FeRuO6,636092.1740616255
Ca2FeSb,249570.91223368893
Ca2FeSbO6,382038.73236871744
Ca2FeSn,261035.0654699451
Ca2FeSnO6,302241.68274011783
Ca2FeTe,183106.558932837
Ca2FeWO6,303247.2751044793
Ca2GaIrO6,150975.03956799654
Ca2GaRuO6,248889.37922907074
Ca2HfCrO6,160521.14320857308
Ca2HfFeO6,318960.9657241022
Ca2HfMoO6,151576.33697743271
Ca2HfRhO6,78454.81692568876
Ca2I4O13,53972.338496591336
Ca2Ir2O5,51179.781669792916
Ca2IrO4,90830.8261279733
Ca2IrPtO6,78581.35702296889
Ca2IrRhO6,160653.16018820432
Ca2IrWO6,76205.35943116002
Ca2Mg(AsO5)2,185222.1924513523
Ca2Mg(PO5)2,193349.5137900474
Ca2Mg2B4O13,227318.62393204533
Ca2MgAl2Si3O14,142748.87838022644
Ca2MgFe(SiO3)4,160175.9567285428
Ca2MgPtO6,77894.57673630996
Ca2MgReO6,78640.54534672106
Ca2Mn2(SiO4)3,259656.96839233994
Ca2Mn2O5,661926.4322541968
Ca2Mn2V3AgO12,355824.88841104426
Ca2Mn3O8,504427.8521343018
Ca2Mn3P3H6O17,313293.3483770469
Ca2Mn3Si3H3O14,409731.87041039387
Ca2Mn7Si10H12O35,429538.1879592109
Ca2Mn9O13,1362775.884976005
Ca2MnAl2Si3O13,143109.96982217333
Ca2MnAlO5,339399.61106289504
Ca2MnAs,390125.7734400364
Ca2MnAs2(H2O5)2,230496.71955125345
Ca2MnAs2(HO4)2,231231.69947635062
Ca2MnAu,370371.0305395989
Ca2MnBi,334663.28769448836
Ca2MnFeSi4(HO3)5,262033.74000326742
Ca2MnGe,434508.8713813411
Ca2MnN2,118949.95441734833
Ca2MnN3,182512.99915898894
Ca2MnNb2O8,271958.88302896393
Ca2MnNiO6,360483.2702085072
Ca2MnP2,297016.08934552554
Ca2MnP2(H2O5)2,245254.84958414533
Ca2MnPb,388190.07066579134
Ca2MnPd,380704.67478860234
Ca2MnPt,385621.6233349514
Ca2MnReO6,468533.56481370365
Ca2MnSb,350871.19685096317
Ca2MnSbO6,316791.5030045532
Ca2MnSi2,95632.83728644546
Ca2MnSn,397464.2579399064
Ca2MnTe,294193.99239687924
Ca2MnWO6,359237.68706718384
Ca2Mo2O5,136666.83772898538
Ca2Mo3O8,297678.9704377792
Ca2MoIrO6,79151.88195101492
Ca2MoSeO6,156273.1795124824
Ca2MoWO6,286564.3100739486
Ca2Nb2CoO8,167866.9115266026
Ca2Nb2CoO9,53866.52503981029
Ca2Nb2CrO8,217155.27156755465
Ca2Nb2CuO8,52805.27910192237
Ca2Nb2FeO8,221189.09398499163
Ca2Nb2MoO8,218314.52272667436
Ca2Nb2NiO8,113639.32633866621
Ca2Nb2SbO8,50086.092188747454
Ca2Nb2WO8,217435.35149744616
Ca2NbCrO6,239930.61744719822
Ca2NbFeO6,399752.19849230145
Ca2NbO6F,260834.49085202793
Ca2NbReO6,154963.86432200432
Ca2Ni10H,150613.41523737757
Ca2Ni2O5,180829.14653668547
Ca2Ni2SF6,218785.42688327175
Ca2NiBiO6,71548.6046373663
Ca2NiBrO6,83567.47587199658
Ca2NiIrO6,213608.7391446417
Ca2NiOsO6,328866.44104421523
Ca2NiRhO6,326805.1412812511
Ca2NiSbO6,156611.28003851633
Ca2NiWO6,144659.0301235447
Ca2Np2O5,353762.54372603475
Ca2O3,114413.65612388382
Ca2Os2O5,75088.17292246946
Ca2Os2O7,50963.27179401231
Ca2P2O11,158398.1030255991
Ca2Pa2O5,117340.97897990751
Ca2PdN2,74854.53051004643
Ca2PdWO6,52957.05376780194
Ca2PuBi,572036.8916276157
Ca2PuSb,589941.6893712198
Ca2PuSn,574776.9298576347
Ca2Re2O5,126486.36231891628
Ca2ReNiO6,247369.23316429727
Ca2ReRuO6,80962.15311676821
Ca2ReTcO6,88246.24391540235
Ca2ReTeO6,219707.31635684255
Ca2ReWO6,79149.83259150156
Ca2Ru2O5,201251.57413592516
Ca2RuO4,181811.39476152562
Ca2RuSeO6,160382.72341734913
Ca2S2O9,101433.70850367783
Ca2S3(NO6)2,233502.39889447842
Ca2SbMoO6,222943.6460985452
Ca2SbOsO6,77794.87097993473
Ca2SbRuO6,78147.57287723279
Ca2SbWO6,63455.976254035224
Ca2Se4O11,63763.66357588537
Ca2Si3O11,182103.33058900756
Ca2SiO5,159201.07929878368
Ca2SnIrO6,66528.9674349516
Ca2SnWO6,77042.94912481759
Ca2Ta2CuO8,54108.118373398574
Ca2Ta2NiO8,114332.48226695752
Ca2Ta2TiO8,113770.189356787
Ca2Ta2WO8,219555.21876762863
Ca2TaCoO6,309933.0576873253
Ca2TaCrO6,241425.30625133472
Ca2TaCuO6,54959.94277434696
Ca2TaFeO6,391651.76340173563
Ca2TaHgO6,72027.02624179312
Ca2TaMnO6,318882.8295709404
Ca2TaMoO6,224049.70110819692
Ca2TaNiO6,240073.05732796108
Ca2TaReO6,155661.57484690924
Ca2TaVO6,154110.86853556466
Ca2TaWO6,213690.8075882103
Ca2TcMoO6,78388.90191208704
Ca2TcNiO6,248610.35878351756
Ca2TeMoO6,146673.90729520065
Ca2TeOsO6,148553.5349989796
Ca2TeRu,125569.60879149675
Ca2Ti2O5,74719.62230563306
Ca2Ti2Pd3,62424.741498835254
Ca2TiAlO5,81511.42964901641
Ca2TiAs,324347.9500849984
Ca2TiBi,287481.04852914147
Ca2TiCrO6,165562.72115935682
Ca2TiIrO6,80920.02359839264
Ca2TiNb2O8,114516.0035838672
Ca2TiReO6,196806.83874314453
Ca2TiRuO6,157976.91454267583
Ca2TiSb,300105.92037553404
Ca2TiSn,281038.9578651643
Ca2TiTcO6,244505.53761474486
Ca2TiTe,316484.34771678806
Ca2TiVO6,85203.93195742715
Ca2TiWO6,149962.8873188214
Ca2V2O5,331557.8703567552
Ca2V3Ni2AgO12,149386.1515463665
Ca2V3O8,171483.40396553685
Ca2VAs,442561.78475316183
Ca2VAsO6,172536.96722538015
Ca2VFe4BiO12,734771.4885652978
Ca2VN2,50739.27592479762
Ca2VPt,475724.530966655
Ca2VReO6,322374.5824373208
Ca2VSb,399172.6118983436
Ca2VSbO6,155293.39975939645
Ca2VSn,366907.3901832442
Ca2VTe,409358.5981780615
Ca2VWO6,225130.96586748827
Ca2VZnO6,84342.1411102842
Ca2W2O5,153933.07862926327
Ca2W3O8,149885.61452360245
Ca2ZrAlO6,80306.11504240497
Ca2ZrCuO6,78570.6817952193
Ca2ZrFeO6,302689.0951059485
Ca2ZrIrO6,76015.5567974795
Ca2ZrMoO6,149661.1619860388
Ca2ZrRhO6,77175.58607280502
Ca2ZrRuO6,152723.4947201794
Ca2ZrTcO6,226041.25937083908
Ca2ZrWO6,128663.03633543167
Ca3(AsO9)2,82235.95085700942
Ca3(B3O10)2,286471.19979609764
Ca3(CoO3)2,169071.41131549212
Ca3(CrN2)2,216452.4271473682
Ca3(Fe3O5)5,1346061.5862097507
Ca3(FeN2)2,126073.6292971359
Ca3(FePd)2,334322.63153868425
Ca3(FePt)2,320956.4742684278
Ca3(MnN2)2,214745.67457665087
Ca3(MnP2)2,141167.5073210604
Ca3(NiN2)2,83259.66917319056
Ca3(Si3O11)2,75309.10785754082
Ca3(TiS2)8,62280.99932849501
Ca3(VN2)2,59634.35330132926
Ca33Mo27O80,288571.10670169344
Ca3Ag2(GeO4)3,142388.1371172208
Ca3Al2(SiO6)2,162154.79506442396
Ca3Al4CoO10,109694.63744313456
Ca3Al4SiO12,72930.66930798099
Ca3AlFe(SiO4)3,210536.6527170869
Ca3As2O19,122244.90840736905
Ca3As4W3O16,179103.1055210186
Ca3B5Cl2O21,78466.43723455603
Ca3Co(SeO3)4,87820.17746233346
Ca3Co2(Si2O7)2,184775.22867209237
Ca3Co2(SiO4)3,331516.2340157186
Ca3Co2(TeO6)2,179459.44916501615
Ca3Co2(WO6)2,320465.6167042888
Ca3Co2O7,137621.00744787973
Ca3Co3(AsO4)4,226944.18700098986
Ca3Co4O9,622916.253164674
Ca3CoN3,96060.74823465926
Ca3CoO6,215350.41934621608
Ca3CoRhO6,279319.1736831977
Ca3Cr2(GeO4)3,229789.31144964517
Ca3Cr2(Si2O7)2,200718.70195976683
Ca3Cr3(AsO4)4,294015.14950999024
Ca3Cr3(PO4)4,340315.2082464997
Ca3CrF6,128147.00258885708
Ca3CrN3,80575.27367403025
Ca3Cu2(GeO4)3,153963.90046873852
Ca3Cu2(SiO4)3,165171.22952615866
Ca3Cu2Ni(PO4)4,56106.3791268627
Ca3CuIrO6,145086.1223529716
Ca3CuN3,165067.36322837835
Ca3Fe2(MoO6)2,413201.74960743
Ca3Fe2(Si2O7)2,330136.0853084901
Ca3Fe2(WO6)2,382965.0798071423
Ca3Fe2Cl2O5,539326.135985361
Ca3Fe2O7,538392.9429208869
Ca3Fe3(AsO4)4,297273.3273998059
Ca3Fe3(SbO6)2,494464.3085490765
Ca3Fe4(MoO4)6,286172.23814547283
Ca3Fe4(WO4)6,279784.5433803642
Ca3Fe5Sn3O16,685673.2644122029
Ca3Fe6(SnO8)2,872960.9359113483
Ca3Fe7(SiO4)6,680672.4753707633
Ca3FeN3,251124.23794999722
Ca3FeRhO6,357656.0670576613
Ca3Ga2(FeO5)2,333412.5511984354
Ca3Ge3(MoO6)2,215407.82421338753
Ca3Ge3(WO6)2,213852.51685219485
Ca3Hf2AlFeSiO12,184550.1869975809
Ca3Hf2Fe2SiO12,362242.5057755745
Ca3Mg2Fe(CO3)6,110773.41641778733
Ca3Mg2Ni13,89255.91937710116
Ca3MgFe2(CO3)6,220638.27350781768
Ca3Mn,349030.32350078487
Ca3Mn2(FeO5)2,676545.3689788684
Ca3Mn2(GaO5)2,257971.5367924741
Ca3Mn2(GeO4)3,302625.293981187
Ca3Mn2(SbO6)2,243650.17502073536
Ca3Mn2(SiO4)3,324977.7640131839
Ca3Mn2O7,371267.41719592095
Ca3Mn2SbO9,368203.38240636094
Ca3Mn2WO9,413673.23478475516
Ca3Mn3(AsO4)4,362848.6106263287
Ca3Mn4BiO12,529588.7475575513
Ca3Mn4O8,828552.0753139345
Ca3MnCuO6,278862.88138686103
Ca3MnF6,236672.66940040424
Ca3MnH3(SO7)2,280084.5163196548
Ca3MnN3,174181.75511913266
Ca3MnNiO6,371352.82674524875
Ca3MnO4,443662.57949192496
Ca3MnP3,219867.79527228506
Ca3MnZnO6,225338.69479515968
Ca3Mo2O7,244453.64373669025
Ca3MoN3,69497.57962505035
Ca3Ni2(GeO4)3,194885.0700518991
Ca3Ni2(WO6)2,192154.85259773774
Ca3Ni3(AsO4)4,153177.14390349665
Ca3ReN3,130401.15281257364
Ca3ReO6,73153.52395737039
Ca3Ru2O7,255334.67451221138
Ca3Si3(AgO6)2,152273.12259088867
Ca3Si3(MoO6)2,230409.0884004259
Ca3Si3(NiO6)2,82257.33095225327
Ca3Si3(WO6)2,229777.94640573446
Ca3Si4(MoO7)2,189356.49514400391
Ca3Si4(NiO7)2,137229.02824173565
Ca3SiCSO24,213905.6143977495
Ca3SiS2O25,151575.1423932477
Ca3SnF6,51243.263262561355
Ca3Ta2Mn2O12,244201.24208714112
Ca3Ta6(FeO6)4,334813.05811029574
Ca3Ti(FeO4)2,533226.9989397378
Ca3Ti2(GeO4)3,75328.74248169597
Ca3Ti2(Si2O7)2,65697.44034255426
Ca3Ti2(SiO4)3,80682.47665758582
Ca3Ti3Cr2O12,222017.44832005145
Ca3TiNiO6,136991.9754654602
Ca3TlO5,71146.91891757918
Ca3U,248138.40974862024
Ca3V,285289.9393159633
Ca3V10O25,108600.04269845433
Ca3V2(GeO4)3,151929.57009711833
Ca3V2(Si2O7)2,131730.557181677
Ca3V2O7,134276.8905890059
Ca3V3(AsO4)4,218864.85500492522
Ca3V3(CoO6)2,186692.14908811182
Ca3V3(NiO6)2,187431.09016908746
Ca3W,183279.0070469853
Ca3W2O7,229182.3082177736
Ca3Zr2AlFeSiO12,181716.57918737212
Ca3Zr2Fe2SiO12,355134.96512382024
Ca4(CuO2)5,119190.98755314368
Ca4Al5CrSi6(HO13)2,59032.20781251204
Ca4Al5FeSi6(HO13)2,98028.87695932471
Ca4Co3Si8NiO24,222989.55131770187
Ca4Co5(TeO6)3,353391.1587540548
Ca4CoN4,69312.62995204206
Ca4CoSi8(NiO8)3,183398.5217613863
Ca4CrFe3O10,722891.5274696848
Ca4CrN4,134374.23550262218
Ca4Fe5(TeO6)3,544406.4453872165
Ca4Fe9O17,1159388.2611399193
Ca4Ga3FeO10,203030.28728279623
Ca4IrO6,66733.12398301443
Ca4Mg3Fe(SiO3)8,80776.58134623893
Ca4Mg4V3AsO20,90027.22539354347
Ca4MgCo(AsO5)4,160705.34248788905
Ca4MgSi8(NiO8)3,123274.31758879451
Ca4Mn2Al2O11,263243.35816807655
Ca4Mn2O7,469798.82289988804
Ca4Mn3AlO10,486195.32011703093
Ca4Mn3AlO11,418808.8990174134
Ca4Mn3CrO10,593166.9084022691
Ca4Mn3CrO11,532744.7569240334
Ca4Mn3CrO12,470898.3451546227
Ca4Mn3SbO12,403998.93968641787
Ca4Mn4O11,576477.6690817394
Ca4MnFe11Si8(HO9)4,708303.2152507509
Ca4MnFe3(SiO3)10,317483.28662449925
Ca4MnFe3O10,756885.4119231823
Ca4MnN4,132764.51835147658
Ca4MnP4,131080.05474760113
Ca4MnP5,116507.74784877087
Ca4Nb6O21,82936.27115926683
Ca4Ni5(TeO6)3,247802.92157550692
Ca4Ru4O11,236639.4591517574
Ca4Si3(BO4)5,129498.10380638741
Ca4Si6W3O19,233096.05783130517
Ca4Si6W5O17,374195.84235591104
Ca4Ti3FeO12,161428.0922559886
Ca4Ti4O11,79928.47485033167
Ca4TiMn3O10,496422.5514425329
Ca4TiMn3O11,441370.5138133684
Ca4TiMn3O12,380390.5882764822
Ca4UAl2(SiO5)3,75566.3040904818
Ca4V5(TeO6)3,123469.14123180337
Ca4Zn3Fe(SiO3)8,79838.91107821406
Ca4ZnFe3(SiO3)8,248459.252850756
Ca5(FeN2)2,278493.2692226409
Ca5(MnN3)2,88014.09663327901
Ca5(Si3O11)2,116141.02204280693
Ca5(TiS2)8,99768.68219035314
Ca5(VN3)2,77929.35487837688
Ca5As3CO12,91179.16276171732
Ca5Co3(SiO4)4,229504.0617963484
Ca5CoN4,162847.41420389627
Ca5Cr3O13,62322.3795842991
Ca5Fe(SiO3)6,97157.36774627709
Ca5FeN4,218687.75678388387
Ca5FePb3,84931.06016155549
Ca5Mn2(NiO6)2,358432.44018894876
Ca5Mn4O9,800528.1304832002
Ca5Mn8O13,1146654.1430802257
Ca5MnN4,167271.43191071093
Ca5MnP4,188986.11313288403
Ca5MnPb3,154001.34564726191
Ca5NiN4,94549.8514798619
Ca5P3CO12,97071.4009069516
Ca5S3O12F,99533.77275793938
Ca5Si3O13,131787.6934565084
Ca5Si6W5O17,395840.0582317995
Ca5V3CO12,89711.02676025659
Ca6Al2Fe4O15,545878.214789795
Ca6Al6Si3(HO12)2,60714.53853618967
Ca6AlCr3(SiO4)6,188059.7784572504
Ca6As4PO35,120943.53351396222
Ca6Co3RhO12,285709.3163448763
Ca6Fe(CoO4)3,328185.2266778929
Ca6FeN5,138139.2620376536
Ca6Mg2Co(AsO5)6,131934.98434611614
Ca6Mn3Al2O15,253285.95252865218
Ca6MnAl11,61252.25827015303
Ca6MnN5,94060.56371834388
Ca6Si2O13,163539.1022204514
Ca6V3Fe7O24,645076.8100213138
Ca7(MnN3)2,304579.7998659081
Ca7CrN6,82873.0053232552
Ca7Mg(Co2O5)4,561225.7476925104
Ca7Mg(CoO3)8,235862.58863820278
Ca7MgCo7CuO24,480361.0736839642
Ca7MgFeCo7O20,590244.2499571115
Ca7MgFeCo7O24,502324.24882602226
Ca7MgMn7FeO20,662255.6644493057
Ca7MgMn7FeO24,560621.0052925104
Ca7MgMn8O20,652071.1175415347
Ca7MgMn8O24,518737.800041026
Ca7MgTiMn7O24,447427.71296807344
Ca7MnN6,77006.83050160529
Ca7Si6CO23,71808.71021126886
Ca8(MnN3)3,117818.81712880783
Ca8Al11Fe(Si3O13)4,87130.95874723689
Ca8Al3(FeO4)5,525281.5053020921
Ca8Al9Fe3Si12(HO13)4,146205.38581280148
Ca8Fe3N8,242454.60977987727
Ca8Fe5(WO8)3,463075.8684535571
Ca8Mg5Fe2(SiO3)16,101347.40651946071
Ca8Mn3N8,108104.70582032263
Ca8Mn4Al4O21,298793.0448425433
Ca8Mn6Al2O21,454993.0968476749
Ca8Mn6Al2O23,387966.4038524971
Ca8Mn6Cr2O21,558709.3644868671
Ca8Mn7CrO20,611577.5818863198
Ca8Mn7CrO21,579341.5196908306
Ca8Mn7CrO22,551300.1712947579
Ca8Mn7CrO23,520808.0591675851
Ca8Mn7CrO24,489527.0546598806
Ca8Mn8O21,604398.8469958224
Ca8Mn8O23,540925.5085158285
Ca8Ti2Mn6O21,468262.1782722424
Ca8Ti2Mn6O23,410278.18949523417
Ca8Ti3Mn5O20,430119.00754474336
Ca8Ti3Mn5O21,405508.1437347366
Ca8Ti3Mn5O22,375227.287114994
Ca8Ti3Mn5O23,345610.06230679475
Ca8Ti3Mn5O24,312377.5158025818
Ca8TiMn7O20,572277.1712679061
Ca8TiMn7O21,534127.3254658829
Ca8TiMn7O22,508242.92226927297
Ca8TiMn7O23,475827.3635681664
Ca8TiMn7O24,444547.69980760734
Ca8ZnCo3(Si2O7)4,131612.05121486302
Ca9(FeN4)2,129189.31646291983
Ca9(MnN4)2,65234.75540324445
Ca9(Si3O16)2,130613.38541923395
Ca9Si6(WO7)4,129163.06307826472
CaAc3,106085.7746877615
CaAcO3,116862.9545507148
CaAgF5,80336.09967215382
CaAl2(Si2O7)2,111797.0531037331
CaAl2(Si2O7)3,160797.44475932253
CaAl2(Si3O10)2,164931.0942293963
CaAl2(SiO4)3,132834.35927564537
CaAl2(SiO6)2,120231.5966954992
CaAl2F10,97179.00798882397
CaAl2O12,88278.0015092709
CaAl2Si2(WO4)2,376478.67973116104
CaAl2Si3O13,65770.55396147002
CaAl2Si3W3O10,397044.7527599554
CaAl2Si4(ClO4)3,66242.96446761688
CaAl2Si4(HO6)2,52456.92465189438
CaAl2V4O8,673449.7104529609
CaAl3PSO14,238908.86529985908
CaAlFe3O7,968038.3289938457
CaAlSiO5,102110.11734818853
CaAs(WO2)2,401646.6675837386
CaAs2W,78614.39225224938
CaAsNO11,201417.44695636586
CaAsO6,247257.97566665566
CaAsRu,211535.74975263234
CaB2H2O7,70114.68446798845
CaB3O10,209453.30465988934
CaB3O8,223785.4237847428
CaBO3,69766.1003075197
CaBe(SiO4)3,253718.22457651037
CaBiMoO5,69084.40403404877
CaBiWO5,66392.83031143744
CaC,493166.44018345163
CaC12,73869.65502932288
CaC2ClO7,119216.74107708635
CaC2O5,167380.8403824193
CaC4,224640.54579599362
CaCO4,192586.47105030486
CaCd(NO3)4,125030.4802566595
CaCd2(ClO)6,107719.89869021934
CaCo(GeO3)2,228268.14122343753
CaCo(GeO3)4,231391.6016961816
CaCo(PO3)4,114796.50028687145
CaCo(Si2O5)2,131168.4406627235
CaCo(SiO3)2,152632.09377486684
CaCo2(P2O7)2,292783.44387260306
CaCo2(PO4)2,344185.0537965423
CaCo2(PO5)2,237112.6801567288
CaCo2(SiO3)4,87373.00539458187
CaCo2F6,519098.42379565275
CaCo2O5,520528.0055875351
CaCo2Sb,158305.5065694023
CaCo3(SiO3)4,367800.5943670074
CaCo3O7,570999.8323328078
CaCo3P3O13,308093.9732464962
CaCo4(CuO4)3,187965.34729835554
CaCo4O9,626411.3015613002
CaCo6(OF5)2,656963.1950909512
CaCoAs,299533.335757402
CaCoAs2,157806.42149784914
CaCoAs2O7,184634.62423206895
CaCoAsHO5,282327.05179020984
CaCoAsO5,186464.14510069424
CaCoAu2,202095.06367789145
CaCoBi,189836.33427317583
CaCoBi2O7,89827.96002736723
CaCoBiO5,298121.93326044834
CaCoCu3Se4,165563.3921249151
CaCoF4,360542.738211278
CaCoF5,95501.61620294569
CaCoF6,411382.038977363
CaCoGe2,109273.69892683541
CaCoGeO4,298379.17035401915
CaCoNi2O7,503934.9136915765
CaCoNiP2O9,188369.74945091363
CaCoO2,470145.10760811716
CaCoO3,396997.5921375123
CaCoP2O7,224545.07020006617
CaCoPd2,261719.23745074117
CaCoPt2,299111.9499469797
CaCoSb,226710.30974739033
CaCoSb2O7,178670.56411832984
CaCoSe2,68224.33707833217
CaCoSn2,109282.74160380334
CaCoSn2O7,155013.18139493503
CaCoTe,131752.13809276422
CaCoTe2,232676.99768312328
CaCoTeAu,191193.20776593476
CaCoWO6,87197.61947819103
CaCr(GeO3)2,294592.7441484664
CaCr(PO3)4,146762.90675414703
CaCr(SiO3)2,290468.98720211687
CaCr(WO2)2,611293.4465612592
CaCr2(PO4)2,466081.97280199925
CaCr2(Si2O5)4,132028.34839129195
CaCr2CoO7,332565.13613202755
CaCr2Cu3(SbO6)2,132662.7645060729
CaCr2F10,193878.67069976658
CaCr2F12,84828.84194199994
CaCr2O2,1233207.684689436
CaCr2O4,660540.2631986574
CaCr2O5,314449.15371362475
CaCr2O6,175150.96719787782
CaCr2P2O9,323794.6934774951
CaCr3(P2O7)2,410415.7854739221
CaCr3F6,505408.0693477317
CaCr3P3O13,339744.8644419262
CaCr4(HgO4)2,618088.6375377825
CaCr4(PO4)4,398060.7158329995
CaCr4O6,1067347.1642308938
CaCr4O8,323618.8095807437
CaCr6(OF)4,1156458.099740894
CaCrAs,640386.8171839606
CaCrAs2,346669.7996615804
CaCrAs2O7,239821.09525254215
CaCrAsO5,275442.3626475831
CaCrAu2,534106.9072321446
CaCrBi2,330428.0896053734
CaCrBiO5,72081.5274000694
CaCrCu3Se4,132426.32894536215
CaCrF4,475755.39982680324
CaCrF5,290691.3776235641
CaCrF6,196284.4354617134
CaCrGa2,447813.9588620695
CaCrGe2,451178.6786376599
CaCrIn2,404511.446376674
CaCrN2,345291.51709133387
CaCrO2,548439.435883573
CaCrO3,303316.96360253845
CaCrP2O7,278194.7375424029
CaCrPd2,564991.3506709193
CaCrPt,566100.3254180994
CaCrPt2,549808.3279537947
CaCrRhAu,507343.21878582105
CaCrSb,555720.9007036169
CaCrSb2,326130.65304771304
CaCrSn2,400733.243965258
CaCrTe,475987.59233416826
CaCrTe2,362168.37958220567
CaCu(SiO3)2,77709.35021928886
CaCu2(NiO4)2,337112.32391292613
CaCu3(NiO3)4,144684.18537730823
CaCu3(P2O7)2,108878.03850859987
CaCu3(PtO3)4,130860.07739700732
CaCu3(RuO3)4,212091.8483902352
CaCu3NiSe4,125139.5753019391
CaCuBiO5,267973.6304273291
CaCuF5,143951.8992922656
CaCuP2O7,69744.32026579711
CaFe(GeO3)2,296409.8708838967
CaFe(MoO3)2,745429.3420634761
CaFe(PO3)4,150924.38211965834
CaFe(Si2O5)2,174091.26462809526
CaFe(SiO3)2,310039.04254082404
CaFe12(PO6)8,645242.5937242529
CaFe2(AsO5)2,386338.90690722637
CaFe2(CuO4)2,434300.0110011806
CaFe2(PO4)2,448539.38627924275
CaFe2(PO4)3,478256.08984746196
CaFe2(SiO3)4,416893.32635047723
CaFe2BiO6,731902.310503081
CaFe2F10,405079.4620398082
CaFe2P2O9,556531.9760040521
CaFe2S5,182899.97127536807
CaFe2Sb2(PO4)6,207493.7241442709
CaFe3(P2O7)2,424281.1835361116
CaFe3O5,1354436.292540795
CaFe3P3O13,588904.5564605611
CaFe3Si2O9,524094.98382292
CaFe4(CuO4)3,887653.1260446854
CaFe4(PO4)4,418430.580280593
CaFe4As3,434925.6139160318
CaFe5O7,1521953.4047130335
CaFe6(OF2)4,952612.0580861488
CaFe8(O7F)2,1158956.0620735106
CaFe8(OF)8,1081134.8715055762
CaFeAs,437752.1776773274
CaFeAs2,231144.49162983338
CaFeAs2O7,240222.97715840142
CaFeAsO5,444185.6333101671
CaFeAu2,372311.4491522162
CaFeBP2(HO5)2,275588.530564118
CaFeBiO5,294969.7223991399
CaFeClO2,573441.9196568218
CaFeF4,454374.76714091457
CaFeF5,559725.0870215601
CaFeF6,328514.09896844486
CaFeNiP2O9,324617.7418673983
CaFeO2,726701.0183820053
CaFeO3,643485.7072832081
CaFeP2O7,272590.4716051801
CaFePd2,404277.6414118472
CaFePt,475747.3889445138
CaFePt2,463479.4570310839
CaFeReO6,411985.46428224945
CaFeRh2,608480.482552813
CaFeSb,368526.39671893755
CaFeSiO5,397610.03036413493
CaFeSn(PO4)3,196197.51965587045
CaFeTe,278266.3780270577
CaFeTe2,284336.8260541216
CaFeWO6,462546.50762639457
CaGa2Cu3(RuO6)2,84686.71595522827
CaGa2Cu3(SbO6)2,64419.46417598408
CaGa2Fe,288638.57452476874
CaGa4(WO6)2,80736.85663846838
CaGe2WO6,120297.3204888561
CaH(CO2)2,82592.50284493538
CaH6C6(BrO4)2,60287.51611981264
CaH6C6(ClO4)2,61103.43123064303
CaH6W3(CO2)2,217930.38967713015
CaH8(BrO6)2,75658.18140413571
CaHfAs,196008.58595212104
CaHfTe2,148891.86379014837
CaMg(B3O11)2,233591.35439642798
CaMg14CoO16,86978.39454318452
CaMg14Cr,102931.32861840703
CaMg14CrO16,115067.26571532598
CaMg14Fe,78513.79525278059
CaMg14FeO16,115854.4047764896
CaMg14Mn,108782.16489573519
CaMg14MnO16,143537.4634647737
CaMg14NbO16,82803.65295218852
CaMg14NiO16,58315.31096440426
CaMg14TiO16,56671.365284133244
CaMg14V,79688.83657246857
CaMg14VO16,86728.75727240654
CaMg2Al4SiO12,79635.7203525818
CaMg30FeO32,59008.80675291871
CaMg30MnO32,73562.00890165771
CaMg6Co,63026.13982671435
CaMg6CoO8,169036.4099457559
CaMg6Cr,214569.96718789948
CaMg6CrO8,220222.7839688959
CaMg6Fe,130009.65112793444
CaMg6FeO8,222211.68428223938
CaMg6Mn,188448.95456102208
CaMg6MnO8,273899.5514957161
CaMg6Mo,60510.42864469184
CaMg6NbO8,71717.14132383603
CaMg6NiO8,112863.89678666013
CaMg6Ti,89449.20730260851
CaMg6TiO8,104041.37748764739
CaMg6V,170782.40013019944
CaMg6VO8,165929.03348361238
CaMgB6O17,209014.7398937335
CaMgCoAs,86398.56822884071
CaMgNi4,103446.07318855468
CaMgVO5,90980.57808730088
CaMn(CO3)2,419455.63982639165
CaMn(GeO3)2,365776.66986845416
CaMn(PO3)4,194654.44301324003
CaMn(Si2O5)2,213481.04571866663
CaMn(SiO3)2,383982.7161891232
CaMn16O32,798836.121111529
CaMn2(P2O7)2,252800.2712898749
CaMn2(PO4)2,541527.6893085625
CaMn2(SiO3)4,331522.8005922729
CaMn25FeSi4SbO44,1208496.2345562808
CaMn2CoO7,553168.2011243558
CaMn2F10,283038.5283137168
CaMn2O4,848009.1505629311
CaMn2O5,520080.6210543491
CaMn2P2(H2O5)2,411493.55212302844
CaMn2P2O9,423699.37558160437
CaMn2S5,303729.3240314357
CaMn2Te3,563400.3430948377
CaMn3(CO)6,106376.48519527266
CaMn3O4,1431530.2225266672
CaMn3O6,860956.0068308212
CaMn3O7,555692.7487790731
CaMn3P3O13,446275.9036642595
CaMn3V4O12,821634.1814543917
CaMn3Zn(SiO3)5,479910.80874049687
CaMn4(CoO6)2,747121.2825169226
CaMn4(CuO4)3,563436.9535227821
CaMn4(SiO3)5,633116.9224114862
CaMn4O6,1304812.586120218
CaMn4O8,820161.1528218021
CaMn6(OF2)4,977189.6588084318
CaMn6O5F7,982550.113326704
CaMn7O12,1211148.526143697
CaMn7O8,1729795.2291132694
CaMn8(OF)8,1040167.5732312504
CaMn8O16,822902.0867326597
CaMn9CdO10,1432369.453852376
CaMnAs,547508.352933056
CaMnAs2(H3O5)2,225897.89054523635
CaMnAs2O7,294868.66629874374
CaMnAsO5,357850.65205934446
CaMnAu,524527.8640284872
CaMnAu2,482031.34351590904
CaMnBi,441677.09901710664
CaMnBi2,323553.6979087785
CaMnBiO5,145558.10266983818
CaMnCu3(RuO4)3,306372.1124286042
CaMnF4,575837.085411134
CaMnF5,384951.0436630347
CaMnF6,250192.34087329026
CaMnFeBiO6,637896.078160399
CaMnFeGe2,400533.8545386786
CaMnGa2,442644.7716028227
CaMnGe,458647.618630724
CaMnGe2,410483.02938446385
CaMnGeO4,476214.6369015639
CaMnHg2,420625.3935150139
CaMnIn2,391584.42840619816
CaMnN2,630784.8655662528
CaMnNiP2O9,273557.7357110193
CaMnO2,861138.818292395
CaMnO3,479756.08022975095
CaMnP2,343781.5281315353
CaMnP2O7,366933.0614122573
CaMnPd,585215.2750635534
CaMnPd2,564342.4620505904
CaMnPt,603246.6103356966
CaMnPt2,585932.5492931309
CaMnRh2,643128.1102450701
CaMnS2,575641.2774861463
CaMnSb,489049.05422782665
CaMnSb2,322607.1785569659
CaMnSe2,501354.5214970548
CaMnSi,322630.5873777503
CaMnSi2O7,203590.3821028801
CaMnSiHO5,406955.7173969625
CaMnSiO4,500486.95925277553
CaMnSn,476153.4193938523
CaMnSn2,372563.49258652853
CaMnSnWO6,347143.8511154922
CaMnTe,357495.11910444364
CaMnZnAs2H3O10,191027.8776411911
CaMo2O5,293558.7033880273
CaMo3O7,321535.46315377584
CaMo3P3O13,301582.12434068596
CaMo4O9,376931.7628576192
CaMoAs2,70868.3051655598
CaMoAsO5,117328.83280524527
CaMoF5,255182.8058613524
CaMoF6,137582.67630252396
CaMoN3,71282.45915588696
CaMoO,448776.9529643528
CaMoO2,498055.9407744396
CaMoO3,156256.9711834865
CaMoO4,110130.63750454344
CaNb2(PO5)2,72334.87594867483
CaNb2Ga2(CuO4)3,127888.19114302388
CaNb4O14,183922.5927590436
CaNbAs,200100.1726298996
CaNbAs2,195020.14398250543
CaNbAu2,162452.42612220315
CaNbBi2,171809.69191299443
CaNbFeSnO6,361532.1018830432
CaNbO3,63471.012451235656
CaNbPd2,99589.02452442975
CaNbSb2,173678.15662595772
CaNbTe2,95183.16909788076
CaNi(GeO3)2,153052.73929257542
CaNi(PO3)4,82252.85760341318
CaNi2(P2O7)2,212719.8305185657
CaNi2(PO4)2,235728.47585184715
CaNi2O5,254554.64598853255
CaNi3,127535.47284702826
CaNi3O7,481393.4555763112
CaNi4O9,273729.98844811623
CaNi5,230684.7214760531
CaNi5H,172471.91048151517
CaNiAs2O7,124621.9993184938
CaNiAsHO5,191600.97243616654
CaNiBP2H3O10,108351.06980033377
CaNiBiO5,231950.63496456563
CaNiBiP2O9,73907.82704149478
CaNiF4,240572.64620680324
CaNiF5,288266.834198143
CaNiMoP2O9,203176.36304883347
CaNiO2,367554.5220963768
CaNiO3,132647.6273290831
CaNiP2O7,147124.28669144667
CaNiP2WO9,202855.9447974454
CaNiSbP2O9,94599.94704578414
CaNiSnP2O9,100880.69553516958
CaNp,763622.053007088
CaNp(PO4)2,194565.29238735218
CaNp2O4,612192.0430387708
CaNpAs,626135.7728510924
CaNpAs2,324542.0314799878
CaNpAu2,440342.7425395363
CaNpGa2,457760.9233285563
CaNpGe2,401853.5004017198
CaNpHg2,407055.87710426183
CaNpIr2,338318.10917318845
CaNpO3,325324.9922328277
CaNpPt,572198.0484875266
CaNpSb2,324803.03109568456
CaNpSi2,417757.6351247439
CaNpSn2,366893.9131023315
CaNpTe2,398745.2349560867
CaO2,435933.051752596
CaOsO3,147627.09807871835
CaP(H2O3)2,72747.34816629399
CaP2(WO4)2,358878.90340875986
CaP2(WO5)2,195142.0467150656
CaP2HO8,226980.4564568595
CaP2W2O9,291442.32411231525
CaP2WO7,246560.25205727556
CaP3NO9,73396.9812103908
CaP3W3O13,297683.3894232255
CaP4W3O14,314300.52105706895
CaP4WO12,139726.10090027825
CaPNO11,207584.81330084777
CaPO4,122802.05425807132
CaPO6,73602.95525330582
CaPa2O4,282427.59136648255
CaPaAs,231132.07469649476
CaPaAs2,64686.87554598564
CaPaAu2,55924.57210231055
CaPaBi2,66630.01278328168
CaPaHg2,98251.52740230439
CaPaIn2,79902.60517729961
CaPaIr,171008.59181920157
CaPaO3,116968.24536360987
CaPaPt,103325.33758696928
CaPaSb2,53747.14266951227
CaPaSn2,58641.321777245386
CaPaTe2,226231.0866247487
CaPdF4,109324.56551657316
CaPt2Rh,94088.94966938198
CaPtRh,95437.0412177727
CaPtRh2,238536.30144589927
CaPu2As,1247114.8488001798
CaPu2O4,764325.1709433565
CaPu2Sb,1097704.4087257732
CaPu2Sn,1058706.6564515033
CaPuAg2,596106.0666859766
CaPuAl2,539134.2664762565
CaPuAs,740499.3970137007
CaPuAs2,485676.7720304669
CaPuBi,658764.6640560706
CaPuBi2,426254.43358702934
CaPuGa2,561670.4585259728
CaPuGe,673329.7835573645
CaPuGe2,545247.7852398064
CaPuHg2,501585.7357229156
CaPuIn2,493636.16063936136
CaPuIr,605280.7858361927
CaPuO3,491983.7155178918
CaPuPd,710735.1209514907
CaPuPd2,610843.6100318356
CaPuPt,731405.4849755475
CaPuPt2,579081.988304382
CaPuRh,663394.5942147044
CaPuRh2,312852.6758553087
CaPuSb,661100.9959743221
CaPuSb2,447719.2618646754
CaPuSi,648320.3209069849
CaPuSi2,568294.4174317967
CaPuSn2,488069.03360551654
CaPuTe,747788.9461603675
CaPuTe2,477601.22892772633
CaPuTl2,476772.5821414913
CaPuZn2,580193.5487346442
CaRe3(Se2O3)2,55029.730674483755
CaReN2,98710.1098127384
CaReO3,71213.27402116108
CaRhO3,161175.9457175743
CaRuO3,292338.7178787546
CaRuPt2,259342.4226529478
CaSO6,123859.33068304794
CaSbF6,62102.845224970086
CaSbIr2,123277.79347969205
CaSe2O7,51479.24311153424
CaSi2NiO6,159812.26078938582
CaSi2WO6,214208.58325715488
CaSi3SnO11,81362.69953366947
CaSi4(NiO6)2,171278.88834176413
CaSi4NiO10,90494.24481275935
CaSi4WO10,166804.60193139262
CaSiO5,204521.1129824384
CaSnO6,326322.21314276994
CaSnS3,75509.80494975443
CaTa2(CuO4)2,95745.32062002413
CaTa2Ga2(CuO4)3,133620.72260805254
CaTa4O14,187424.12676226097
CaTaAs2,174421.77225699692
CaTaO3,63446.35502876386
CaTaSb2,156570.52154714678
CaTaTe2,96442.95012491259
CaTaTi(PO4)3,74996.40697442651
CaTcO3,240569.66049159583
CaTcPt2,385242.93472093367
CaTcTe2,92407.0113707805
CaTeRu,108186.64576918032
CaThBi,114228.1110900805
CaThTe,165793.05187125396
CaThTe2,119575.36882050721
CaTi(PO3)4,74600.81747986181
CaTi(Si2O5)2,84650.09531134018
CaTi(SiO3)2,152144.04296745852
CaTi2(PO4)2,171692.32178643273
CaTi2Be3(SiO4)3,167642.93277046474
CaTi2CoO7,66237.35731661711
CaTi2FeO6,348710.0581415828
CaTi2O4,132976.3476224897
CaTi2O6,157900.5375618853
CaTi2P2O9,103724.09034573426
CaTi3P3O13,108088.14809980385
CaTi3V5O16,208364.56102070835
CaTi4(CuO4)3,137783.41777531797
CaTi4(FeO4)3,532646.2226636722
CaTi4O8,76203.62039127733
CaTi6(H2O7)2,65640.84603689254
CaTi8Mn(PO4)12,50998.83898069459
CaTiAgAu,60245.654752098686
CaTiAs,288746.95207084244
CaTiAs2,106959.84539176388
CaTiAu2,93392.77086059065
CaTiBi,259100.9936436129
CaTiBi2,190074.16959112897
CaTiCr(PO4)3,117798.79871003098
CaTiCu(PO4)3,78874.0702363811
CaTiF4,223158.67990164846
CaTiF5,90052.12738210194
CaTiFe(PO4)3,195047.71302007313
CaTiFe5O8,912126.729867734
CaTiGe,240673.96155644557
CaTiGe2,180110.47515274383
CaTiH6(OF3)2,94913.495698293
CaTiHg2,141504.9828369684
CaTiIn2,142188.0840113624
CaTiIr,124784.92943801502
CaTiMn(PO4)3,155991.30115927669
CaTiMo(PO4)3,112404.78278246446
CaTiNiP2O9,106444.05993630848
CaTiO2,63983.270621186406
CaTiP2O7,133153.20553847053
CaTiP3WO12,111892.18638588185
CaTiPO5,95241.4476438484
CaTiPb2,198455.93765168806
CaTiPd2,63451.611220596846
CaTiPt,127340.3111877213
CaTiRh,132450.99204520654
CaTiSb,337395.1445378943
CaTiSb2,166386.3619102729
CaTiSi,223655.24864969388
CaTiSi2,158144.2223236526
CaTiSn,214027.97440887158
CaTiSn2,198687.51158078908
CaTiTe,215653.43972276727
CaTiTe2,182561.75370200016
CaTiV(PO4)3,77883.705242211
CaTiZn2,111592.90544689102
CaTl4(NiO3)4,205758.44571061753
CaU2(PO9)2,82828.62711874866
CaU2S5,220375.18202936952
CaU2Se5,190228.77468036715
CaU2Si2(HO3)4,57730.24107295538
CaU2V2O17,164104.96992357582
CaU3(CO10)2,120686.52788449176
CaU3Ti8O24,81905.00081107512
CaU4O17,93004.86918295553
CaUAs,438926.35492693115
CaUAs2,206345.19651453735
CaUAu2,291228.5092769894
CaUF6,180067.41070444172
CaUGa2,265212.3705007813
CaUGe2,270546.7065066057
CaUI6,52214.67052230267
CaUIr2,198929.5658063824
CaUO3,226095.27573848775
CaUPt,421482.27224042924
CaUPt2,270969.35629655933
CaUS2,346503.54756997776
CaUSb2,194540.24742513022
CaUSi2,274629.4897022037
CaUTe2,321047.6035840345
CaUTi2O7,138974.6771928915
CaV(GeO3)2,220118.63431627644
CaV(PO3)4,112051.49160216544
CaV(Si2O5)2,130202.80367812012
CaV(Si2O7)2,85495.25109678785
CaV(SiO3)2,220680.4551097332
CaV2(CuO4)2,103435.56549006308
CaV2(PO4)2,333011.6232258856
CaV2(PO4)3,130964.64678185183
CaV2(PO5)2,112092.29204692104
CaV2Ni2(P2O9)2,109675.89232312566
CaV2O2,528626.8793602287
CaV2O4,428942.450393427
CaV2O5,169946.11419714376
CaV2P2(H4O7)2,72787.06052857253
CaV2S5,103249.38769519866
CaV2Zn2(SiO5)2,181317.66085859635
CaV3(P2O7)2,312464.5471885206
CaV3O7,196513.92797718375
CaV3P3O13,220187.02978142133
CaV4(CoO4)3,402572.68559382914
CaV4(CoO7)2,67254.25836069387
CaV4(NiO6)2,175474.71131624817
CaV4(PO5)4,52475.89200778866
CaV4O10,82041.34490152195
CaV4O8,353361.8904234399
CaV4O9,217868.6156265588
CaV5O7,836922.8069965381
CaV6O11F,355415.90436113405
CaV6O23,185564.90325777224
CaV8(OF)8,551075.40969897
CaV8O24,113046.32302994508
CaVAs,475338.03685252654
CaVAs2,273799.71634852345
CaVAs2O7,57198.307608218514
CaVAsO5,178220.45859055824
CaVAu2,398898.4312266855
CaVBi2,272950.1446313322
CaVCu3Se4,87893.15474600396
CaVCuHO5,89300.55890271581
CaVCuPt,178103.04315258015
CaVF4,344015.2563880725
CaVF5,184586.00681665895
CaVF6,80428.63711646586
CaVFe(P2O7)2,213923.71114463639
CaVGa2,356605.4108821851
CaVGe2,357315.5659072571
CaVN2,166637.33336079435
CaVO2,440361.7289702615
CaVO3,164505.89470320457
CaVP2O7,199793.76738370894
CaVPd2,350559.29075573233
CaVPdAu,396802.1755862752
CaVPt2,315171.76737772423
CaVPtAu,365953.829237372
CaVSb,469836.7468200028
CaVSb2,250538.32169726508
CaVSn2,320992.2904110085
CaVSnWO6,215072.7778833454
CaVTe,524785.2588269907
CaVTe2,270306.751435835
CaW2O5,299947.32279427134
CaW4O9,395901.8171936727
CaWF4,410968.21941129776
CaWF5,236821.80472383025
CaWF6,134691.77011399216
CaWO2,451147.9412011215
CaZn(GeO3)4,181142.27739252418
CaZn2(PO5)2,87027.87772011578
CaZn2O8,115744.42863336035
CaZn2Si2HO7,53849.56735070352
CaZnSiO5,171244.78216767218
CaZrAs,219852.17733866145
CaZrBi,203939.27343888217
CaZrBi2,65286.300451599986
CaZrGe,126378.37225808245
CaZrNbFeO7,337959.320874696
CaZrPb2,98075.13444730973
CaZrSb,204330.6387867399
CaZrSn,125372.87999850721
CaZrTe2,168034.91825416725
Cd(ClO2)2,219546.8403375954
Cd(CoO2)2,168820.7581694475
Cd(FeN)2,129099.08061147852
Cd(MoO2)2,565752.075259824
Cd(N2Cl)6,66557.86176811102
Cd(NO4)2,112636.52682359942
Cd(NiO2)2,240181.00363175425
Cd(OsO2)2,215655.42861881442
Cd(PO5)2,385747.9489772333
Cd(ReO2)2,429368.50258018327
Cd(RuO2)2,214087.89548778214
Cd(TcO2)2,418418.4248294971
Cd2BiMoO6,70654.52833295346
Cd2Cl4O5,56724.138409555395
Cd2ClO3,221411.00846296118
Cd2Co2O5,359101.63254669827
Cd2CoSbO6,326198.0439089068
Cd2CoTeO6,241142.80075232522
Cd2Cu(SO)2,141957.58805382403
Cd2CuNiO6,84064.96007742337
Cd2CuPtO6,180708.63309896737
Cd2CuRhO6,268681.3934973167
Cd2CuWO6,82434.82863836938
Cd2Fe2O5,745746.4541468509
Cd2Fe3Cu10(SnSe4)5,110330.94577516973
Cd2FeBiO6,383167.3885804798
Cd2FeIrO6,528398.2672335798
Cd2FeMoO6,327034.8104818816
Cd2FeRhO6,535283.3620886191
Cd2FeSeO6,340195.9206336306
Cd2FeTcO6,568919.4894852748
Cd2FeTeO6,314650.6202968512
Cd2IrPdO6,80613.42777811598
Cd2IrPtO6,80495.55941343146
Cd2IrRhO6,163272.04965963296
Cd2IrRuO6,236073.73644422155
Cd2Mo2O5,174371.06146912923
Cd2Mo3O8,302555.92927934555
Cd2MoSeO6,157013.72481301002
Cd2Ni(ClO2)6,70208.87425876026
Cd2Ni2C8N12O,229862.96973246118
Cd2Ni2O5,179065.46259677014
Cd2NiIrO6,190467.2343258464
Cd2NiSbO6,226002.85832501017
Cd2NiSeO6,174866.75300541095
Cd2NiWO6,163628.92621362375
Cd2Os2O5,94430.07773467584
Cd2OsPbO6,137352.49779536325
Cd2OsRhO6,222601.33732625097
Cd2PtRhO6,81246.82138889362
Cd2Re2O5,161368.42842730865
Cd2Re2O7,219688.51800207855
Cd2RePbO6,61024.20192031652
Cd2ReRhO6,76735.67108338179
Cd2ReRuO6,81057.51532434465
Cd2Rh2O5,71471.60566928146
Cd2RhPbO6,63934.1844717493
Cd2Ru2O5,222631.49181293757
Cd2RuPbO6,149482.34782042814
Cd2RuSeO6,132284.7226112086
Cd2SO6,146960.59589842515
Cd2SbMoO6,224653.68072444832
Cd2SbRuO6,78482.04069216603
Cd2Se3N2O15,124658.30878523437
Cd2SnMoO6,152467.2773229381
Cd2SnOsO6,155430.63315974493
Cd2SnRhO6,61355.010837750146
Cd2Tc2O5,205226.38372703435
Cd2Tc2O7,268881.15332781494
Cd2TcBiO6,142401.08278268357
Cd2TcNiO6,248438.459008939
Cd2TcOsO6,175131.3782625269
Cd2TcPbO6,69709.88053774674
Cd2TcRhO6,160633.8311447276
Cd2TcSeO6,237848.39004559812
Cd2TcTeO6,223165.80716748245
Cd2TcWO6,80478.66250340715
Cd2TeMoO6,147543.2074221051
Cd2TeRuO6,73438.81475478731
Cd2W2O5,65292.79985664962
Cd3(BiO2)10,66444.79120931569
Cd3(P3O14)2,116700.64247725336
Cd3Fe,322378.22562618915
Cd3Fe2(GeO4)3,379638.06705189426
Cd3FeS4,189872.33975909714
Cd3FeSe4,163763.23992987585
Cd3Ga5O12,114352.8087500418
Cd3H8(SO4)3,166621.92110329735
Cd3NO8,233760.08597478643
Cd3S3O20,159713.75783077552
Cd4CoS5,113682.33433907731
Cd4FeS5,147732.46839165673
Cd5(AsO5)4,209214.39569238183
Cd5Fe2(P2O7)4,168288.8913728517
Cd5H2(NO7)2,249245.32661677492
Cd6(CoO3)5,174458.1294345754
Cd8S2O23,176613.04810637247
CdBO3,72658.24961180716
CdBi3O7,55306.6434611803
CdC12(S2N3)2,71960.68212327329
CdC2O7,145708.67555396154
CdC2S2(IN2)2,114689.27568587378
CdC2S2(NO)6,99498.77390605146
CdC3NO6,88271.60241151268
CdCN2,132889.50318210796
CdCSBr2N3O,120657.80312272058
CdCo(PO3)4,117822.41665185556
CdCo3(PO3)8,182880.5527855973
CdCoCu3Se4,153305.75207788148
CdCoF5,171760.09275337256
CdCoGePd,196622.4996296741
CdCoGeRh,75198.50202442515
CdCoO3,307522.43621556833
CdCoSbPd,137278.5905945042
CdCoSbRh,182696.30627899524
CdCoSiPd,160420.71994418788
CdCoSiPt,208252.14776117183
CdCoSiRh,62665.346447033364
CdCoSnPd,145479.82288489208
CdCoSnPt,181568.11888177777
CdCoSnRh,86302.57736098228
CdCu2(SO4)2,187319.35545906768
CdCuP2O7,69256.49183679029
CdFe(PS3)2,167794.19848637487
CdFe2Sb2(PO4)6,212508.0313879451
CdFe4Cu10(SnSe4)5,151966.91821946073
CdFeCu4(SnSe4)2,95482.32924407208
CdFeO3,673307.2995838118
CdFePd2,457480.1905569946
CdFePt2,486804.08187088976
CdFeS2,408902.32233297045
CdFeSn(PO4)3,191400.9280590347
CdFeSnPd,307691.0852769265
CdFeSnPt,310305.7469531277
CdFeSnRh,301328.9598780269
CdGaCoNi,88786.89016568194
CdGaCoPd,100416.99136431757
CdGaFePd,355368.0117003535
CdGaFePt,358076.1505366597
CdGaFeRh,347649.8844062591
CdGePO7,211077.32977732955
CdH2(BrO3)2,101467.88536636578
CdHCl3,112747.46039142467
CdI3N2,86363.3994861769
CdI3NO,143312.4702919169
CdInCoPd,124468.46263627875
CdInCoPt,145900.88163185073
CdInFePd,334001.823430129
CdIrO3,102494.5278659563
CdMoO2,629690.511097281
CdMoO3,65360.297947974344
CdN,309024.014662024
CdNCl3,89060.5301795941
CdNO5,89449.23320823871
CdNi(PO3)4,84037.98807364616
CdNi2H24(ClO2)6,75320.09523501225
CdNiO2,196249.18460123948
CdNiO3,90939.85282444482
CdNiPt2,55902.75094117554
CdOsO3,95937.03406398295
CdP3NO9,84992.95472650991
CdPd2O3,111599.4466005482
CdPd2Rh,106043.36232334953
CdPdF4,220125.11635515603
CdRe2C4S4(NO)8,61277.23181466356
CdReO3,61916.92238620785
CdRh3F6,83646.01981651895
CdRhF6,94050.27790334026
CdRhO3,163920.7961044071
CdRuO3,319736.15606142685
CdTcO3,206041.8009454197
Cl(OF)2,111848.70316382767
ClO5,297468.3960473315
Co,1449886.6475971325
Co(AsO2)2,282841.8935902548
Co(AsO3)2,321523.7318540099
Co(BO2)2,169679.3191566589
Co(BRh2)3,231674.97955797962
Co(Bi3O5)4,88806.4635217236
Co(BrO3)2,225568.59620084573
Co(BrO6)2,451058.1837734404
Co(CN)2,201753.86477365321
Co(CO3)2,76022.61178542662
Co(ClO3)2,464216.91877031495
Co(ClO4)2,69614.36037707963
Co(CuO2)2,106463.18364317162
Co(CuO2)4,136950.2023679872
Co(CuO3)2,350414.2773837646
Co(GeO2)2,259866.42490281045
Co(GeO3)2,312853.5970688559
Co(H3Br)2,57528.58396542059
Co(H3Cl)2,69361.81305502307
Co(HO)2,434283.8847871868
Co(HgO2)2,411588.61097359186
Co(IO3)2,220501.42981812233
Co(IO5)2,332141.72860519873
Co(IrO2)2,345397.45514013816
Co(Mo3O17)2,84211.0008190953
Co(MoO2)2,273276.188287235
Co(NO3)2,278857.8537180863
Co(NO3)4,69748.06249777543
Co(NiN)2,184144.87054171113
Co(NiO2)2,665726.8115016627
Co(NiO2)4,340315.90063897264
Co(O2F)2,713137.8647523851
Co(OsO2)2,585999.2768058119
Co(PO2)2,68439.79810628777
Co(PO3)2,178204.0332113672
Co(PO3)3,136893.57372508064
Co(PbO2)2,207561.56549415315
Co(PdO2)2,128284.12298506532
Co(PtO2)2,150211.66666561097
Co(PtO2)3,247547.61788043485
Co(ReO2)2,318183.5730003031
Co(ReO3)2,227443.20687127393
Co(ReO4)2,161965.91020883434
Co(RhO2)2,356301.95783066325
Co(RhO3)2,55744.55150338734
Co(RhSe2)2,103990.36945967417
Co(RuO2)2,600459.1542530048
Co(SO4)2,301898.05654264404
Co(SbO2)2,266232.16130251164
Co(SbO3)2,273586.54977573524
Co(Si2O5)2,132940.2695911094
Co(SiO2)2,244022.0640356868
Co(SiO3)2,230713.9406180146
Co(SnO2)2,255438.50116092077
Co(TcO2)2,256498.65048653152
Co(TeO2)2,207362.81447840758
Co(WCl5)2,87865.30585767778
Co(WO2)2,309770.84815482376
Co(WO4)2,272246.4112973433
Co10Ge3O16,941831.9083690118
Co11B4SbO20,815268.1823687954
Co11CuO16,448513.77044552594
Co12Ge4C,251395.38249741893
Co15O28,295354.0339963912
Co17Se20,81164.35752477174
Co19(Si2B)4,331118.9494900891
Co2(CO3)3,272379.31529786636
Co2(PO3)5,231576.212798796
Co2(SO4)3,87774.67865713841
Co20(As4O19)3,568575.7809412811
Co21Cu3O32,309052.4266085732
Co21O40,301980.01786851225
Co23B6,929149.4729847242
Co23O32,413456.57391773886
Co25Cu11O48,161839.53901934598
Co27Se32,104674.93479948393
Co29Ge13O56,793870.7617248497
Co29O40,1108355.809240606
Co2Ag3SbO6,230901.7362142318
Co2AgO4,363634.84023226914
Co2As,220293.89952166888
Co2As2O5,513803.64438535384
Co2As2O7,413852.27527689683
Co2AsHO5,491650.79915123584
Co2AsO4,645414.456062227
Co2Au2O5,558610.488991652
Co2AuO4,357637.0906183082
Co2B2O5,591005.0815749716
Co2BO4,1035608.0388824731
Co2BP3(H3O7)2,209890.02472809755
Co2Bi11O20,156096.20708561377
Co2BiO4,593834.8641330294
Co2Br3(N2O)3,83530.89268512622
Co2C2O7,437472.2352590092
Co2CN9(Cl2O3)2,126728.0777566479
Co2Cu2O5,120968.90008891208
Co2Cu3(CN)12,53415.348883712155
Co2CuN2,107040.12369615943
Co2CuO4,265617.3747680542
Co2CuSi,243618.71165618466
Co2Ge,155057.6540828635
Co2Ge2O5,72309.12640335347
Co2Ge5N8,180508.8827584362
Co2GeIr,587715.9281886854
Co2GeO4,772508.9584305629
Co2GePd,477561.96752026817
Co2GePt,496536.68468694156
Co2GeRh,594781.9136084872
Co2GeRu,598606.4033337928
Co2H2CO5,508220.0792128908
Co2Hg2O5,367595.62221671443
Co2HgO4,859840.2238368252
Co2I3(N2O)3,184583.87985986174
Co2Ir2O5,728266.682439156
Co2Mo2O5,380709.8491090203
Co2Mo3,123305.31686869668
Co2Mo3N,244756.82836873937
Co2Mo3O8,129455.61650655244
Co2N15O11,127050.06785064451
Co2N16O9,191886.8531008436
Co2Ni2O5,403770.4507978609
Co2Ni3Sb(PO4)6,254441.90656533805
Co2NiAs,429335.55450121214
Co2NiGe,499210.2137571718
Co2NiO4,744738.9131265309
Co2O,1153131.4399466084
Co2O3,439183.2688153504
Co2O3F,624003.5471591185
Co2O5,225547.5876560803
Co2OF3,927629.4104507283
Co2Os2O5,339157.2428870581
Co2P2NO8,489155.68762686505
Co2P2O7,472330.3080981063
Co2P3H11N2O9,229165.85392549442
Co2P3O10,306697.47518838116
Co2PO4F,606954.082324988
Co2PO5,713263.515015972
Co2PS3,115086.4384789646
Co2Pb2O5,126649.67604768566
Co2Pd,907596.6584344171
Co2Pd2O5,273560.70913027565
Co2Pt2O5,543715.9964788526
Co2Re2O5,229324.2267841158
Co2Re5B4,86796.70429241443
Co2Rh2O5,108282.17108937512
Co2Ru2O5,901022.2515007164
Co2S3(NO6)2,514113.08969899884
Co2Sb2O5,276639.5294701891
Co2Sb2O7,438521.50754183
Co2SbO6,84179.40127783437
Co2Si,141602.38864904
Co2Si(P2O7)2,228164.27487299807
Co2Si2O5,243097.82892525027
Co2Si3Mo2,137477.0212710022
Co2SiAs,155320.15064278187
Co2SiB,284852.9100298397
Co2SiGe,265270.246023593
Co2SiIr,584133.850074829
Co2SiMo,305683.5579771875
Co2SiNi,467126.9994637923
Co2SiO4,704262.2196052513
Co2SiOs,587761.0988391564
Co2SiPd,461154.2873295186
Co2SiPt,487313.2688958512
Co2SiRh,604784.8442098792
Co2SiRu,693300.2698342423
Co2SiSn,224432.61239292173
Co2SiTc,396884.18310615787
Co2SiW,77979.89228153384
Co2SnO4,673811.1991997499
Co2SnPt,415436.9244853591
Co2SnRh,551953.442775918
Co2Tc2O5,501800.6527895115
Co2Te2O5,78936.64691524066
Co2Te3O8,100143.47151769577
Co2TeCl2O3,417849.12887303584
Co3(AsO4)2,508517.19233446463
Co3(AsO4)4,318840.79238771694
Co3(BO3)2,806170.5328240611
Co3(O2F)2,608860.6415271892
Co3(OF2)2,822331.5630008554
Co3(P2O7)2,354027.08033812034
Co3(P3O10)2,155779.49296351633
Co3(PO4)2,560283.0236860419
Co3(PO4)4,351081.84502462187
Co3(SeO3)4,109995.21231820642
Co3Ag2P3HO12,345358.6696292452
Co3As2(HO)16,260048.64773732593
Co3B,880871.3871957739
Co3B2,174371.8278974162
Co3B7ClO13,380000.28909345425
Co3B7IO13,321252.6425348949
Co3BO5,542179.0309986713
Co3BPO7,640709.070244876
Co3Bi,488864.0616395123
Co3BiO8,128380.15348876838
Co3C2(SeO5)2,136741.4860016613
Co3Cl,936334.0347596525
Co3Cu,1034490.0554356565
Co3Ge,629911.7980673047
Co3Ge2,423215.46068045706
Co3Ge6N11,74102.32659291684
Co3H,1117358.820883252
Co3H2Se3O10,125907.04859520774
Co3I,686389.8589787426
Co3Ir,1115544.5179127757
Co3Mo,167695.63939054255
Co3Mo3N,455690.2995056309
Co3N,895382.3701231352
Co3Ni,1202364.6247400646
Co3Ni(PO4)4,438163.984950648
Co3Ni2Te3O16,226196.9533470459
Co3Ni9P4,197755.844258396
Co3O4,525585.7944509179
Co3O5F,583643.7247850603
Co3OF5,827447.3153851854
Co3Os,429432.7072541577
Co3P2(H2O5)2,153948.36532368104
Co3P2(HO)16,153295.22302032294
Co3P4H8N2(O3F)4,211386.18061209822
Co3P6WO24,287944.52184156136
Co3Pt,1071425.5031445133
Co3PtF6,158253.17337809847
Co3Re,177813.9332946051
Co3Rh,1221202.7036919806
Co3Ru,747053.1878803218
Co3S,1015034.742811839
Co3Sb(PO4)4,190192.98482170352
Co3SbN,463481.07570741116
Co3SbO8,102630.05098200959
Co3Se,135131.69581952973
Co3Si,438138.67966244277
Co3Si6N11,334520.136768752
Co3SiMo2,66544.91910377218
Co3Sn,641553.4102709808
Co3Sn(PO4)4,350340.83095216844
Co3Sn2,274632.49460906343
Co3SnO8,212403.9579243521
Co3Te,523063.37645698915
Co3TeO8,467010.50684293
Co3W,186705.26375781282
Co3W3C,368087.6850154192
Co3W3N,108020.43349224524
Co3W9C4,76272.08515443605
Co3WO8,69675.11221802968
Co4(CuO4)3,376634.62942236825
Co4B,986417.0329331575
Co4Ge,957587.3545431561
Co4GeP4(H6O11)2,272132.6212173891
Co4H,1409647.2495167283
Co4N,1237574.050041632
Co4NiO8,466418.35228527355
Co4O11,367337.95338320563
Co4O5,200089.091488421
Co4OF11,706718.3264436438
Co4SbO8,569417.7879811759
Co4TeO8,469990.4787042248
Co5(Bi2O5)4,226599.70188620652
Co5(P2O7)4,376247.30234733445
Co5(SnAs)2,319424.1555012317
Co5(SnSb)2,267553.08671772067
Co5As2,485573.73051608895
Co5BiO12,175619.06294788842
Co5CuO8,560011.6713313138
Co5NiO12,231885.54218210123
Co5O8,368389.48169928975
Co5RuO8,690429.2212115135
Co5SbO12,177452.00768215046
Co5SbO8,506500.34911401937
Co5Si2B,380795.4410174615
Co5Sn(BO5)2,736665.5660013747
Co5SnO12,220271.28915474322
Co5Te3O16,639497.2560305583
Co6BP,709860.6429686876
Co6Mo6C,146291.55033844843
Co6O5F7,813123.1930226978
Co6O7F5,686018.6209102778
Co6OF11,820800.6886007661
Co6P7O24,410391.488265447
Co6WN4,257085.27409585268
Co7(AsO6)2,858329.1035878728
Co7(RuO6)2,393671.5236363737
Co7(SbO6)2,802656.3099658154
Co7CuAs4(HO5)4,438204.935173879
Co7Ge4,435385.8433209337
Co7Mo6,117558.02104291832
Co7O12,578173.5190218537
Co7P6(HO6)4,469560.0952014776
Co8(BiO4)5,332326.0069292148
Co8As3O16,711444.8941600915
Co9Cu3O16,207843.29595994024
Co9O13,1088479.7675291966
CoAgF3,366589.2668771017
CoAgN,175923.3228516992
CoAgO2,764852.697999683
CoAgO3,218796.12685037818
CoAgPO4,165128.5677297325
CoAgSnPd,138367.23199895123
CoAgSnPt,156563.6906873683
CoAs2Rh,266397.9448088074
CoAsO3,240370.51312810899
CoAsO4,244080.36837973568
CoAsPd,104893.47343784884
CoAsPd2,270935.15224961686
CoAsPdRh,283512.990173678
CoAsPt,56618.58198802286
CoAsRh2,299414.9292704488
CoAsRu,94033.69277220982
CoAu3,265409.9389775731
CoAu4,192507.13905329272
CoAuO3,353203.8279204831
CoB4O7,307798.0393933892
CoBIr,239995.47145736983
CoBO3,782255.5523957065
CoBP(HO3)2,239407.9334215655
CoBP2HPbO9,170212.3722721907
CoBPd,157864.41703846602
CoBPt,170252.4625708316
CoBRh,256836.71540698633
CoBRu,357676.294829496
CoBi2O7,114920.62252173263
CoBi6P2(O7F)2,74480.15300971309
CoBiPO5,287789.68137494806
CoBr2,249964.41991423443
CoBrO,315016.1185257501
CoC(N3Cl)2,131625.42538069462
CoC2N3,257946.2894520507
CoCBrN4O3,255578.66760238865
CoCO3,216494.93374974804
CoCl,523208.4478256548
CoCl2,245702.95157209976
CoCl3,330689.82085732574
CoCu2GeSe4,156317.25620761915
CoCu2O3,320519.6594381254
CoCu2SnSe4,74025.5442386374
CoCuCO5,115161.2168924358
CoCuGePd,137456.06306738412
CoCuGePt,145498.6868121064
CoCuGeRh,314982.1266226835
CoCuH28(SO11)2,76339.31524684542
CoCuNiAs,225213.9587917921
CoCuNiGe,95780.86783003836
CoCuNiSn,87830.03322210036
CoCuO2,851029.1625619818
CoCuO3,691434.727943958
CoCuP2O7,158707.10509624498
CoCuSbPd,167906.17635690086
CoCuSbPt,211837.0832454005
CoCuSe2(ClO5)2,269056.8853910863
CoCuSiIr,138621.9306799111
CoCuSiNi,90751.73760217347
CoCuSiOs,126534.35518345244
CoCuSiPd,160931.9701996162
CoCuSiPt,111467.71071493419
CoCuSiRh,278850.95310235105
CoCuSiRu,329236.90320661414
CoCuSiTc,393186.5336738266
CoCuSnPd,165864.8576514699
CoCuSnPt,139435.09299389334
CoCuSnRh,257116.4169940829
CoF,941309.2639283785
CoF3,594396.8754360223
CoF4,392569.7888389764
CoGe2Ir,252613.46815277764
CoGe2Rh,227502.72481101973
CoGe2Ru,155498.46290544883
CoGeMo,188061.0895703976
CoGeN2,310039.26166111394
CoGeO3,498113.4649432483
CoGePd2,241633.58738596432
CoGePdPt,114564.79118940455
CoGePdRh,273204.77637169306
CoGePt,172336.98642282144
CoGePt2,244752.80124345855
CoGePtRh,282323.83768639615
CoGeRh,312288.7517960371
CoGeRh2,395630.42456136993
CoH,1053813.682939108
CoH10(SeO5)2,103580.02139330751
CoH12(BrO3)2,135937.93598357306
CoH12(BrO7)2,103123.35308217569
CoH15N6(ClO)2,91646.66607771716
CoH18C6SO10,120783.72990437425
CoH22N7(ClO2)4,79862.39860585793
CoH2SO5,326227.9589818533
CoH2SeO4,245268.97211563837
CoH2SeO5,99899.86353224482
CoH4(BrO)2,230175.87439572174
CoH4(CO3)2,242889.01766862586
CoH4(ClO)2,263798.5567461626
CoH4SeO5,214950.51373920607
CoH6(NCl)2,155440.71195946456
CoH6(SeO4)2,166933.2226371877
CoH7C4(NO3)2,71369.68220043286
CoH8(BrO2)2,165464.17625858236
CoH8(ClO2)2,194390.98366971995
CoH8N2(OF2)2,229335.85633825982
CoH8Se2(ClO4)2,83183.2023265284
CoHCO3,132468.90286684554
CoHCO4,198401.91112242333
CoHO2,537137.6821624375
CoHg3,160272.75467083874
CoHgO3,170823.79994816898
CoI3,147457.93617945025
CoIr,615806.3689664585
CoIrO3,619147.5422080788
CoMo,722425.6284607634
CoMo3,313312.81060963374
CoMoH2SeO7,211497.39191362113
CoMoO3,352752.1893939243
CoMoO4,400691.17376520135
CoN,181885.89635378768
CoN6(ClO)2,69325.92381913526
CoN7ClO5,145509.7046786424
CoN7O8,202751.2817570517
CoNCl4O3,192159.0288793451
CoNF3,1175445.061859453
CoNi,1020285.468204241
CoNi(PO3)4,135594.77056571888
CoNi(PS3)2,146294.46470643333
CoNi2Ge,226640.89367130853
CoNi2Sb,92412.27010275442
CoNi2Sn,120542.49153362958
CoNi3,900922.8854636459
CoNiAsRh,278027.0533996725
CoNiB,120199.91593509233
CoNiGeIr,289898.9556764819
CoNiGePd,214596.95437665193
CoNiGePt,242075.01167502755
CoNiGeRh,281547.33271110465
CoNiGeRu,399392.2082260486
CoNiH12C4(N2O3)2,82949.65420679004
CoNiO2,956809.3792534667
CoNiO3,771423.7781380456
CoNiP4(H8O5)4,82327.9758865207
CoNiPt2,580436.7421598287
CoNiS4,68049.1619060392
CoNiSb,128454.61038987635
CoNiSbPd,126633.69893136088
CoNiSbPt,114663.64643775746
CoNiSbRh,227336.70926726947
CoNiSn,226147.92239708095
CoNiSnPd,197615.49803184596
CoNiSnPt,215773.914570331
CoNiSnRh,274582.45609298855
CoO,1434972.6451013286
CoO2,270222.88152227236
CoO2F,355908.7571009412
CoO3,624378.1982610823
CoOF,853850.9628173704
CoOs,327321.9328035165
CoOsO3,352032.6387429225
CoP(H4O3)3,97050.45770835587
CoP2(H4O5)2,156984.86227119464
CoP2H15N5O8,134903.30384422824
CoP2H18(NF2)6,66227.5655308813
CoP2O7,169639.97464652843
CoP3H16N4O11,71325.23775242823
CoP4(H5O8)2,96547.02559916844
CoP4O11,129719.79474484248
CoP6(N2O11)2,227551.82719536376
CoP6(WO8)3,93691.47799854905
CoPH14N4O7,112343.4366104936
CoPH3O5,250270.01614810506
CoPH6NO5,245008.54232556184
CoPH6O6F,221552.22144635298
CoPHNO4,482479.4029719691
CoPNO10,53496.30254170128
CoPO4,404535.0119063011
CoPO4F,510606.2355879873
CoPS3,97730.9559310258
CoPb2WO6,218315.22959256262
CoPb3,55041.61042171492
CoPbO3,267537.6995147479
CoPd,725578.1846861278
CoPd3,494739.7341109804
CoPt,780424.6062283225
CoPt2,538468.191114142
CoPt3,457953.3628147405
CoPtF6,311519.4064841928
CoPtN2,125775.06391166232
CoPtO3,517337.4937890667
CoRe2(H2O3)4,143551.82551387936
CoRe2(MoS4)2,122553.30870918927
CoRe2Si,92588.23345854065
CoRe3,65667.13879733854
CoReGe2,77725.53134413625
CoReN2,477725.44773020974
CoReO3,402803.11951957206
CoReO4,152280.4923066208
CoReSiMo,305398.24775541027
CoReSiNi,140453.43317629944
CoReSiTc,364298.2179132465
CoReSiW,306491.7709296675
CoRh,867363.0192622151
CoRh3,542508.8616241494
CoRhO3,691894.5573882492
CoRhS4,205796.8774954689
CoRu,370454.80733560165
CoRuO3,582296.7049220561
CoRuS4,105969.2656212719
CoS,80862.02695804767
CoS2,51917.05452692156
CoS2(NO7)2,229764.58453086525
CoSO4,142267.73994175796
CoSO8,461802.0156734525
CoSb(PO4)2,176555.43495655438
CoSb2Br2O3,170980.9202979206
CoSb2O7,259771.57270837997
CoSb2S2(OF3)4,119400.06783520008
CoSbO3,161814.33435823768
CoSbPd,96617.68088125461
CoSbPdAu,175229.12957054868
CoSbPdPt,180318.52204326735
CoSbPdRh,214241.58869957228
CoSbPt,219515.6991242422
CoSbPtRh,209374.1653196702
CoSbRh,295981.2849978541
CoSbRh2,281691.1939012402
CoSe2O5,87828.37160207739
CoSeClO6,319244.22774001723
CoSeO3,165781.11746087755
CoSeO4,130221.34480008493
CoSeO5,296522.327200063
CoSeS,194658.36580798714
CoSi2Ir,255048.09578012011
CoSi2N3,308746.3485690829
CoSi2Os,166120.2384176681
CoSi2Rh,99389.93593949101
CoSi2Ru,180327.88925056622
CoSiAgPd,111848.42540879894
CoSiAu,67727.52489840334
CoSiIr,329853.6556184188
CoSiIr2,434925.8360489319
CoSiIrPd,264119.6055576605
CoSiIrPt,283559.60112120816
CoSiIrRh,397472.1947386258
CoSiMo,171517.46125770244
CoSiMo2,70720.97251079773
CoSiMoIr,73035.77592689425
CoSiMoOs,371061.3382282087
CoSiMoRh,173155.50047632595
CoSiMoRu,339963.3519131427
CoSiMoW,141052.15451163295
CoSiN5ClF6,176081.44572373005
CoSiNi,76437.26362490718
CoSiNi2,119039.2574138216
CoSiNiAu,112875.182120609
CoSiNiIr,272611.19848701474
CoSiNiOs,348031.978900264
CoSiNiPd,198955.68263905947
CoSiNiRh,273676.01885250915
CoSiNiRu,402451.2493420035
CoSiO3,489029.39570893894
CoSiO4,452970.42193624453
CoSiOs,151745.69146381304
CoSiPd2,98633.63981414813
CoSiPdAu,129410.24780400077
CoSiPdPt,218957.23599850558
CoSiPdRh,265146.1097162688
CoSiPdRu,335086.1458737842
CoSiPt,107585.62935405155
CoSiPt2,114196.95364146002
CoSiPtRh,282292.6027346577
CoSiRh,297433.2529929354
CoSiRh2,408530.689354512
CoSiRhW,53907.237476786555
CoSiRu,247152.70789834828
CoSiRuPt,341015.00552541675
CoSiRuRh,282854.6224202727
CoSiRuW,344270.91099566495
CoSiTc,333495.3027388073
CoSiTc2,253427.62323723407
CoSiTcIr,166758.41929153752
CoSiTcMo,310933.71390946466
CoSiTcNi,315073.1332981232
CoSiTcPd,190471.85611165874
CoSiTcPt,206793.72756612758
CoSiTcRh,379900.1694967704
CoSiTcRu,260487.9836992926
CoSiTcW,318703.5026371975
CoSn(OF)6,510687.568711008
CoSn(PO4)2,183826.14441648978
CoSn2H12(OF)6,110025.55297153172
CoSn2Rh,149153.3795133212
CoSn3(PO4)4,84484.93805165356
CoSnN2,174195.35230709604
CoSnO3,232446.49960413369
CoSnPd2,216396.2634181529
CoSnPdAu,137174.65867632395
CoSnPdPt,198284.87008197344
CoSnPdRh,252742.64165477862
CoSnPt,225786.98945095076
CoSnPt2,101852.18549748157
CoSnPtRh,267794.3983128082
CoSnRh,286897.9134352215
CoSnRh2,364419.6552716097
CoSnRhAu,111447.39422090047
CoTcNiGe,278342.1627133442
CoTcO3,564345.2936693344
CoTe(PbO2)2,65284.20960017408
CoTe(PbO3)2,216325.09929745502
CoTe2O5,154902.44194282178
CoTeMo,238978.300178821
CoTeMoO6,241817.42178021782
CoTeO3,62971.47342816742
CoTeO4,333506.3365854816
CoW,649902.3762623165
CoW2O7,166347.3588745939
CoWO3,367663.98638158804
CoWO4,144752.19338191906
Cr(B3H8)2,118461.25082680919
Cr(BIr)2,517304.54804713634
Cr(BPt)2,601196.679112686
Cr(C2N3)3,104939.85363168549
Cr(C4N3)2,70548.75468378952
Cr(CN)3,196475.28273723734
Cr(CdN)3,66981.76537270012
Cr(ClO)2,81212.63994810742
Cr(ClO2)3,78598.19264683181
Cr(CoO3)2,361729.3657356779
Cr(FeO2)2,1656846.781997393
Cr(FeO2)3,1214450.9231861345
Cr(FeSe2)2,485257.091055814
Cr(FeTe2)2,423963.46802731097
Cr(GaO2)2,490427.16938339017
Cr(GaS2)2,256754.30000056687
Cr(GaSb)2,172897.13249917497
Cr(GeO2)2,544338.5297271297
Cr(GeO3)2,158749.64358088496
Cr(HgO2)2,188966.36270839063
Cr(InS2)2,220509.71629508474
Cr(IrO2)2,453797.01118946774
Cr(MoO2)2,387220.8640669969
Cr(MoS2)2,317750.81050747726
Cr(NO2)2,135767.67553466835
Cr(NiN)3,62178.57568203209
Cr(NiO2)2,793841.8304736995
Cr(OF)3,236075.01345067853
Cr(OsO2)2,493274.5234037678
Cr(PO3)2,308826.51355766295
Cr(PO3)3,175449.99997345684
Cr(PO3)4,77127.8029983441
Cr(PO3)5,117489.50842466312
Cr(PO4)2,128000.80428684581
Cr(PbO2)2,169180.10018415013
Cr(PdO2)2,369752.7594894014
Cr(PtO2)2,447488.70548556687
Cr(ReO2)2,890237.5220919916
Cr(RhO2)2,469454.8362415922
Cr(RhSe2)2,242321.5370160736
Cr(RuO2)2,374711.9243888738
Cr(SO4)2,147346.11052999532
Cr(SbO2)2,354305.11949485284
Cr(SbO3)2,326483.9518648499
Cr(Si2O5)2,81346.16561948814
Cr(SiO2)2,633293.8815762411
Cr(SiO3)2,161780.3892338493
Cr(SnN)3,68984.46622007356
Cr(SnO2)2,457456.2402007861
Cr(TcO2)2,801631.5123897367
Cr(Te2Rh)2,209178.25686089633
Cr(TeO2)2,394352.5134818396
Cr(WO2)2,441522.45741375163
Cr(WO4)2,125338.50980514254
Cr10Fe5O24,1058533.9577226304
Cr10Sb3Te7,722439.8776697309
Cr12As4C3N,262538.8466128063
Cr12Fe7O48,332652.6905739795
Cr12P7,175859.95116028708
Cr14MoO24,940250.3921413762
Cr19O48,186334.92202087148
Cr19S30,577040.5419552288
Cr2(CN2)3,467162.2552882557
Cr2(Co7B2)3,652911.073817961
Cr2(PO3)5,222687.44168490972
Cr2(PO4)3,126854.69660548327
Cr2(SO4)3,268117.79933337244
Cr2(WO4)3,189330.13706472455
Cr2Ag2O5,332101.43891678593
Cr2AgN3,443543.64727613935
Cr2AgO4,577371.2247872251
Cr2AgS4,355267.03636557574
Cr2AgTe4,267569.77073897433
Cr2As,144866.1386152663
Cr2As2O5,604090.0358168364
Cr2AsO4,790931.8533117946
Cr2AsRh,346808.44059222727
Cr2AsSe,194701.0464635351
Cr2Au2O5,330759.2665897453
Cr2AuO4,570549.4432995402
Cr2B(PO4)3,278902.58502401767
Cr2B2Ir,108104.44316422226
Cr2B2O5,786031.3128761135
Cr2B3Os,112091.09954136676
Cr2BO4,1038346.9188639045
Cr2Bi2O5,503245.2532848487
Cr2BiO4,717082.5988324101
Cr2Cd2O5,492646.9489196843
Cr2CdO4,683868.8364194764
Cr2CdS4,408891.3896387091
Cr2CdSe3S,358637.1583998591
Cr2CdSe4,349658.2436941242
Cr2CdSeS3,388192.5306025874
Cr2Co2O5,378151.14656065963
Cr2Co2Si3,519700.59440736537
Cr2CoGe,201758.51828584058
Cr2CoNi3(PO4)6,405819.3154198718
Cr2CoO4,1129421.0846304905
Cr2CoP3,184223.3775359384
Cr2CoS4,495540.4460015518
Cr2CoSe3S,522621.72178389045
Cr2CoSe4,455608.7310158873
Cr2CoSi,392613.78247227264
Cr2CoTe4,417012.24497739907
Cr2Cu2O5,527535.1325476485
Cr2CuAgS4,396838.72199357796
Cr2CuO4,640985.6828184016
Cr2CuO7,53191.15908629078
Cr2CuS4,304661.7538676758
Cr2CuSe4,337666.7206394128
Cr2CuTe4,280987.66725327657
Cr2F3,1267695.4280475446
Cr2F5,800852.764678145
Cr2Fe2O5,1445830.2600965397
Cr2Fe3Co(PO4)6,453708.20371990255
Cr2Fe3Ni(PO4)6,512647.0636082783
Cr2Fe3P6WO24,479813.1268194705
Cr2Fe3Sb(PO4)6,428413.3235864749
Cr2Fe3Sn(PO4)6,449664.3834234645
Cr2Fe3Te(PO4)6,443404.95436788385
Cr2FeO4,1207702.8190800142
Cr2FeS4,714198.6208825151
Cr2FeSe3S,460641.5919774338
Cr2FeSe4,611042.7839748656
Cr2FeSeS3,327390.9886930459
Cr2FeSi,92510.48093871983
Cr2FeTe4,496058.2511109355
Cr2Ga2O5,642853.0569926198
Cr2GaIr,75692.28318431962
Cr2GaN,666598.069421226
Cr2GaNi,184244.50699525067
Cr2GaPt,175093.0646900746
Cr2GaS4,449199.86017571925
Cr2Ge2O5,664463.8271245268
Cr2Ge3Ir2,457621.2119493932
Cr2Ge3Rh2,461252.24244225933
Cr2GeC,91854.08263896468
Cr2GeIr,175355.58087636216
Cr2GeRh,173913.54635951764
Cr2Hg2O5,454059.2158904208
Cr2HgO4,666072.2016608729
Cr2HgS4,404058.2179239087
Cr2HgSe3S,355353.6970529524
Cr2HgSe4,349715.4782458116
Cr2I3,540496.7050864192
Cr2In2O5,568212.6481081177
Cr2InS4,459213.61497066676
Cr2Ir2O5,623204.9652738894
Cr2Mo2O5,952800.0577648039
Cr2N3,268238.26417671336
Cr2Ni2O5,977072.578730175
Cr2Ni3N4,116644.0627406534
Cr2Ni3Sb(PO4)6,232236.55203908417
Cr2NiGe,374033.19914328057
Cr2NiO4,1020452.6707923852
Cr2NiS4,352399.1372143402
Cr2NiSe4,342838.16836310085
Cr2O,1870163.8006309853
Cr2O3,1063189.9533397406
Cr2O5,198652.8659601419
Cr2OF2,769384.9054136338
Cr2Os2O5,645982.505493972
Cr2P,154762.28120390032
Cr2P3O10,357950.081545705
Cr2P3O11,245257.31043399873
Cr2P4H3O16,155505.66776006302
Cr2P4Pb3O16,167288.0871684532
Cr2P5O16,143812.29211021416
Cr2PBrO4,638805.2275432118
Cr2PIO4,597461.5710796256
Cr2PO5,743093.5957064532
Cr2Pb2O5,464116.55222486996
Cr2PbN4,186883.0666630616
Cr2Pd2O5,428229.69838853204
Cr2Pt2O5,645306.7534958342
Cr2Re2O5,567244.1745614943
Cr2ReO6,690282.502376687
Cr2Rh2O5,648567.9300746527
Cr2Ru2O5,698276.4105096956
Cr2S2BrCl,409021.1849920808
Cr2S3,581279.8154142837
Cr2SN2,637810.0835634449
Cr2Sb2O5,583047.07249922
Cr2SbAs,678939.8676362962
Cr2SbTe,121067.66031676487
Cr2Se3,553614.3915676099
Cr2SeN2,582675.5131907413
Cr2SeS,994921.3696138507
Cr2Si2O5,728134.6302683696
Cr2Si3Ir2,478587.28958122927
Cr2Si3Rh2,471377.3544896715
Cr2SiC,61978.46223717306
Cr2SiIr,184070.5496948648
Cr2SiMo,201302.4398688405
Cr2SiNi,202534.64358664752
Cr2SiO4,953530.6467992121
Cr2SiOs,96351.13935709061
Cr2SiPd,352659.63009120245
Cr2SiPt,351548.20040474617
Cr2SiRh,183038.33934860793
Cr2SiRu,60953.48278603007
Cr2SiTc,159116.78007114207
Cr2SiW,309227.68780237157
Cr2Sn2O5,606127.9250015032
Cr2Sn9Au,218189.1698124355
Cr2SnRh,153545.33861188026
Cr2Tc2O5,1007798.8929769082
Cr2Te2O5,560329.5540036503
Cr2Te3,458852.7355497334
Cr2Te4O11,221581.0220003053
Cr2TeO6,584993.0827114859
Cr2TeSe,852911.1778096944
Cr2W2O5,647624.2138055657
Cr2WO6,587051.2756405586
Cr3(AsO4)4,233825.2131714004
Cr3(CoO6)2,224046.92766282347
Cr3(FeGe)2,96723.22893254536
Cr3(FeO6)2,368631.16358342604
Cr3(GaCo)2,162813.83107067583
Cr3(GaIr)2,120423.15171991188
Cr3(GaN2)2,164195.90927432207
Cr3(GaRh)2,146516.80701421434
Cr3(OF)2,1165536.6570137222
Cr3(P2O7)2,373081.28046354966
Cr3(PO4)2,538814.2472284057
Cr3(SiRu)2,225857.74121388522
Cr3AgO8,176496.0694928136
Cr3As,210645.25316986674
Cr3AsC,191863.2128034622
Cr3AuO8,155342.7323417031
Cr3B12Rh25,118580.04694230953
Cr3B7O13F,488282.90278179833
Cr3BO6,892734.1128663411
Cr3CdF6,206455.2397505903
Cr3CdTe4,437283.4470779381
Cr3Co,77928.75170077785
Cr3Co(PO4)4,439009.65565510176
Cr3Co5O16,415130.8813721428
Cr3CoTe2(PO4)6,253953.94625340702
Cr3Cu(PO4)4,318864.7116937106
Cr3CuO8,193082.05492762465
Cr3Fe,554640.673079131
Cr3Fe2Sb3O16,540354.2557768561
Cr3Fe3(TeO8)2,705360.7669000475
Cr3FeAs4,517022.63767364447
Cr3FeO6,959571.5810075748
Cr3GaFe3As2,612698.2724500061
Cr3GaP4,517407.09092334
Cr3GaS6,444542.74868103553
Cr3GeC,362884.37191715004
Cr3HO8,199027.75720306067
Cr3In(CoS4)2,534260.4055869656
Cr3InO8,299260.0230101764
Cr3IrN,143475.38516908424
Cr3N2,358148.89482500276
Cr3N4,532651.3290955517
Cr3NO8,234511.4320076369
Cr3Ni(PO4)4,338331.9569416684
Cr3Ni(SO4)6,209371.34937084533
Cr3NiB6,166136.1351893898
Cr3NiSb4,525602.6731767588
Cr3NiSn8,247630.85449810978
Cr3O,1952136.4781542365
Cr3O5,678009.4714170932
Cr3O8,129871.93656290232
Cr3P6WO24,118989.85479059823
Cr3PC,202837.20460299932
Cr3PN,408599.43224943994
Cr3Pb5ClO12,80282.27813111067
Cr3Pb5F19,206443.3736463745
Cr3PdN,289492.81919599744
Cr3PtN,292377.17635249405
Cr3Rh3S8,367424.3212024173
Cr3RhN,129817.60562736122
Cr3S4,740660.3823159407
Cr3Sb(PO4)4,283471.8293975244
Cr3Sb3(TeO8)2,254411.15492374368
Cr3Sb5O16,256742.3985555443
Cr3SbO8,456536.2978291655
Cr3Se2ClO8,326754.3315361028
Cr3Se4,673465.1364378702
Cr3Si6N11,368014.65120960085
Cr3Sn2Sb3O16,269982.55259415327
Cr3Sn3(SbO8)2,239907.63347802748
Cr3SnN,431348.5869901512
Cr3SnS8,234338.8313844958
Cr3Te4,526384.4972954389
Cr3Te5,497175.44387458765
Cr4(CuO4)3,430091.7103298253
Cr4(Ga2Se5)3,185578.726004772
Cr4(P2O7)3,92794.80027959523
Cr4(PO4)3,569329.1504373075
Cr4As3,593416.8982015258
Cr4CdAgSe8,321851.1549902718
Cr4CdCoS8,428434.04132275056
Cr4CdFeS8,560913.7716233067
Cr4Co3(PO4)6,350067.85334094
Cr4Cu3(PO4)6,211655.19811532213
Cr4FeCoS8,628028.8650610826
Cr4FeCuS8,561006.1627903427
Cr4GaCuS8,446586.895098126
Cr4GaS8,423876.0090498206
Cr4InAgS8,408753.27520850085
Cr4InAgSe8,348238.6111173004
Cr4InCuSe8,365229.0031322664
Cr4O11,101541.206788594
Cr4O5,1273238.6558332583
Cr4P2O9,811578.6263532765
Cr4P7O24,230603.79377784557
Cr4S3N2,324267.5070797229
Cr4Si4O13,530262.7357228104
Cr4Te3S,837280.1692452639
Cr4Te3Se,817200.6369055632
Cr5(GeN3)2,226701.2176501525
Cr5(Si2O7)2,567269.1765114628
Cr5(SiN3)3,370691.84787892917
Cr5(Te3Se)2,423396.4587768465
Cr5(TeO6)3,344299.4371147031
Cr5AgS8,530129.6651924961
Cr5As3,352727.77827439737
Cr5Cu2(PO4)6,359220.90464542323
Cr5InS8,529946.6358164056
Cr5InSe8,460827.10758673586
Cr5NiSn12,216039.8340914289
Cr5O12,218140.78613540993
Cr5S6,813948.9860866689
Cr5S8,512342.5367937809
Cr5Se8,470656.8748102838
Cr5Si3B,300826.499647988
Cr5Si3C,293308.4872387305
Cr5Te6,616516.1497798382
Cr5Te8,407608.39580480667
Cr6O11,795823.8538313905
Cr6P7O24,467912.01814419206
Cr6Si7Ni16,493649.1638403935
Cr7(PO4)6,547995.5092647534
Cr7Cd3(InS8)2,359096.0550069583
Cr7FeO12,946556.464653226
Cr7Se10,535040.1571560365
Cr7Se8,812738.6035936808
Cr7Te8,664078.7480390966
Cr8O21,175876.58849935216
Cr9(PO4)8,451777.64278349763
Cr9In7S24,297027.3932717864
Cr9O13,1011870.7837210363
CrAg(PS3)2,131195.84530137962
CrAg(PSe3)2,111857.8934119526
CrAg(SO4)2,178192.00188571063
CrAg3,560076.7618791823
CrAg3F6,176273.88720746373
CrAgO2,569474.6052204511
CrAgO3,172271.91141564932
CrAgS2,378156.27315904904
CrAgSe2,328100.4102757388
CrAgSn(SeS)2,173774.20042850505
CrAgSnPd,485638.94971602916
CrAgSnPt,486864.9334532446
CrAgSnRh,463009.48771012924
CrAgSnS4,189606.49020205604
CrAgSnSe4,161659.1625677341
CrAgTe2,263812.0808141696
CrAs,717135.319733238
CrAs2O7,128868.8453525308
CrAsIr,371687.324469229
CrAsO3,635523.3501203556
CrAsO4,389424.971478121
CrAsPd,584198.3596902959
CrAsPd2,518054.5796345066
CrAsPdPt,469545.2508508154
CrAsPdRh,439793.08988915896
CrAsPt,530271.8865425294
CrAsPt2,540841.114719785
CrAsRh,471827.5478774576
CrAsRh2,740940.8983557672
CrAsRu,393420.8553411583
CrAsRu2,499312.55451288284
CrAu,900714.1580867679
CrAuO2,577767.9266010564
CrAuO3,350760.0251330425
CrAuS2,359984.89498506667
CrB2,391182.4320036951
CrB4Mo,344063.10070074745
CrBH6C4N2F5,186574.52885279493
CrBN2,687833.0279906511
CrBO3,636451.285729528
CrBPbO4,329056.8719396346
CrBi(PbO3)2,207185.20656945306
CrBiO3,464970.5672202666
CrBiO4,104210.70727774201
CrBiO5,60286.499285873055
CrBiPd2,528442.2372455891
CrBr2,453511.61202577216
CrBr3,283355.1782639746
CrBrO,514502.34635773493
CrCN2,827883.244012015
CrCd3Te4,135578.7736858111
CrCdCu3Se4,139077.7435952011
CrCdF6,197878.22692446315
CrCdGaPd,498483.5691663855
CrCdGaPt,491275.82119817927
CrCdGaRh,493383.0388229108
CrCdInPd,483151.326050561
CrCdInPt,484663.1384801318
CrCdInS4,183084.79160567772
CrCdO3,348245.0130420401
CrCdPd2,593757.5338953552
CrCdPt2,552959.5648486434
CrCdSiRh,495606.6156120672
CrCdSnPd,494487.8292893022
CrCdSnPt,515231.2635281729
CrCdSnRh,463101.40865674795
CrCdTe2,281099.0793555539
CrCl,1128101.6583881637
CrCl2,537960.6373318585
CrCl3,322608.3647110977
CrClO,571048.4522795918
CrCo,1184210.7498036618
CrCo(PO4)2,336218.5952990883
CrCo2As,956277.5298455482
CrCo2Bi,789636.1605067698
CrCo2Ge,783795.5838145104
CrCo2Sb,853504.5122713543
CrCo2Si,829150.3542262098
CrCo3,210646.22169463278
CrCo3(PO4)4,437490.0685090339
CrCo3O8,362265.22030556935
CrCo4SbO8,863867.0126785693
CrCo5O12,317294.78512256255
CrCoAs,597593.9992599785
CrCoAsRh,854797.1163410807
CrCoB,306473.5901186305
CrCoCl3,643111.6406383055
CrCoCuSi,411326.9637164986
CrCoGe,410929.7430979122
CrCoGeIr,699651.097222967
CrCoGePd,738387.8173342061
CrCoGePt,813934.6706290812
CrCoGeRh,690927.4598425485
CrCoGeRu,546653.352920414
CrCoH18(CN2)6,77807.76440974404
CrCoNiGe,261156.70830743233
CrCoNiSn,707795.368568699
CrCoO3,684126.8553739983
CrCoO4,375380.91095525015
CrCoPt2,193121.01159270384
CrCoReSi,361168.2236677274
CrCoSbRh,785360.3208792387
CrCoSi,251046.71288251108
CrCoSi2,79056.80359305479
CrCoSiIr,112237.80806140341
CrCoSiMo,217869.17727439248
CrCoSiNi,61567.51291174235
CrCoSiOs,393679.38020243007
CrCoSiRh,65816.39400809268
CrCoSiRu,283982.0761556325
CrCoSiTc,386364.34318811126
CrCoSiW,254670.35292867053
CrCoSnIr,629628.7536577868
CrCoSnPd,704293.8123077655
CrCoSnPt,750699.2723752506
CrCoSnRh,640912.1532863727
CrCoTcGe,374204.4532282967
CrCu(PO4)2,174800.18522860316
CrCu(PS3)2,132489.56115371775
CrCu(PSe3)2,119601.95823845878
CrCu(PbO3)2,283199.01699159504
CrCu2Si,615857.3274628435
CrCu3HgSe4,132423.04816452233
CrCu3PbSe4,127864.30705282524
CrCu4NiSn2,272642.08596228354
CrCuB,566971.2400305269
CrCuGeIr,500083.70851272176
CrCuGePd,466357.84631447826
CrCuGePt,534117.5338436834
CrCuGeRh,516521.8485776011
CrCuNiGe,504267.6942257149
CrCuO2,626818.3380026191
CrCuO3,382579.1854328776
CrCuO4,124244.45205093297
CrCuPd2,603909.9284319156
CrCuPt2,522197.0418387104
CrCuPtAu,558124.5147597778
CrCuS2,397596.92467331584
CrCuS4,242181.55373908658
CrCuSe2,361003.0691568397
CrCuSiIr,435474.82857515384
CrCuSiNi,490986.74742720206
CrCuSiPd,501056.1280974295
CrCuSiPt,523007.76550968277
CrCuSiRh,402803.45565619104
CrCuSiRu,186393.6117388115
CrCuSiTc,238858.28822239788
CrCuSnPd,511147.35921748594
CrCuSnPt,508728.4155315471
CrCuSnRh,517387.1870095862
CrCuSnS4,206287.26989271474
CrCuSnSe4,175995.91694411842
CrF,1442541.2166039827
CrF2,997400.5725414221
CrF3,778811.0035628672
CrF4,354753.41198875156
CrF5,159190.39996851623
CrFe,771500.485083011
CrFe(BiO3)2,614505.1878349156
CrFe(PO4)2,512933.48269212584
CrFe11Si4,813705.4951012282
CrFe2(PO4)3,553111.3065540239
CrFe2Ge,384445.1051541887
CrFe2N3,156214.98668706557
CrFe2O5,1251379.8132078187
CrFe2Sb,530833.4790029569
CrFe2Si,424518.2474014137
CrFe2Sn,689935.6113603888
CrFe3As2,943074.4856420786
CrFe3As4,318912.6306920567
CrFe3B2,785242.7955907108
CrFe3Co2(PO4)6,545128.0056918463
CrFe3N,1428796.8930180806
CrFe3Ni2(PO4)6,421492.40181309625
CrFe3Sb2(PO4)6,351620.25195441
CrFe3Sb4,342597.30046312854
CrFe5(PO4)6,591637.4739646064
CrFe7O12,1398368.9779564089
CrFeAs,497664.23506461165
CrFeAs2,499122.4290691398
CrFeAsRh,709986.3118285037
CrFeB2,589277.6079033922
CrFeCoGe,571401.1155299663
CrFeCoO4,1310967.5445776058
CrFeCoSi,600441.6770649608
CrFeCuSi,481330.30665081524
CrFeGe2,350182.5486664753
CrFeGeIr,503047.4283813925
CrFeGePt,686355.4690405936
CrFeGeRh,498484.7276019816
CrFeGeRu,339753.5250553719
CrFeN2,636423.5642750793
CrFeNiGe,764874.4290059375
CrFeO3,1084603.6372816805
CrFeO4,743954.9131822024
CrFeP,267024.70233154146
CrFeP2,389015.16495876276
CrFeReSi,204834.90176385336
CrFeRhS4,515945.8463982924
CrFeS4,250291.26798327034
CrFeSb4,202131.56528210914
CrFeSi2,285515.67698530643
CrFeSiIr,487346.9575051862
CrFeSiMo,62994.36716947995
CrFeSiNi,230791.27128284806
CrFeSiOs,350996.51822103857
CrFeSiPd,661178.1912149667
CrFeSiPt,663876.3932101158
CrFeSiRh,484029.9836549616
CrFeSiRu,386126.0040849743
CrFeSiTc,198763.45750049374
CrFeSnPt,628140.079525354
CrFeSnRh,488801.87116472947
CrFeTcGe,197665.6675771455
CrFeTeO6,776544.933645334
CrGa2Co,560481.076091831
CrGa2Fe,579578.382902331
CrGa2Ir,498438.77596486075
CrGa2N3,394419.0104739874
CrGa2Ni,522862.833475687
CrGa2Os,510129.66120970686
CrGa2Pd,528066.1560237937
CrGa2Pt,531825.2674104611
CrGa2Rh,497757.46612821356
CrGa2Ru,512989.6166046371
CrGa2Tc,527378.4949854467
CrGa3(FeSe4)2,298614.66896222427
CrGa3(NiS4)2,235921.31988273317
CrGa3P4,168727.2119601331
CrGa7P8,84258.87462816498
CrGaAgPd,509331.0767828297
CrGaAgPt,499626.0817108391
CrGaAu2,517239.474392206
CrGaCo2,600334.5879797435
CrGaCoIr,386676.4480653433
CrGaCoNi,392377.7154231958
CrGaCoOs,371563.9382601937
CrGaCoPd,713798.9520078911
CrGaCoPt,676121.7547649241
CrGaCoRh,659949.3403542155
CrGaCoRu,373895.8746196811
CrGaCoTc,214480.97657170604
CrGaCuIr,476873.8123670141
CrGaCuNi,564127.7843555287
CrGaCuPd,551190.3943663223
CrGaCuPt,534100.2307535636
CrGaCuRh,343212.91888726584
CrGaFe2,238412.05167889135
CrGaFeCo,389228.6124717075
CrGaFeIr,454373.8388087371
CrGaFeNi,426020.9451977556
CrGaFePd,526366.7112241439
CrGaFePt,672508.2229123169
CrGaFeRh,584210.2383921541
CrGaFeRu,200276.09848826652
CrGaFeSe4,377933.2952997187
CrGaFeTc,54144.32860084496
CrGaIr2,494510.295179064
CrGaIrPd,540396.6988838854
CrGaIrPt,419107.8881646508
CrGaMoRu,172184.14689070574
CrGaN2,591709.787891078
CrGaNi2,566148.7945115238
CrGaNiAu,513841.9580836389
CrGaNiIr,187391.96250509305
CrGaNiPd,577498.3976628359
CrGaNiPt,569012.5983628223
CrGaNiRh,489906.3990077736
CrGaNiRu,517727.4439759512
CrGaO3,444425.08915609133
CrGaP2,341205.0149937974
CrGaPd2,569675.702294102
CrGaPdAu,514629.0494898759
CrGaPdPt,531152.1725143945
CrGaPdRh,537297.3059183885
CrGaPt,658787.3847650585
CrGaPt2,513353.16240926523
CrGaPtAu,497458.8910423872
CrGaPtRh,474411.5006550826
CrGaRh2,406005.79205852665
CrGaRhAu,555276.4131627461
CrGaRu2,214970.69420361434
CrGaRuW,155424.9252280437
CrGaSe3,227615.0345412183
CrGaTcMo,326899.5300100074
CrGaTcNi,357513.967183422
CrGaTcW,312443.15703467757
CrGaTe,572464.1158776387
CrGe2Rh,126634.08415481572
CrGe2Ru,365423.5029278098
CrGeIr,190332.41458341008
CrGeIr2,645394.5879667683
CrGeN2,764707.850724341
CrGeO3,707213.4616348844
CrGePd,561276.284008967
CrGePd2,519784.6225361406
CrGePdAu,485529.2358770079
CrGePdPt,471647.6561859948
CrGePdRh,490479.99484147853
CrGePt,464212.016908307
CrGePt2,506336.26327936805
CrGePtRh,399952.98948682117
CrGeRh,660785.411342912
CrGeRh2,331513.87713720434
CrGeRu2,348165.92070875526
CrGeTe3,188735.60298187812
CrH10C2(NO4)2,140575.15966119934
CrH10S2(NO2)4,169949.09517576662
CrH10SO9,89187.94466799554
CrH12(CF)8,221218.9814310741
CrH12C6(NO4)3,195509.17976077323
CrH12I(N2Cl)2,120300.38371445308
CrH12N3(OF2)3,130302.42870742803
CrH14N3O8,124226.03244720987
CrH15S2O15,88725.11582879724
CrH17N4Cl2O3,122024.15752662659
CrH18(O3F)3,110963.7886328283
CrH18I7N6,55678.7727294066
CrH3,1045805.9778175093
CrH5O4,358640.91351960466
CrH6SO7,279983.12981917063
CrH8C4(S2N3)2,132900.86289931173
CrH8C4NO10,107145.44182439869
CrH9(BrN)3,143165.06407892323
CrHO2,828110.2520279954
CrHSe3O8,155290.353603362
CrHg3,446160.11299925897
CrHg3F6,111099.35015236339
CrHgF6,193630.40509426233
CrHgO3,330937.2772879194
CrI2,356161.86390082695
CrI3,195992.46597909782
CrIn2O4,400221.5365341834
CrIn2Pd,493969.0313027918
CrIn2Pt,517579.65258079936
CrIn2Rh,471000.4490242294
CrIn3,355742.27836278384
CrInBr3,252568.9825819893
CrInCoPt,629087.0650221067
CrInCoS4,409145.44916438626
CrInCu2,518008.7262204994
CrInCuPd,544097.2564227056
CrInCuPt,516036.28025546117
CrInN2,89963.58944070246
CrInNi2,574199.4726864557
CrInNiPd,575692.5754900073
CrInNiPt,557823.1876215682
CrInNiRh,611736.4217608703
CrInNiS4,273535.5888757532
CrInO3,470974.5693139088
CrInPd2,560691.1416299456
CrInPdAu,506366.68239007576
CrInPdPt,524683.6527177211
CrInPdRh,584530.5451620105
CrInPt,597911.8831855104
CrInPt2,519211.83793965867
CrInPtAu,495036.628061685
CrInPtRh,515909.709675888
CrInRh2,475036.1293583946
CrIrO3,481143.2399293145
CrMo(PbO3)2,295960.48541129066
CrMoF6,614702.4271924366
CrMoO3,868439.3907526617
CrMoO4,481296.4946013977
CrN,699311.923810611
CrNi,1137987.2241445186
CrNi(PO4)2,261355.86100679528
CrNi2,578679.7020841128
CrNi2As,391889.48616263823
CrNi2BO5,765938.4917205003
CrNi2Ge,491667.3045393572
CrNi2Hg,646491.8682448837
CrNi2Sb,575078.559255565
CrNi2Sn,578558.9182162493
CrNi3,291499.30122483126
CrNi3Sb4,203586.9550686758
CrNiAg2F7,305847.86853215523
CrNiAs,631505.5901450777
CrNiAsPd,454850.7695964511
CrNiAsPt,365381.5650193915
CrNiAsRh,492126.5105875654
CrNiB,571836.8579496205
CrNiF6,411508.58004880877
CrNiGe,436345.1788134497
CrNiGeIr,317800.9089406906
CrNiGePd,507183.2532967805
CrNiGePt,493719.49176018196
CrNiGeRh,349956.1276938909
CrNiGeRu,372385.944316588
CrNiN2,185863.7801492127
CrNiO2,1008780.8668784817
CrNiO3,373684.195895807
CrNiO4,272715.840199522
CrNiP,668738.7299719603
CrNiPO5,546271.9088565718
CrNiSb,546247.675105011
CrNiSb2,404225.3708780766
CrNiSbPd,508830.1548827725
CrNiSbPt,477857.6547536354
CrNiSbRh,506048.93184376706
CrNiSnPd,505738.0817154225
CrNiSnPt,497294.83010217146
CrNiSnRh,571933.3837464082
CrO,1539500.4401110448
CrO2,503495.74278567126
CrOF,796571.1966965453
CrOF3,172790.77717950713
CrOsO3,987858.2590101049
CrP,184851.86912279777
CrP2H13(NO5)2,119367.47842349706
CrP2O7,155773.75796878358
CrP2S7,70179.54396151938
CrP3(HO5)2,160563.4819635091
CrP4O11,166137.3373098115
CrPHO5,215829.14029847254
CrPO4,388694.7792268315
CrPO4F,198140.0503746613
CrPO5,97302.41463055175
CrPPd,671012.14433179
CrPS4,221236.56802230293
CrPb2F7,204779.95459686962
CrPbN2,276190.741122384
CrPbO3,372444.86111501046
CrPd,276366.68988262827
CrPd(PbO3)2,200660.64317775588
CrPd2Pb,527618.7267068076
CrPd2Pt,486201.82567600434
CrPd3,445463.868586384
CrPdO3,241949.43660516987
CrPdPt2,477354.52684168844
CrPt,503937.6834501296
CrPt(PbO3)2,183009.69268718298
CrPt3,330974.37926006096
CrPt4,175645.13074653508
CrPtBr4N5Cl,54293.29124037169
CrPtO2,585085.7189921201
CrPtO3,257866.05112413564
CrRe(PbO3)2,369548.3011142632
CrRe2Si,177333.49911622333
CrRe3B4,173698.35829598396
CrReO3,972384.030826079
CrReO4,420034.44450667535
CrReSi2,473695.65088244004
CrReSiNi,142285.43928934005
CrRhO3,536302.3133901749
CrRuO3,903846.9041207365
CrS,927939.7861102349
CrS2,187061.0412659848
CrS3,235453.21926703642
CrSBr,391975.4934201811
CrSO4,483970.5232329507
CrSb(PO4)2,175158.77590754136
CrSb(PbO3)2,220624.01331250335
CrSbF10,69456.86000258698
CrSbIr,328120.0792889417
CrSbO3,486090.1068725678
CrSbO4,348522.64123946487
CrSbPd,517521.9995132026
CrSbPd2,498559.40333011
CrSbPdAu,480092.1015747091
CrSbPdPt,461084.4652278179
CrSbPdRh,444911.35889745917
CrSbPt,493791.22703544673
CrSbPt2,492762.8264833469
CrSbPtRh,429576.4407899659
CrSbRh,392603.9535256725
CrSbRh2,662109.1918729689
CrSbRu2,460630.44080187863
CrSbS3,270590.81739225035
CrSbSe3,233769.8294176232
CrSe,768541.7013343651
CrSe2,331542.27867237944
CrSe3,176537.68065661995
CrSi,350422.6495837313
CrSi2Mo,428560.6180554978
CrSi2Os,324500.04773436737
CrSi2Ru,322552.28001382103
CrSi2Tc,481405.9242688744
CrSi7N10,169400.09398248402
CrSiH12(OF)6,143739.00113711454
CrSiH8(O2F3)2,157810.7019400213
CrSiIr,200424.38461911195
CrSiIr2,676272.8133759429
CrSiIrPd,295183.15916148486
CrSiMo2,77504.99041842029
CrSiMoPt,397985.9377326983
CrSiMoRh,258442.92941611077
CrSiMoW,101004.46390823214
CrSiN2,656018.8353333261
CrSiNi,516184.71511484135
CrSiNi2,464789.2528007383
CrSiNiIr,136025.54120542845
CrSiNiMo,315445.0420935748
CrSiNiOs,136653.01417399631
CrSiNiPd,392942.3228409647
CrSiNiPt,426105.77545022324
CrSiNiRh,266953.87320701854
CrSiNiRu,122852.14960547126
CrSiO3,595979.0055033334
CrSiO4,314490.24682770536
CrSiOs2,353268.1112877497
CrSiPd,567950.1206761914
CrSiPd2,531531.320504399
CrSiPdAu,468069.47804530046
CrSiPdPt,452622.4565936186
CrSiPdRh,201726.9945042304
CrSiPdRu,72435.7707416806
CrSiPt,381802.80195671966
CrSiPt2,503288.75892451964
CrSiRh,204921.13999406146
CrSiRh2,345563.63641082414
CrSiRhAu,467976.035088528
CrSiRu2,359453.27707271976
CrSiRuRh,191420.7483766378
CrSiTc2,139139.00115189815
CrSiTcMo,110761.71125219682
CrSiTcNi,298167.58335293445
CrSiTcPd,349043.31419617246
CrSiTcPt,241172.34315544885
CrSiTcRh,223017.15810844803
CrSiTe3,188198.93839834095
CrSn(PbO3)2,147481.91094457216
CrSn2Pd,476101.8846597002
CrSn2Rh,453997.41389798926
CrSnIr2,589010.9146874229
CrSnO3,458948.6527122246
CrSnPd,539747.4104323376
CrSnPd2,516883.69412702153
CrSnPdAu,480078.4355695965
CrSnPdPt,483784.0254255828
CrSnPdRh,498241.9684362304
CrSnPt,496789.71221319557
CrSnPt2,498252.52414043056
CrSnPtAu,481540.85426456324
CrSnPtRh,466402.1094285992
CrSnRh2,608783.4218427627
CrSnRhAu,449925.2722655403
CrSnRu2,316381.4012183851
CrTc2As,255236.89815929768
CrTc2Ge,150611.9610155641
CrTcNiGe,411265.29721134756
CrTcO3,776335.2215962027
CrTe,783538.5507029658
CrTe3,232250.0754725175
CrTe4Au,160349.67256484766
CrTeN,241086.9971376864
CrTeO3,554885.12083029
CrTePd,596344.9142463338
CrTePd2,528990.2467689912
CrTePt,594274.6584580896
CrTeRh,488000.6218709938
CrWN2,456253.5451104813
CrWO3,737802.3647777892
CrWO4,455243.1763364442
CrXeF6,163581.34599140877
Cs(CrS2)2,285170.1356503195
Cs(FeAs)2,127855.62013694822
Cs(FeP)2,85327.61731511677
Cs(FeSb)2,204449.76811420496
Cs(IrO2)2,65699.49530530251
Cs(MnP)2,315053.37847585976
Cs(MoO2)2,422742.9294231056
Cs(NpSe3)2,214512.98044339012
Cs(OsO2)2,266244.45953811874
Cs(PtO2)2,84900.69447483748
Cs(ReO2)2,437196.1810298093
Cs(RuO2)2,222512.99883482707
Cs(TcO2)2,440482.3478565046
Cs(USe3)2,130350.70729578036
Cs(WCl3)3,55056.00165444224
Cs(WO2)2,409008.65977362904
Cs(WO3)2,66760.27633762262
Cs2AgF6,51160.77744844361
Cs2AgMoBr6,82311.87135651997
Cs2AgMoCl6,95328.43527891207
Cs2AgMoF6,143914.91940291133
Cs2Co(SO7)2,260738.74259528492
Cs2CoBr4,103214.38435008995
Cs2CoCl4,117307.49128273246
Cs2CoHgF6,64055.45763079929
Cs2CoSe2,167034.10346676497
Cs2CoSiO4,190821.12000484392
Cs2Cr2O5,269439.7929090118
Cs2CrCl4,168784.1784141892
Cs2CrF6,121519.69998294476
Cs2CrH2Cl5O,104853.75177632169
Cs2CrH4F10,85775.3835136439
Cs2CrH8Cl5O4,78686.4299712453
Cs2CrHgF6,157003.32437981374
Cs2CuF4,70374.4280755532
Cs2CuMoBr6,89097.10551652091
Cs2CuMoCl6,104400.67399157671
Cs2CuMoI6,72317.09308689258
Cs2Fe2O5,675512.8777649952
Cs2FeF5,313019.2338975958
Cs2FeH2Cl5O,175785.0551379427
Cs2FeHF5,281625.9852574785
Cs2FeNi(CN)6,70577.685827804
Cs2FeO4,130901.19274639522
Cs2GaFeS4,183363.56439428774
Cs2HgMoF6,74014.12516151405
Cs2HgPdF6,84731.74684719305
Cs2IrF6,62030.22010660232
Cs2K4Fe2O5,268809.45027316397
Cs2KAuCl6,54409.868984726694
Cs2KAuF6,87813.07887029463
Cs2KCr(CN)6,78305.59762078451
Cs2KCrCl6,91614.39444624804
Cs2KCrF6,163627.86330239984
Cs2KFeF6,263272.8876914011
Cs2KMn(CN)6,54354.62200924312
Cs2KMn3F12,409312.06848250533
Cs2KMnF6,213113.18012398147
Cs2KMoBr6,71700.54019310896
Cs2KMoCl6,83704.6126216133
Cs2KMoF6,149675.3214055009
Cs2KMoI6,58019.60642103928
Cs2KNiF6,54611.04812653746
Cs2KTaCl6,55364.22738114473
Cs2KTaF6,88877.3830127066
Cs2KTiF6,52600.23732129866
Cs2KU2(Si2O7)2,72947.28156897366
Cs2KVF6,107582.06661034288
Cs2LiAuF6,107259.27795176046
Cs2LiCr(CN)6,91813.8075712082
Cs2LiCr3F12,289841.48680342943
Cs2LiCrF6,154317.86558271493
Cs2LiMn(CN)6,63283.15318108757
Cs2LiMn3F12,437230.63894400635
Cs2LiMnO4,127923.75086789703
Cs2LiMoBr6,85095.05716339599
Cs2LiMoCl6,100111.91792904842
Cs2LiMoF6,163412.89855675393
Cs2LiMoI6,68164.28539485118
Cs2LiNbF6,108085.07516890301
Cs2LiPdF6,55563.60055107561
Cs2LiTaBr6,56464.6124717523
Cs2LiTaCl6,66702.7409593212
Cs2LiTaF6,108287.90814056412
Cs2LiV3F12,186717.20409586065
Cs2Mg(FeS2)2,290617.0181051628
Cs2Mg(ReO4)2,63021.958496326646
Cs2MgMnV2(BrO3)2,176630.91103264975
Cs2MgMnV2(ClO3)2,212314.02525267133
Cs2MgMo2(O2F3)2,63509.92927588849
Cs2Mn(PSe3)2,133434.16589175482
Cs2Mn(TeS3)2,134604.64711490375
Cs2Mn2(MoO4)3,258952.71954028355
Cs2Mn2O5,551721.0613249585
Cs2Mn3S4,557892.7889975961
Cs2Mn3Se4,502784.7927537237
Cs2Mn3Te4,419952.45518489525
Cs2MnBr4,160728.57708031908
Cs2MnCl4,206587.14433219732
Cs2MnCl6,102639.3525104373
Cs2MnF4,337492.52985788666
Cs2MnF5,240155.06845315764
Cs2MnF6,183720.67449427993
Cs2MnFe(CN)6,163638.5193798485
Cs2MnHgF6,251273.55971689743
Cs2MnNiF6,372761.9112862791
Cs2MnO4,61336.50708983265
Cs2MnS2,278072.6870772613
Cs2MnSe2,248994.9523559858
Cs2MnTe2,188651.553792991
Cs2MnV2(BrO3)2,163804.31921146423
Cs2MnV2(ClO3)2,183249.6613812835
Cs2Mo3P5O19,150341.2584369709
Cs2MoBr6,58645.56476118576
Cs2MoCl6,67234.91053266711
Cs2MoN(Cl2O)2,97139.7973863022
Cs2Na2IrO4,170169.29927471824
Cs2Na6Al6Ge7O30,72139.65449527925
Cs2NaAuCl6,58844.472433319475
Cs2NaAuF6,99144.13041814078
Cs2NaCr(CN)6,86093.46890224668
Cs2NaCrCl6,96940.3190999373
Cs2NaCrF6,173319.37003126074
Cs2NaFeF6,294718.2420314641
Cs2NaLiF6,53804.08483581124
Cs2NaMn(CN)6,59257.05532506361
Cs2NaMn3F12,427322.8261679152
Cs2NaMnF6,236999.95684497396
Cs2NaMoBr6,79399.36931225099
Cs2NaMoCl6,93198.86334389752
Cs2NaMoF6,162172.63188800754
Cs2NaMoI6,63784.89073063775
Cs2NaRuF6,52572.92125916994
Cs2NaTaBr6,52723.15222268649
Cs2NaTaCl6,61974.795231086246
Cs2NaTaF6,99936.38636138037
Cs2NaTiF6,62572.67523863904
Cs2NaUBr6,69714.22858099175
Cs2NaUCl6,84616.21629439984
Cs2NaVF6,115108.67791039096
Cs2NbAgF6,93551.853849207
Cs2NbCuF6,103269.74251958354
Cs2NbTlF6,83008.1082010799
Cs2Ni(NO3)4,68969.63551009749
Cs2Ni(PS3)2,62748.093125540894
Cs2Np2O5,300274.9400996582
Cs2NpBr6,76539.86362294614
Cs2NpO3,189831.47646716275
Cs2NpO4,65250.900554095526
Cs2OsBrClF4,80235.72609638184
Cs2Pa2O5,96550.53309044937
Cs2Pt2O5,72515.83281613098
Cs2Pu(Cl2O)2,68945.98499516277
Cs2PuCl6,124696.02459067715
Cs2PuO4,130615.00402386817
Cs2RbAuCl6,51930.80097583365
Cs2RbAuF6,82168.13329050607
Cs2RbCuF6,103514.07958839535
Cs2RbFeF6,236859.45667153414
Cs2RbNbF6,83647.78060832793
Cs2RbTaF6,82153.06788458377
Cs2ReCl6,100457.94824893298
Cs2ReF6,164541.63447890454
Cs2ReO4,54600.41176215219
Cs2Rh2O5,104944.51742439368
Cs2RhF6,56022.674392881585
Cs2RuAuF6,52886.297342383354
Cs2RuO4,136277.36391195504
Cs2Sb2SO5F6,64081.01069102337
Cs2TaAgBr6,54310.9572817523
Cs2TaAgCl6,62892.53486016576
Cs2TaCuBr6,58810.30625720779
Cs2TaCuCl6,68734.41920118978
Cs2TaTlF6,87482.36863027513
Cs2TcCl6,99943.08309955616
Cs2TcI6,70337.56215236866
Cs2TeSO10,190291.4858008906
Cs2Ti2O5,111373.17696848155
Cs2TlCrF6,136537.115770989
Cs2TlFeF6,247431.36473805303
Cs2TlMoF6,140307.51619736815
Cs2TlVF6,99073.24920600234
Cs2U(PdSe2)3,54473.202625180646
Cs2U2O5,198440.67540936655
Cs2UCl6,61438.00852100024
Cs2UHg2Se5,53187.24772152766
Cs2V2O5,134623.4307310807
Cs2V4O9,150677.76733136212
Cs2VAgF6,103221.57055944383
Cs2VF6,62247.97687226975
Cs2WBr6,59054.19509064444
Cs2WCl6,67337.65703668733
Cs2WSO4,82315.95384598298
Cs2Zr2Mn(MoO4)6,68015.91856294623
Cs2Zr2O5,82838.79676673158
Cs2ZrCu3F12,53666.05789038267
Cs2ZrFe2(MoO4)6,142169.05937667747
Cs2ZrMn(PO4)3,132281.8195647072
Cs3(Cr5Se8)4,439676.8603326961
Cs3(FeS2)2,237764.044378179
Cs3Ac,56308.69531182484
Cs3Cl5O,115615.20359411549
Cs3CoBr5,76028.10671043996
Cs3CoCl5,90686.23596354986
Cs3Cr2Br9,118239.45233225074
Cs3Cr2Cl9,134230.42995839173
Cs3Cr2I9,91304.75277396926
Cs3Fe2Cl9,227462.80743295493
Cs3Fe2F9,408090.9604868659
Cs3FeF6,211459.10277249364
Cs3FeO3,284078.41999239987
Cs3FeS3,153615.39452604397
Cs3FeSe3,137196.1737747501
Cs3KZr2(Si3O10)2,67642.9077554476
Cs3Li2Fe(MoO4)4,94310.76574438073
Cs3Mn3V4O16,262701.39140308567
Cs3Mn4(PO3)12,227132.56878438022
Cs3MnBr5,123624.79260171366
Cs3MnCl5,144749.98091556953
Cs3MnH5,218258.51308029995
Cs3MnI5,103275.92207011173
Cs3Mo2Br9,77342.02843588527
Cs3Mo2Cl9,87979.20694718508
Cs3Mo2I9,59788.399466202754
Cs3Mo6(P5O19)2,146545.40192291417
Cs3NiCl5,59261.60107582975
Cs3Np(Cl2O)2,56718.98311262962
Cs3Re2Cl10O,54804.207396582104
Cs3TlNi3F10,179485.70371691673
Cs3UF6,94303.20348019717
Cs3V2Cl9,89081.95991434662
Cs3V2O2F7,72590.17037342017
Cs3V4As4H2O21,56978.12215449004
Cs3VF6,87550.79175461714
Cs3W2Cl9,86896.85708279915
Cs4CdNi3F12,174079.93572581362
Cs4Co3F10,102923.63906805738
Cs4Fe(MoO4)3,84709.335601136
Cs4Fe2O5,402167.9733540505
Cs4Fe3F10,415606.561646479
Cs4FeO4,174929.29168963543
Cs4Ga3FeS8,88998.73203218596
Cs4IrO4,127358.05553793946
Cs4KLiFe2F12,280579.7765507455
Cs4MgMn4H16(Cl3O2)4,214289.81922507114
Cs4Mn(SbCl6)2,72973.08947848214
Cs4Mn2PdF12,230659.26018329235
Cs4Mn3O6,428064.45125081483
Cs4Na2MgV2O8,52014.907543178975
Cs4Ni3F10,195779.886572811
Cs4Pa4O11,50894.06296392757
Cs5CaNi4F15,188269.79940880722
Cs5FeO4,177857.8971245141
Cs5V5FeCl6O13,88903.08120163059
Cs6Co2O7,263922.1360037001
Cs6Cr2O7,106230.47962858394
Cs6Fe2O5,223440.54736660994
Cs8Fe2O7,222420.27674488525
CsAcAs,66890.48041748561
CsAlFe3(SiO4)3,477869.16685374285
CsAlH24(SO10)2,193964.7589007046
CsAlNiF6,146143.28936163368
CsBa2Co2F9,248574.6141360737
CsBa2Cr2F11,218965.71171044937
CsBa2Ni2F9,169008.40830597372
CsC(OF)2,82436.3304139116
CsCa2TiO6,183596.2263859361
CsCdO3,149871.6369166647
CsCoCl3,209257.06171317658
CsCoCuF6,246700.47552866288
CsCoCuS2,249619.94067599738
CsCoF3,204228.14279778744
CsCoN,52066.1022694622
CsCoNiF6,131010.36817946367
CsCoO2,490009.5296736995
CsCoPO4,231372.99465263326
CsCoW(OF)3,187094.24780808476
CsCr(MoO4)2,116268.60631661412
CsCr5S8,504530.51182606805
CsCr5Se8,448552.3156812487
CsCr5Te8,360807.9089580491
CsCrBr3,229344.7733459723
CsCrCl3,260194.34409431237
CsCrCoF6,376636.55234499933
CsCrCuF6,256779.9228376152
CsCrF4,296372.16389977204
CsCrF5,197699.17410882236
CsCrFeF6,428922.1033620836
CsCrH18Br2N6(ClO4)2,67530.36893489133
CsCrH18N6(ClO2)4,69709.21177556472
CsCrI2,238195.45361726842
CsCrI3,181670.74741905238
CsCrNiF6,323782.1395977054
CsCrP2S7,97259.89125823477
CsCuCl3,61554.794536802176
CsCuNiF6,68351.05163598548
CsCuRhF6,62430.17637060091
CsFe(MoO4)2,215756.0678103904
CsFe(OF2)2,131686.8544278069
CsFe(SO4)2,265263.5528002899
CsFe(SeO4)2,212775.5689259312
CsFe2Se3,285317.7646501398
CsFe2Te3,200222.12138117637
CsFe4As3,290613.52020954597
CsFeAgF6,272666.17343845434
CsFeBr3,233250.05665560867
CsFeBr4,198444.19963315147
CsFeCl3,272705.41899039876
CsFeCl4,254126.36953769
CsFeCoF6,504185.35344093386
CsFeCuS2,332813.0745597608
CsFeF3,502376.87233716156
CsFeF4,494830.4725712675
CsFeN,64048.072738642804
CsFeNiF6,470109.4082707504
CsFeO2,606846.9667917935
CsFeO3,335082.3165156554
CsFeP(H6O5)2,151243.90067391016
CsFeP2H3CO10,190274.1211535785
CsFeS2,203038.7036714531
CsFeSiO4,377480.9968081796
CsGaCuF6,64973.750804042465
CsGaNiF6,137664.58353871142
CsHfO3,121251.74350137054
CsHfTe2,75695.306001459
CsIn(SO5)2,156838.26720124664
CsInCuF6,57479.02557215004
CsIr,175398.18135376635
CsIrO3,135818.96371323595
CsK2AuF6,80239.70119856745
CsK2CoO2,136816.45903694688
CsK2MoF6,122431.78715512705
CsK2NbF6,78634.83370723049
CsK2TaF6,60072.19697587836
CsK2VF6,87905.23607372072
CsLi2C,121719.23060641305
CsLi7(NiO3)2,191266.0645450698
CsLiAcO3,74280.47400076881
CsLiH4W2SO3,358634.0266131598
CsLiMnS2,378681.15860867634
CsLiN2,400822.07489323756
CsMg14Cr,89721.53925037589
CsMg14CrO16,91127.6059681904
CsMg14FeO16,117289.57429899303
CsMg14MnO16,122348.73026354503
CsMg14V,84085.79399397358
CsMg14WO16,79259.87308363289
CsMg30FeO32,71232.28616570156
CsMg30MnO32,56988.042023530754
CsMg6CoO8,132658.72172610197
CsMg6Cr,184119.33310695132
CsMg6CrO8,181629.21919197546
CsMg6Fe,95741.52934026881
CsMg6Mn,168714.42032645043
CsMg6Ti,76773.87216432697
CsMg6V,159229.45949152723
CsMg6WO8,139118.62799238044
CsMgAl(MoO4)2,63136.47194965954
CsMgFe(MoO4)2,218523.88695626904
CsMgFe(SO4)2,148933.14024349942
CsMgFeF6,318606.6284174541
CsMgMnP3HO10,192157.59455929758
CsMgNb(PO4)2,80274.84398002652
CsMgNiF6,66130.37660446354
CsMgO3,175896.8085980347
CsMgV2O5,160393.29006443435
CsMn(CN)3,73558.9117193198
CsMn(PO3)4,147015.89461866248
CsMn(PO3)6,131221.86036183793
CsMn2(PO3)6,195273.46063349672
CsMn2V2ClO7,457568.03516266344
CsMn4Cl9,529744.2840232652
CsMnAs,419858.8772470679
CsMnBr3,274420.8409176614
CsMnCl3,328156.9686036725
CsMnCr(CN)6,141896.67246806074
CsMnCrF6,476730.80023094115
CsMnCu3Se4,113737.14640054962
CsMnCuF6,301970.64374745544
CsMnF3,573338.6864417688
CsMnF4,437672.9417797573
CsMnFeF6,591865.9342374833
CsMnH4(OF2)2,268677.6128634838
CsMnH5(SO5)2,189368.59222720654
CsMnI3,222873.14828461045
CsMnN,195844.03615489736
CsMnP,205117.92892437
CsMnP3HO10,162365.48991604504
CsMnSb,408349.43532712315
CsMnSe2,298070.1117824266
CsMnTe2,243145.6750974224
CsMnVF6,437704.79929929005
CsMo2P3O13,68968.72437219806
CsNaF3,100123.71306925389
CsNaMo(HO2)2,100014.8747047851
CsNb2(SiO3)8,71270.10516160452
CsNb2O4,88607.50651585402
CsNb6I11,54682.135380804044
CsNbNi(OF2)2,127745.73181134478
CsNi2F6,221809.50069583696
CsNiC2BrN2,64078.95844842943
CsNiC2N2Cl,66966.16808613413
CsNiCl3,139172.63666700537
CsNiF3,233060.79636741063
CsNiO2,359778.91494379775
CsNiPdF5,154346.2634504609
CsNp2O4,456224.8831971839
CsNp3,1155043.0986391092
CsNpAgS3,167050.5510768949
CsNpCuS3,177845.23203497194
CsNpMoO6,104575.8365437504
CsNpO3,217793.07093545792
CsNpTe2,269053.52456151246
CsO2,123075.24794396978
CsOsNOF5,73149.81698022499
CsP8(WO5)8,92054.23024546074
CsPa2O4,186365.98392374275
CsPaTe2,137863.82745553314
CsPtO3,70612.32290629424
CsPu2O4,596308.8736853055
CsPuO3,319290.58142330917
CsPuTe,467554.78686572245
CsRb2AuCl6,50162.26136452231
CsRb2AuF6,78795.64623717107
CsRb2FeF6,228315.95532787946
CsRb2MoF6,120648.05649921583
CsRb2NbF6,78709.4179458748
CsRb2TaF6,69193.67546162376
CsRb2VF6,86207.33653026057
CsRbMnF6,156448.86042270405
CsRbN,92746.00956552598
CsRbP,64204.43209463812
CsReF6,159063.1823349509
CsReO2,225081.4661795083
CsRhO3,226872.10938614994
CsRuF6,223313.57244685112
CsSO4,72314.34745140585
CsSeBr3,55440.334878557616
CsSi2Mo3P6O25,116847.19737814857
CsSr2OsO6,56538.24026941913
CsTa2O4,81695.98200166308
CsThO3,93833.1431174378
CsTi2Cl7,69557.81817326744
CsTi5Te8,72227.28446164574
CsTiBr3,114688.50388984382
CsTiCl3,87468.09819495738
CsTiCuOF5,64779.27134585753
CsTiF4,95124.32148279109
CsTiI3,89254.16720145974
CsTiO3,135691.61726273646
CsTiS2,96638.27004038362
CsTiTe2,92333.3863370337
CsTlCuF6,55252.38007321721
CsU2F9,180216.12720806443
CsU2O4,323409.5567171978
CsU2O6,52986.2532818919
CsUAgS3,110897.95608830343
CsUAgSe3,100597.51275801582
CsUAuSe3,99670.0402869608
CsUBr3,191495.1222735371
CsUCuS3,118833.96822644395
CsUCuSe3,104347.18397082096
CsUCuTe3,87619.36092699546
CsUO3,107669.9377648843
CsUTe2,201015.0206529849
CsUTe3Au,84016.62798875466
CsUTiTe5,68380.37986353437
CsV(MoO4)2,84496.04575390102
CsV(SO4)2,106778.68671134626
CsV2O4,278237.2096563201
CsV2O5,60998.258944526926
CsV2S2O,370740.8527510564
CsV5S8,174364.3755602331
CsV5Se8,300598.0250509506
CsVBr3,172084.49902823358
CsVCl3,198408.3515112735
CsVCuF6,203591.0837272955
CsVF4,204041.277100066
CsVFeF6,366250.0626923166
CsVH12(C2O7)2,55684.09080135892
CsVI3,134967.8733166815
CsVNiF6,254420.7974495273
CsVOF3,94771.5066635822
CsVP2S7,64965.667996762466
CsVPO5,69332.32936132436
CsVZnF6,122770.18549759367
CsZnFeF6,328635.1132773549
CsZnNiF6,193401.8644998033
CsZrO3,116512.23800762526
CsZrTe2,75342.22870703653
Cu(AgO)2,97174.57969947749
Cu(BrN3)2,205697.70736808082
Cu(BrO6)2,535580.6246467254
Cu(CO4)2,80010.37395506103
Cu(IrO2)2,114272.02127158084
Cu(NO)3,521752.7588704668
Cu(NiO2)2,136735.8888409153
Cu(OsO2)2,350741.2547532477
Cu(PO3)2,86306.38864008733
Cu(PO3)3,118510.11009188807
Cu(RhO2)2,120171.41434597463
Cu(RuO2)2,359552.5014048569
Cu(TcO2)2,577483.8576688559
Cu13Si2(SbO14)2,124950.04991382729
Cu2(SO4)3,177013.71297697246
Cu2As2PbO10,91167.33178800748
Cu2AsO6,184275.45801941282
Cu2AsO8,265668.9131141515
Cu2Bi3Sb3O14,64460.90011971462
Cu2C3NCl5,64241.60777669579
Cu2C4NCl5,64027.02169973428
Cu2ClO3,62933.72597097651
Cu2H3NO5,75712.88341972236
Cu2IO8,242474.36877307485
Cu2Ir2O5,185502.74253710563
Cu2Mo2O5,230562.02171381057
Cu2N5Cl8,171184.96708145615
Cu2NO6,82604.81812024896
Cu2Ni2O5,405811.033108314
Cu2NiO4,264568.17320028046
Cu2NiPt,59198.34045685011
Cu2NiSnS4,94020.41336860825
Cu2NiSnSe4,65911.48336324662
Cu2OF2,246164.0194356743
Cu2Os2O5,190528.0949407817
Cu2P3O10,156485.12008058213
Cu2PC2SO13,148536.90147856902
Cu2PO5,284369.76839180745
Cu2Pt2O5,106755.92609089307
Cu2Re2O5,247627.20808739334
Cu2Rh2O5,103069.52606143117
Cu2Ru2O5,200846.23742329486
Cu2SiO4,224988.37398277747
Cu2Tc2O5,344406.96224180603
Cu2W2O5,135757.85758188966
Cu3(NiO3)4,423953.0055967678
Cu3(P2O7)2,59748.03588511068
Cu3(P3O16)2,128129.41479194236
Cu3(SbO3)4,65478.06907962021
Cu3As4(OF)6,104646.69622788522
Cu3AsF12,86373.35051950077
Cu3Bi2(PO7)2,96576.88057369835
Cu3H8S4(NO8)2,80460.82138229009
Cu3Mo(HO2)4,57336.862456180635
Cu3Mo2(HO5)2,137705.5709535882
Cu3MoSO9,152779.1708122502
Cu3Ni,80930.34967428866
Cu3NiF6,145713.87473068616
Cu3NiH6(ClO3)2,251652.29821815615
Cu3O4,233403.0631763168
Cu3PF12,80246.78673465626
Cu3Ru,181799.7697431829
Cu3RuN,274880.3747459617
Cu3Sb4(OF)6,101669.2705676878
Cu3SbF12,154357.3913883433
Cu3SeO8,57430.64690785676
Cu4(PO4)3,116351.40314215748
Cu4OF6,305956.8840774766
Cu4PtO5,159259.89783117318
Cu4Si(GeO4)3,149193.282991752
Cu4Si2NiS7,66688.93580485355
Cu5H14(SO9)2,123347.47031383659
Cu5H8(ClO5)2,52204.049339672514
Cu6Bi(AsO7)3,157160.22520813294
Cu6MoC20S4N5Cl9,98011.79498992315
Cu6NiO6,78024.75849113974
Cu6OF11,325938.88205323496
Cu7S2O21,158654.55518610883
Cu8NiSb3S13N6,135867.34480001288
Cu8O7,98483.61791896031
CuAg2P2O7,54803.82850778128
CuAgAs2H3O8,52467.00897870085
CuAgF3,114937.57516087197
CuAu2C4N4(Cl2O3)2,107875.6474234218
CuAuO2,159447.04600285314
CuBO3,242896.01884093738
CuBr4(NO)2,210494.22676763483
CuBrO2,52925.75459217832
CuC2(SN2)2,198362.8867605346
CuC2(SN3)2,381916.06941332534
CuC4(NO2)4,66040.13585270951
CuC4(NO5)2,118618.40526061681
CuC4S4(NO6)2,50075.316245629176
CuC6,75292.45637649277
CuCO3,70462.07865988776
CuCl3,75046.26514795332
CuCl3O2,242881.05571208108
CuCl4,192736.71293283688
CuGeN2,125692.28826716966
CuH16PtC4N4O11,69741.33763835281
CuH6S2(NO4)2,97372.78006914604
CuHO2,130906.57038695019
CuHgO2,99369.62138573048
CuIrO3,200969.76924683157
CuMoF6,174742.1884392748
CuMoO4,107458.96568537818
CuNi,192439.942969077
CuNi2(PO4)2,200755.42075491184
CuNi3,337939.7643781867
CuNi3(CO3)8,153055.4370723525
CuNi3N,184008.36156479994
CuNiO3,525846.7898114183
CuNiPd,135139.46077059754
CuNiPd2,120851.45205791434
CuO2F,58516.6819382634
CuP4(RuO7)2,104694.24572721787
CuPNO5,72137.31614036247
CuPO4,183413.59213509905
CuPbF6,84900.72892574462
CuPdF6,98131.04187003242
CuPt(NCl)4,239782.0927031437
CuPtF6,104274.71628130562
CuPtO3,246229.9570751514
CuRh,202574.67238924262
CuRhO3,367531.20283063303
CuS2(NO4)2,226766.70078194662
CuS2(NO7)2,113585.65649020838
CuSN4O5,136953.3286796819
CuSO7,177867.27088864334
CuSeClO5,211264.98208471606
CuSiIrRh,66206.40704935415
CuSiMoPt,67489.41232539457
CuSiN2,72793.67535272296
CuSiTcNi,132491.04576497522
CuSn(O2F3)2,380261.7611337656
CuSn(PO4)2,61128.93849770657
CuSnO12,247627.49504379302
CuTe(PO4)2,58328.46983349864
CuTeNO4,64443.366623496746
CuTeO4,63454.726157419216
CuWO3F2,106708.88162856814
CuWO4,129960.6235313025
F2,938336.7100111755
Fe,1774450.441657256
Fe(AsO2)2,345802.3160060139
Fe(B2Mo)2,153487.20303760195
Fe(BO)6,297269.72073805175
Fe(BO2)2,655713.843503042
Fe(BRh2)3,331393.93918255746
Fe(BW)2,151375.0143383464
Fe(C2N3)3,159332.7549822929
Fe(CN)3,76606.71838339113
Fe(CN)6,144412.04477246065
Fe(CO)6,116832.00473229813
Fe(CO3)2,267598.5587619078
Fe(ClO2)2,315786.58287607034
Fe(ClO7)2,430241.22479981335
Fe(CoN)2,630675.3211423422
Fe(CoO2)2,1061829.825107417
Fe(CoO3)2,533592.6433973316
Fe(CoSe2)2,148666.2181354811
Fe(CuC6)2,147182.76816563515
Fe(CuS)2,403168.09518146666
Fe(GeO2)2,342734.3614255693
Fe(GeO3)2,310240.47183744283
Fe(HO)2,876743.7875940852
Fe(HgO2)2,384007.81390328886
Fe(IO3)3,251219.91965122888
Fe(IrO2)2,454413.40830129484
Fe(Mo3Se4)2,115170.62908667272
Fe(MoO2)2,452985.03596656164
Fe(MoO5)2,286714.43166703335
Fe(MoS2)2,73750.54453904416
Fe(NiN)3,132278.3397677012
Fe(NiO2)2,1054471.1803095357
Fe(OsO2)2,385734.0570524922
Fe(PO3)2,347378.75499628065
Fe(PO3)3,244079.46115297248
Fe(PO3)4,216752.2742627222
Fe(PO3)5,161067.1670353515
Fe(PS3)2,88356.91495606132
Fe(PbO2)2,343851.93210131774
Fe(PdN)2,198186.30323524607
Fe(PdO2)2,228097.81116319745
Fe(PdSe)2,85266.5248639274
Fe(PtO2)2,529732.7055606822
Fe(ReN2)3,101175.34647188378
Fe(ReO2)2,514995.6363865437
Fe(RhO2)2,472084.2940101987
Fe(RhS2)2,279173.61215695436
Fe(RhSe2)2,177612.01749942132
Fe(RuO2)2,708904.2688169726
Fe(SO4)2,358850.88688583206
Fe(SbO2)2,349409.8068768291
Fe(SbO3)2,361709.6871319969
Fe(SbS2)2,234096.3683386837
Fe(Se2O5)2,165034.4180554947
Fe(SeO3)2,243893.25935656423
Fe(Si2O3)2,242078.4109384095
Fe(Si2O5)2,175735.35596635324
Fe(SiO2)2,392921.96146036143
Fe(SiO3)2,342346.2161142143
Fe(SiSe2)2,204829.3500041919
Fe(SnO2)2,312561.7481888384
Fe(TcO2)2,466375.72043534607
Fe(TeO2)2,376715.83149028243
Fe(WCl5)2,120193.21427239897
Fe(WO2)2,451966.19690346124
Fe(WO4)2,327877.78148349974
Fe10Bi5O24,882841.1054530944
Fe10O11,1723544.1174378903
Fe10O11F9,1317566.8923259433
Fe10O19F,1201344.753642068
Fe10O9F11,1292234.6107364292
Fe10OF19,1000403.2323061742
Fe11(NiO3)8,1401348.3357317292
Fe11Co5,1913134.6564240297
Fe11Mo6C5,407152.46664937655
Fe11MoC4,1099023.0506758944
Fe11O12,1713279.1149708154
Fe11Si5,677146.7685367959
Fe12As5,1019190.8015854984
Fe12Ge3As2,1053981.7182356599
Fe12N5,1176478.1248618327
Fe12O13,1732321.532122518
Fe13(NiO10)2,1558969.1476865977
Fe13Co3,1947822.064670006
Fe13Ge3,1328638.9742800146
Fe13O14,1672139.3181062203
Fe13O15,1710146.8995571681
Fe13Si2(SbO14)2,982247.1102512772
Fe14Ni11O32,1346889.2670870698
Fe14O15,1754888.2885572547
Fe15Co,1959117.7956349938
Fe15O16,1673482.7894640341
Fe17O18,1717601.7065383664
Fe19(SiO4)12,882428.1489053725
Fe19Co5O32,1571437.9677969154
Fe2(AsO4)3,269196.58178236074
Fe2(CN2)3,161399.3554286515
Fe2(CO3)3,534446.2490136385
Fe2(HO2)3,702482.193538998
Fe2(MoO4)3,358359.7229362199
Fe2(PO3)5,289879.02547583333
Fe2(PO4)3,303391.8450390035
Fe2(PdAu)3,592532.6642452012
Fe2(SO4)3,440885.13432328746
Fe2(TeO3)3,485568.75096125045
Fe2(TeO4)3,348680.9970638526
Fe2(WO4)3,318765.3361847225
Fe21HO32,1607870.9776706926
Fe21Ni9O40,1449590.9445769307
Fe21O23,1719128.5454970596
Fe21O32,1691954.57654255
Fe23(BC)3,1542520.160789562
Fe23B6,1515281.4497397314
Fe23C6,1485402.645573154
Fe23O25,1723831.480233509
Fe23O32,1732033.1411091837
Fe24N11,1084946.053012874
Fe25O32,1827128.8537398044
Fe25Si11O48,1079100.502446533
Fe2Ag(MoO4)3,333773.18307303183
Fe2Ag2O5,671567.8224147927
Fe2AgO4,1028830.9742606871
Fe2As,785429.1471919912
Fe2As2H2PbO10,463310.1726533931
Fe2As2O5,728038.409948393
Fe2AsO4,887821.265025324
Fe2AsO4F,735807.4169941166
Fe2AsRh,1019614.7070375951
Fe2AsRu,891041.3570554809
Fe2AsS3,98347.49692098357
Fe2AsSO9,428926.69168261637
Fe2Au2O5,700848.0372184943
Fe2AuO4,1019971.4195490751
Fe2B,1254279.7965530148
Fe2B(PO4)3,458361.1054204933
Fe2B2O5,970039.3008233954
Fe2B4Mo,228317.0537270993
Fe2BO4,1242607.2495720333
Fe2Bi2O5,678078.3586388457
Fe2BiO4,923598.2999712684
Fe2BiSbO7,521643.86503753177
Fe2C,861797.8628615742
Fe2C2O7,469688.50573956757
Fe2Co(PO4)3,590677.5295873516
Fe2Co2O5,1289699.4158418411
Fe2Co3H4(Se3O10)2,382137.86330801
Fe2Co3O10,594366.5814472712
Fe2Co3Sb3O16,400803.50745259644
Fe2CoAs,1164782.235442318
Fe2CoC,1157457.6866057457
Fe2CoGe,1025844.5204236598
Fe2CoIr,165167.33853614682
Fe2CoN2,746713.2779430136
Fe2CoO6,961713.9039661603
Fe2CoPt,1447316.5236262102
Fe2CoRh,1648409.7598029051
Fe2CoSe4,307232.6428713367
Fe2CoSi,1005359.5192819672
Fe2CoSn,939332.1879310324
Fe2Cu(PO4)3,425141.5306607667
Fe2Cu10Sb4S13,132133.72205391256
Fe2Cu2O5,786567.1020162918
Fe2Cu3(SeO3)6,197303.82040676713
Fe2Cu6SnS8,175281.45146506513
Fe2CuAs2(HO5)2,461615.74175892986
Fe2CuGe2,392024.3166547864
Fe2CuH4(OF4)2,498501.86693486484
Fe2CuN2,111206.67114067948
Fe2CuNiPt4,661520.8321741321
Fe2CuPt,1032507.0317725422
Fe2CuS3,64911.1346108517
Fe2CuSi,638306.3054425984
Fe2Ge,972149.4045691848
Fe2Ge2O5,850876.0637468664
Fe2GeIr,892059.0357058092
Fe2GeO4,993402.9734995613
Fe2GePd,902973.0085481864
Fe2GePt,842903.1617409529
Fe2GeRh,905934.9135190668
Fe2GeRu,922714.3774375602
Fe2GeSe4,345325.8076326936
Fe2H13C6NCl2O11,219983.21661480062
Fe2H2O5,1019722.7508433809
Fe2H3F2,130018.43235753066
Fe2H4NF6,597081.0042324953
Fe2H4O2F5,673785.7838315008
Fe2H6(SeO4)3,344242.9923979798
Fe2HO6,570685.8873474128
Fe2Hg2O5,718073.586349432
Fe2Ir2O5,864499.0233126836
Fe2IrRh,128273.0822081071
Fe2Mo,287986.884071052
Fe2Mo2O5,954710.7959321487
Fe2Mo3O8,517390.0846685352
Fe2Mo4C,68612.03715258882
Fe2Mo4O7,730353.995104245
Fe2MoO4,1323524.9418738727
Fe2N,980396.0816022286
Fe2Ni,1423917.153585248
Fe2Ni(PO4)2,624177.5630984206
Fe2Ni(PO4)3,528489.1165736961
Fe2Ni2O5,1186681.8125862337
Fe2Ni3H4(Se3O10)2,345098.03995663405
Fe2Ni3N4,92688.3014626346
Fe2Ni3P6WO24,333800.20573971997
Fe2Ni3Sb(PO4)6,313271.9228399977
Fe2NiAs,1021505.238281714
Fe2NiB,1039578.3622177124
Fe2NiC,961319.2126417267
Fe2NiGe,871236.15153945
Fe2NiN2,456635.1687462214
Fe2NiO3,1398489.749145381
Fe2NiP,825067.13395619
Fe2NiPt,1197465.242644831
Fe2NiSn,910349.7999150725
Fe2O,1638437.0894298474
Fe2O2F3,971092.7345616263
Fe2O3,1726570.9741112087
Fe2O3F,1264174.263815015
Fe2O5,672836.6525699933
Fe2OF2,1214936.8439737465
Fe2OF3,1142898.25148598
Fe2Os2O5,881035.6980631226
Fe2P,839831.1357490658
Fe2P2H4NO8,101296.60890974308
Fe2P2H6C2O13,233680.27428166242
Fe2P2NO11,384968.45706542965
Fe2P2O7,620862.3173512612
Fe2P3(HO3)3,473354.22383684886
Fe2P3O10,464574.9164979706
Fe2P3O13,401680.2514300729
Fe2P4Pb3O17,311982.7035059233
Fe2P4PbO14,366843.55577458127
Fe2P5O16,303143.2866603164
Fe2PClO4,683886.5600352332
Fe2PH2CO7,429568.85165996774
Fe2PHO3F2,751675.7569591247
Fe2PO4F,862898.6525006043
Fe2PO5,939872.4456598549
Fe2Pb2O5,758455.0092505567
Fe2Pb3F12,420570.61595924257
Fe2PbN2,327789.4905324889
Fe2Pd,1334362.0760683706
Fe2Pd2O5,714297.6875911227
Fe2PdO4,1273760.769970354
Fe2PdPt,1149526.8385836177
Fe2Pt,1358242.3342082142
Fe2Pt2O5,746554.2026264677
Fe2PtRh,1171994.2999450078
Fe2Re2O5,938880.8996158224
Fe2Re2Si3,238747.5005679788
Fe2ReSi,603629.467980829
Fe2Rh2O5,817466.786151822
Fe2RhS4,243241.07851767537
Fe2Ru2O5,1099033.5731579312
Fe2S,923536.934868984
Fe2S3,125198.98152216432
Fe2S3(NO6)2,612939.2299669425
Fe2S3O23,331723.0940911284
Fe2Sb(PO4)3,388912.2378624156
Fe2Sb2O5,628453.3193224949
Fe2Sb3PbO8,360496.0350095933
Fe2SbRh,877775.1628933696
Fe2SeO6,682276.7408259232
Fe2SeS,639360.7202994172
Fe2Si,623057.3826938709
Fe2Si2BiO9,443154.1579642953
Fe2Si2Mo3,84635.90256678277
Fe2Si2O5,889891.5879947222
Fe2Si2SbO9,439275.1966900981
Fe2Si2W3,99869.5967077624
Fe2SiAs,136960.19049541306
Fe2SiIr,830652.32669242
Fe2SiMo,462426.82725007826
Fe2SiNi,973558.9466025684
Fe2SiO4,996177.4276352967
Fe2SiOs,836658.6860260187
Fe2SiP,202260.36829608187
Fe2SiPd,835222.2084268683
Fe2SiPt,830851.9695895445
Fe2SiRh,882837.885847441
Fe2SiRu,879926.6505198649
Fe2SiS4,462280.15661771933
Fe2SiTc,608780.41897853
Fe2SiW,467551.1199960363
Fe2Sn2O5,692056.995040479
Fe2SnCl6,325307.6956152414
Fe2SnIr,835181.3763137633
Fe2SnPd,818397.1634403868
Fe2SnPt,826573.1959179456
Fe2SnRh,846244.5848652871
Fe2SnS4,303485.8686218202
Fe2Tc2O5,993757.673238354
Fe2TcGe,749075.9090405911
Fe2Te2(PbO4)3,346995.52017926454
Fe2Te2O5,615003.8990614954
Fe2Te4BrClO10,297709.6475076567
Fe2Te4H3ClO12,337216.5029712074
Fe2Te4HClO12,319033.32549533143
Fe2TeO6,956232.0675525303
Fe2W,335606.15191885206
Fe2W2O5,1303159.2755148518
Fe2W4S2O9,755575.0504493819
Fe2WO6,974936.0671398435
Fe3(AsO4)2,339023.67827091285
Fe3(BrO2)8,250592.17444933866
Fe3(GeN)8,278118.9807687554
Fe3(O2F)2,1290137.8805625965
Fe3(OF)2,1277951.2775790242
Fe3(OF2)2,1204733.3696581894
Fe3(OF3)2,969499.5216932076
Fe3(P2O7)2,501056.4864217993
Fe3(P3O10)2,303594.15039495454
Fe3(PO4)2,730294.1528152938
Fe3(PO4)4,433254.1817510493
Fe3(PO5)2,726800.3846364361
Fe3(SiO4)2,788949.8218736802
Fe3(SnS4)2,215280.23509203675
Fe3(WN2)4,447032.1922693304
Fe31Si5O48,1367122.8481136868
Fe32O35,1696976.0451838362
Fe38O39,1655378.7834215837
Fe39Si3O56,1513802.24033255
Fe3Ag,1338071.861464091
Fe3Ag(SnS4)2,172204.83617061653
Fe3As,1355909.5018499056
Fe3Au,1352213.1823919876
Fe3B,1403735.3941615517
Fe3B2,953512.5205908478
Fe3B7BrO13,484450.39013121324
Fe3BO5,1341658.915937788
Fe3BO6,1447548.102154627
Fe3C,1281455.6725503532
Fe3C7O19,268292.9250405479
Fe3C8(Br2N)8,135749.1399294049
Fe3Co,1883299.0148046664
Fe3Co(BiO3)4,600115.5153099027
Fe3Co(PO4)4,618322.1520216694
Fe3Co2Ni(PO4)6,435832.8982913446
Fe3Co2P6WO24,450641.14303634805
Fe3Co2Sb(PO4)6,430627.3192170264
Fe3Co2Sn(PO4)6,453676.91492265573
Fe3Co2Te(PO4)6,443600.16069133487
Fe3Co3(SbO8)2,593886.8715205818
Fe3Co3(TeO8)2,512862.9466014475
Fe3Co3B2,1234845.4439366015
Fe3Co3Ge2,984473.1122478984
Fe3Co3Si2,1177044.5141379484
Fe3Co5O16,648967.0699872788
Fe3Co7O20,515329.18479639903
Fe3CoCu2(PO4)6,379476.9724235853
Fe3CoN,1356072.4569277922
Fe3CoNi2(PO4)6,461793.55990755133
Fe3CoSb2(PO4)6,296633.8966610277
Fe3Cu,1477367.725337898
Fe3Cu(PO4)4,489183.4960908268
Fe3Cu(SnS4)2,181919.98287270035
Fe3Cu2Sb(PO4)6,346117.68795772525
Fe3Cu2Sn(PO4)6,380627.2709307673
Fe3Cu2Te(PO4)6,322407.7368379713
Fe3CuAs2,745937.9271681076
Fe3F,1596599.4774641688
Fe3F2,1337018.0366523596
Fe3Ge,1231225.5624916675
Fe3Ge2,727376.6692094288
Fe3H,1384419.2668000164
Fe3H10S2NO14,491708.9844299564
Fe3H4(OF4)2,771749.7574294828
Fe3H6C6(N3Cl4)2,176532.2095038564
Fe3H9S2O15,501821.8540805882
Fe3Ir,831448.7038672012
Fe3Mo3C,57208.01493337203
Fe3Mo3N,108973.95036433783
Fe3Mo6RhN2,395812.9356829008
Fe3N,1364521.4416631553
Fe3Ni,1649580.6367965795
Fe3Ni2,1442814.8755512026
Fe3Ni2P6WO24,412940.7953699792
Fe3Ni2Sb(PO4)6,396004.4349061227
Fe3Ni2Sn(PO4)6,412868.8798902119
Fe3Ni2Te(PO4)6,371118.519407864
Fe3Ni3B2,854454.4387100908
Fe3Ni3Ge2,674647.4519732241
Fe3Ni3P2,676061.7674754838
Fe3Ni3Pt2,1039135.4392615152
Fe3NiF6,761003.7734152284
Fe3NiN,1388207.162668178
Fe3NiP2,579991.1461355048
Fe3NiSb2(PO4)6,313393.50270310906
Fe3O,1782693.126146662
Fe3O5F,1245572.464031786
Fe3OF5,1080124.9002865234
Fe3OF7,902445.7888239215
Fe3P,1108989.5350287033
Fe3P2(H2O3)4,511757.0180006952
Fe3P2(HO)16,384875.8682037444
Fe3P2(HO)8,358963.81091387727
Fe3P2(HO5)2,720369.2659794879
Fe3P2H3O8,626903.3130950817
Fe3P2PbO14,466529.5805453689
Fe3P3O11,556537.581304655
Fe3P3O13,555282.8639020901
Fe3P3PbO13,566531.1056635797
Fe3P4H12(NO8)2,322609.309419407
Fe3P4O15,480534.5879959595
Fe3P6H14(NO8)3,332387.56866161077
Fe3P6WO24,227793.8695210794
Fe3P8H26NO36,81363.6804641323
Fe3PH6PbSO14,552289.2025975069
Fe3PO7,1088787.055591298
Fe3Pb4BrO8,558780.0367064035
Fe3Pb4ClO8,589498.34994965
Fe3Pb5F19,328460.8616243202
Fe3Pb8F24,278953.0085857968
Fe3Pd,1464821.8353358605
Fe3PdN,1333525.5602227428
Fe3Pt,1519324.8786712468
Fe3PtN,1187074.6835564568
Fe3Rh,1722707.2918278822
Fe3RhN,1442891.4993566393
Fe3S,1563600.6108330511
Fe3S4,285403.8587766468
Fe3Sb,1213541.7237948733
Fe3Sb(PO4)4,421575.1494163674
Fe3Sb(PO4)6,210421.06541693798
Fe3SbN,544209.1407503512
Fe3Se,1566078.902956468
Fe3Se4,350813.69196131575
Fe3Si,1227823.227929472
Fe3Si2Ni3,671147.1083297445
Fe3Si4Ir,151194.12620340142
Fe3SiN4,208422.6251288682
Fe3SiNi,1116579.3750460055
Fe3Sn,1207623.829667221
Fe3Sn2,710072.7263170227
Fe3SnSb,642491.9032491347
Fe3Te,1086632.8103472523
Fe3Te2Se,442418.31366828206
Fe3TeO8,915350.4350970228
Fe3W3C,58191.237910393
Fe3W3N,192024.24141444959
Fe4(AsO7)3,389825.94934080343
Fe4(CuO4)3,793119.8839105404
Fe4(PO4)3,680299.1278248235
Fe41O56,1660539.3939174388
Fe43O64,1598814.4453936114
Fe4AgAs(XeF3)2,464695.60040279967
Fe4AgP(XeF3)2,316257.01854710904
Fe4AgXeF5,671807.8506749239
Fe4As2O11,927359.6423444285
Fe4As4H4O19,481315.66741359973
Fe4As5O13,568502.0835188597
Fe4Bi2O9,922660.8972575351
Fe4C,738669.8905275642
Fe4CN4,595814.760766632
Fe4Co(BiO3)5,607186.9883992178
Fe4Co3(PO4)6,346740.7382765195
Fe4H14O13,597202.1536431704
Fe4H6O11,778946.0502934721
Fe4H8O11,856174.6095914535
Fe4N,1471686.3211842421
Fe4Ni3(PO4)6,602421.2797707918
Fe4Ni5P3,619824.877451039
Fe4O11,674231.0033627237
Fe4O3F5,1223387.4691764847
Fe4O5,1638662.1168275413
Fe4O5F3,1287496.013449302
Fe4O7F,1231227.6438122252
Fe4OF6,1133537.6840190594
Fe4OF7,1050728.0086892683
Fe4OF8,886115.4756551627
Fe4P,1238149.801661652
Fe4P6SN12,160690.14436987188
Fe4P7O24,425729.8668395954
Fe4P9O32,267414.72018329316
Fe4Sb3,531180.8956375247
Fe4Se3N2,116054.0613063742
Fe4Si,1401955.1676764742
Fe4Si2Sn7O16,306320.5865904814
Fe4SiO9,873876.2115909359
Fe4Te3S,319924.42554042506
Fe4Te3Se,428833.401089098
Fe4TeSe3,340089.907159078
Fe5(O4F)2,1251313.107786892
Fe5(OF2)4,1013905.4684224034
Fe5(OF4)2,1102041.9749888263
Fe5(P2O7)4,398260.00138749095
Fe5(P3O11)2,515313.52021123737
Fe5(PO4)4,644344.9369432247
Fe5(SiO4)3,898167.8773589786
Fe5B2P,1037112.6484291628
Fe5Bi4O13F,707268.07526807
Fe5C2,1207468.4424738074
Fe5Co(PO4)6,537527.2998360124
Fe5Co3,1950689.8629319405
Fe5Cu2(PO4)6,506831.5198828414
Fe5CuO8,1413518.4888386258
Fe5GeP,1022328.2459020421
Fe5HO8,1639640.051442842
Fe5Ni(PO4)6,556273.6797981937
Fe5Ni4P3,713421.1516733238
Fe5NiO8,1553320.669479292
Fe5O3F7,1182423.9785966491
Fe5O7,1539020.8144788188
Fe5O7F3,1286922.4805487054
Fe5O8,1491708.5297516626
Fe5OF11,917480.2598667725
Fe5P3O13,748332.4534600916
Fe5P6WO24,487412.7188430004
Fe5Sb(PO4)6,469156.95636556
Fe5Sb4,487659.84155856865
Fe5Si2B,936962.0965153066
Fe5Si3,760716.6935587847
Fe5SiAs,1074766.5417091567
Fe5SiB2,1017394.320653479
Fe5SiC,1174444.669886293
Fe5SiO8,1325012.6959663676
Fe5SiP,1011977.37339769
Fe5Sn(PO4)6,492019.9935132937
Fe5SnO8,1229425.2560658243
Fe5Te(PO4)6,486337.39380606567
Fe5Te6(ClO9)2,524468.985898312
Fe65(BN)6,1568512.1695699438
Fe6BC,1404560.9859010791
Fe6BP,1276183.364651175
Fe6Bi(P3O13)2,551841.6333518622
Fe6ClO12,937062.6798278923
Fe6CuP4(H4O7)4,548797.9346899108
Fe6Ge2N,791515.0973806622
Fe6Ge5,618509.2513917314
Fe6H12Pb(SO7)4,509564.50392916333
Fe6O11F,1169185.0896345808
Fe6O5F7,1268506.745909546
Fe6O7F5,1308697.198220439
Fe6OF11,1021677.5322779161
Fe6P4H17O27,500238.99367805803
Fe6P4H23O21,430213.8022492785
Fe6SiB,1337024.8496822005
Fe6W6C,119288.19972201856
Fe7(AsO4)6,659963.5252451169
Fe7(CoO6)2,1592504.4769891466
Fe7(Ni3O8)2,1398292.0681595071
Fe7(OF3)3,1107201.643261708
Fe7(OF7)2,972325.0455891966
Fe7(PO4)6,725779.494575268
Fe7(PO5)4,861232.1711659036
Fe7(SiO3)8,590804.3597812362
Fe7(SiO4)4,906274.3837346822
Fe7(SiO6)2,1252072.4954385438
Fe7Co,2007431.4378661143
Fe7Ge4,1083293.7000899827
Fe7Mo6,279248.08984892815
Fe7Ni5P4,740023.2546048396
Fe7O3F13,911981.7395756034
Fe7O7F,1401859.9632616665
Fe7O8,1676462.34890594
Fe7O9,1370999.6572778015
Fe7P12WO48,408216.0214207016
Fe7P6(HO6)4,606668.9162924639
Fe7S8,120940.09622391593
Fe7Se3,1140219.424235135
Fe7Si3(H4O9)2,718209.8291761591
Fe7SiO10,1392028.3615756887
Fe7Te(PO4)12,346617.90033954935
Fe7W6,314399.8184204408
Fe8Cu3Te12(Cl5O16)2,326875.70566995384
Fe8H10O17,1070029.3573575588
Fe8N,1780852.6034373636
Fe8N3,1270593.384773195
Fe8O9,1708704.1767642214
Fe8Se7,484760.0353934502
Fe8SiO12,1437669.5497500137
Fe9(PO4)8,606052.0994253344
Fe9B4Ir3,1120004.4837387651
Fe9B4Rh3,1142052.922129668
Fe9BP2,1260514.603524378
Fe9Co7,1902202.9703382228
Fe9Cu9S16,374955.61027509015
Fe9O10,1713822.2344560502
Fe9O13,1568751.0962521737
Fe9PO12,1398455.5072961962
Fe9Se8,402952.25525482
FeAg,839841.4917691544
FeAg(MoO4)2,310195.54853464145
FeAg(SO4)2,290132.35297633096
FeAg(SeO3)2,336845.5466752271
FeAg2SnS4,201140.37417856744
FeAg3,426586.93499262613
FeAg3F6,280356.50652390264
FeAgBr4,252706.44306968182
FeAgO2,931472.5321988139
FeAgO3,765464.3113190887
FeAgS2,184797.78440164437
FeAgSb(S2N3)2,80746.22450393646
FeAgSe2,293664.69120740436
FeAgSnPd,362062.9212800331
FeAgTe2,151983.29483377695
FeAs,185192.2176513575
FeAs2O7,286969.526076862
FeAs2Pb2O9,183491.0468871328
FeAs2Pb4(ClO2)4,99651.47649383644
FeAs2Rh,390507.6508100048
FeAsIr,611049.3846783313
FeAsO3,632101.4414780759
FeAsO4,626682.7848838175
FeAsO6,493197.74556517875
FeAsPd,439191.2877977051
FeAsPd2,502862.05923043913
FeAsPdPt,459357.0351520786
FeAsPdRh,460186.49482642615
FeAsPt,324541.866500676
FeAsPtRh,475234.5803615879
FeAsRh,529448.6247672576
FeAsRh2,602649.7524930439
FeAsRu2,725144.3624850512
FeAu,866298.97894916
FeAu3,422806.1308474308
FeAuO2,932944.7597057574
FeAuO3,503326.57590378047
FeB,443833.2753684182
FeB2,297607.9053200673
FeB4O7,403681.56134323217
FeBIr,644235.0730585539
FeBO3,1151173.5799576573
FeBP(HO3)2,343200.57688792626
FeBP2O11,333767.6541469111
FeBPbO4,536963.3899766551
FeBPt,578112.9598488128
FeBi6P2(O7F)2,98887.39769737577
FeBiAsO,459868.3210613715
FeBiC6(N3O2)2,121755.35218133876
FeBiO3,563618.3740988879
FeBiPPbO7,258229.6367009072
FeBiSbS4,233247.0321012041
FeBr2,490283.21771497326
FeBr3,371596.28887782915
FeBr4N,198191.40627811095
FeC2N3,562396.6127814905
FeC3N3O2,400420.70380812517
FeC3NCl3O2,166230.94229836314
FeC4N2O9,473774.59202262794
FeCO3,711327.3881755911
FeCl,759556.905187233
FeCl2,590624.8032692131
FeCl3,469375.1497945587
FeCl4,300480.7130373046
FeClO,932607.8863645752
FeCo,1844238.399537488
FeCo(BiO3)2,603711.9910285142
FeCo(PO4)2,586972.7220666411
FeCo2As,1123711.5822177806
FeCo2B,1134844.026063724
FeCo2BO5,535897.2667547521
FeCo2Ge,1057123.8152523474
FeCo2Si,995202.2557039445
FeCo2Sn,995414.2916099993
FeCo3,1621447.2427563234
FeCo3(PO4)4,561273.0250114442
FeCo3O8,534201.6479425373
FeCo5O12,395525.51177565224
FeCo9,1273036.2698770952
FeCo9O20,356134.5225034778
FeCoAs,542249.590367761
FeCoAs4,101521.80549331693
FeCoAsRh,810378.7192884302
FeCoB,961607.0177998457
FeCoB2,152501.80654732388
FeCoBO4,549763.0921801286
FeCoBi2(AsO6)2,230556.76293025241
FeCoCuSi,677793.6679266831
FeCoGe,639520.8812750956
FeCoGe2,220906.84110251957
FeCoGeIr,765088.9268733179
FeCoGePd,660464.3370375608
FeCoGePt,665796.8937158945
FeCoGeRh,684973.1888627129
FeCoGeRu,810705.8658378836
FeCoNiAs,706651.3020509162
FeCoNiGe,685284.0795195699
FeCoNiSn,710548.4781378895
FeCoO2,1483481.658437834
FeCoO3,1245685.9280920234
FeCoO4,812974.3513321995
FeCoPO4F,573199.4424879131
FeCoPO5,640939.7204356138
FeCoPt2,907631.493324121
FeCoReSi,689480.3776665996
FeCoS4,112574.62283189586
FeCoSb,758718.2644727011
FeCoSbRh,726964.3537117916
FeCoSe2,386525.77293782186
FeCoSi,626797.9697482239
FeCoSi2,221376.93421893733
FeCoSiIr,671355.0016289578
FeCoSiMo,512292.85063660186
FeCoSiNi,690792.4014332361
FeCoSiOs,743042.6724446064
FeCoSiPd,656684.8337547831
FeCoSiPt,663191.9869143704
FeCoSiRh,681462.5612716168
FeCoSiRu,784591.6824785543
FeCoSiTc,719431.3719442405
FeCoSiW,455282.6644479546
FeCoSn,739535.0131524203
FeCoSnIr,791449.6266671628
FeCoSnPd,610815.9906004266
FeCoSnPt,617386.6251913678
FeCoSnRh,730773.5362364578
FeCoSnRu,797657.0840540299
FeCoTcGe,726892.6217524402
FeCu,996235.6333440362
FeCu(PO4)2,308372.1493758843
FeCu(RhS2)4,96048.53981813433
FeCu(RhSe2)4,139782.7337987312
FeCu2(SO4)2,321431.0428588799
FeCu2BO5,429054.3216034805
FeCu2GeS4,247473.03072281863
FeCu2GeSe4,202230.37061532662
FeCu2H21(O5F4)2,173115.67137537885
FeCu2Si,267960.5867092343
FeCu2SiSe4,217758.2593347604
FeCu2SnS4,229749.96555786498
FeCu2SnSe4,183730.48484764056
FeCu3,497185.88487685355
FeCu3(PO4)4,152622.38084530822
FeCu4,365021.8105562218
FeCu4BiPbS6,165640.31616689023
FeCu5S4,232978.73075856187
FeCuGePd,464944.1416355634
FeCuGePt,483946.8528898423
FeCuGeRh,541591.9647175769
FeCuNi,835972.0155224442
FeCuNiGe,389384.2911568107
FeCuO2,1025830.0494963401
FeCuO3,865693.1185816057
FeCuPO5,432619.3742347903
FeCuPd2,357502.06326978933
FeCuPt2,661461.4033299059
FeCuS2,423760.73894230154
FeCuSe2,390476.5505774782
FeCuSeS,381046.4476177665
FeCuSiIr,418798.642751723
FeCuSiNi,455770.1743552369
FeCuSiOs,448942.45589151257
FeCuSiPd,489441.1143445255
FeCuSiPt,430510.6567738334
FeCuSiRh,543156.2961955993
FeCuSiRu,539207.60193055
FeCuSiTc,476708.8270860535
FeCuSnPd,438810.67194620724
FeCuSnPt,406303.6050752145
FeCuSnRh,492349.3704115399
FeCuTe2,288662.60503761866
FeF,1418662.6988864548
FeF2,1056307.2544973374
FeF3,1044436.5435696621
FeF4,494138.8365959606
FeF6,366416.91115885595
FeGe,428660.42190027324
FeGe2,130043.15613698153
FeGe2Ir,211018.47629297254
FeGe2Pd,323781.34149142
FeGe2Pt,315492.26083878527
FeGe2Rh,217260.99071701476
FeGe3,331553.93462470983
FeGe4H24C8(S5N)2,57081.138540776614
FeGe7N10,144793.6956372588
FeGeIr,563938.6911416539
FeGeIr2,596489.436095239
FeGeIrPd,445372.47041759
FeGeN2,624245.4913342245
FeGeO3,713315.062296707
FeGePd,298253.5669169033
FeGePd2,480424.4567612099
FeGePdAu,427040.5620989886
FeGePdPt,450569.56723341404
FeGePdRh,439624.6712103428
FeGePt,477621.15230570827
FeGePt2,478528.6690423505
FeGePtRh,425697.8859686386
FeGeRh,469261.5129199608
FeGeRh2,539184.3579731113
FeGeRu2,692781.1962795233
FeH,1562052.382744401
FeH10S2(NO2)4,208161.61424328393
FeH10S2NO11,170637.4974038331
FeH12(NF2)3,242769.370520703
FeH12(SO7)2,163384.44138348542
FeH12C2(N5O3)2,116968.51324814266
FeH12C2S2(O2F)6,103072.76806037081
FeH12C4(N9O2)2,90815.83224508821
FeH12C4(S2N5)2,109040.0878951916
FeH12C4(S2O3)2,125639.45332969302
FeH12C6(NO)8,109339.55111486999
FeH12Pt(ClO)6,114274.40557870759
FeH18C6N6O13,88263.65763329985
FeH2(CO2)2,328498.03004777717
FeH24C6(IO3)2,88095.36862037148
FeH2Cl5O3,195405.3045369437
FeH2O3,785610.8954620915
FeH2SO5,421650.5019436342
FeH3,293499.7961322268
FeH36C12S6(BrO2)3,57465.143206518136
FeH4(CO3)2,314062.1574856031
FeH4(ClO)2,337374.9788042527
FeH4(SO5)2,170409.82662555983
FeH4Br3N,252060.03878177603
FeH4C3O5,293108.07812353666
FeH4Cl5O,235548.45306625063
FeH4N2F5,475907.8576981036
FeH4SO4,251974.89987929666
FeH5O4,691969.5710693412
FeH6C2(NO2)2,255958.5825737966
FeH7(CO2)4,255878.40234885973
FeH7C3NO6,184220.97114335967
FeH7SO8,263461.7588475329
FeH8(BrO2)2,214165.1742565498
FeH8(ClO2)2,222224.0666914328
FeH8C4(S2N3)2,135776.89936301392
FeH8N2F5,529804.1173250327
FeH8S2NO10,208950.75055007963
FeH9(SO6)2,185982.11896723238
FeHC2O3,540822.562767388
FeHN2Cl5,141415.20963836505
FeHO2,1290015.651193506
FeHO3,684335.8144863341
FeHg2O3F5,481321.5983521563
FeHg3,322364.8763584407
FeHgO3,665046.4989710544
FeI2,386244.5245399294
FeI3,229435.11093836167
FeIr,921388.05401608
FeIr3,493671.89717877
FeIrO3,1039213.7156823126
FeMo2H7O11,181650.56775385456
FeMo3As4,220212.55856174915
FeMo3S4,266306.24505445047
FeMoAs2,290607.60438195925
FeMoClO4,401524.56845935923
FeMoO,1493801.021084488
FeMoO3,522136.0614563594
FeMoO4,466837.5255466271
FeMoPt2,399843.8004480089
FeN,280487.3297643084
FeN2Cl5O,188940.49838854943
FeN2F5,655001.2360150142
FeN3Cl5,106339.11951212853
FeNCl3,214363.00943493852
FeNi,1332722.6901044114
FeNi(PO4)2,434925.81263489893
FeNi(PS3)2,280381.29102322215
FeNi2,1042564.7488696933
FeNi2As,616654.5444841441
FeNi2BO5,996114.383524342
FeNi2Ge,546347.0788572186
FeNi2Pt,785158.9950587694
FeNi2Sb,569853.7930410006
FeNi2Sn,536969.1495375284
FeNi3,981064.788432943
FeNi3Sn2(PO4)6,206261.7916151309
FeNiAg2F7,424459.7632756982
FeNiAs,469827.59294097306
FeNiAs4,68761.50812828256
FeNiAsPd,524149.8070606608
FeNiAsPt,507648.1226477194
FeNiAsRh,516179.29236722604
FeNiB,643312.5985254836
FeNiGe,622666.8079262564
FeNiGeIr,489543.08451466163
FeNiGePd,507871.4347139518
FeNiGePt,501222.2780132598
FeNiGeRh,471749.08112334745
FeNiGeRu,570872.9812317725
FeNiN,765602.2244510622
FeNiO2,1457708.2058820575
FeNiO3,1090096.1429580152
FeNiP,340051.12128484726
FeNiP2O9,323081.3111921531
FeNiPO5,759613.3688936371
FeNiPt2,682376.3999221709
FeNiPt6,456759.787121767
FeNiS2,248094.0764991216
FeNiS4,145757.28499666275
FeNiSbPd,446809.15137904475
FeNiSbPt,446502.35806723917
FeNiSbRh,457231.08104752516
FeNiSe4,92330.64653615767
FeNiSn,550932.0976257207
FeNiSnPd,467467.44787085295
FeNiSnPt,466796.10375933384
FeNiSnRh,459825.4288030822
FeNiSnRu,568968.8035118816
FeNiTe4,63076.89874512289
FeO,1723558.6517295835
FeO2,998844.8832393897
FeO2F,996270.5571054982
FeO3,655767.0837651046
FeOF,1324016.8282769579
FeOsO3,1028388.8594212558
FeP,244221.6786688493
FeP(H2O3)2,437897.6001107616
FeP2(H4O5)2,192514.69233710537
FeP2CO8,301531.520007227
FeP2H6NO8,274645.7364147766
FeP2HO7,389949.71483256255
FeP2O7,306329.75639560795
FeP3(H2O3)3,237834.70311204248
FeP3(HO)6,288600.62832862756
FeP3H5NO10,216977.52887891736
FeP4O11,171262.52022665617
FeP6(WO8)3,151808.0144191877
FePCl8,159482.21493578036
FePH2O5,548668.4053536694
FePH3CO7,331012.09052919847
FePH5CO4,310593.3777233742
FePH5CO8,212431.69007932933
FePH5NO4F,294100.17464960983
FePH6(NO2)2,393073.90868474776
FePH6NO5,308719.081936665
FePHO4,580897.2094518612
FePHO5,411881.9554186168
FePO4,547361.9175706806
FePO4F,449069.1260128585
FePRh,510207.181087526
FePS3,371800.3725782492
FePSe3,303936.7014970614
FePbO3,612431.4341280782
FePbW2,274179.9671439976
FePd,1098838.4913571016
FePd2,799539.117114464
FePd2Au,579007.1368002677
FePd2Pt,616492.9366025655
FePd3,634177.0383593854
FePdO3,545573.2389271819
FePdPt2,589555.0057087772
FePt,1085556.728460863
FePt3,642805.3117702579
FePtO3,924829.1648873151
FeRe2(H2O3)4,144771.97270346893
FeRe2(MoS4)2,162020.33044618322
FeRe2Si,419098.3601731068
FeRe3,233459.20538488915
FeReB,535267.4066135008
FeReO3,1006962.6446853044
FeReSiMo,122736.56455027177
FeReSiNi,238354.25404730998
FeReSiTc,300160.9393846174
FeReSiW,132769.51736701993
FeRh,1447405.3301025901
FeRh(PbO3)2,340094.45457581925
FeRh3,597358.3240098492
FeRhO3,1070421.9849355812
FeRuO3,1117797.9310175667
FeS,155783.4218551105
FeS2,204595.37620262866
FeS2(NO7)2,265487.5052035325
FeS2NO8,358969.67727412615
FeS4N4Cl5,147879.31631329426
FeS6(NO2)9,356275.90072950366
FeSCl7,137955.2657445053
FeSO10,184002.82338084775
FeSO3,616399.6603357631
FeSO4,539549.2969907857
FeSO4F,557848.7181726259
FeSO7,260088.93379269968
FeSO8,402638.8932875312
FeSb(ClO)8,239683.67563084082
FeSb(P2O7)2,177884.28478191435
FeSb2,123518.54360376326
FeSb3,95983.6828378787
FeSb3(PO4)4,131371.7154231472
FeSb3(PO4)6,97447.57318433444
FeSb6(Pb2S7)2,60659.99536410709
FeSbIr,567658.2923137173
FeSbO3,741246.7829399861
FeSbO4,523266.8132455903
FeSbPd,438233.6668112967
FeSbPd2,408592.41110246937
FeSbPdAu,355618.60092252673
FeSbPdPt,417652.6620256627
FeSbPdRh,415261.6624085521
FeSbPt,442282.08360586106
FeSbPt2,442898.27257832745
FeSbPtRh,409872.40602290054
FeSbRh2,496924.7719681829
FeSbTe,136688.01420685032
FeSe,632749.4652199245
FeSe2NO8,303890.06400304247
FeSeBr7,137720.74288079544
FeSeCl7,185159.854568814
FeSeO4,501273.6877561471
FeSeO5,391751.3081233874
FeSi2Ir,183229.49627642226
FeSi2Mo,194220.3032387182
FeSi2N3,459216.06936613366
FeSi2Ni,255072.05414701937
FeSi2Pd,317575.5506674142
FeSi2Pt,316883.50458550244
FeSi2Rh,307604.3611189141
FeSi2W,203502.60498001595
FeSi7N10,170504.5872651118
FeSiIr,455402.8415796059
FeSiIr2,622097.3862733244
FeSiIrPd,441250.8097289189
FeSiIrPt,432339.84005359747
FeSiIrRh,486590.6620845882
FeSiMo,105396.33299993309
FeSiMo2,165855.33581799877
FeSiMoIr,358550.02179888275
FeSiMoOs,304597.64434591983
FeSiMoPd,236338.6919164114
FeSiMoPt,167838.41993465656
FeSiMoRh,359511.1584345757
FeSiMoRu,304697.73543397133
FeSiN2,669371.0966193378
FeSiNi,424847.8153473953
FeSiNi2,586714.77078508
FeSiNiIr,474500.1722688849
FeSiNiMo,185598.42565186787
FeSiNiOs,423960.0242345128
FeSiNiPd,499632.1919976218
FeSiNiPt,494738.2854204094
FeSiNiRh,487638.2437461341
FeSiNiRu,478459.477227485
FeSiNiW,78510.05037416695
FeSiO3,682855.436382374
FeSiO4,398753.15679537813
FeSiOs2,567391.0344243256
FeSiOsW,306885.0932670733
FeSiP3O11,246368.5569939869
FeSiPd,467688.8871632678
FeSiPd2,485719.2745968999
FeSiPdAu,402014.3985803346
FeSiPdPt,443571.7929592016
FeSiPdRh,438709.3690530597
FeSiPdRu,433273.177961225
FeSiPt,428241.24495465955
FeSiPt2,471847.1314636895
FeSiPtRh,432585.85253857356
FeSiRh,448635.49227698595
FeSiRh2,546351.9298578649
FeSiRhAu,402808.98761102074
FeSiRhW,367898.32792855956
FeSiRu,305808.12192702905
FeSiRu2,618186.2917287331
FeSiRuPt,365026.8077012879
FeSiRuRh,517855.02151214855
FeSiRuW,309557.8412833094
FeSiTc2,409226.59230104653
FeSiTcIr,210896.68804380822
FeSiTcMo,289315.16966478946
FeSiTcNi,301618.7498858857
FeSiTcPd,312581.6901122044
FeSiTcPt,213001.702098106
FeSiTcRh,411774.38869714935
FeSiTcRu,391269.40144400013
FeSiTcW,127743.97671886344
FeSiW,98764.29647341244
FeSn,492828.8736176018
FeSn(PO4)2,241049.1493371719
FeSn2,250675.6439646775
FeSn2Pt,271036.6955332014
FeSn2Rh,235761.01717465304
FeSn3,271690.81324059155
FeSn3(PO4)6,147781.63766949993
FeSnCl4,237973.55939873494
FeSnH12(OF)6,152398.87557733856
FeSnIr,494599.2803472699
FeSnIrPd,420724.7812731175
FeSnIrPt,409855.62771744997
FeSnO3,632467.6280773039
FeSnO6,514353.5947597331
FeSnPd,543626.3570153555
FeSnPd2,436330.1306138701
FeSnPdAu,378456.66936504043
FeSnPdPt,409230.02765138366
FeSnPdRh,417337.22646657506
FeSnPt,450910.4229977898
FeSnPt2,435243.16574966547
FeSnPtAu,367316.16550550685
FeSnPtRh,406371.66270550684
FeSnRh,502030.76906275965
FeSnRh2,470052.1605945712
FeSnRhAu,376822.52805493976
FeSnRu2,640487.7479398745
FeTc2Cl,176461.09768855572
FeTc2Ge,343640.2756727846
FeTcNiGe,669866.8513282699
FeTcO3,894398.823515348
FeTe,428550.8687213556
FeTe3BrO7,227353.45476551226
FeTe3ClO7,235814.82870679683
FeTe3O8,214042.30633903635
FeTe6O13,133141.24248140454
FeTeBr7,140502.9690433504
FeTeCl7,173501.24385251003
FeTeO3,606342.8583036058
FeTeO3F,605156.4364314305
FeTePd2,414655.24395709723
FeTeRh,642865.494669276
FeWClO4,397254.51079892274
FeWN2,808198.9083588107
FeWO3,532733.8342272989
FeWO4,552835.3936419366
Ga(FeO2)2,1113644.9360128876
Ga(NF2)3,492936.4026277021
Ga(NiO2)2,401042.3452851839
Ga(OsO2)2,154219.76594334142
Ga(RuO2)2,122701.3722504438
Ga13Fe11O32,723254.1186169373
Ga2Co(SO)2,214218.98177477263
Ga2Co2Mo3,122070.09324596175
Ga2Co2O5,530860.814933157
Ga2Co6C,385255.34981966595
Ga2CoN3,274047.5387083488
Ga2CoNi,65295.29999139249
Ga2CoO4,317342.73240125226
Ga2CoPd,83928.65159265297
Ga2CoPt,126527.69257751432
Ga2Cu(SO)2,103213.93545996746
Ga2CuO4,62106.69566999063
Ga2Fe(PO4)3,188995.4139931663
Ga2Fe2Bi2O9,467238.901286393
Ga2Fe2O5,825088.4355743977
Ga2Fe2S5,384275.8667166213
Ga2Fe6C,932688.5906779185
Ga2FeCu,278439.68302513415
Ga2FeCu4Ni,218407.1947904887
Ga2FeCu5,228601.58986470872
Ga2FeN3,645248.5062032079
Ga2FeNi,126272.19585164651
Ga2FeNi9,410353.5974515638
Ga2FeO4,493761.6243250765
Ga2FePd,235248.47561646096
Ga2FePt,330999.20151716704
Ga2FeRu,226756.22424413374
Ga2FeS4,262330.10495733796
Ga2FeSe4,215650.0938827885
Ga2FeTc,358461.7378820934
Ga2Mo2O5,255527.9326759585
Ga2MoIr,291965.57261823217
Ga2MoRh,269738.8688850406
Ga2MoRu,350936.9565602869
Ga2Ni2O5,328965.3057809477
Ga2NiCl8,65759.34846127029
Ga2NiN3,135892.0256299082
Ga2NiO4,252461.7833646444
Ga2NiS4,134127.6943373841
Ga2Os2O5,80242.47137967242
Ga2P3H8(NO4)3,121370.55454106102
Ga2P4C6NO14,51529.603059433044
Ga2Re2O5,156700.88366703954
Ga2Rh2O5,62241.63146558093
Ga2Ru2O5,129372.4923761664
Ga2Tc2O5,188385.40440608555
Ga2W2O5,69587.45506493913
Ga3Co4Ge,228109.11999509262
Ga3Fe4Co8Si,1084481.5475953207
Ga3Mo,113627.67758393013
Ga3Ni12Sn,125554.81487496203
Ga3O5,87549.99005805944
Ga3P6O31,280504.8942834877
Ga4Fe3,531668.5569832
Ga5Fe6,780381.7613796174
Ga7(Fe3O8)3,952336.4466365712
GaAgRh2,57948.91134489767
GaAsO6,330928.75977766747
GaC6,133696.1885905065
GaCo2As,300347.4064164692
GaCo2Cu,377776.13842067943
GaCo2Ge,223667.35149263527
GaCo2Ir,630258.9214404868
GaCo2Mo,523022.471717371
GaCo2Ni,583102.1708437951
GaCo2Pd,484895.94586627366
GaCo2Pt,534775.7563908153
GaCo2Rh,618632.6101012502
GaCo2Ru,754044.2498793242
GaCo2Si,239266.88642888077
GaCo2Sn,215112.32555800266
GaCo2Tc,730273.6858890337
GaCo2W,318631.9838770012
GaCo3,768956.0949431726
GaCo4,978790.3386063891
GaCo4Ge3,283749.3360627886
GaCoAgPd,131978.06385608835
GaCoCuIr,273506.95513382414
GaCoCuPd,225482.99562356988
GaCoCuPt,219427.8938374508
GaCoCuRh,345628.3772509844
GaCoCuRu,395233.754196846
GaCoIrPd,336589.12687844265
GaCoIrPt,339891.3245084259
GaCoIrRh,412753.82233166107
GaCoIrW,278706.6864424337
GaCoMoIr,437398.93487714283
GaCoMoRh,432057.1305306294
GaCoN2,73420.22256140357
GaCoNi2,335833.7901917716
GaCoNiAu,148093.9267170544
GaCoNiIr,368824.39262833056
GaCoNiPd,301643.5340124795
GaCoNiPt,303996.68343633704
GaCoNiRh,389830.7762297306
GaCoNiRu,461324.0159752257
GaCoO3,687555.2648011746
GaCoPd,184034.64823954672
GaCoPd2,126427.09061974677
GaCoPdAu,194316.71689121195
GaCoPdPt,268084.5986215513
GaCoPdRh,340818.99732702214
GaCoPt,265945.59373519593
GaCoPt2,275474.41643247777
GaCoPtRh,353563.54127554334
GaCoRh,366542.79776714864
GaCoRh2,428099.5705518753
GaCoRhAu,195051.26343162265
GaCoRhW,253200.31602446825
GaCoRuPt,291126.10747319285
GaCoRuW,329702.08749497455
GaCoTc2,327639.14450204134
GaCoTcMo,155878.2024227121
GaCoTcNi,162329.32255522755
GaCoTcPt,63732.633920004795
GaCoTcRh,654462.7191783023
GaCoTcRu,457082.64821505814
GaCoTcW,154686.71498632515
GaCu4Ni15,260632.46319052397
GaCuIrRh,149517.16290231096
GaCuMoPt,164671.62846642375
GaCuNiRu,139600.437623397
GaCuPdRu,60634.62807606748
GaCuRuPt,130115.63710146127
GaCuRuRh,137353.38128130735
GaFe,694720.5368640901
GaFe(BiO3)2,350508.0551011488
GaFe2,1114659.886501973
GaFe2BO5,808059.9214079935
GaFe2Co,1010848.8591583656
GaFe2Co4Si,1094728.2347856562
GaFe2Cu,837626.1371170601
GaFe2Ir,930858.3978976482
GaFe2Mo,160362.49196078948
GaFe2Ni,921752.3847308963
GaFe2Pd,866263.5313992191
GaFe2Pt,889188.314149482
GaFe2Rh,950430.9609537498
GaFe2Ru,982136.1587965209
GaFe2Tc,693213.9140166035
GaFe2W,173305.44061666407
GaFe3,1280937.524687794
GaFe3As,840305.783472812
GaFe3N,875934.1397181763
GaFe4,1383381.9165257027
GaFe4Co8Si3,1113531.280339235
GaFe7N2,970337.4089680729
GaFeAgPd,408258.75326501206
GaFeAgPt,413172.1089965952
GaFeAs,239723.3036104285
GaFeAs2,78730.89212182384
GaFeCo2,983400.7607948664
GaFeCoCu,661195.5274807826
GaFeCoIr,774422.7284225314
GaFeCoMo,388273.96891403804
GaFeCoNi,758473.6320429813
GaFeCoOs,754862.7804285706
GaFeCoPd,709185.0701078494
GaFeCoPt,716721.735728819
GaFeCoRh,789281.0938773148
GaFeCoRu,843536.4305884565
GaFeCoTc,576413.4283768777
GaFeCoW,361609.7879085351
GaFeCuIr,521849.613334878
GaFeCuNi,557460.4821642261
GaFeCuPd,504447.4131579328
GaFeCuPt,485040.978264011
GaFeCuRh,527529.0548698494
GaFeCuRu,551199.9709207208
GaFeGe,274084.2047080073
GaFeIr,549002.6144654142
GaFeIr2,700979.7916607223
GaFeIrPd,468017.8075563994
GaFeIrPt,464938.8518126991
GaFeIrRh,490699.221949379
GaFeIrW,312953.54182652076
GaFeMoIr,336452.94764367247
GaFeMoPt,262557.3270758148
GaFeMoRh,315402.5111274662
GaFeMoRu,135263.1860492536
GaFeN2,185905.29582523854
GaFeNi,652724.014017304
GaFeNi2,618967.9454621852
GaFeNiAu,487100.8415846414
GaFeNiIr,491454.64840196265
GaFeNiMo,281656.6318571492
GaFeNiPd,502093.7873180818
GaFeNiPt,516330.3719588199
GaFeNiRh,533879.2691789304
GaFeNiRu,650302.5882856277
GaFeNiW,236598.28436445756
GaFeO3,851180.7305152351
GaFePd,550629.8215309334
GaFePd2,472723.30298288254
GaFePdAu,431299.0284179526
GaFePdPt,445852.4972355772
GaFePdRh,479938.07625308225
GaFePt,524959.9311353781
GaFePt2,470413.9849027279
GaFePtAu,433958.14073486003
GaFePtRh,477294.94188549183
GaFeRh,536728.9320732633
GaFeRh2,703143.3200402621
GaFeRhAu,424683.7079295013
GaFeRhW,313149.04803503613
GaFeRu2,438841.31683437794
GaFeRuPt,348186.07484721957
GaFeRuW,148424.07047916183
GaFeTc2,401996.7487418185
GaFeTcNi,628443.8066911271
GaFeTcRh,508825.7180607408
GaIrO3,227319.07094376552
GaIrRh2,182865.7969666326
GaMoPd2,66913.9363874663
GaMoPt,160009.97470862145
GaMoPt2,79215.28493402897
GaMoRh2,150312.32785545004
GaN2OF5,277094.9186869635
GaNi2BO5,447762.5707595787
GaNi2Ir,76412.06849806549
GaNi2Rh,67688.12028398697
GaNi2Ru,267728.2678039655
GaNi3,95780.45931327848
GaNi6Ge,138350.36058874498
GaNiIr2,264639.16108176095
GaNiMoRu,184115.93839321262
GaNiO3,150291.13830922262
GaNiPdRu,221621.9660583373
GaNiRh2,175146.25189409548
GaNiRuPt,123319.07527662165
GaNiRuRh,175866.97389207676
GaNiRuW,175411.47660493827
GaO5,127535.10297914715
GaOsO3,410311.34423289704
GaP2C3N2O8F,155632.40739098558
GaP2O9,228144.03688578357
GaPNO5,87139.93860051947
GaPd2Ru,226287.60918099928
GaPdRh2,161048.6224788651
GaPtO3,248073.15342333962
GaPtRh2,59662.008769437525
GaReGe2,53826.76613953437
GaRhO3,389633.8006740626
GaRuO3,422474.39085034543
GaRuPt2,202293.46831729263
GaRuRh2,293748.5002931877
GaS2NO8,105546.90131910858
GaSe2NO8,89396.88617226135
GaSiC4N,55102.72937069218
GaSiNi6,138325.10312152916
GaTc2Ni,146140.79994700546
GaTc2Rh,302797.29530747596
GaTcNi2,302059.7666045779
GaTcNiIr,87620.38118878953
GaTcNiMo,129447.51622480851
GaTcNiPd,225309.17789458943
GaTcNiPt,197946.5755096252
GaTcNiRh,98754.3319900183
GaTcO3,173046.88810019678
GaTcPd2,277685.3001374847
GaTcPt2,265416.03114480904
GaTcRh2,290123.24813282496
Ge(C6F5)4,123221.35095588934
Ge(OsO2)2,210481.59149082477
Ge(PtO2)2,53202.07478114239
Ge(RuO2)2,188506.18937583576
Ge2(WO3)9,63054.1208619285
Ge2Mo2O5,191711.5640887014
Ge2MoO6,145286.307366614
Ge2Os2O5,149851.60689736734
Ge2Pt2O5,107893.48517824683
Ge2Rh2O5,197792.82517468042
Ge2Ru2O5,103850.19622678314
Ge2RuPt,184630.2303019578
Ge2W2O5,183212.67434413687
Ge2WO6,146421.57246727968
Ge3Mo,121850.44554575549
Ge3NO6,167447.3673410218
Ge5O11,89185.36376804917
Ge6C4NO13,69550.35922610103
Ge7(H2O11)2,170064.0844847013
Ge7HN3O20,382999.4541502251
Ge7N2O15,93657.48094951706
GeAs2O9,91509.93856208811
GeC2(NF)6,333740.49450291344
GeIrO3,270925.6986525322
GeMoO3,66748.18108091394
GeMoPd2,73906.73325063105
GeMoRh,118827.18094957266
GeN3F7,149560.82101777825
GeNCl3,137189.72860456252
GeOsO3,441672.5673271859
GeP2O9,235270.18709099496
GePtO3,177062.56287235953
GeRhO3,285595.2048679304
GeRuO3,482133.3664080351
GeRuRh2,223222.92827778455
H(C3N2)4,69626.07922380464
H(WO3)2,79902.49818938183
H2,131154.86015097477
H24OsC8(NF3)2,55549.936778903204
H2INO2,141667.0800866585
H4NF3,158380.37652500859
H5NO2,125427.18035074275
H6N4O9,83742.96837583855
H6RuCI3N,69824.32223044141
H8(NO2)3,57510.29010665748
HAuC4(N2O)2,175747.30726093054
HI(ClO)4,143492.2967780572
HNF2,141517.27628174098
HPb3Cl4OF,75706.75189722348
HPd3,169594.17866763182
HPtN5Cl4,69979.65886000072
HRuN6Cl3O,65655.91365142031
Hf(Al2Fe)4,239823.3896522664
Hf(AlNi4)3,90784.82038970257
Hf(CoAs)2,143946.47413941403
Hf(FeGe)2,69758.33677520715
Hf(FeGe)6,551889.9930179641
Hf(FeSi)2,52885.13283917524
Hf(GaFe)6,554193.5976002706
Hf(GaNi4)3,131971.8384358586
Hf(MnGe)2,487392.75423105696
Hf(MnGe)6,608181.5013943319
Hf(MnSn)6,533481.9285163409
Hf(NiO2)2,474432.03493976087
Hf(OsO2)2,96258.1565622769
Hf(PdO2)2,405602.6673761582
Hf(PtO2)2,392331.05380704696
Hf(RhO2)2,148654.24225314212
Hf(TcO2)2,267276.3073057108
Hf(US)3,463715.8406928243
Hf10MnSb5,78238.26695972818
Hf2Al3Au,64054.90149730419
Hf2Al3Pd,130430.69240694425
Hf2AlIr,128263.13293513343
Hf2AlPd,236097.70062762868
Hf2AlPt,190846.51498009716
Hf2AlRh,130422.42518685522
Hf2AlV,209974.77278824116
Hf2AsIr,124059.42077013018
Hf2AsPt,79671.00020469465
Hf2AsRh,121635.53937805946
Hf2AsRu,86213.94719702836
Hf2Au2O5,94170.05840863385
Hf2BeAu,127879.35993720233
Hf2BeNi,220170.00782752805
Hf2BePt,138037.17121016
Hf2BeRh,64536.55808822648
Hf2CdAu,113298.62244029311
Hf2Co2O5,276708.007618467
Hf2CoIr,97352.41253092828
Hf2CoO4,218724.08475037297
Hf2CoOs,142184.3404603597
Hf2CoRh,69704.93902737634
Hf2CoRu,121576.71309294637
Hf2Cr2O5,612802.8953628653
Hf2CrAs,86972.55427732214
Hf2CrCo,106284.62726151348
Hf2CrFe,246153.99066335315
Hf2CrIr,55563.5214493925
Hf2CrO4,472910.74758661847
Hf2CrOs,236087.54636333088
Hf2CrRe,352958.0004301555
Hf2CrRh,104671.35339985754
Hf2CrRu,232788.68817896128
Hf2CrTc,346793.6963865058
Hf2CuPt,68046.17469058785
Hf2CuSiAs2,53606.555345049244
Hf2Fe2O5,583898.7070413664
Hf2Fe2W3,140181.92395810923
Hf2FeAs,306902.86678300786
Hf2FeAu,67854.01346888392
Hf2FeB,166495.18492487352
Hf2FeC2S,142587.5535651821
Hf2FeIr,139514.39225841546
Hf2FeO4,345962.198270114
Hf2FePd,138214.1154045244
Hf2FePt,130287.73614641739
Hf2FeRh,127420.43381542098
Hf2FeRu,156891.32417454064
Hf2FeSb,293029.8642318863
Hf2FeSi,275637.13861993223
Hf2GaIr,121190.08263449895
Hf2GaNi,132799.30322711007
Hf2GaPd,177696.9622051981
Hf2GaPt,182436.0255951452
Hf2GaRh,130321.23412662852
Hf2GeAu2,94033.05590393316
Hf2GeIr,102740.53747338228
Hf2GeO4,122709.85810726152
Hf2GeOs,51413.44655145026
Hf2GePd,113642.80155492756
Hf2GePt,122503.6294341453
Hf2GeRh,169211.75333409698
Hf2Hg2O5,94288.59401015025
Hf2InCu2,63300.67122779222
Hf2InIr,121128.12879831041
Hf2InNi,121925.33909620905
Hf2InPd,214895.50978035256
Hf2InPt,173096.65106104186
Hf2InPt2,63238.38891716014
Hf2InRh,120652.45889185276
Hf2Mg,135140.58740276966
Hf2Mg2O5,56541.66693944406
Hf2Mn2O5,746429.3395135832
Hf2MnAs,196409.54021112973
Hf2MnAu,125495.05652282554
Hf2MnFe,52387.13518363587
Hf2MnGe,131699.65605177227
Hf2MnMo,311371.38177328615
Hf2MnOs,80598.71363630734
Hf2MnPd,159599.9233924444
Hf2MnPt,199385.99186219263
Hf2MnRe,206917.0463145566
Hf2MnRu,66370.60474001069
Hf2MnSb,212799.41592894122
Hf2MnSi,134043.28161670757
Hf2MnSn,133443.91089136753
Hf2MnTc,197088.25649975234
Hf2Mo2O5,98504.31177334476
Hf2N3,146195.18407071856
Hf2NbSi,56754.198429485165
Hf2NbSn,55248.79299477428
Hf2Ni2O5,263999.49424692173
Hf2NiAu,67126.9341439026
Hf2Np2O5,575522.0347473588
Hf2O3,118086.83132032616
Hf2O5,97036.40169514979
Hf2Pa2O5,243100.19385422015
Hf2Pd2O5,78955.87517365112
Hf2Pt2O5,91071.37698113044
Hf2Re2O5,86021.9412686907
Hf2Rh2O5,144815.82083950687
Hf2Ru2O5,68467.12822508474
Hf2SbIr,122767.23007869697
Hf2SbPd,84846.90657241014
Hf2SbPt,78522.6333660138
Hf2SbRh,121433.77933985608
Hf2SbRu,105745.6860651382
Hf2SiIr,88475.37400451454
Hf2SiPd,115303.56787752855
Hf2SiPt,128352.60706664764
Hf2SiRh,52960.198040925105
Hf2SnAu2,99947.18465165726
Hf2SnIr,148633.23886876032
Hf2SnOs,86532.32719935439
Hf2SnPd,107107.31030355154
Hf2SnPt,111563.03985605574
Hf2SnRh,173838.00805763048
Hf2SnRu,110570.51300686969
Hf2TcSb,57620.83602969046
Hf2Th2O5,104092.33493124136
Hf2Ti3Au2,136181.28369043974
Hf2TiAl,165448.23789130422
Hf2TiAs,95927.29065898685
Hf2TiAs2,164360.13965585714
Hf2TiGa,158973.94268084512
Hf2TiGe,172024.03304140733
Hf2TiIn,205686.15300306826
Hf2TiIr,159635.26118649723
Hf2TiIr2,153010.22543051848
Hf2TiNi,253581.63802035127
Hf2TiOs,312016.1692178183
Hf2TiPd,245074.54925919796
Hf2TiRe,270126.6863039708
Hf2TiRh,338657.8868435931
Hf2TiRu,312701.59197912225
Hf2TiSb,81398.56459674804
Hf2TiSi,174363.20249858074
Hf2TiSn,171442.57486079965
Hf2U2O5,367172.46168500464
Hf2UIr,204500.0564567495
Hf2UPt,365167.4804449485
Hf2V2O5,355661.0516964542
Hf2VAu,153183.73901338308
Hf2VCo,272653.9315435941
Hf2VFe,379812.587267233
Hf2VGa,199345.69194037258
Hf2VGe,54934.3564095026
Hf2VIr,134986.35059070287
Hf2VNi,196272.35901435505
Hf2VOs,360078.00741997745
Hf2VPd,175569.65213260875
Hf2VPt,135934.0365449872
Hf2VRe,211682.44939344292
Hf2VRh,135032.5537551085
Hf2VRu,359361.26871839084
Hf2VSi,107167.1828228808
Hf2VTc,229446.5664115563
Hf2W2O5,107420.79181716825
Hf2ZnAg,111694.01023440526
Hf2ZnAu,120395.4089256928
Hf2ZnPd,127182.38760401585
Hf2ZnPt,129098.43489617982
Hf2ZrAl,98157.56010736972
Hf2ZrGe,70728.68694699534
Hf2ZrSi,69642.40289288695
Hf2ZrSn,106557.18800938499
Hf3(CrIr)2,402345.2294276459
Hf3(CrRh)2,396178.8138166237
Hf3(MnGa3)2,187695.14587581437
Hf3(NbPt)2,65080.714404660306
Hf3(VPt)2,384441.2517601112
Hf3CoS6,75287.2992385683
Hf3MnF6,123304.1153091727
Hf3Ni(OF)6,62002.417128294524
Hf3NiF6,50799.54947632898
Hf3TaCo8,209893.34569385365
Hf3Ti2Ga3,115003.5508981906
Hf4FeS8,90173.6441781329
Hf4N3,73626.27761835164
Hf4V,150300.29822679964
Hf5Zr5Ga6,62019.13958610525
Hf6Al16Co7,59720.666615212474
Hf6Co23,666852.6366246203
Hf6Fe16Si7,143262.3027305642
Hf6FeSb2,66222.37892295358
Hf6PbO18,217616.3333043708
Hf8PbO24,229089.59578811954
HfAgAu,89949.99519370386
HfAl2Co,87414.04915215293
HfAl2Cr,281222.067341528
HfAl2V,306036.0457223243
HfAlCo2,145183.73472511803
HfAlCoAu,90501.92764810106
HfAlCoHg,54130.54508670078
HfAlCoIr,215933.723514607
HfAlCoNi,196959.16558263317
HfAlCoOs,177483.76527834192
HfAlCoPd,129200.37298189766
HfAlCoPt,123130.69143296288
HfAlCoRh,70289.10225408255
HfAlCoRu,183381.04070875753
HfAlCrAu,500394.34083186975
HfAlCrCo,633896.7249024295
HfAlCrFe,480294.5469276689
HfAlCrIr,430481.6490676421
HfAlCrNi,530576.7087613204
HfAlCrOs,436299.1900988788
HfAlCrPd,500339.3714661407
HfAlCrPt,366452.3494691817
HfAlCrRe,298144.6750886977
HfAlCrRh,434475.37148153794
HfAlCrRu,449958.90921109356
HfAlCrTc,325072.3226696318
HfAlFe,50723.871076896154
HfAlFe2,169962.1138427523
HfAlFeAg,196037.14159193967
HfAlFeAu,277036.60598063405
HfAlFeCo,571671.2168313105
HfAlFeCu,214067.5827108768
HfAlFeIr,263996.1824432296
HfAlFeMo,398315.86344861094
HfAlFeNi,372178.96460491815
HfAlFeOs,340311.15058672667
HfAlFePd,261022.07165174524
HfAlFePt,295308.6307649758
HfAlFeRe,272928.19934264093
HfAlFeRh,247034.10650187705
HfAlFeRu,339278.3148924535
HfAlFeTc,380300.84504791535
HfAlNi,84863.13265199616
HfAlTe2,95636.11969199439
HfAlVCo,464424.2197638958
HfAlVFe,312639.028133494
HfAlZnCr,383856.08617638715
HfAlZnFe,126328.26246765809
HfAs2O9,189041.67016659904
HfAsO3,59561.138910351314
HfAsRu2,113015.79605647741
HfAuO3,83415.16928859058
HfBRu,110582.32285837395
HfBeAlFe,58722.239676183206
HfBeCoGe,85896.42866268486
HfBeCoSi,93699.2363279231
HfBeCrSi,289838.1357197796
HfBeGaFe,87965.9518761241
HfBePd,53567.605693182915
HfBiRu2,114936.26332960914
HfBr3,86898.20887675739
HfCdNi,96201.1262336505
HfCdPd,90712.85820203737
HfCl3,81686.25575382827
HfCo,54493.18979408529
HfCo2,190323.978061676
HfCo2As,258023.01939423755
HfCo2Au,105935.97393325205
HfCo2B,200591.37207516158
HfCo2Bi,212247.77781794278
HfCo2Cu,208290.2730868705
HfCo2Ge,263876.6843428357
HfCo2Ni,274258.0300205837
HfCo2Pb,292022.50787433854
HfCo2Sb,190618.3870004842
HfCo2Si,239711.89848242275
HfCo2Sn,178434.175280321
HfCo3,496623.92407709954
HfCoAgAs,140160.35244007065
HfCoAs2,111202.00261215353
HfCoAsAu,94543.77668341825
HfCoAsIr,225300.91762029845
HfCoAsOs,271172.4393054808
HfCoAsPd,64481.53558976483
HfCoAsPt,110408.54914872888
HfCoAsRh,196831.39653762255
HfCoAsRu,291901.0537219038
HfCoAu2,74998.67886188065
HfCoB,354696.96395170543
HfCoBIr,177791.4047097588
HfCoBRh,170494.2664075127
HfCoBiIr,166215.0567635303
HfCoBiPt,85734.53023346525
HfCoBiRh,128298.76677759885
HfCoBiRu,256020.42510398463
HfCoCuAs,59939.72835054293
HfCoGe,118614.68700845753
HfCoGe2,72102.4409742849
HfCoGeAu,68187.81652836647
HfCoGeIr,280663.5179086148
HfCoGeMo,139146.78408583454
HfCoGeOs,156068.50487573328
HfCoGePd,93541.29592860128
HfCoGePt,181360.46763218578
HfCoGeRh,250698.1952735866
HfCoGeRu,267019.9942293436
HfCoIr,273098.4137952323
HfCoIr2,395135.2339443064
HfCoIrPb,256171.72145728854
HfCoMo2,167241.08181341688
HfCoN2,137389.21196654675
HfCoNi2,100572.93532587506
HfCoNiAs,66735.36739042164
HfCoO3,273215.18424516753
HfCoPd2,112453.89481648535
HfCoPt2,59135.050996409234
HfCoRe2,220047.20194376842
HfCoReSb,141297.94807293327
HfCoRh,197064.98481163502
HfCoRh2,320134.6323511988
HfCoRhPb,207645.42984634492
HfCoRu2,469387.7606609053
HfCoRuPb,139681.6269828345
HfCoSbAu,61355.992898841076
HfCoSbIr,178871.14131285826
HfCoSbOs,277220.64569487236
HfCoSbPt,86075.12979002309
HfCoSbRh,150169.78679055732
HfCoSbRu,286025.16789431084
HfCoSi,102058.25502398839
HfCoSiAu,62873.07573863576
HfCoSiIr,300068.43307128875
HfCoSiMo,122440.33110980628
HfCoSiOs,162795.73503755053
HfCoSiPd,98602.38677378358
HfCoSiPt,185683.5873823905
HfCoSiRh,258655.1027795968
HfCoSiRu,280222.5265318599
HfCoSn,82187.38498010462
HfCoSnAu,61465.03104635832
HfCoSnIr,248551.63359610253
HfCoSnMo,121389.74634965546
HfCoSnOs,143003.42611528345
HfCoSnPd,57942.335819674496
HfCoSnPt,162516.55948680005
HfCoSnRh,126794.08136151133
HfCoSnRu,143905.07334200744
HfCoTc2,280069.86529539357
HfCoTcAs,142394.8068541029
HfCoTcSb,142879.85077946488
HfCr(PbO3)2,151662.37123221043
HfCr2Si,629740.383526725
HfCrAgS4,193438.27829345778
HfCrAs,406846.86040676024
HfCrAsAu,484067.3362756524
HfCrAsIr,290407.61090626183
HfCrAsPd,455691.16601304756
HfCrAsPt,498049.01464312396
HfCrAsRh,282060.2319114117
HfCrAsRu,158159.2603503818
HfCrAu2,532415.6929191853
HfCrB,94520.45935214424
HfCrBiPt,494618.8604817046
HfCrCo2,722530.5686699098
HfCrCoAs,299456.0488835902
HfCrCoGe,431449.90980287467
HfCrCoSi,448175.9049108225
HfCrCoSn,674363.4008706486
HfCrCuAs,348344.6553915917
HfCrCuGe,405662.0070549781
HfCrCuS4,214487.35221663283
HfCrCuSe4,180435.6401462108
HfCrCuSi,408653.439241239
HfCrFeAs,452064.42028138624
HfCrFeGe,500770.7785683303
HfCrFeSi,512035.6589150536
HfCrFeSn,568658.2889002156
HfCrGa2,316752.1945581953
HfCrGaAu,503318.54585646425
HfCrGaCo,648416.2673349706
HfCrGaCu,495175.8179674306
HfCrGaFe,483229.66231872136
HfCrGaIr,425977.61993328214
HfCrGaNi,630663.4409429223
HfCrGaOs,444549.9836283282
HfCrGaPd,556147.8356536953
HfCrGaPt,557280.2354929401
HfCrGaRh,535880.2744549215
HfCrGaRu,467517.1352436028
HfCrGaTc,307468.8976996039
HfCrGeAu,425723.59861933795
HfCrGeIr,367262.61257237924
HfCrGeOs,303396.79746521765
HfCrGePd,518438.1683009886
HfCrGePt,277037.22616521665
HfCrGeRh,371682.9596641217
HfCrGeRu,434285.2654945051
HfCrInCo,570785.6578350854
HfCrInIr,526543.8281094963
HfCrInNi,663563.2111258089
HfCrInOs,406358.99364599714
HfCrInPd,561730.1616425234
HfCrInPt,570178.6971655509
HfCrInRh,533282.2757740538
HfCrInRu,409127.22187955584
HfCrIr,520509.48425966245
HfCrIr2,380793.483534385
HfCrNi2,554970.9746357086
HfCrNiAs,441580.5303535981
HfCrNiGe,283731.2079322347
HfCrNiSn,541609.8546233698
HfCrO3,507137.6815373745
HfCrO4,274586.6046302772
HfCrOs2,316425.67105635157
HfCrP,310962.36880403286
HfCrPd2,522285.394568109
HfCrPt,544139.0974505363
HfCrPt2,526074.9471911554
HfCrPtPb,498821.30928967753
HfCrReGe,439990.5540561816
HfCrReSi,456850.13430251187
HfCrReSn,401826.8573779651
HfCrRh2,408812.1463051253
HfCrRhPb,515164.44020466343
HfCrRu2,349116.2402041551
HfCrS4,148746.8253243278
HfCrSbAu,419819.4804580631
HfCrSbIr,274659.55016861355
HfCrSbOs,138847.90878084063
HfCrSbPd,407873.3718162509
HfCrSbPt,264413.7540276877
HfCrSbRh,276643.6580860428
HfCrSbRu,140132.03222794368
HfCrSiAu,397734.91799611493
HfCrSiIr,384873.5030865743
HfCrSiMo,302579.53701138933
HfCrSiNi,290497.2067688711
HfCrSiOs,315158.05299167254
HfCrSiPd,265797.19376926636
HfCrSiPt,281259.5054745039
HfCrSiRh,388772.8565647145
HfCrSiRu,449804.04030839563
HfCrSiTc,461360.10808693443
HfCrSnAu,386361.58778616635
HfCrSnIr,349508.96407127375
HfCrSnOs,276376.94176060066
HfCrSnPd,490419.24562890246
HfCrSnPt,498894.6894551505
HfCrSnRh,346116.74903460837
HfCrSnRu,278199.18549706787
HfCrTcAs,314894.68505484634
HfCrTcAu,368420.7235768233
HfCrTcGe,442944.95189802995
HfCrTcSb,278677.8266603894
HfCrTcSn,403814.1328294193
HfCrTe2,321035.07947183936
HfCu,163399.9782723323
HfCu(O2F3)2,378956.70048794575
HfCuO3,69707.16486989224
HfF3,50240.82707865152
HfFe2,684844.8236395684
HfFe2As,419220.120826503
HfFe2Au,595159.8759821759
HfFe2Co,866098.6618466629
HfFe2Ge,349402.9934476404
HfFe2Ir,758721.0846135606
HfFe2Mo,342919.0330988395
HfFe2Ni,678593.587671183
HfFe2Os,723709.9591511752
HfFe2Pd,631908.5393358325
HfFe2Pt,693275.736124475
HfFe2Re,519955.67156982777
HfFe2Rh,751788.0379021015
HfFe2Ru,767566.098239141
HfFe2Sb,156492.8905171348
HfFe2Si,359493.2764557285
HfFe2Tc,529728.4740412122
HfFe2Te,298510.29076783377
HfFe2W,332715.04047092353
HfFe3,992513.159507107
HfFeAgSn,184336.84395163346
HfFeAs,278609.64286977076
HfFeAs2,301877.59673098254
HfFeAsAu,278195.9889201431
HfFeAsIr,359148.2434127873
HfFeAsOs,132091.83099886603
HfFeAsPd,305863.9753023309
HfFeAsPt,323602.4536753959
HfFeAsRh,357277.07021155616
HfFeAsRu,341941.36964179977
HfFeAu2,317280.774139559
HfFeB,433662.8527608101
HfFeBi,152053.53671512418
HfFeBiIr,250501.6776323603
HfFeBiPd,218683.81653813986
HfFeBiPt,277911.2144535365
HfFeBiRh,253105.50207867246
HfFeBiRu,137485.1622552682
HfFeCl6,183003.24092638752
HfFeCo2,776852.6244303787
HfFeCoAs,520776.25901466404
HfFeCoGe,532928.0025641817
HfFeCoSb,307371.8225012337
HfFeCoSi,553868.6215419042
HfFeCoSn,155797.53977059695
HfFeCuAs,157153.5388575495
HfFeCuGe,241378.88610803802
HfFeCuSi,258435.26658595278
HfFeCuSn,180326.57587427666
HfFeF6,270897.84335917496
HfFeGe,297435.13312663796
HfFeGe2,109020.67969206268
HfFeGeAu,295356.9425751652
HfFeGeIr,313713.9367707994
HfFeGeMo,291703.4406375097
HfFeGePd,307260.65442888736
HfFeGePt,322155.31180016696
HfFeGeRh,314173.6632968798
HfFeGeRu,284801.86118803284
HfFeIr,437301.0699649614
HfFeIr2,554198.2951395098
HfFeIrPb,165260.65899477378
HfFeNi2,437248.6347857551
HfFeNiAs,345529.2753008455
HfFeNiGe,346422.68171569775
HfFeNiPb,246968.16445320693
HfFeNiSb,209197.1364281109
HfFeNiSn,254260.99410938862
HfFeO3,629900.9045308655
HfFePd2,154793.57578092534
HfFePdPb,221764.45355596283
HfFePt,363821.0770418331
HfFePt2,401213.3932276494
HfFePtPb,284540.02378028934
HfFeRe2,311057.37000373425
HfFeReGe,141850.01275584614
HfFeReSi,151665.93473402358
HfFeReSn,127708.27056831348
HfFeRh,430118.05040916614
HfFeRh2,205048.92002574555
HfFeRhPb,155802.64382754595
HfFeRu2,619495.9091199345
HfFeSb,163631.66946851893
HfFeSbAu,256015.58934229903
HfFeSbIr,321981.45327331946
HfFeSbMo,133194.99597563746
HfFeSbOs,142417.64915704302
HfFeSbPd,270726.7899233188
HfFeSbPt,285878.38451414206
HfFeSbRh,316837.5383130162
HfFeSbRu,144252.98825349726
HfFeSi,330808.1588572812
HfFeSiAu,289824.40371490107
HfFeSiIr,325168.4290692908
HfFeSiMo,296637.0196576462
HfFeSiNi,356304.5015502606
HfFeSiPd,313274.1443153822
HfFeSiPt,329747.20329958026
HfFeSiRh,328955.81051625893
HfFeSiRu,297508.9371214601
HfFeSiTc,367840.35020177125
HfFeSn,275332.9750241711
HfFeSnAu,257976.25850253928
HfFeSnIr,287547.4468583446
HfFeSnPd,279693.533463965
HfFeSnPt,290659.0109329225
HfFeSnRh,285190.5357911208
HfFeTc2,355244.75014459866
HfFeTcGe,141195.45060193402
HfFeTcSn,126364.38729104622
HfGa2Fe,96609.25134730308
HfGaCoAu,73141.62820952298
HfGaCoIr,204887.29933915962
HfGaCoMo,276201.0059465434
HfGaCoNi,173628.82623212217
HfGaCoPd,131245.88009029633
HfGaCoPt,196315.5915468172
HfGaCoRe,94406.92390747172
HfGaCoRh,192420.13754019863
HfGaCoRu,183178.73290863278
HfGaCoTc,81270.59117446875
HfGaFe2,446489.6913402522
HfGaFeAg,223816.38873202115
HfGaFeAu,289121.3871417359
HfGaFeCo,564537.9165418698
HfGaFeCu,292665.6973546616
HfGaFeIr,245993.8031780858
HfGaFeNi,369526.633905176
HfGaFeOs,340771.8479800241
HfGaFePd,256180.57186778972
HfGaFePt,290027.9870821272
HfGaFeRe,283966.5631278253
HfGaFeRh,237216.19778592608
HfGaFeRu,342828.92813115416
HfGaFeTc,282891.6708498069
HfGaTe2,95847.08353384216
HfHgPd,95473.04156661074
HfHgRu2,113982.0972933096
HfInCo,127768.52193180175
HfInCo2,137859.33865185385
HfInCoAg,81851.6774496593
HfInCoAu,71029.7666423927
HfInCoIr,183048.8756713465
HfInCoNi,65116.895383903626
HfInCoPd,127000.36425350342
HfInCoPt,57972.12962728973
HfInCoRh,172183.372017917
HfInCoTc,92469.07048155667
HfInFe2,144034.7061573488
HfInFeAu,269653.8801942428
HfInFeCu,219578.04057092508
HfInFeIr,224264.52460033167
HfInFeNi,152555.39433608114
HfInFeOs,128562.84932652525
HfInFePd,248681.5261620739
HfInFePt,277058.5105990287
HfInFeRh,219284.21437635113
HfInFeRu,130802.15154885287
HfInFeTc,265212.127745179
HfInIr,65018.96870852086
HfInRh,83715.25395385492
HfInTe2,89729.85428739994
HfIr2Ru,336179.43002051406
HfIrO3,211794.92374766018
HfIrRh,101414.93931855833
HfMg14AlO16,60038.323894389076
HfMg14CO16,56874.99671953879
HfMg14CoO16,69153.24869743586
HfMg14Cr,118749.15877809875
HfMg14CrO16,142577.10116269093
HfMg14FeO16,94183.67599042068
HfMg14Mn,104559.29185096217
HfMg14MnO16,169743.0342574693
HfMg14Ti,59812.41828348525
HfMg14TiO16,66687.59506318514
HfMg14V,97921.51479753853
HfMg14VO16,79977.64016358981
HfMg30CrO32,73550.86111431067
HfMg30MnO32,88657.46183993577
HfMg30NbO32,58133.05518921156
HfMg30VO32,60613.84892349971
HfMg6BiO8,134488.93582824094
HfMg6CO8,79874.9491497259
HfMg6CdO8,57280.26061131179
HfMg6CoO8,129610.76252587115
HfMg6Cr,193656.77523878435
HfMg6CrO8,252579.01585532492
HfMg6FeO8,163008.70975325306
HfMg6GaO8,55281.64557327436
HfMg6NiO8,77718.48915966718
HfMg6SnO8,78505.11966533976
HfMg6Ti,97543.28495451585
HfMg6V,162642.0287776602
HfMg6VO8,198267.08282006625
HfMg6ZnO8,54462.52265961012
HfMgAlFe,145795.6920824287
HfMgAs,109129.01756735516
HfMgAu,124951.50175741274
HfMgFeGe,110297.24623809593
HfMgFeSi,100199.4815143055
HfMgGaFe,147717.9042925567
HfMgPd,83935.52126486078
HfMn,223926.49092680082
HfMn(PbO3)2,223656.94849380036
HfMn2,269432.05117754947
HfMn2Al,493689.7509620989
HfMn2As,170215.86697696094
HfMn2Au,726298.3099011946
HfMn2Co,522318.48627215467
HfMn2Fe,277344.7528226649
HfMn2Ga,491186.2574604626
HfMn2Ge,335259.67776213645
HfMn2Ir,795355.1843262954
HfMn2O4,1062838.8194289745
HfMn2Pd,854831.6912448123
HfMn2Pt,861053.0164597153
HfMn2Rh,821236.112487344
HfMn2Sb,151986.0272885048
HfMn2Si,519769.8005437895
HfMn2Sn,301189.0933550877
HfMnAgAs,402350.1625923417
HfMnAgGe,445860.57030664105
HfMnAlAu,338873.33916748886
HfMnAlCo,740594.4774939223
HfMnAlCr,617124.3057728391
HfMnAlCu,217510.1279650896
HfMnAlFe,522831.4006661172
HfMnAlIr,415394.9619571592
HfMnAlMo,325791.91675988626
HfMnAlNi,581011.9831367969
HfMnAlOs,438731.5573343728
HfMnAlPd,282937.7882535969
HfMnAlPt,290676.6856892428
HfMnAlRe,441539.3421415547
HfMnAlRh,406590.84390730265
HfMnAlRu,445752.39659882255
HfMnAlTc,473154.9110982564
HfMnAlV,202399.39998168993
HfMnAlZn,343964.54034466157
HfMnAs,387643.46869545314
HfMnAs2,366578.9296558709
HfMnAsAu,396615.8698517739
HfMnAsIr,459228.9577684199
HfMnAsPd,382870.20705545426
HfMnAsPt,403586.2400824985
HfMnAsRh,357309.757109265
HfMnAsRu,327829.48321558425
HfMnAu2,528346.2382335234
HfMnB,247933.00643064466
HfMnBPt,651357.6144026536
HfMnBe2,484766.0730781522
HfMnBeAl,301328.2418457478
HfMnBeGa,300033.9134611666
HfMnBeGe,166299.2537827572
HfMnBeSi,77368.45555186678
HfMnBiPd,346140.62232731545
HfMnBiPt,380594.64773713425
HfMnBiRh,311159.4694561163
HfMnCo2,842772.6742206841
HfMnCoAs,630954.3572872162
HfMnCoGe,698234.6265007781
HfMnCoSb,153556.95251549585
HfMnCoSi,716456.5389219724
HfMnCrAs,334889.2811913273
HfMnCrGa,612735.3087118417
HfMnCrGe,484393.5793885289
HfMnCrSb,297872.11511368514
HfMnCrSi,507048.8269273283
HfMnCrSn,434542.41932390595
HfMnCuAs,441556.8740679358
HfMnCuGe,359427.05215650116
HfMnCuSi,261036.35940116545
HfMnCuSn,274527.0794873768
HfMnF6,339065.7444191561
HfMnFe2,846780.7092491668
HfMnFeAs,404515.76933804405
HfMnFeGe,773594.9569600199
HfMnFeSb,539618.6741775787
HfMnFeSi,800654.8648490852
HfMnFeSn,596131.1225222669
HfMnGaAg,415678.9983929714
HfMnGaAu,409572.5174298182
HfMnGaCo,737666.7417633841
HfMnGaCu,401787.99554387096
HfMnGaFe,670885.1281790471
HfMnGaIr,394864.10077710735
HfMnGaNi,587321.390318129
HfMnGaOs,441607.92231936264
HfMnGaPd,457262.8571591235
HfMnGaPt,468595.139068663
HfMnGaRe,439781.30800446647
HfMnGaRh,390210.9111638153
HfMnGaRu,450029.55169358576
HfMnGaTc,478887.82626094366
HfMnGe,476945.4052174029
HfMnGe2,298891.6115694953
HfMnGeAu,464911.9933645882
HfMnGeIr,309985.93229711376
HfMnGeMo,433128.4044692034
HfMnGeOs,413151.042277979
HfMnGePd,306513.93825506605
HfMnGePt,327403.36709776416
HfMnGeRh,306516.0554030284
HfMnGeRu,413060.3155017819
HfMnInAu,395596.5169734175
HfMnInCo,546578.3593316238
HfMnInFe,578731.669457659
HfMnInIr,517523.96240418614
HfMnInNi,407938.3815490595
HfMnInOs,435449.8980157045
HfMnInPd,449218.8196683806
HfMnInPt,469435.99183078937
HfMnInRh,506077.5439089109
HfMnInRu,338135.47514551843
HfMnInTc,400926.60199304495
HfMnIr,631332.0138992746
HfMnIr2,546098.2979794007
HfMnIrPb,401201.0081619011
HfMnMo2,63642.38803428549
HfMnN2,479279.5772127942
HfMnNbSi,284112.47258296877
HfMnNi2,695230.167279414
HfMnNiAs,453413.54831701546
HfMnNiGe,523327.2801020595
HfMnNiSb,353086.31247643905
HfMnNiSn,291424.4004070138
HfMnO3,771960.8813714725
HfMnO6,235953.31297322462
HfMnOs2,479422.3396748979
HfMnPd2,240451.70087371126
HfMnPdPb,374861.2826088121
HfMnPt,511197.8775713707
HfMnPt2,611857.6295133334
HfMnPtPb,410836.2671747048
HfMnRe2,160409.30326094848
HfMnReGe,299828.35537677887
HfMnReSi,315135.0692601152
HfMnReSn,275137.13756938244
HfMnRh,597279.3836101879
HfMnRh2,696189.0935586435
HfMnRhPb,360884.26300968754
HfMnRu2,557971.499186578
HfMnSb,309076.2605124772
HfMnSbAu,363068.81726550276
HfMnSbIr,328592.3429627799
HfMnSbPd,331890.06676606764
HfMnSbPt,351761.85948576854
HfMnSbRh,321951.27112976095
HfMnSi,463086.784561767
HfMnSiAg,439129.6968496661
HfMnSiIr,321263.0458558765
HfMnSiMo,449069.596441434
HfMnSiNi,515664.1720367733
HfMnSiOs,429913.2901006058
HfMnSiPd,313530.36328531295
HfMnSiPt,333784.4219231894
HfMnSiRh,320227.949343025
HfMnSiRu,436962.4123187449
HfMnSiTc,451831.0867782772
HfMnSnAu,359980.2960932348
HfMnSnIr,476861.45960341644
HfMnSnMo,391233.8983932528
HfMnSnOs,134457.47443772093
HfMnSnPd,349628.59528041474
HfMnSnPt,300448.8720487179
HfMnSnRh,281532.03409502003
HfMnSnRu,384879.59488618793
HfMnTc2,211539.21399845998
HfMnTcAs,153194.4248182663
HfMnTcGe,302685.50481739925
HfMnTcSb,136620.0584654855
HfMnTcSn,276470.9919838904
HfMnTe,160496.88633598934
HfMnTe2,328175.7365636107
HfMnTl,475046.33876741584
HfMnTlIr,453938.39607879776
HfMnTlPd,444117.8126040775
HfMnTlPt,465296.7383728882
HfMnTlRh,445607.0033562748
HfMnVAs,470625.5480711272
HfMnVGe,311663.98003237066
HfMnVSb,428002.1030026737
HfMnVSi,251709.26299701357
HfMnVSn,279151.9954339167
HfMnZn2,431915.26170496206
HfMnZnAs,352836.4394219555
HfMnZnAu,482277.69540336914
HfMnZnCo,558854.7699448557
HfMnZnCu,497078.87313270674
HfMnZnFe,492080.0892951118
HfMnZnGa,370320.88531396934
HfMnZnGe,410451.2742827087
HfMnZnIr,534034.4075572861
HfMnZnNi,561037.8567780525
HfMnZnOs,501007.8129901803
HfMnZnPd,520909.8697014904
HfMnZnPt,542194.0270308522
HfMnZnRh,465326.586173167
HfMnZnRu,515042.9410188218
HfMnZnSi,288038.10465142736
HfMnZnTc,448466.07866596663
HfMoO3,367861.7697781231
HfMoPt2,247530.28408332425
HfMoRh2,118801.99148811812
HfNF5,152882.7822442826
HfNbAlCo,420458.2572315303
HfNbAlNi,261744.0766731286
HfNbCo2,400253.71389091585
HfNbCoSi,274895.60941209726
HfNbFe2,170427.8352215425
HfNbFeCu,59033.15691701052
HfNbFeSi,397273.12736678106
HfNbO3,311641.23455870495
HfNbO4,134981.07754111636
HfNiHg,104506.24134511812
HfNiIr2,161217.70434847433
HfNiO3,332250.0476794669
HfNiRu2,66649.50800234219
HfNp2O4,717431.3924896237
HfNp3,976823.6176476929
HfNpAl2,483525.93700011895
HfNpAs2,488111.78255272476
HfNpIr,596950.8698019582
HfNpO3,616543.8659120714
HfNpPd2,519541.6872056999
HfNpPt,616865.149223432
HfNpPt2,486053.39959129866
HfNpRu2,430476.42459534
HfNpSb2,454199.68136865424
HfNpSi2,418762.05853260134
HfNpTe2,415338.29075696843
HfOsO3,288793.9808492716
HfOsRh2,277293.17455828737
HfPa2O4,318608.812802505
HfPaAl2,90113.67622264451
HfPaFe2,167909.24576084508
HfPaGa2,225784.31141313777
HfPaO3,302884.480594608
HfPaPt,197247.5834609233
HfPdO3,136127.00257758796
HfPtO3,141887.87355882218
HfRe(PbO3)2,209389.4624136469
HfReO3,368809.19681161153
HfReRu2,232376.06360307254
HfRhO3,208408.1876199619
HfRuO3,276858.9069715706
HfRuPt,71961.44578073928
HfSbRu2,135138.20119470335
HfSi2Ir,105658.14998863025
HfTaCo2,211344.79601900812
HfTaFeCu,67879.31875483364
HfTaO3,322989.6396628583
HfTaV4,113561.67526728348
HfTcAs,88173.82592546473
HfTcIr2,439707.3319141177
HfTcNi2,252818.13015255093
HfTcO3,423872.76410758065
HfTcPd2,250671.10738113223
HfTcPt2,219000.3426121958
HfTcRh2,437163.35355786217
HfTe2Mo,161812.92694558954
HfTeO3,108515.88064708342
HfTeRu2,224211.91951567386
HfThO3,87888.4721346158
HfTi2Al,124486.59244732143
HfTi2As,66378.36380358916
HfTi2Co,380541.85434071143
HfTi2Fe,335850.5932325345
HfTi2Ga,162633.18940500557
HfTi2Ge,113211.66614608877
HfTi2In,117425.67806631136
HfTi2Sb,60602.36861609076
HfTi2Si,117830.53999663857
HfTi2Sn,105305.86482652766
HfTiAlCo,295068.08421706886
HfTiAlCr,124008.23822455971
HfTiAlFe,93746.26067389997
HfTiAlNi,426818.71461739833
HfTiAu2,124831.3897996149
HfTiCoAs,362199.52160431043
HfTiCoGe,443300.2468457446
HfTiCoSb,355298.11801006546
HfTiCoSi,463093.62741797755
HfTiCoSn,403683.3244482437
HfTiCrGa,131423.1292151856
HfTiCu2,235981.44710692303
HfTiF6,156989.58528318844
HfTiFeAs,443743.1205076945
HfTiFeGe,292463.60003695206
HfTiFeSb,413544.1332095988
HfTiFeSi,284092.4988732181
HfTiFeSn,274213.04618400236
HfTiGa2,150482.72222242583
HfTiGaCo,297757.0501912473
HfTiGaFe,83693.32459540624
HfTiGaNi,429257.62391534704
HfTiGe,91871.70897931232
HfTiInCo,271335.92413904285
HfTiInFe,135663.578637933
HfTiInNi,396812.5750672784
HfTiMn2,232155.87551654823
HfTiMnAs,272528.72494940873
HfTiMnSb,276439.6241287732
HfTiMnSi,77747.26756659015
HfTiMnZn,144590.4542874851
HfTiNiAs,230503.80147366176
HfTiNiB,178452.8970941329
HfTiNiGe,396565.17296602577
HfTiNiSb,231328.30447740725
HfTiNiSn,403880.68324179336
HfTiO3,142279.6310338146
HfTiPd,157524.89305136167
HfTiSi,90044.4037399855
HfTiSiNi,379580.3646670445
HfTiSn2,122659.81141169771
HfTiZnCo,153498.29774348327
HfTiZnNi,296866.4105760183
HfTl2Fe2(MoO4)6,150285.59634690892
HfTlCoIr,143854.70731721434
HfTlCoPd,96008.21705157647
HfTlCoPt,176717.04937891877
HfTlCoRh,142833.624921397
HfTlCrIr,517187.08906473644
HfTlCrPt,565143.2180134209
HfTlCrRh,523185.4519576234
HfTlFeIr,135262.87698805382
HfTlFePd,198748.89097596798
HfTlFePt,285364.7703912648
HfTlIr,62113.94119040339
HfTlTe2,86240.83222793325
HfU2O4,536376.8243018186
HfU3Sb5,319286.31791033177
HfUAl2,378754.199268048
HfUAs2,202253.17712963093
HfUGe2,242415.38643071929
HfUIr,390989.8730007288
HfUN2,382933.03350004513
HfUO3,413688.38019503624
HfUOs2,273248.40677227505
HfUPt,420653.2513425946
HfUSb2,228019.35281903332
HfUSi2,238731.50331875865
HfUTe2,219049.94281919586
HfV(PbO3)2,72789.77313444663
HfV2O4,644229.6554408222
HfVAu2,225354.23113913013
HfVB,162700.61674423638
HfVCoAs,164651.4445398574
HfVCoGe,339838.355462663
HfVCoSb,146173.15118819164
HfVCoSi,339506.46000820294
HfVCoSn,558506.2691295849
HfVCrSi,81013.79020431961
HfVF6,219682.39571302748
HfVFe2,182046.7781796401
HfVFeAs,328147.7521470502
HfVFeGe,475395.4650330547
HfVFeSb,291054.28080150665
HfVFeSi,495678.80471127713
HfVFeSn,427717.995819252
HfVGa2,344452.5021565408
HfVGaCo,468545.938185251
HfVGaFe,313842.39609944954
HfVGe2,176461.66964182837
HfVInCo,426096.29509424494
HfVO3,434907.54581336584
HfVPd2,318713.6076509567
HfVPt,324138.5571089794
HfVPt2,406830.6360098654
HfVSi2,133227.55237072235
HfVTe2,142695.3506968178
HfVZnCo,323220.4558421526
HfWO3,387288.87742157956
HfZn2Fe,262426.3751372464
HfZnCoAg,68026.85120757036
HfZnCoAu,63853.76592739133
HfZnCoCu,109789.1241488353
HfZnCoGe,72689.54277004095
HfZnCoIr,137360.7800461856
HfZnCoNi,163153.89388027813
HfZnCoPd,162515.22925250378
HfZnCoPt,187177.93740682642
HfZnCoRh,121676.51290165853
HfZnCoRu,182265.4228272223
HfZnCoSi,76080.6001363251
HfZnCoTc,100463.76896510736
HfZnCrAs,402883.6486193542
HfZnCrAu,546909.4280057342
HfZnCrCo,485262.0723998809
HfZnCrGa,392002.4560487978
HfZnCrIr,481583.91406993393
HfZnCrNi,615967.2321143247
HfZnCrOs,461412.7833274726
HfZnCrPd,561635.3488287812
HfZnCrPt,560203.0040747053
HfZnCrRh,482329.6549414019
HfZnCrRu,477254.2199315168
HfZnCrSi,294191.09184931964
HfZnFe2,491354.14979343436
HfZnFeAs,170777.09477337412
HfZnFeAu,282763.88902591023
HfZnFeCo,407074.1330166329
HfZnFeCu,129469.57169903265
HfZnFeGe,138886.1452472766
HfZnFeIr,321982.1465355203
HfZnFeNi,375731.0868837028
HfZnFeOs,288327.4023543017
HfZnFePd,193243.21640272942
HfZnFePt,215535.635133127
HfZnFeRh,308067.3925926102
HfZnFeRu,400899.9631433403
HfZnFeSi,93968.85484207328
HfZnGaFe,235076.6106897236
HfZnInFe,193036.97272722004
HfZnNi,90534.46560255456
HfZnRu2,110393.2649721549
HfZr(CoSb)2,169386.3447122604
HfZr2Al,52543.79758191857
HfZr2Ga,51773.341859059736
HfZr2In,52853.99859123376
HfZrAlCo,276464.2472480506
HfZrCo2,165513.0781143998
HfZrCu2,147319.2733841075
HfZrMn2,213278.23083505774
HfZrNiB,149161.932723256
HfZrO3,248029.47746793504
Hg(ClO7)2,440839.82030418474
Hg(MoO2)2,480187.9639888619
Hg(OsO2)2,217682.19037420198
Hg(RuO2)2,205886.2995375118
Hg(WO2)2,226916.78036580657
Hg2Br2N,65945.81919276589
Hg2CN3Cl5,134506.25651155188
Hg2CNCl5,64307.29282715226
Hg2Mo2O5,141245.2166054672
Hg2Os2O5,98537.47832300416
Hg2Ru2O5,126085.53406278556
Hg2W2O5,94713.7425465804
Hg3(N5Cl8)2,111810.53788303834
Hg3H4(IO6)2,57104.55676331716
Hg3N4(Cl5O)2,136492.1780954288
HgAsO4,90661.39577971942
HgBrN,227832.91378555945
HgCNO3,77427.05333921088
HgI3N,63828.540064855835
HgN2,281940.72114801005
HgNO4,80806.64763229438
HgNO5,79658.38026983953
HgPdF4,211707.46300569116
HgRhF6,92294.88211081891
HgRhO3,156812.66679235027
HgRuO3,153176.7301983412
I(ClO)4,144027.20902368505
IClO3,233332.43490955993
IN2,480803.07379231096
In(FeO2)2,977658.2838215869
In(MoO2)2,504616.3407830364
In(NF2)3,441488.2984744767
In(NiO2)2,358512.3227725431
In(OsO2)2,204867.7840691318
In(PO4)3,225611.12054966844
In(PtO2)2,95174.952667715
In(ReO2)2,475414.5592288617
In(RuO2)2,120737.2639051312
In(TcO2)2,428410.0744837355
In2Co(SO)2,258799.52230774908
In2Co2O7,161505.81264194392
In2CoO4,307127.04300793435
In2CoPd,130309.90564751183
In2CoPt,172187.824184831
In2CoRh,64670.64222510374
In2CoS4,187865.8772625611
In2Fe2Se5,271019.52950193145
In2FeO4,403887.04961487924
In2FePd,280996.0003683214
In2FePt,285123.27809366817
In2FeRh,272518.1111940481
In2FeS4,244926.594693507
In2FeSbO7,347516.3894960336
In2Mo2O5,219124.56226816014
In2Ni2O5,289187.29513523687
In2Ni7B,123787.98427516516
In2NiS4,121276.59353352676
In2Os2O5,68197.98698244875
In2P3H3O10,73573.53903293666
In2Re2O5,136938.88013121393
In2Ru2O5,112133.35770714356
In2Tc2O5,331379.0426617678
In4(Co4C)3,177778.03283039335
InAs2NO7,101712.10989947988
InAsO6,297282.3068200051
InAsRh2,50058.827257840276
InC6,97882.77036608852
InCo2Si,226196.8052602928
InCoCuPt,169720.25637871007
InCoNiPd,281608.3547832747
InCoNiPt,285337.6728693051
InCoO3,271868.73272051476
InCoPd2,131773.82603747302
InCoPdAu,173988.53181630324
InCoPdPt,252298.13247997477
InCoPdRh,316937.69689243863
InCoPt2,130879.15094687209
InCoPtAu,186831.22924888018
InCoPtRh,315542.1394533827
InCoRh2,464327.98039393337
InFe(CuSe2)2,213609.04443463837
InFe(CuTe2)2,160555.44283853046
InFe11O16,1477895.2359586505
InFe17O24,1564977.8912928184
InFe29O40,1562366.1017473987
InFe2CuSe4,375323.55597070674
InFe2Pd,808119.1553470673
InFe2Pt,825618.5592199975
InFeAs,371877.9007087358
InFeBr3,269154.5889182151
InFeCoO4,866270.9892188845
InFeCoPd,713984.5852808702
InFeCoPt,744440.2368915195
InFeCoRh,800668.2294542891
InFeCuPd,459475.4928392555
InFeCuPt,452504.22068676195
InFeCuRh,476166.52958346566
InFeNi,610052.8039512157
InFeNiPd,472830.4746984357
InFeNiPt,468081.610759975
InFeNiRh,582351.1739200052
InFeO3,715463.7822305283
InFePd2,440163.7982420221
InFePdAu,400691.55449641705
InFePdPt,420799.1264526255
InFePdRh,456357.1069925359
InFePt,478212.4743851402
InFePt2,445747.61167708284
InFePtAu,393015.6443316281
InFePtRh,455881.9936721625
InFeRh2,511030.44106281665
InGaCo2,59118.22353080182
InGaCoS4,63797.726149109294
InGaCuO4,108870.69346446266
InH3F3,64320.026743744485
InH4S2NO8,148654.82425030792
InMoO3,144976.49380012232
InMoPt2,196352.1209291669
InNi2Rh,65034.82852089024
InNi3,81707.53857108817
InNiAg2F7,113139.4906307861
InNiO3,165990.99031237513
InNiRh2,218191.99529689824
InO2,237998.23520111584
InOsO3,155651.01509503953
InPF3,74871.38141906382
InPO6,112352.99123169179
InPd2Ru,232166.09838426075
InPdRh2,79462.76692106028
InPtRh2,63861.7419681792
InRhO3,306648.38343053043
InRuO3,165739.09537081435
InS2,123007.41077693888
InS2NO8,102961.22093956762
InSO5,90737.88199088557
Ir,272723.73718422966
Ir(Cl2F3)2,156454.05914137524
Ir(N2Cl3)2,88705.65867563212
Ir(OsO2)2,227214.43055442307
Ir2AuO4,103174.0112162568
Ir2Os(NCl)10,79951.30867509989
Ir2Pd2O5,58571.3951697733
Ir2Ru2O5,96338.02729185445
Ir3(NCl)10,62578.925363334456
IrAuN5Cl6,137665.5002318069
IrAuO3,196092.6852807775
IrC,222402.5248741324
IrC4,148115.08561248166
IrF4,160584.67676982126
IrF6,351397.75498691085
IrN,113629.6926048018
IrN2,110960.72178975274
IrRhO3,400137.29420115065
IrS2N5(Cl2O3)2,142097.56128685595
IrWO3,303365.0895618698
K(CoO2)2,478304.7959700998
K(CrS2)2,245503.3780014088
K(FeSb3)4,71075.79619863833
K(FeSe)2,531298.3918653976
K(FeTe)2,432346.08588087215
K(Mo2O3)4,506450.84742070164
K(MoO2)2,452110.7804560052
K(MoO2)4,228015.38537476424
K(NiO2)2,107550.58709629148
K(NiS)2,65069.680458043804
K(NpSe3)2,233042.1212610519
K(OsO2)2,287045.86287949194
K(PtO2)2,91516.19677209313
K(ReO2)2,471951.74866407545
K(RuO2)2,251075.1981672035
K(SeO3)2,58141.58546069184
K(TcO2)2,480452.14822972636
K(USe3)2,141663.68536650913
K(V5S8)2,73473.66128204805
K(VS2)2,178549.15071978548
K(WCl3)3,58670.284664280916
K(WO2)2,285429.2474228909
K10Co4O9,212892.88686493854
K10Mn4Sn4S17,176071.25238218723
K11LiMn4O16,149048.76083708205
K11Mn4O16,121046.34966036536
K17Fe5O16,332524.5493055603
K2(FeSe)5,496489.5042576587
K2Ac2O5,61747.30699526888
K2AcO4,189328.94096904725
K2AgMoBr6,85801.21659833609
K2AgMoCl6,100855.85822599674
K2AgMoF6,154898.099482113
K2AgMoI6,70161.05403630028
K2AgPdF6,55199.942075449166
K2AgRuF6,54252.39980035141
K2Al2(SiO4)3,120283.19847915015
K2Al2O2F9,198918.4871699358
K2Al2Si3(HO5)2,57095.092643621974
K2Al4Fe5Si5(HO6)4,390415.3544605154
K2AlB5O14,113253.88794638649
K2AlFeB2P4(HO9)2,133215.42175439443
K2AlMo3(P2O7)4,167094.8754130168
K2BaNa2Ti4Si8(WO7)4,230101.47667615805
K2BaNi(NO2)6,58228.30584327718
K2Be2Co(O3F4)2,381628.5654522005
K2Be2Cu(O3F4)2,226950.70498206513
K2Be2Zn(O3F4)2,400618.57994828385
K2Be3Co2F12,206465.5610685197
K2Be3Ni2F12,145263.8355626484
K2C,199251.08044504133
K2Ca2C2O3F2,99237.54820770731
K2Ca2MgH2(SO4)4,50757.358348799535
K2Ca2Si8O23,65219.13138841759
K2CaNi(NO2)6,78223.38674316854
K2CaS2O9,85777.8416248174
K2Co(SO7)2,338780.02794592216
K2Co(SeO3)2,167326.0471809112
K2Co2(SO4)3,232204.751954877
K2Co2(SeO3)3,229994.25648009256
K2Co2O5,651756.4655334683
K2CoBr4,119187.23353717229
K2CoC4S4N4O3,70905.8419652626
K2CoF6,72193.48235967635
K2CoH12(SeO7)2,63810.88479824271
K2CoH2(SO4)2,122238.21765526071
K2CoH2(SO5)2,110251.30789500449
K2CoH4(SeO5)2,76252.22015553617
K2CoHgF6,56220.29216167022
K2CoI4,95352.96826774166
K2CoO2,255479.10725171433
K2CoO3,258480.98450179098
K2CoP2(H3O4)2,130727.63293327752
K2CoPCO7,94944.06984986707
K2CoS2,221597.78020709337
K2Cr2(PO4)3,187663.98399759448
K2Cr2O5,319000.05036406737
K2Cr3(ClF3)2,511325.7077596263
K2CrAgF6,170727.93626560835
K2CrAuF6,165840.2155981464
K2CrF6,138950.15685036173
K2CrH2F8,120418.36822102277
K2CrHgF6,208933.6472952947
K2CrPCO7,152926.2907628407
K2Cu(C2O5)2,106367.13882007859
K2Cu(Cl2O)2,83048.93463935959
K2Cu(ClF)2,59577.5679934888
K2Cu(SO7)2,146492.03721061512
K2Cu2(MoO4)3,59176.27275447658
K2CuMoBr6,93484.56212511174
K2CuMoCl6,111202.55484626272
K2CuMoI6,75045.7531908203
K2Fe(PS3)2,138182.4522285263
K2Fe(PSe3)2,120850.17609317724
K2Fe2As2O9,428560.4382025723
K2Fe2B2O7,497468.4309860179
K2Fe2Co2C12N12O,173407.77676375373
K2Fe2O5,709282.4043068615
K2Fe2P2O7F2,291255.4182768154
K2Fe2SeS3,124764.51888267962
K2Fe3(S3O19)2,506357.9270240427
K2Fe4O7,1088076.5961829417
K2Fe9H18S6O43,521383.66262894176
K2FeAgF6,278548.9364303243
K2FeAuF6,271612.1251202087
K2FeCo(CN)6,78385.50679392584
K2FeCuC12,107083.30144057126
K2FeH4(SO5)2,172432.44508528162
K2FeH8(SO6)2,127147.40465039229
K2FeI4,126040.9060695829
K2FeNi(CN)6,72407.23780636287
K2FeO4,166431.62975279955
K2FeP2H3(O4F)2,220114.5410582086
K2FePCO7,251421.12035958035
K2FeSn(PO4)3,180333.58921116704
K2GaOF5,120091.15373538766
K2GeB4O11,73493.72313569985
K2H2RuO5,135704.79836541088
K2H3OsN2O7,104947.98838059384
K2H4IO5,96664.42292195176
K2HRuCl5,78663.76540368858
K2HfO4,142405.5882852962
K2HfO6,337408.71154464985
K2HgMoF6,79832.40101466716
K2HgPdF6,94348.35472289175
K2IO9,113385.84497515422
K2IrF6,77859.5506771217
K2IrO4,75269.85583862991
K2Li2CoO4,321008.08467381325
K2Li2FeO4,280311.1480003641
K2Li2NiO4,255208.6570850575
K2Li3CoO4,293004.62223935965
K2Li3CrO4,213277.0926600031
K2Li3FeO4,374267.46658225707
K2Li3MnO4,285521.00615031674
K2Li3NiO4,223575.8105534031
K2LiAuF6,123772.27629017743
K2LiCrF6,208113.899787101
K2LiCuF6,139646.26790009756
K2LiFeF6,341308.4610270614
K2LiMn2O4,609611.644367444
K2LiMnF6,275419.39044945943
K2LiMoBr6,90727.54236943605
K2LiMoCl6,109013.3484741234
K2LiMoF6,192203.01407517638
K2LiMoI6,71387.25676219916
K2LiNb2P2(CO7)2,77057.17684283419
K2LiNbF6,126096.61555861891
K2LiNiF6,71814.04653914894
K2LiPdF6,65370.092569953275
K2LiRuF6,67117.20512440546
K2LiS2,61841.4083328777
K2LiTaBr6,60361.84662573342
K2LiTaCl6,72307.60448562853
K2LiTaF6,126359.01387627092
K2LiTiF6,67361.14624599769
K2LiVF6,136301.7503718359
K2LiVPO6,54684.35697650976
K2Mg(CoO2)2,391975.9804121239
K2Mg(FeO2)2,428094.0325603467
K2Mg(SO6)2,251455.81314289992
K2Mg2Br3(ClO4)3,80572.82619224221
K2MgCuF6,69024.4789900455
K2MgFe(SiO3)8,181527.62743900745
K2MgFe4O7,838970.0681954661
K2MgFe4P6(O4F3)4,283193.1545091438
K2MgMn2O4,493996.7712275353
K2MgMn2P6(HO10)2,194399.1574300577
K2MgMn3V2(HO5)2,613935.542879788
K2MgMnH4(I2O7)2,112345.51260847885
K2MgMo2P2(ClO5)2,112272.49047519622
K2MgNb2P2(CO7)2,103171.85325503704
K2Mn(PS3)2,168471.70480770484
K2Mn(PSe3)2,147674.71171201376
K2Mn(SO6)2,188954.41372191452
K2Mn(SeO3)2,275256.198370675
K2Mn2(SO4)3,192023.95584654843
K2Mn2O3,815011.2888985534
K2Mn2O5,728606.310121952
K2Mn2P2O7F2,459755.9876067682
K2Mn2Zn4Si4O15,249702.71916038712
K2Mn3P4(HO3)4,465794.888715317
K2Mn3S4,629500.1380974075
K2Mn3V2(HO5)2,582249.9205056657
K2Mn5Si12O31,357760.6331765589
K2MnAgF6,228057.7776005602
K2MnAs2,206947.72638891207
K2MnAuF6,221859.83427451682
K2MnBi2,154482.76538231425
K2MnCl6,123187.42071364603
K2MnF4,421436.67094077886
K2MnF6,239377.9281504426
K2MnH2OF5,275775.6394434035
K2MnH4(I2O7)2,121401.42019235496
K2MnH4(SO5)2,211893.22776158023
K2MnH4(SeO5)2,155102.8963030082
K2MnH8(SO6)2,156168.56355377802
K2MnHgF6,268783.32032855833
K2MnI4,154050.74350838028
K2MnO4,79460.815418946
K2MnOF5,334354.38435821485
K2MnP2,223425.27618390502
K2MnS2,339835.86221387633
K2MnSe2,301219.6583533644
K2MnSnSe4,192274.22231398232
K2MnTe2,251272.15036971038
K2MnTlF6,197246.72247692916
K2MnV2O7,230783.52243617052
K2MnV4O12,154419.7864609763
K2Mo2O15,119504.8738036572
K2Mo8O13,596661.7840132279
K2MoAuF6,150289.7552145221
K2MoCl6,76581.84532604848
K2MoH(OF2)2,51374.85591777819
K2MoSe2O11,127644.27369012889
K2Na2IrO4,195966.31761015631
K2Na2MgNb2(OF5)2,50131.926667359534
K2Na2MgTi2O6,74479.897123787
K2Na2Mo(WO4)3,143927.71949424877
K2Na2Mo3WO10,283397.62758548325
K2Na2Mo3WO12,145671.0833121026
K2Na2MoW3O10,280854.3569495627
K2Na2Nb(WO4)3,108099.15493073556
K2Na2NbW3O10,227517.0832789458
K2Na4Co2O5,175883.50210961472
K2Na4Li2Ti4Mn3Fe(SiO3)16,179966.18813489252
K2Na6V5(MoO8)3,59786.55353038225
K2Na6Zn4Si14O45,117984.28054820777
K2NaAuCl6,59144.63381110933
K2NaAuF6,109844.61039648518
K2NaCrCl6,105657.1292816125
K2NaCrF6,207072.5218029528
K2NaFeF6,345414.00455509877
K2NaFeO3,407904.5521877995
K2NaMgTiOF5,81190.82028522149
K2NaMgVOF5,151230.2345409047
K2NaMnF6,246330.99644750735
K2NaMnO4,151487.9285140975
K2NaMoBr6,83838.01530583776
K2NaMoCl6,99586.52368842505
K2NaMoI6,66165.04754538422
K2NaNb2Fe7Si8H4O31,385900.6708583443
K2NaNbF6,111907.2296955292
K2NaNiF6,72376.84166192779
K2NaO2,52271.63878432669
K2NaPdF6,58082.507550771705
K2NaRuF6,56657.306120456684
K2NaTaBr6,55257.534700620796
K2NaTaCl6,66031.08789772422
K2NaTaF6,112705.32290859036
K2NaTeO12,113532.03625529312
K2NaTi2Fe7Si8H4O31,398477.2920512417
K2NaTiF6,60436.67950594798
K2Nb2O5,63193.11264506978
K2Nb4Fe2O13,252772.4695172142
K2NbAgF6,99684.19918535167
K2NbCl3,69496.95496850085
K2NbTlF6,87134.28277511898
K2Ni(CO5)2,161045.56006103143
K2Ni(MoO4)2,86828.90110483863
K2Ni(NO3)4,76903.3020574301
K2Ni(PO3)4,68893.63263173323
K2Ni2O5,354606.82086642075
K2NiF4,184040.78944883772
K2NiHgF6,114594.31470484394
K2NiO2,190274.2047748365
K2NiP2WO10,83716.21797590303
K2NiP4(HO2)8,55987.12357056119
K2NiPCO7,51428.780906360174
K2NiPb(NO2)6,65773.5927920756
K2Np2O5,337013.77856607334
K2NpO4,76438.70088261664
K2Os2O5,98210.67840972873
K2OsBr6,64410.96253200608
K2OsCl6,79211.98667689877
K2P4PtWClO10,57772.835869625414
K2PSO8,133497.4270886143
K2Pa2O5,122679.72687210285
K2PbO6,108764.4016773403
K2Pd(CO3)4,115644.32150614825
K2PdO4,285684.12411804916
K2Pt2O5,125054.73478272188
K2PtS6,50933.23708591832
K2Pu2O5,462026.0745888441
K2PuCl5,207259.86583128644
K2PuCl6,134339.46140876075
K2PuO4,153839.57574563313
K2Rb4Fe2O5,266468.9007151251
K2RbAuCl6,53549.5751181055
K2RbAuF6,87838.25339320349
K2RbCrF6,146801.5946486257
K2RbMn2F7,502120.8812752139
K2RbMnF6,193607.10722844073
K2RbMoBr6,70136.22137055009
K2RbMoCl6,82207.29563001293
K2RbMoF6,133773.43884614823
K2RbMoI6,57495.49667177331
K2RbNbF6,87041.47522139653
K2RbTaCl6,54245.67808130335
K2RbTaF6,77385.88229638412
K2RbVF6,96192.01126561433
K2Re,188632.84900134886
K2Re3S4O7,83053.41205348982
K2ReBr6,94655.65101656903
K2ReCl6,115428.19632271839
K2ReF6,225162.1364642535
K2ReI6,73420.80955743857
K2Rh2O5,105805.34773642493
K2RhF6,77804.11968947145
K2RuAuF6,53699.356139474396
K2RuBr6,66516.68317695419
K2RuCl6,79309.00403155436
K2RuO4,151481.68004472886
K2Sn,114536.4835133866
K2SnN6,608974.7619650322
K2SnO6,112247.41051934019
K2SrNi(NO2)6,67156.33333307237
K2TaAgBr6,56496.71009088998
K2TaAgCl6,65947.76230191217
K2TaCuBr6,61576.44196670973
K2TaCuCl6,73378.39657249839
K2TaTlF6,82622.93912465211
K2Tc,211104.96387791922
K2Tc2O5,188896.2342159997
K2TcBr6,98187.99953114885
K2TcCl6,115639.98275692796
K2TcI6,74406.0255947298
K2Te2W3O5,472987.37267190305
K2TeO5,70864.18560667735
K2TeSO10,225127.3001662083
K2Ti2P2O9,85537.6910237382
K2TiAgF6,53461.72998234505
K2TiCr(PO4)3,113123.40528286957
K2TiCuF6,61208.675173335316
K2TiF5,81678.86059361843
K2TlCl5O2,68514.85202149153
K2TlCrF6,147536.89326286045
K2TlFeF6,240653.858408047
K2TlMoF6,134283.2648857288
K2TlVF6,96159.67219611292
K2U(BrO)4,52197.18560924779
K2U(MoO4)3,65059.90617248067
K2U2Cr2H2O17,108101.86742810694
K2U2O5,221859.14943328203
K2U3H4(O3F4)2,91048.35586503662
K2UBr5,102943.53952185986
K2UCl5,123211.33540993596
K2UF6,121359.44989511413
K2UTe3,80303.15392429252
K2V(PO4)2,50812.17639613343
K2V2O5,157747.37369404282
K2V3P4O17,68119.79771037756
K2VAgF6,111434.7546032565
K2VAgS2,173084.13647579507
K2VAgSe2,163560.5894853858
K2VAuF6,108063.14100364059
K2VCuS2,139862.94206379994
K2VCuSe2,162735.27495459266
K2VH2OF5,135250.54069849922
K2VOF4,72926.083346404
K2VPCO7,56872.30439541049
K2W2O15,74719.66349783224
K2W2O5,112645.75257946142
K2WCl6,77119.88345347322
K2Zn(SO7)2,354658.7602287552
K2Zn4P4O21,164893.27832562447
K2ZrFe(PO4)3,173659.76407911562
K3(Fe11O17)2,1384090.466177354
K3(FeO2)2,580404.4264196234
K3(FeO2)4,571664.29395105
K3(FeS2)2,291369.55430711847
K3(FeSe)8,497150.78376239486
K3(FeSe2)2,261739.18686840677
K3(MoO3)10,63309.591396749245
K3(NiO2)2,65197.444027871185
K3(PtO2)2,57215.91165692518
K3(VS2)5,192889.4813123319
K3Ag2(PO4)5,56226.876608824496
K3Al3Si3(WO3)4,384298.1703341185
K3AsF12,141247.0764314056
K3AuCl6,56614.782496110405
K3AuF12,61044.579876989366
K3AuF6,92933.73776305497
K3B3O10,257168.56421168102
K3B7PtO20,208870.1904679735
K3Co,94814.95512545416
K3Co2F7,332553.74113572034
K3CoO2,152008.31399087343
K3CoPCO7,147123.34339802866
K3Cr,245691.37200441552
K3Cr(HO)6,158124.2067205654
K3Cr11S18,501409.95466002217
K3Cr2(AsO4)3,211795.26894663795
K3CrC3N3O4,78255.08040780723
K3CrF3,228450.44551180227
K3CrF6,134753.24236878223
K3CrO4,63604.14616154532
K3CrO8,55763.00010563403
K3CrPCO7,191305.63200754818
K3Fe5F15,604763.6180055073
K3FeF3,226489.8067276839
K3FeF6,275744.4582043061
K3FeO2,214497.95498250256
K3FeO3,371331.0006710747
K3FeO4,209084.18592008992
K3FePCO7,193245.55601402532
K3FeSe3,171531.3378453634
K3Ge,58802.30527361584
K3Ge7HO20,155711.80144858806
K3Hf,119883.82204180238
K3LiIrO4,190471.46497240526
K3LiMn4(MoO4)6,290290.7465853955
K3MgCu2F9,91635.78793103868
K3MgMnO4,203150.5173473794
K3MgV3O8,149684.2669419591
K3Mn,214738.74667910565
K3Mn(CN)6,64203.541006398234
K3Mn2Cl7,288316.89234351163
K3Mn2F7,512942.27865682467
K3Mn4O8,713902.15856561
K3Mn4P5H3O20,388177.88281611475
K3Mn5(Si2O5)6,335009.2128516076
K3MnF6,209354.2731750251
K3MnH5,295671.25107081875
K3MnO3,292944.57875667803
K3MnO4,130047.15795385688
K3MnPCO7,237629.18341082058
K3Mo,233864.71808195976
K3Mo2Br9,80957.20165463944
K3Mo2Cl9,99865.35571042367
K3Mo4CSNO16,77753.3230551925
K3Mo4O16F,88844.90465674599
K3MoBr6,74504.26306358287
K3MoCl6,87661.62646450916
K3MoF6,164721.28361892342
K3MoI6,60393.76459281013
K3NO,132550.61173454722
K3Na(FeO4)2,174435.30435775244
K3Na(RuO4)2,160452.54995281558
K3Na5V3Mo5O24,65101.35908196466
K3Na8FeH12S6(NO18)2,52134.28660884662
K3NaFeCl6,110793.16626128677
K3NaMg(RuO4)2,67363.68827438186
K3NaMgCr2O8,69838.05074300998
K3NaSi6(SnO10)2,76931.17840174866
K3NaU(CO4)3,57640.18186915747
K3Nb,249026.11344425968
K3Nb4Mo4(PO4)12,97038.36225317788
K3NbF6,94485.521696465
K3Ni(NO2)5,63392.25620686131
K3Ni2F7,226751.2608900481
K3NiF6,55280.08108590174
K3NiO2,74359.7176632833
K3NiPCO7,100263.07022562386
K3Np(MoO5)2,74095.17623735603
K3Np3Si2O13,168453.3041871528
K3Os,110262.69228067006
K3P2H10O7,95058.58057549103
K3PO5,118957.11424975753
K3Pu(PS4)2,125673.41786115314
K3RbMn2F12,183685.87182446886
K3Re,207003.20184575373
K3ReClF6,148863.68297701786
K3ReH6,123011.55968763192
K3ReN3,53319.511629905326
K3Ru,103375.53413489216
K3Si,59479.78090816749
K3Ta,259276.04514309377
K3TaCl6,57665.461347716846
K3TaF6,87968.19354383404
K3Tc,185380.84984733115
K3TeP3O17,77598.48866832504
K3Th,79245.68734920456
K3Ti,148448.75604763144
K3TiF6,50096.7350002888
K3TiFeH4S4O19,113474.72954479138
K3U,216270.2046175355
K3U2O6F7,106718.39056098524
K3UC5O17,112020.97940255054
K3UF3,156823.00767839514
K3UF6,90776.56249891197
K3UH5C5O12,61586.74798975626
K3V,233333.09100731747
K3V14O28,293837.24175378465
K3V2(PO4)3,137631.30876099964
K3V2P2O8F3,146557.07495201987
K3V3O8,90915.87433121416
K3VF6,103956.3152278483
K3W,250513.10206910802
K3WF6,161460.54524447568
K3Zn4As3O17,154443.88892980365
K3Zr,173536.25684241953
K3Zr2NF12,60823.67547934707
K3Zr2S(O2F3)3,111885.8288778159
K3Zr4Si12HO44,70565.58493063704
K4Ba2Na4Ti8MnSi16(W4O29)2,222264.35110518828
K4C2O3,99011.15706492901
K4C2O9,233823.27993555996
K4CO6,85893.95357735203
K4Co(MoO4)3,74831.30379663038
K4CoP6O25,198940.71796474405
K4CrO4,112335.33073101284
K4Fe2O5,504359.4177093262
K4Fe2O7,219952.7024244499
K4Hf3Mn(PO4)6,88424.35537155632
K4HfC8O21,122223.0337886055
K4IrO4,165201.52311369384
K4Li3(FeO4)2,249887.15173968917
K4Li3Mn2O8,177641.3027110025
K4Li5(FeO4)2,310732.830097192
K4Li5Cr2O8,175584.84629014973
K4Li5Mn2O8,242909.87223610134
K4Li7Mn2O8,304203.7601116252
K4LiMn4O8,598528.6508522126
K4Mg(TiS3)2,53430.40765000895
K4MgCu3F12,104148.50218998612
K4MgFe3(PO4)5,311703.61785060796
K4MgMn4O8,607115.3562143759
K4MgMo2(SO3)2,56163.81398188883
K4MgV2O7,69231.75426199101
K4MgV4O10,153819.9057550452
K4MgV6O16,81286.88597993407
K4Mn2H16S4O23,150018.4057738549
K4Mn3F12,463000.57081059756
K4MnBr6,125337.81388413641
K4MnCl6,134241.25526513124
K4MnO4,170200.32674157922
K4Na2FeH3F12,150651.15265505563
K4Na2Mg(FeO3)2,279873.15456504776
K4Na4Mo3(WO4)5,277794.4314876894
K4Na4Mo3W5O24,143942.75433183752
K4Na4Mo5(WO8)3,144241.03810848988
K4Na4Mo5W3O20,282508.7353925543
K4Na4Mo7WO24,145156.2569259733
K4Na4MoW7O20,278611.3176320558
K4Na4MoW7O24,143576.97374877517
K4Na4Nb3W5O24,89370.44498307831
K4Na4NbW7O20,253433.04700222012
K4Na4NbW7O24,120554.69530582595
K4Ni(NO2)6,56013.88380185914
K4Ni7(AsO4)6,238582.59837180254
K4Np4O11,230113.22490307892
K4NpS2ClO10,59915.664067449245
K4P3NO13,145102.6881584243
K4P4H6WO14,77883.9981339227
K4P4O15,137756.54247482913
K4PSe3O16,103336.23318643429
K4Pu4O11,404926.8440794749
K4Rb2Co2O5,212316.638775158
K4Re2HCl10O,58948.43671310279
K4Sn(SO)4,53484.85052586449
K4Ti2C8O23,96295.85368838314
K4Ti3Co(PO4)6,55726.98666331541
K4U4O11,168519.58843439212
K4V4As6H12O31,50475.8136351842
K4W2Cl10O,79478.29408739366
K4ZrC5O15F2,73603.06284910005
K4ZrC8O21,70412.57612729065
K5Ag(NO)2,146924.88237418322
K5AlCr4(MoO4)10,107585.09728989213
K5Mn2B2P5O21,150293.0772467708
K5Na3Nb4(WO6)4,59234.592587245774
K5Na3Nb5(WO8)3,53206.85494799579
K5NaNi5(P2O7)4,145176.6921509433
K5UCr3H3NO17,53803.39334231052
K6As8O19,52841.725462566654
K6Co2O5,127823.17823669667
K6Co2O7,345434.27632331394
K6CoS4,88085.4455733727
K6CoSe4,77757.3205975938
K6Fe2O5,287832.1509694082
K6Mg(FeO3)2,263480.51696122746
K6MgCr2O8,105428.29397118147
K6MnS4,142842.34146321763
K6MnSe4,126647.20862535622
K6MnTe4,105455.03802742137
K6Mo7O34,117000.21567400999
K6Rh2(C4O11)3,90507.81253827276
K6Sb14Se6O25,99898.62812922725
K6Sr2Ni5(P2O7)5,112470.459368263
K6W4CO29,104440.97473441352
K7Fe5O16,235256.88778783832
K7Na(TeO8)4,141110.23450709975
K7Rb5(Fe2O5)2,260584.88791129814
K7Se4NO16,71179.13658286034
K8Li13(FeO4)4,323605.7505531284
K8Li3(FeO4)4,199816.02953116767
K8Li3Cr4O16,53418.21609643506
K8Li3Mn4O16,125021.45818628953
K8Li9(FeO4)4,298728.13998173294
K8Li9Cr4O16,157568.71052837966
K8Li9Mn4O16,234267.35868804523
K8Mg(SiO3)8,80953.0281423914
K8MgCo2(Mo4O15)2,64298.860610781994
K8MgMn4O16,105824.08274519777
K8N3O,90986.66041268338
K8Ti4C16O45,109296.80140648255
K8Zr3Si12SnO40,73171.77524828879
K9(WO3)20,52990.694448243084
K9Fe2Se7,145797.0078171756
KAc2Bi,81857.16892620959
KAl(SiO3)3,92994.55147256967
KAl2NiP3(H2O7)2,69399.42401640881
KAl2NiP3O14,131325.93452298598
KAl4Fe3(HO6)2,526763.9439414557
KAlCO5,156894.99705572816
KAlCO6,135430.14822842844
KAlCo(PO4)2,143221.39405231198
KAlCo3Si3(HO6)2,320165.47501236596
KAlCr2(HO4)2,87435.38172285816
KAlFe2F2,426199.6283231178
KAlNiF6,145376.05097088314
KAlSi3Ni3(HO6)2,217612.8145032712
KAs(OF2)2,137316.4647899214
KAsOF5,66376.36937212282
KAu(Cl2O)2,80072.40812745354
KBa(Fe2Se3)2,393402.56605537364
KBa2Bi2O9,113005.86100876238
KBa2MoO6,55794.848629042826
KBa2Ni2F9,179032.75962010186
KBa2Re,129912.05670169581
KBaCr2(PO4)3,226362.20638179468
KBaFeO3,431432.1722536951
KBaN3,365308.54041609744
KBaNa2Ti3Fe(Si2O9)2,117720.63898548798
KBaPt,51987.28329945574
KBaSrMnO6,345560.1090834241
KBeO3,259290.4673441821
KC,470530.5937704843
KC2,127972.22127860597
KCN2,130296.1462434552
KCO3,58237.231286890004
KCa2(P2O9)2,256406.30082561137
KCa2VO6,138287.70726222143
KCaAsO12,198005.08226373218
KCaCr2F9,285144.1795905314
KCaFeBiO6,392613.1995167654
KCaNbWO6,139740.36927479444
KCaNi2,66750.75568350765
KCaNi2H3(SeO5)2,150548.64993680167
KCaPHO4,76523.60471872239
KCaV2F9,186973.65013170286
KCdN3,538588.0808958111
KCdO3,140943.22642795666
KCo,278525.5908301736
KCo(PO3)3,122301.56931314696
KCo2(MoO5)2,246429.15674021264
KCo2(PO4)2,318126.5642557052
KCoCl3,237697.89117171627
KCoCuS2,283021.8069911841
KCoF4,330146.47987913457
KCoH3(CO2)3,167082.98429738628
KCoN,73022.401314238
KCoO2,570788.182775751
KCoO3,305437.2236296726
KCoP2H5O9,138668.07781271817
KCoPCO7,58193.44261205574
KCoPH2O5,84098.68330578206
KCr(CO2)4,93831.81443678745
KCr(MoO4)2,143441.71421600468
KCr(SO4)2,183988.13325359745
KCr12Si8ClO28,606134.1666346156
KCr2Fe3O14,459335.1098275156
KCr2FeO8,264662.85000332596
KCr2PbF9,324877.0074898161
KCr3H6(SO7)2,329916.0987106428
KCr3O8,161609.71778299345
KCr4O8,587663.278421209
KCr5S8,526765.1399749378
KCr5Se8,453742.2277811265
KCr5Te8,364642.8347608855
KCrCl3,304030.9491185252
KCrCuF6,164246.9198122574
KCrF3,546718.0596833538
KCrF6,98037.66534280608
KCrH18N6(ClO2)4,76529.09152039934
KCrH24(SO10)2,62202.07573725915
KCrN,353829.9146311216
KCrNiF6,332850.90758987475
KCrNiOF6,436394.99058931955
KCrO2,570769.4436475965
KCrO3,166987.31278995852
KCrP2S7,105571.89418388321
KCrPCO7,108068.5429441403
KCrS2,339966.96455426706
KCrSnS4,161173.99109617612
KCrTe2,269631.6683585048
KCu2H3(SO5)2,97080.07334455465
KCu3NiSe4,84304.50500834438
KCuIO6,65027.42522355323
KF2,76683.44235615568
KFe(MoO4)2,242220.31835730205
KFe(SO4)2,173244.63947950408
KFe(SeO3)2,332353.362546482
KFe(SeO3)4,194934.44466300245
KFe11O17,1380887.9673150496
KFe2(PO4)2,519000.83459274983
KFe2F6,634106.6895099571
KFe2H(SeO3)4,347136.9114775591
KFe3(SO7)2,438231.45473003294
KFe3As4(HO8)2,423698.21629021916
KFe3H6(SO7)2,370468.28003303544
KFe4(SiO4)3,671557.0331910931
KFe6H12S4O29,504298.5773885726
KFe8P8H16N7(O4F)8,464043.2362523904
KFeBP2HO9,277344.0134754816
KFeBr3,263866.04806314816
KFeBr4,224959.4515653652
KFeCl3,313109.6000232247
KFeCl4,264673.49606208556
KFeCu(PO4)2,233670.45062162122
KFeCuS2,380599.7188369461
KFeCuSe2,336452.5958576677
KFeF3,554191.9736521295
KFeF4,535954.0201305266
KFeH2S2O9,269380.05917689594
KFeH5(SO5)2,151097.5278091454
KFeI3,229181.0945333718
KFeN,74745.42203693697
KFeNi(CN)6,100367.95297105343
KFeO2,655146.2756235488
KFeO3,469832.82084971626
KFeP,534381.6873496454
KFeP4(H2O7)2,174019.43632776983
KFePO4,378675.4777927233
KFePO4F,434747.9562991231
KFeS2,244182.73443981225
KFeSe2,245371.72284552813
KFeSeS,242684.93239485275
KFeSn3O8,258871.98827880571
KFeTc2,375864.87882456876
KGa2NiP3(H2O7)2,67332.98811342179
KH2C4N3O4,62319.163361763065
KH2OsNCl4,81990.56919856482
KH3,183648.34262196996
KH8W(NF3)2,138389.7407308915
KHf4BiO12,69182.14044738469
KHfMnSbO6,351356.3299427602
KHfO3,114092.29815776116
KHfPdF7,140320.47404812992
KHfTe2,74663.78893652403
KIn(GeO3)4,175451.16114678857
KIn(WO3)2,140578.82918716455
KIn(WO3)4,154486.69595711186
KInN,107441.13048990724
KIrO3,148800.84704987553
KLi(WO3)3,93229.35261212214
KLi(WO3)4,77103.87695135076
KLi2FeO3,312594.7086300892
KLi2MnPCO7,275311.3555155471
KLi4FeO5,251108.00879041463
KLi6IrO6,135251.8509027669
KLiCoO2,417924.3697692906
KLiMnO2,685072.5390449045
KLiMnP3HO10,201159.47312137135
KLiMnPCO7,217906.89118285812
KLiMnS2,422885.3307711512
KLiMoO5,156355.79439990054
KLiNi2H3(SeO5)2,159578.30975004187
KLiO3,279479.4857822597
KLiPH3O3F,69767.94092089098
KLiSb3O8,65925.13459647236
KLiWO3,247811.60244946822
KLiWO5,137922.69315735763
KMg14Cr,96440.43720116215
KMg14CrO16,85885.74478177962
KMg14Fe,66306.57144539003
KMg14FeO16,142031.82747963537
KMg14MnO16,114295.33071749232
KMg14V,77342.56997246273
KMg14WO16,83531.7540517961
KMg30FeO32,73277.98063722636
KMg30MnO32,58610.5874987342
KMg3Al(SiO4)3,69414.40567161873
KMg3O4,99114.99660650402
KMg6CO8,50042.81527400271
KMg6Co,87289.31668802838
KMg6CoO8,169168.41354344215
KMg6Cr,203904.08620704498
KMg6CrO8,169696.42656753736
KMg6Fe,123538.32669124934
KMg6FeO8,269374.9881043025
KMg6Mn,183962.73438809314
KMg6MnO8,214296.7841571198
KMg6Ti,69293.21244821261
KMg6TiO8,53649.29787611534
KMg6V,165217.0024361667
KMg6WO8,155944.9477145733
KMg6Zr,54012.146577145744
KMgAl(MoO4)2,100673.47397009678
KMgCo2(MoO5)2,264740.0451485644
KMgFe(PO4)2,216342.15368377935
KMgFe(SO4)2,138440.2475051356
KMgMn2(MoO5)2,332818.61039179616
KMgMn2Cr2O10,356038.4013213178
KMgMn2O4,872001.8545852018
KMgMn4O8,724965.6630581018
KMgMnO2,542456.1483185079
KMgMoO3,212366.87573937594
KMgNi2H3(SeO5)2,158039.38502203778
KMgNiIO6,132948.22079968522
KMgO3,197803.42835571695
KMgRuO3,76251.2779299477
KMn(CN)3,157134.84000252275
KMn(PO3)3,230106.11498028494
KMn(SeO4)2,216012.25202706634
KMn16O32,785070.4288666542
KMn2O4,690609.9279188128
KMn2P2HO9,406366.3498474553
KMn2Zn3(Si2O5)6,125043.89759439907
KMn3O6,642978.6820601682
KMn4O8,715826.7551539872
KMn5(SeO3)6,522523.79944785376
KMn6O12,848053.3801468541
KMn8O16,842924.61032459
KMnAs,493039.819875257
KMnBi,438480.28843024414
KMnBiWO6,343528.3165079611
KMnBr3,316587.0371727302
KMnCl3,376684.15686679864
KMnCu3Se4,125023.85775429122
KMnF3,656229.2129372271
KMnF4,472145.3974181369
KMnGa2P3(H2O7)2,163016.90263968142
KMnH2OF4,383091.848531414
KMnH4Cl3O2,211125.0428942364
KMnIO6,200502.79671698154
KMnN,348987.71605367423
KMnO2,601978.0784834002
KMnO3,284786.69656784483
KMnP,213045.1791622642
KMnP2H5O9,218942.7498218316
KMnP3HO10,181230.00487323024
KMnPCO7,165656.4257617255
KMnPH2O5,413381.4485774791
KMnPO4,452057.27291456383
KMnSb,457875.72720437957
KMnSe2,347509.7601607045
KMnSn3O8,208832.30953446985
KMnTe2,318646.2501315138
KMo2(P2O7)2,157015.2326235831
KMo2Cl7O2,58270.79900313608
KMo2P3O13,66958.91963535386
KMo4(P2O7)4,140933.010800708
KMoH8(NF3)2,137028.1002961755
KMoP3WO12,138331.30618449752
KMoPClO5,61967.8537737593
KN,380373.6767000024
KN2,145259.85980574548
KNa(BiO3)4,64051.366447452645
KNa(MoO3)2,147550.7541123439
KNa(SbO3)4,74221.65096837921
KNa(WO3)2,145205.06893686074
KNa(WO3)4,76845.27121864578
KNa2CrF6,165782.40686045852
KNa2FeF6,289027.24359273404
KNa2FeO3,450041.78545454156
KNa2LiTi2MnFe(SiO3)8,171964.03171304605
KNa2MnF6,218318.83521777272
KNa2MoF6,149193.0335471359
KNa2NbF6,84456.33982164714
KNa2NiO2,93494.79555592917
KNa2PdF6,51285.60496111443
KNa2RuF6,52548.100358595846
KNa2TaF6,62390.4771746861
KNa3Mo2O17,475240.16005049745
KNa3V2(MoO6)2,77789.2903261432
KNa3W2O17,421028.18779373105
KNa7V6Cr2O20,208403.32906191927
KNa7V7CrO20,187795.98508148978
KNa7V8O20,164948.24585341127
KNaCa2(SiO3)8,95598.12307312364
KNaCaCo5(SiO3)8,252734.6745274842
KNaFe(Si2O5)2,161311.68776980575
KNaMg6O7,50858.7361996374
KNaMn(Si2O5)2,199841.30292664113
KNaMnO2,589973.880686096
KNaMo2O5,284681.320405621
KNaMoWO5,281768.25298870786
KNaO3,211935.13978369255
KNaSi5SnO16,73210.17367362915
KNaSi5SnW3O13,330508.81792412087
KNaTiH2O3F4,51266.39720181798
KNaW2O5,279369.8085921636
KNb2O4,91253.04599567903
KNb3CuO9,51315.2241777674
KNb3F9,281988.69902975403
KNbO2F,56273.48404540438
KNbPCO7,50196.98439944942
KNbTe2,177995.58181150188
KNbWO7,123780.88623015248
KNi(BrO2)3,84950.29304996388
KNi(PO3)3,94066.26205867295
KNiAsO4,183082.82985232092
KNiBiWO6,146530.1559267854
KNiCl3,156243.02464195958
KNiF3,295700.4829863678
KNiH9(CO5)2,109885.95832487974
KNiN,119858.255674241
KNiO3,550359.2769224193
KNiPH2O5,177844.49855662638
KNiPO4,192796.4261190386
KNiSbO4,177414.15661073898
KNiTe,113599.11687828836
KNiTeO6,68219.18579290158
KNp2F9,325037.5985013152
KNp2O4,490820.5483358831
KNpAgS3,185173.32386249068
KNpAs2,308420.0428545147
KNpCuS3,199247.06627449216
KNpO3,231558.67808156897
KNpPt2,396562.1510242021
KNpTe2,297656.03365718696
KO2,86535.35384166159
KOsBr4NO2,66173.72749376691
KOsF6,277420.063309345
KOsNOF5,81791.08667492351
KP,122054.10287175296
KP2(W3O11)2,62075.10515195431
KP2W7O25,54433.07196104507
KP4(CO2)4,95914.71476357034
KP4(WO4)8,69516.37180617168
KP4N3O16,388597.7088580773
KPO4,173512.63157628465
KPWCO7,100473.59204456491
KPa2O4,198536.72505477912
KPaTe2,152414.97467859584
KPtN2O5,61610.95455965843
KPtO3,145495.47180996486
KPu,56930.99219347678
KPu2F9,439038.912562974
KPu2O4,641331.9943837789
KPuAs,573855.0911656132
KPuAs2,471881.87921966275
KPuAu2,552564.0755947813
KPuBi,451270.1612195173
KPuBi2,396691.53266017995
KPuCO5,258832.31565130816
KPuO3,349019.61420292425
KPuSb2,424486.4185418344
KPuSn2,431275.7903945876
KPuTe,563108.3464071703
KPuTe2,369679.81051144557
KRb(Fe2S3)2,58193.38233615594
KRb(SO4)2,85046.9123782759
KRb2AuCl6,55888.47488906946
KRb2AuF6,90952.18805449875
KRb2CoF6,226828.29668852407
KRb2CrF6,170322.74917899788
KRb2CuF6,105215.01272154316
KRb2FeF6,278498.9136830363
KRb2MnF6,201012.13435698193
KRb2MoF6,159550.52099505774
KRb2NbF6,92025.3507745238
KRb2NiF6,58564.16858196701
KRb2TiF6,54387.92445009455
KRb2VF6,111859.42426944803
KRbMn2Ga4P6(H2O7)4,152686.4939583108
KRbMnF6,178423.88683372477
KRbMnV2O7,207868.75350827165
KRhF6,190663.25491052313
KRhO3,299002.7428239092
KRuF6,265998.66002515063
KRuO2,286389.24655133294
KRuO4,94640.59662334663
KSO2,107693.58581050823
KSi4O9,50382.859396661006
KSi5BO13,66126.4409069068
KSr2IrO6,124951.13706891742
KSr2Nb4FeO15,114758.95269030097
KSrMnBiO6,205414.0230049483
KTa2O6,59448.18477473433
KTaWO7,125303.74906046293
KTcO2,489690.28000443865
KTeO4,78577.95564082944
KTeO5,75395.60034501813
KTeO7,152586.0543275675
KThO3,93581.78281977415
KThTe2,56683.34871900356
KTi2F7,146911.90537391318
KTi2O4,62078.15114274826
KTi3FeO8,294748.6398949272
KTi4O8,61171.20630026582
KTiBr3,118230.99356938865
KTiCl3,79005.4972681732
KTiF4,88117.66556163531
KTiH2S2O9,53209.59536942641
KTiI3,95214.60408209743
KTiO3,127667.4182392833
KTiS2,108549.13531257259
KTiSi3O11,196159.91145569374
KTiTe2,118564.8851545791
KTl(CoSe)4,189663.88539501603
KTl2CrF6,154424.0158874873
KTl4(CoSe)10,172632.486163313
KU2(PO4)3,139365.7880913632
KU2F9,169151.3974904443
KU2O4,345917.2609945742
KU2SO12,142584.15200354884
KU2SbSe8,103880.73240306626
KU3,343510.8709670853
KU6F25,230864.24390135598
KUAs2,99014.4147747001
KUCrO6,68640.242228094
KUCuS3,132171.39432948205
KUCuSe3,115680.90386380527
KUO3,113825.37471046488
KUPt2,266607.6950218603
KUTe2,224071.8172393629
KV(SO4)2,123274.14387401214
KV13O20,590137.4634236521
KV2CrO7,214523.77513184038
KV2O4,310706.179655422
KV3(PO4)4,113705.53120706894
KV3CdCu4O13,134682.1498667456
KV3O7,130781.83876693135
KV4O8,317480.7641947869
KV5Se8,300071.3548732489
KV6O11,430016.95236017107
KV6O14,87561.22500912465
KVBP2HO9,109985.41464153129
KVBiWO6,194933.25696996902
KVCl3,218132.15741767897
KVF3,409335.82874707243
KVF4,226327.66077199395
KVFeP2H5O11,278663.6007031825
KVHO3,88739.44072321139
KVHSe2O7,57470.558863917824
KVNiOF6,331187.5335785642
KVP2S7,69978.16198194516
KVPO5,81227.5900270881
KVPO6,65376.41745531255
KVTe2,199694.1521499818
KW5O13,97266.17838130452
KZnCl3O2,90271.00931871755
KZnH2Cl3,94722.42165182807
KZnHCl3,52348.63802491009
KZnO3,203193.1584567493
KZnP2O7,54217.09065199453
KZr4BiO12,66856.5017450504
KZrMnBiO6,217685.1094823745
KZrO3,122361.63548662816
KZrPdF7,138934.935105004
KZrTe2,89027.38714033918
KZrVF7,216007.6541549435
Li(CoO2)2,318659.9173710385
Li(CoO2)3,188185.93430542893
Li(CoO2)4,392987.1425114705
Li(CoO2)8,239385.07464955578
Li(CrS2)2,354380.9570789916
Li(CuO2)2,389620.25674280076
Li(Fe2O3)4,1581462.9070539332
Li(Fe3Ge2)2,743910.9053899184
Li(Fe3P2)2,353094.23107322457
Li(FeO2)3,1035983.7325333213
Li(FeO2)8,974946.6719482017
Li(FeO3)2,509149.41902194836
Li(FeS2)2,242607.92449097137
Li(HO)2,116863.23401783279
Li(IrO3)2,85250.74560945941
Li(MnS2)2,522869.1341589924
Li(MoO2)2,274995.8240085783
Li(MoO2)3,76857.49983911171
Li(MoO3)2,87116.19511784671
Li(NiO2)2,141482.79822641372
Li(NiO2)4,66865.54596415839
Li(NiO2)5,55754.674513629296
Li(NiO3)2,327233.9516338353
Li(OsO2)2,363967.6313183542
Li(PtO3)2,231385.72994723095
Li(RhO2)2,120600.91332942246
Li(RhO3)2,75526.03769484449
Li(RuO2)2,372174.874773268
Li(SeO3)2,60734.70213363552
Li(TcO2)2,580422.736890516
Li(TcO3)2,85169.11780094262
Li(TiTe2)2,55946.40108972733
Li(VS2)2,228784.99644920154
Li(WO2)2,254123.0768301403
Li(WO3)2,87313.50173782207
Li10Co(SiO5)2,117182.1439231764
Li10Co3Ni7O20,454623.6966669962
Li10Co4O9,501176.0491585359
Li10CoNi9O20,247161.09255894594
Li10Cr(SiO5)2,158934.73799815375
Li10Cr2Fe3Co3O16,804779.7078628283
Li10Cr3Co2Ni3O16,576653.8583435513
Li10Cr3Fe3(NiO8)2,851132.7915565298
Li10Cr3P6(O4F)6,63698.23740129586
Li10Fe(SiO5)2,156995.41499926388
Li10Fe21O32,1486667.0040595888
Li10Fe2Co3Ni3O16,675857.9487023159
Li10Fe3Co2Ni3O16,634550.7028581726
Li10Fe3Co3(NiO8)2,924255.2108371976
Li10Fe3Co7O20,406070.27705797844
Li10Fe3Ni7O20,577306.0581854153
Li10Fe3Sb7O24,233930.47251429124
Li10Fe4S9,375898.1147534152
Li10Fe5Co3O16,938732.2332877408
Li10Fe9CoO20,1114191.4864841148
Li10FeCo9O20,131536.5086410792
Li10FeNi9O20,372872.9045250048
Li10Mn(SiO5)2,197290.09480562934
Li10Mn2Fe3Co3O16,999811.769448402
Li10Mn2Fe3Ni3O16,861867.7667996923
Li10Mn2V3Cr3O16,734702.0648894514
Li10Mn3Co2Ni3O16,648352.8911848036
Li10Mn3Cr2Ni3O16,710381.5201196303
Li10Mn3Cr3(CoO8)2,811621.3676516411
Li10Mn3Cr3(FeO8)2,856758.105664877
Li10Mn3Cr3(NiO8)2,764040.9352549698
Li10Mn3Cr5O16,865500.0635899039
Li10Mn3F16,448689.2967950702
Li10Mn3V5O16,700937.9996842516
Li10Mn5Fe3O16,1086789.452473462
Li10Ni4O9,335725.43466404406
Li10Si2NiO10,78810.60768806215
Li10Ti11Cr9O40,321855.61561755347
Li10Ti2Fe3Co3O16,693400.500611354
Li10Ti2Fe3Ni3O16,610526.8545639189
Li10Ti2Mn3Co3O16,594054.5805108668
Li10Ti2Mn3Ni3O16,577003.767974761
Li10Ti3Co3(NiO8)2,390992.94091420464
Li10Ti3Mn5O16,697384.876609881
Li10V(SiO5)2,118875.74994255342
Li10V3Cr5O16,694356.8934824716
Li10V5Cr3O16,625572.7359647134
Li11(CoO4)2,334052.1794968311
Li11(FeO3)4,422809.1814638207
Li11(MoO2)12,613102.736495878
Li11(NiO2)12,245769.98721779333
Li11(NiO4)2,230178.1012358935
Li11Co12(PO4)12,394098.3495491698
Li11Cr3Fe3O16,636452.9599989448
Li11Fe(WO4)7,80139.50016090243
Li11Fe12(BO3)12,620712.6988183461
Li11Fe3B24(PbO24)2,166382.01984848556
Li11Fe5(OF11)2,535933.1847588976
Li11Fe6F29,484285.75772447826
Li11Mn12(BO3)12,721793.4724220652
Li11Mn13O32,619781.9350484925
Li11Mn2O8,424314.4347158943
Li11Mn6O16,660886.8211821107
Li11Nb4(Ni3O8)3,346469.22800168395
Li11Ni13O24,337925.9074457206
Li11Ti12(NiO8)4,170580.59618398952
Li11Ti4Fe9O32,547522.2566028639
Li11Ti4Mn12O32,709098.8966279458
Li11Ti8Fe5O32,296744.2561490077
Li11V12(CoO8)4,333424.998868005
Li11V12(CuO4)12,114042.56398687809
Li11V16O32,407782.2984996152
Li11V4F24,146628.64569801601
Li11V6O5F19,246502.62254571656
Li11V8(PO4)12,148176.70687399615
Li12Co3NiP4(CO7)4,189679.68135130644
Li12CoNi3P4(CO7)4,122091.63119418587
Li12Cr3CoP4(CO7)4,250027.14862754906
Li12Cr3FeP4(CO7)4,265142.3317304435
Li12Cr3NiP4(CO7)4,234012.98586554622
Li12Cr5O16,324853.45873310545
Li12CrCo3P4(CO7)4,220555.98824626819
Li12CrFe3P4(CO7)4,268161.5223530543
Li12CrNi3P4(CO7)4,171506.2289847916
Li12Fe3CoP4(CO7)4,252797.58567101447
Li12Fe3NiP4(CO7)4,238924.43122050632
Li12Fe5O16,624876.7958630833
Li12FeNi3P4(CO7)4,173274.07956311302
Li12Mn11Fe(PO4)12,585230.3084061929
Li12Mn2O9,314640.07226684346
Li12Mn3CoP4(CO7)4,297760.52423880924
Li12Mn3CrP4(CO7)4,313164.39615667006
Li12Mn3FeP4(CO7)4,313700.08213185414
Li12Mn3NiP4(CO7)4,282417.48331279407
Li12Mn3V5(PO4)12,219246.8121251297
Li12Mn3VP4(CO7)4,296625.80323356553
Li12Mn5V3(PO4)12,259624.87947533978
Li12Mn7V(PO4)12,299788.81358428183
Li12MnCo(Ni5O12)2,311878.3597729606
Li12MnCo3P4(CO7)4,135143.0175604258
Li12MnCr3P4(CO7)4,280393.44202103064
Li12MnFe3P4(CO7)4,283407.7741505144
Li12MnNi3P4(CO7)4,189584.64046399624
Li12MnV3P4(CO7)4,231190.28737115688
Li12MnV7(PO4)12,179555.86902693665
Li12V3CoP4(CO7)4,199676.41655495818
Li12V3CrP4(CO7)4,214883.0955193422
Li12V3FeP4(CO7)4,215931.70842790077
Li12V3NiP4(CO7)4,184270.63960827907
Li12VCo3P4(CO7)4,203057.85434436882
Li12VCr3P4(CO7)4,249836.7727656765
Li12VFe3P4(CO7)4,250264.0010077784
Li12VNi3P4(CO7)4,154185.85537399127
Li13(FeO6)2,258348.09726277067
Li13(Mn3As4)2,521823.2321509598
Li13Co15O28,202555.93334112287
Li13Mg(Ni6O13)2,231160.62171181032
Li13Mn17O40,683534.541306904
Li13Mn21O48,695336.4353130372
Li13Mn2O9,355584.42698551045
Li13Mn3(SbO8)2,351354.36832825415
Li13Mn3Nb2O16,351709.86194859573
Li13Mn6(PO4)8,442268.6463366595
Li13Mn8O24,471825.38369725784
Li13Ni15O28,325644.9050451901
Li13Ni9O22,125990.0586443625
Li13V24O52,272725.7585056285
Li14Co13O28,60590.63311845248
Li14Co2S9,134406.96257619988
Li14Cr9(P2O7)8,291442.9669762876
Li14Cu9(P2O7)8,77441.22384040625
Li14Fe2S9,173984.20550970463
Li14Fe4O13,535821.2821065993
Li14Mn22Cr3Cu3O56,759007.0161498827
Li14Mn2S9,220163.54968442037
Li14Mn5F24,492911.63006747887
Li14Mn9(P2O7)8,362395.62874846737
Li14Ni9(P2O7)8,155466.3692825399
Li14V9(P2O7)8,220972.1670756635
Li15(FeO4)4,348813.3978153386
Li15(FeO6)2,253513.085960247
Li15(NiO2)14,315747.13004171033
Li15Cr15SiO32,719689.8595622437
Li15Cr2O12,132238.23519872266
Li15Fe15SiO32,916406.79463996
Li15Mn15SiO32,934152.0629147468
Li15Mn21O43,786265.2276917559
Li15Mn2O12,184150.79723817794
Li15Mn8P8(O4F)8,463444.9177884932
Li15Ni8(PO4)12,189975.33387575662
Li15V6(P8O29)2,71711.45068727489
Li16(CoO4)3,339886.78864188964
Li16Fe4SiO16,481753.1144289078
Li16Mn15Fe(PO4)16,587384.568529835
Li16V3Ga13O32,76364.31052789206
Li17(Co4O9)2,527195.3940667987
Li17(CoO4)3,305160.63881807664
Li17(CoO4)4,450528.4971547744
Li17(MnAs2)4,376010.3332405749
Li17(WO3)19,134325.4215326001
Li17Cr2O12,177866.41615088747
Li17Cr6(Si2O7)6,188356.69873982252
Li17Fe6(Si2O7)6,295792.93448406155
Li17Ni11O28,100039.01392160493
Li17V16O32,496339.2747043574
Li18Fe5N12,232590.7891320465
Li19(CoO4)4,268255.4205440304
Li19(FeAs)20,134065.79232498532
Li19(Mn3As4)3,497801.12574207294
Li19Cr4P8O35F,161562.17193308033
Li19Mn4P8O35F,211862.48337670963
Li19Mn5N9,392265.99241156713
Li19Mn8C16(SO16)4,266437.3094668689
Li19Ni23O42,341580.7119527922
Li19V12O32,238708.43016898946
Li19V8(BO3)16,111617.87895468813
Li2(CoO2)3,313290.07264927943
Li2(FeO2)3,1201828.7287090346
Li2(FeO2)5,1097257.3082170843
Li2(NiO2)21,482245.6368884366
Li2(NiO2)3,179354.8841626312
Li2(NiO2)5,102716.30313027941
Li20Co21O40,122898.12045499658
Li21(Co4O9)2,435604.5491484388
Li21(CoO4)4,346208.95530575194
Li21(FeO4)4,433347.539980818
Li21Mo11O32,329979.93532620004
Li22(VSn)7,327800.2254637089
Li23(MnAs)20,686133.3811445688
Li24Mn11CrO36,521198.38522447407
Li24Mn5Cr7O36,426528.7425878584
Li24Mn7Cr5O36,457528.0463368179
Li24MnCr11O36,365299.3518517061
Li24Ti5Cr7O36,202152.0072349598
Li24Ti7Cr5O36,143520.57293032255
Li24TiCr11O36,321373.3066306472
Li2Ac2O5,81380.15532028061
Li2AcO3,120546.14277459549
Li2Ag3F6,64884.40445563454
Li2AgF4,89239.6702041029
Li2AgF6,92631.72707255709
Li2Al2CrSbO8,198169.004762809
Li2Al2P2O9F,56139.27784122201
Li2Al2Si4O13,60316.9363863953
Li2AlCoO4,410470.28093315416
Li2AlCr2SbO8,386110.88054107525
Li2AlFeO4,525775.1393798477
Li2AlNiO4,325212.4331719134
Li2AlVO4,207335.47045313063
Li2BrO,136014.2173538557
Li2C,512354.9959356608
Li2Ca(MnN)2,634141.4099234646
Li2Co(CO3)2,217115.75239642372
Li2Co(NiO3)2,90533.07491227456
Li2Co(PO3)4,120914.26723752206
Li2Co(PO4)2,258650.17615717644
Li2Co(SO4)2,188715.5875096262
Li2Co(Si2O5)2,115156.62026586175
Li2Co(SiO3)2,213094.7559378377
Li2Co(WO4)2,206175.83816464862
Li2Co2(CO3)3,334282.16483009246
Li2Co2(SO4)3,244238.5624151455
Li2Co2(SiO3)3,274945.1461194441
Li2Co2C2O7,409060.6587924921
Li2Co2OF6,331778.24373598956
Li2Co2P2O9,280052.12219068024
Li2Co3(P2O7)2,327078.13770326646
Li2Co3(SeO3)4,323562.6046100421
Li2Co3(SiO4)2,458921.7672732464
Li2Co3NiO8,356591.05852027505
Li2Co3OF6,611304.3008305336
Li2Co3SnO8,67054.67064117712
Li2Co3TeO8,467702.60526613606
Li2Co3WO8,318332.837786722
Li2Co4O3F8,548733.5304483388
Li2Co4O7F,343395.24826103804
Li2Co4OF8,630058.9291673164
Li2CoAs,167788.91328824242
Li2CoAu,223419.71306959342
Li2CoBO4,481462.57702421665
Li2CoCO4,303716.013284772
Li2CoCl4,104497.68512420368
Li2CoCu(PO4)2,255154.53146306105
Li2CoCuO4,274285.1783598815
Li2CoGe3O8,202643.92714622017
Li2CoH8(CO5)2,90940.87490635784
Li2CoHgF6,58930.71316843608
Li2CoIr,432034.85889791313
Li2CoN2,180073.44395241214
Li2CoNi3O8,203141.80910491012
Li2CoNiO4,518837.88326533046
Li2CoO2,601544.4621921259
Li2CoO3,258615.49359120624
Li2CoO4,124092.15760488642
Li2CoOF3,248958.29654958882
Li2CoP2O7,194032.56273476765
Li2CoPO4F,294202.5033370817
Li2CoPd,352216.87545858714
Li2CoPt,346835.62293198856
Li2CoRh,438861.6733640222
Li2CoSb,255563.06722749188
Li2CoSiO4,324871.8051938191
Li2CoSn,69696.34246967582
Li2CoSn(PO4)2,161340.80714952113
Li2CoSnO4,336835.18719318183
Li2CoTe,112225.84493989189
Li2Cr(BO2)5,139763.67731212536
Li2Cr(CO3)2,290406.8377106551
Li2Cr(CoO3)2,386078.18894960603
Li2Cr(FeO3)2,993840.7739967499
Li2Cr(PO3)4,146554.99921225922
Li2Cr(PO3)5,93575.04650494234
Li2Cr(PO4)2,125759.6139008898
Li2Cr(SO4)2,238390.8453986816
Li2Cr(Si2O5)2,169700.27891807715
Li2Cr(Si2O5)3,63754.63367468966
Li2Cr(SiO3)2,289820.9527725835
Li2Cr2(PO4)3,203539.25445440807
Li2Cr2(SO4)3,307447.05524560716
Li2Cr2(Si2O5)3,224712.56348994907
Li2Cr2CoO6,566292.2345424303
Li2Cr2FeO6,829075.3492879248
Li2Cr2FeSbO8,681339.0085592954
Li2Cr2NiO6,510073.35052089853
Li2Cr2O5,461529.1337066522
Li2Cr2P2O9,329832.3983611498
Li2Cr2P4H3O16,161275.55730349387
Li2Cr2Si2O7,478604.49680291006
Li2Cr2Si2O9,244251.83262065044
Li2Cr2Si4O11,334069.10821128776
Li2Cr2Si5O13,284209.40659522667
Li2Cr2SiO6,535358.9931830625
Li2Cr2SnO6,446435.9461825297
Li2Cr3(CO3)6,237945.444055323
Li2Cr3(CoO4)3,474212.3165115319
Li2Cr3(CoO6)2,209690.82161923195
Li2Cr3(CuO6)2,69641.28048225204
Li2Cr3(FeO6)2,424192.8320118578
Li2Cr3(NiO6)2,142587.385915749
Li2Cr3(P2O7)2,403986.7356461383
Li2Cr3(SiO3)4,411260.39510333695
Li2Cr3CoO8,519354.8178373433
Li2Cr3CuO8,440105.1890201427
Li2Cr3FeO8,756114.2489994124
Li2Cr3Ni(SO4)6,242526.85681171797
Li2Cr3NiO8,523364.8378734115
Li2Cr3O6,665727.5630117407
Li2Cr3P4(HO4)4,330471.940761272
Li2Cr3P5O18,217038.1102922756
Li2Cr3P9O28,171168.29782212153
Li2Cr3SbO8,535920.9103857521
Li2Cr3Si3O10,536383.7959018493
Li2Cr3SnO8,479693.42240860173
Li2Cr3TeO8,477653.703521256
Li2Cr3WO8,610074.9942152475
Li2Cr4P4O15,426496.0416504989
Li2Cr4Si4O13,560797.8716602675
Li2Cr5(PO4)4,552769.3149697965
Li2Cr5(Si2O7)2,616337.6882874412
Li2Cr5B3O13,617916.7531369516
Li2Cr5O12,286951.0084313161
Li2CrAs,739802.2491551464
Li2CrAu,627783.8012420925
Li2CrBi,594868.6688607566
Li2CrCl4,261807.3570263485
Li2CrCo(PO4)2,429770.10582077014
Li2CrCo3O8,344910.8336589829
Li2CrCoO4,687079.7728215698
Li2CrCuO4,638894.4243296174
Li2CrF4,459640.63581812795
Li2CrF6,217860.40305877387
Li2CrFe(PO4)2,482278.3131963707
Li2CrFe3O8,1024281.5363824499
Li2CrFeAs2,303524.61207245087
Li2CrFeO4,1001510.4325594152
Li2CrGe,625642.5383638758
Li2CrH8Cl5O4,89070.66136052641
Li2CrNiO4,522182.8250590718
Li2CrO2,708199.7250490326
Li2CrO3,346095.33042446425
Li2CrP2O7,263456.5562412377
Li2CrP3O10,130514.43133643089
Li2CrP4(H2O3)6,97856.32778116697
Li2CrP4(H4O5)4,88959.53914312542
Li2CrP4O13,71269.5371608914
Li2CrPO4F,374046.6343898504
Li2CrPO5,298515.5401603407
Li2CrPO6,88438.32852066749
Li2CrPt,446599.20963273925
Li2CrS3,193775.46952639736
Li2CrS4,178261.5389660812
Li2CrSb,639208.2777732984
Li2CrSi,634453.7144267758
Li2CrSi4O11,89993.84929972935
Li2CrSi7O16,107493.04803662948
Li2CrSiO4,416741.691501891
Li2CrSn,562385.3812109354
Li2CrSn(PO4)2,213852.5137326961
Li2CrTe,596608.6209846339
Li2CrTeO6,185729.6145685887
Li2CrWO6,183573.9147227696
Li2Cu(HO)4,107948.61130640608
Li2Cu(SiO3)2,72759.76164627957
Li2Cu(WO4)2,67988.92978337263
Li2Cu2(SO4)3,81932.13529461861
Li2Cu2(Si2O5)3,58767.03229005877
Li2Cu2F5,89202.05097051864
Li2Cu2F7,211878.31311550605
Li2Cu2P4O13,79113.08546841724
Li2Cu2Si2O7,127458.62989160483
Li2Cu2Si4O11,88736.93940456433
Li2Cu2Si5O13,74412.26840037084
Li2Cu3(P2O7)2,108308.27935553297
Li2Cu3F7,110207.5455312291
Li2Cu3F8,179172.91910567466
Li2Cu5(PO4)4,153188.52847595935
Li2Cu5F12,203137.21542156054
Li2Cu7F16,224522.95001127085
Li2CuCO4,100499.26029804703
Li2CuCSO7,67389.0369364767
Li2CuF4,117017.2516882642
Li2CuF5,129644.30162489355
Li2CuF6,102744.35732699043
Li2CuMoF6,188032.3121426434
Li2CuNiO4,376451.2642569045
Li2CuP2O7,68934.47048184925
Li2CuPCO7,139297.85269302485
Li2CuS2,93939.21795587313
Li2CuSiO4,109828.3496129665
Li2CuSnO4,95070.30273430553
Li2Fe(BO2)5,229941.6324713438
Li2Fe(BO3)2,329678.8019846305
Li2Fe(CO3)2,267489.6508027519
Li2Fe(CoO3)2,725637.8317524696
Li2Fe(CuO3)2,672085.9570158467
Li2Fe(NiO3)2,519926.80583681643
Li2Fe(PO3)4,155944.70095556916
Li2Fe(PO3)5,149598.40435949495
Li2Fe(PO3)8,170207.09351577138
Li2Fe(PO4)2,319976.1620763093
Li2Fe(PS3)2,176866.75306245557
Li2Fe(SO4)2,245025.7695303722
Li2Fe(Si2O5)2,165250.6061251525
Li2Fe(Si2O5)3,116014.27136105513
Li2Fe(SiO3)2,289152.39115528064
Li2Fe(WO4)2,167894.23298539204
Li2Fe12P7,788802.5350854057
Li2Fe2(CO3)3,426635.5854294335
Li2Fe2(MoO4)3,293079.6731314819
Li2Fe2(PO4)3,415378.5971956247
Li2Fe2(SO4)3,315638.04477694095
Li2Fe2(Si2O5)3,55440.23670492575
Li2Fe2(SiO3)3,381924.2868042218
Li2Fe2(WO4)3,241585.75644371437
Li2Fe2B2O7,733010.5928154548
Li2Fe2C2O7,534371.9558343748
Li2Fe2Co3O10,222902.5169257133
Li2Fe2CoO6,953346.7097680747
Li2Fe2Cu(PO4)3,416101.34343989956
Li2Fe2Ni(PO4)3,446533.93164559425
Li2Fe2NiO6,853592.4757984825
Li2Fe2O5,815796.5516656531
Li2Fe2OF6,749291.5634876994
Li2Fe2P2O8F,454099.30385383544
Li2Fe2P2O9,533859.5964779839
Li2Fe2P4H3O16,337933.63749660883
Li2Fe2S3,583626.5563631909
Li2Fe2SbO6,666390.0985330621
Li2Fe2Si2O7,470626.4401749661
Li2Fe2Si2O9,477890.7232158856
Li2Fe2Si3O10,385636.50136844214
Li2Fe2Si4O11,331163.17241495027
Li2Fe2Si5O13,290847.4446286603
Li2Fe2Si8O19,187168.67936073776
Li2Fe2SiO6,666595.894581052
Li2Fe2SnO6,787827.715223577
Li2Fe3(CoO4)3,716771.9822948407
Li2Fe3(MoO4)3,502624.5172045209
Li2Fe3(P2O7)2,407931.95728737063
Li2Fe3(PO4)3,517395.47134229244
Li2Fe3(Si3O8)2,341554.7975291244
Li2Fe3(SiO4)2,587422.8154721594
Li2Fe3BiO8,781427.7102081241
Li2Fe3Co7O20,525247.6571257111
Li2Fe3CoO8,982751.2438493639
Li2Fe3CuO8,934844.3436420214
Li2Fe3F8,651484.4419459893
Li2Fe3NiO8,923404.4317364445
Li2Fe3O10,625414.7969329653
Li2Fe3O3F5,905256.6167451993
Li2Fe3O4,1259438.0558752858
Li2Fe3OF6,779916.5864096694
Li2Fe3P4(HO4)4,341514.2641657181
Li2Fe3P9O28,280026.8194656554
Li2Fe3SbO8,910657.9485944802
Li2Fe3Si3O10,545189.2884814765
Li2Fe3SnO8,835660.5424797941
Li2Fe3TeO8,818609.2108890857
Li2Fe3WO8,860927.6612106457
Li2Fe4O3F8,861985.4505130525
Li2Fe4OF8,757588.0912397301
Li2Fe4Si4O13,576752.8197282878
Li2Fe5(PO4)4,578009.1944379294
Li2Fe5(Si2O7)2,618662.5906623853
Li2Fe5B3O13,1013976.0671093805
Li2Fe5F17,659709.8137000127
Li2Fe5O5F7,1114036.6404068663
Li2Fe5Si5O16,508021.4767127081
Li2Fe7(OF2)4,981256.5164894251
Li2FeAgF6,317792.53758838907
Li2FeAs,497928.3673433695
Li2FeAu,494578.6039652211
Li2FeBO4,591932.0621177503
Li2FeBr4,224727.61121977537
Li2FeCO4,402664.23661482136
Li2FeCO5,443457.59101518866
Li2FeCSO7,254044.21323379574
Li2FeCl4,262957.0781257105
Li2FeCo3O8,475364.8568191853
Li2FeCo9O20,347611.0330197047
Li2FeCoO4,1147116.7686293223
Li2FeCu(PO4)2,322774.5764989516
Li2FeCuO4,639861.7102754675
Li2FeF4,441613.2906056056
Li2FeF5,502422.8847299217
Li2FeF6,381768.8298201128
Li2FeGe,438550.18712625094
Li2FeH12(SO7)2,120554.15668145783
Li2FeH4(SO5)2,190570.07246146334
Li2FeH8(SO6)2,138838.52886745826
Li2FeN,645173.9573484453
Li2FeNi3O8,406259.2527053186
Li2FeNiO4,796612.6756244594
Li2FeO2,802956.0186290711
Li2FeO2F,855818.3936976909
Li2FeO3,724249.145431796
Li2FeO4,280243.9986702187
Li2FeOF3,611545.0598308761
Li2FeP2HO8,60217.94234501283
Li2FeP2O7,262425.41782174667
Li2FeP3O10,196497.68118052353
Li2FeP4(H4O5)4,90126.76296288978
Li2FePCO7,306453.70805036346
Li2FePHO5,356849.8934024916
Li2FePO4F,382716.6498986735
Li2FePO5,483622.44026524835
Li2FePd,520426.6285223781
Li2FePt,551193.6853996199
Li2FeRh,619671.1529623677
Li2FeS2,399751.4817521186
Li2FeSb,386837.3293909543
Li2FeSi,96681.84935973833
Li2FeSi3O8,206174.92881327617
Li2FeSi4O11,173936.07241064403
Li2FeSiO4,445362.3279301182
Li2FeSiO5,399264.22402961703
Li2FeSn,388932.60583331715
Li2FeTe,345286.29308714956
Li2FeTeO6,358776.31290453504
Li2FeWO6,357589.0728556108
Li2HfAs,64237.85822525547
Li2HfMnO6,86277.45424840241
Li2HfO4,238120.7531525209
Li2HfSb,57695.08114244167
Li2IO,109868.86083045175
Li2IO6,222005.01462670253
Li2In(PO4)2,58029.567514994764
Li2Ir2O5,135572.18240398224
Li2IrO3,171073.98161900666
Li2IrO4,127886.55536698016
Li2MgCo13O28,249611.84683974614
Li2MgCo3O8,332979.04617998586
Li2MgCr3(SO4)6,198276.33844207923
Li2MgCr3Se3(SO8)3,187769.30122100105
Li2MgCu2(SiO3)4,83037.02651379677
Li2MgMn3O8,592756.297221466
Li2MgZr2H4(OF3)4,119755.55539578015
Li2Mn(BO2)5,186168.53205172636
Li2Mn(BO3)2,258618.5283137156
Li2Mn(CO3)2,333238.0371468012
Li2Mn(CoO3)2,335143.5127462819
Li2Mn(FeO3)2,1065234.9023898288
Li2Mn(NiO3)2,433198.0406905203
Li2Mn(PO3)4,195317.72323886817
Li2Mn(PO3)5,123958.8413275086
Li2Mn(PO4)2,195924.06455154243
Li2Mn(SO4)2,295561.71384437813
Li2Mn(Si2O5)2,201867.3865937309
Li2Mn(SiO3)2,348172.92921811226
Li2Mn2(PO4)3,286084.28158968966
Li2Mn2(SO4)3,380193.2606855053
Li2Mn2(Si2O5)3,276351.567111278
Li2Mn2(SiO3)3,431700.67823063076
Li2Mn2C2O7,602292.2104683911
Li2Mn2Co(PO4)3,475958.8477063784
Li2Mn2Cr3O12,331644.4463393521
Li2Mn2CrO6,787821.1230382351
Li2Mn2CuO6,563369.3668656546
Li2Mn2F7,587802.9260529645
Li2Mn2Fe(PO4)3,509923.13789666264
Li2Mn2FeO6,917387.0293150778
Li2Mn2Ni(PO4)3,440403.1170272766
Li2Mn2NiO6,692583.1096464887
Li2Mn2O5,668627.4198183597
Li2Mn2OF4,800487.8027446381
Li2Mn2OF6,549669.3639018274
Li2Mn2P2(H4O5)3,223662.5555081004
Li2Mn2P2O9,411841.8215919403
Li2Mn2P3(HO4)3,328131.8881789224
Li2Mn2P4H3O16,226397.85984952282
Li2Mn2P4H6O17,239794.88451948593
Li2Mn2SbO6,634624.4158218503
Li2Mn2Si2O7,563365.472257935
Li2Mn2Si2O9,369666.7451463991
Li2Mn2Si3O10,345651.02149734437
Li2Mn2Si4O11,402508.818062669
Li2Mn2Si5O13,352690.62601848494
Li2Mn2V3O12,247905.01528426044
Li2Mn3(BO3)3,692454.4993721282
Li2Mn3(BO3)4,423661.89623517275
Li2Mn3(CoO4)3,434270.52456004755
Li2Mn3(FeO4)3,939707.7000931138
Li2Mn3(P2O7)2,493922.46063178265
Li2Mn3(PO4)3,557338.373250676
Li2Mn3(PO4)4,357530.974288378
Li2Mn3(Si3O8)2,418319.0441507172
Li2Mn3(SiO3)4,495360.82406325714
Li2Mn3(SiO4)2,706898.3792691267
Li2Mn3CoO8,707198.8299998282
Li2Mn3Cr3O12,704382.5312539267
Li2Mn3CrO8,841610.0185949156
Li2Mn3CuO8,653844.8855337948
Li2Mn3F10,569639.050588709
Li2Mn3F8,788459.3034895627
Li2Mn3FeO8,954555.6980989003
Li2Mn3GaO8,632337.5040530306
Li2Mn3NbO8,706761.7132778554
Li2Mn3NiO8,725132.7693588743
Li2Mn3O6,899821.2206206907
Li2Mn3O7,712804.736791426
Li2Mn3OF6,938312.1753339103
Li2Mn3P4(HO4)4,416248.0582135531
Li2Mn3P5O18,290524.5694609067
Li2Mn3P9O28,227762.64880811505
Li2Mn3SbO8,688835.1859829901
Li2Mn3SnO8,650448.1587011019
Li2Mn3TeO8,745186.3192860081
Li2Mn3VO8,747869.0344096806
Li2Mn3WO8,753120.440378075
Li2Mn4N3,705383.327093504
Li2Mn4O3F8,712837.990140202
Li2Mn4O5F3,975691.1970439204
Li2Mn4O7F,924954.7284207992
Li2Mn4O9,775460.1835417923
Li2Mn4OF8,972980.4919140425
Li2Mn4Si4O13,698688.430184077
Li2Mn5(FeO6)2,1133214.5279009673
Li2Mn5(PO4)4,689193.9133967874
Li2Mn5(Si2O5)6,336886.4694666069
Li2Mn5(Si2O7)2,758752.2657729187
Li2Mn5F17,530389.8230636452
Li2Mn5O10,861243.1879370022
Li2Mn5Si5O16,607614.9333952486
Li2Mn7(P2O7)4,600437.7541028553
Li2Mn7F16,1000676.904576251
Li2Mn7F18,794855.8928486222
Li2Mn7O12,1084833.5621916635
Li2MnAgF6,241001.64190235618
Li2MnAl2O6,259822.42238843683
Li2MnAlO4,453440.9205139461
Li2MnAs,683789.0197494649
Li2MnAsO6,187842.9089117045
Li2MnAu,602518.3502047831
Li2MnBAsO7,192501.8656721717
Li2MnBO4,448264.417312907
Li2MnBPO7,203348.61170511556
Li2MnBi,507023.6716323214
Li2MnBiO6,162957.72092818102
Li2MnBr4,276814.08959783695
Li2MnCO4,480940.6823545879
Li2MnCO5,342691.2571227966
Li2MnCl4,326367.46565411176
Li2MnCo3O8,268145.07486135385
Li2MnCoO4,765483.0883343504
Li2MnCoO6,96824.10109768258
Li2MnCr2O6,743690.1319160478
Li2MnCr3O8,701292.3203171497
Li2MnCrO4,868880.0419491797
Li2MnCrO6,285345.28420778585
Li2MnCu(PO4)2,360325.63717374136
Li2MnCu3O8,518369.28617160965
Li2MnCuO4,478238.17149284703
Li2MnF4,555936.9094701996
Li2MnF5,406606.66588379676
Li2MnF6,286502.19442903216
Li2MnFe(BO3)2,670992.5427581179
Li2MnFe(PO4)2,543583.2368049263
Li2MnFe2(PO4)3,549845.773537423
Li2MnFe3O8,1092161.3817770411
Li2MnFeO4,1101999.8438625513
Li2MnFeO6,480439.32597671985
Li2MnGa,599023.3315643169
Li2MnGaO6,161269.2282156173
Li2MnGe,661598.9763274486
Li2MnGeO6,94060.98755673166
Li2MnH4(SO5)2,236678.40480249602
Li2MnH8(SO6)2,169343.6986726821
Li2MnIn,536466.4278877667
Li2MnIrO6,538876.5215411012
Li2MnMoO6,265175.70282813883
Li2MnN,741207.3744174779
Li2MnN2,413739.0660687018
Li2MnNbO4,547620.1556242533
Li2MnNbO6,173354.94882911842
Li2MnNi3O8,358402.1018424978
Li2MnNiO4,653068.2905552963
Li2MnNiO6,98850.50961597428
Li2MnO2,1010049.9094648986
Li2MnO2F,654227.1261568682
Li2MnO3,561861.9048562925
Li2MnOF3,498879.04782227566
Li2MnOsO6,443808.7010802876
Li2MnP2HO8,253105.62135129215
Li2MnP2O7,316848.9905575695
Li2MnP3O10,177602.69355686178
Li2MnP4(H4O5)4,111101.89111346201
Li2MnP4H3O14,123255.49641203556
Li2MnPCO7,270529.206402369
Li2MnPHO5,423580.5059834525
Li2MnPO4F,462346.7990805165
Li2MnPO5,388189.2548295507
Li2MnPbO6,81789.42343701259
Li2MnPd,693183.1606376371
Li2MnPdO6,91204.9028813625
Li2MnPt,714182.2704208955
Li2MnPtO6,265906.0757818526
Li2MnRh,712021.6229737911
Li2MnRhO6,366320.2049221843
Li2MnRuO6,455734.7041095119
Li2MnSO4F3,284819.61295739363
Li2MnSb,585894.0462174459
Li2MnSbO6,172481.22553848004
Li2MnSi,617462.20044462
Li2MnSi3O8,266816.5376317292
Li2MnSi4O11,131663.3796773052
Li2MnSiO4,517498.99281693826
Li2MnSiO6,99733.75862362055
Li2MnSn,587922.0065072111
Li2MnSn(PO4)2,264108.06439831527
Li2MnSnO6,86854.3507937454
Li2MnTcO6,358040.39484214946
Li2MnTe,529862.6266842266
Li2MnTeO6,261924.9197048694
Li2MnV(P2O7)2,206023.19009671808
Li2MnV(PO4)3,200735.18350679523
Li2MnV2(PO4)3,386684.01954648184
Li2MnV2O6,569733.9312145686
Li2MnV3O8,488122.20830723207
Li2MnV4CoO12,358589.55459487264
Li2MnV4FeO12,385887.2089057999
Li2MnV4NiO12,323534.3617398485
Li2MnV5O12,359055.9187456269
Li2MnVO4,726174.7759118718
Li2MnVO6,188656.4192250267
Li2MnVP2(HO5)2,304343.1277653435
Li2MnVP2(O4F)2,319174.6674509914
Li2MnWO6,263638.8659521886
Li2Mo(PO3)5,87883.60334563238
Li2Mo(PO4)2,122149.93708790926
Li2Mo2O5,206734.95444192982
Li2Mo2P2O11,83396.81470248889
Li2MoF6,199441.23614290668
Li2MoO3,157702.90711502088
Li2MoP4O13,64781.14105612934
Li2Nb(PO3)5,58600.99107851077
Li2Nb(PO4)2,59028.26869881804
Li2Nb2(PO4)3,109355.88499266256
Li2Nb2Fe3O10,659284.456652103
Li2Nb2W2O13,62318.341731304994
Li2NbAs,218369.0259047951
Li2NbCr3O8,548229.7101933986
Li2NbF6,95585.62952319274
Li2NbFe3O8,890256.0896646235
Li2NbS3,66759.89462784598
Li2NbV(PO5)2,82344.27082397643
Li2NbV3O8,351039.78506327805
Li2NbVO4,337673.50560168613
Li2Ni(CO3)2,145542.89335929646
Li2Ni(PO3)4,79690.20127693882
Li2Ni(PO3)5,75917.08896908112
Li2Ni(PO4)2,201259.82252147305
Li2Ni(PS3)2,84965.03315041495
Li2Ni(WO4)2,139167.47716038584
Li2Ni2(MoO4)3,152457.57528670607
Li2Ni2(SO4)3,168186.5166677604
Li2Ni2BiO6,223028.27304049552
Li2Ni2H24C6(N4O5)3,66848.72955597941
Li2Ni2O5,62396.4611999356
Li2Ni2SbO6,234487.42134207176
Li2Ni2SnO6,159315.0052383669
Li2Ni3(BO3)3,298680.2776095371
Li2Ni3(P2O7)2,226398.99309458392
Li2Ni3O3F2,607439.1714395806
Li2Ni3OF6,140098.20870746978
Li2Ni3P9O28,58221.751668634955
Li2Ni3SbO8,188246.7811382048
Li2Ni3SnO8,127479.93794073001
Li2Ni3TeO8,248816.58499361546
Li2Ni3WO8,247325.16417962985
Li2Ni4OF8,460804.5616566574
Li2Ni4P4O15,239781.29957334144
Li2Ni5(PO4)4,317829.32900059235
Li2Ni5O7,622869.6720832263
Li2Ni5O9,239348.39977512404
Li2NiBO4,352801.8122391031
Li2NiF4,266572.9417809382
Li2NiGe3O8,135414.8613716245
Li2NiGeO4,206148.52529191552
Li2NiH12(SO7)2,63457.90395930812
Li2NiH8(CO5)2,92786.34214769943
Li2NiIr,279630.048898562
Li2NiN,123218.17959236135
Li2NiO2,400939.1348815765
Li2NiO2F,177959.79092932027
Li2NiOF2,346598.9249693431
Li2NiP2O7,137173.03039771313
Li2NiP3O10,132561.53501980804
Li2NiPCO7,69388.49939336962
Li2NiPO4F,218013.29644851474
Li2NiRh,221124.52554564804
Li2NiSn(PO4)2,111039.90917854487
Li2NiSn3(PO4)6,76241.95045375793
Li2Np2O5,476666.14843416394
Li2NpMnO6,80126.38146452281
Li2NpO3,401630.8261879313
Li2NpSb,615866.568512766
Li2Os2O5,168461.06377619348
Li2OsO3,174604.04715450056
Li2P2WO8,116779.70759136436
Li2P4WO13,67524.89030197344
Li2P5WO15,90506.41026624931
Li2PWCO7,189674.68328118406
Li2PWO4F,248574.25671179366
Li2PWO6,78378.7119621066
Li2Pa2O5,137449.4095086056
Li2PaMnO6,153690.5534328668
Li2PaO3,127482.72266393197
Li2Pd(N2O5)2,145390.84612099544
Li2PtO6,245804.47893721287
Li2Pu2O5,513790.7641527262
Li2PuAs,870411.086618394
Li2PuAu,890302.6859335823
Li2PuBi,734328.348730023
Li2PuGe,809015.1199793236
Li2PuIr,826145.4574883882
Li2PuO3,541678.9463014911
Li2PuPb,677551.4702069117
Li2PuPt,875942.9486660311
Li2PuSb,759619.7596019414
Li2PuSi,830079.564300327
Li2PuSn,710417.2604946644
Li2PuTe,795496.0447652357
Li2Re2O5,277602.8061902133
Li2ReO3,146590.87387398502
Li2Rh2O5,226593.2809478143
Li2RhF6,103414.0566594835
Li2RhO3,174504.74925940207
Li2Ru2O5,197115.5489585788
Li2RuF6,205733.53823600805
Li2RuO3,349531.2362546696
Li2SeO7,133835.96973164493
Li2Si12(NiO6)5,144474.22403679162
Li2Si2Ni2O7,263843.5597370506
Li2Si2Ni3O8,312618.0174389713
Li2Si2NiO6,151915.5138452162
Li2Si2WO7,134167.66502233807
Li2Si3Ni2O9,212484.59189748953
Li2Si3Ni3O10,291767.68653810176
Li2Si3NiO8,128821.77431525172
Li2Si4(NiO4)3,224668.0031238715
Li2Si4Ni2O11,178695.46071953204
Li2Si4Ni4O13,307064.11229139887
Li2Si4Ni5O14,333864.76650429174
Li2Si4NiO10,83490.32989180824
Li2Si5Ni2O13,149143.30842591648
Li2Si5Ni5O16,267025.7038042388
Li2Si6Ni2O15,114552.35939644366
Li2Si6Ni3O16,181580.16736360852
Li2SiNiO4,213187.85933199903
Li2Ta2W2O13,64332.89363578569
Li2TaMnO6,174715.5950531852
Li2Tc2O5,295359.89553174336
Li2TcO3,505914.7071901708
Li2Ti(FeO3)2,805917.78150735
Li2Ti(NiO3)2,172222.39223245773
Li2Ti2Fe3O10,671310.0592372586
Li2Ti2FeO6,304001.99218480784
Li2Ti2Mn3O10,539582.353599693
Li2Ti2Mn5O12,827483.6465795377
Li2Ti2MnCr2(PO4)6,224029.53109918284
Li2Ti2NiO6,155904.14120056754
Li2Ti2V3O10,238854.94640876248
Li2Ti2V5O12,447258.86684276274
Li2Ti2VO6,241588.64807269853
Li2Ti3(BiO3)4,57332.77444044597
Li2Ti3CoO8,186191.24350169036
Li2Ti3CrO8,217640.8993474926
Li2Ti3FeO8,244668.9429514864
Li2Ti3MnO8,297306.26749268826
Li2Ti3NbO8,89621.5110488706
Li2Ti3Ni(PO4)6,80538.12602008697
Li2Ti3NiO8,123751.40610002959
Li2Ti3O6,63845.61513106455
Li2Ti3SbO8,57139.142501078786
Li2Ti3SnO8,112467.28147330011
Li2Ti3VO8,183476.18327856887
Li2Ti4Ni(PO5)4,52652.52247936303
Li2Ti4VO8,145467.19333695268
Li2TiAs,298027.217181167
Li2TiBi,313601.0765580783
Li2TiCo2O5,550393.4308827146
Li2TiCo3(PO4)6,146084.61729698203
Li2TiCo3O8,69200.3796784911
Li2TiCr(PO4)3,125086.77381319893
Li2TiCr3O8,502922.94168593467
Li2TiCrO4,452287.6107920535
Li2TiCuO4,104086.04134426318
Li2TiFe(PO4)3,202669.11235448116
Li2TiFe2O5,791446.1909798812
Li2TiFe3O8,856048.7890241961
Li2TiFeO4,490259.8214827188
Li2TiIn,84096.35846071513
Li2TiMn2O5,915967.8750417916
Li2TiMn2O6,609405.5524064461
Li2TiMn3O8,676577.1205710437
Li2TiMnO6,91898.15299615992
Li2TiNi2O5,411358.43168414506
Li2TiNi3O8,135158.84555419203
Li2TiPCO7,66040.92520946417
Li2TiPO4F,187064.08884963818
Li2TiPb,199346.7833049241
Li2TiSb,285957.8366902708
Li2TiSn,139773.80341191395
Li2TiV3O8,307953.2297992031
Li2TiV5O12,272358.668144155
Li2TiVO4,364423.5942018603
Li2U2O5,228571.28806231695
Li2UBr6,66662.15315843988
Li2UCl6,87939.55578692094
Li2UI6,55805.805064894856
Li2UMnO6,237166.22154986084
Li2UN2,316750.84898170846
Li2UO3,262743.26213187614
Li2US3,160031.7895982033
Li2V(BO2)5,90993.84360840132
Li2V(CO3)2,215301.21017873276
Li2V(FeO3)2,956600.4533370521
Li2V(OF)2,126770.35221723505
Li2V(PO3)4,112043.57111033832
Li2V(PO3)5,59527.81889990388
Li2V(PO4)2,61749.08834309606
Li2V(SO4)2,180547.69209075335
Li2V(Si2O5)2,130087.67501327912
Li2V(SiO3)2,226077.53337937142
Li2V12O29,70121.84763381073
Li2V18O39,188566.37281033365
Li2V2(PO4)3,120836.7006264427
Li2V2(SO4)3,233351.7820244255
Li2V2(Si2O5)3,166026.1240770476
Li2V2(SiO3)3,301495.73668593675
Li2V2CoO6,395688.04998697346
Li2V2Cr(PO4)3,348035.5746980266
Li2V2CrO6,491063.50365852955
Li2V2F7,340011.46242714
Li2V2FeO6,610980.3811084349
Li2V2O5,258049.20828700069
Li2V2OF5,411131.4066020081
Li2V2OF6,266674.40228923416
Li2V2P2(H4O5)3,126938.80791276586
Li2V2P2O9,213028.70260674093
Li2V2P4H6O17,112754.3902900286
Li2V2S5,112792.16171650133
Li2V2Si2O9,118121.07922046894
Li2V2Si4O11,256116.73639380018
Li2V2Sn(PO4)3,176703.0398121909
Li2V3(CO3)6,144711.7430656574
Li2V3(FeO6)2,343914.4147238457
Li2V3(OF)4,309815.3168949277
Li2V3(P2O7)2,313369.4001223247
Li2V3(PO4)3,312806.64793345716
Li2V3BiO8,220463.0253370408
Li2V3CoO8,291134.39184950455
Li2V3Cr2O12,176837.03996242982
Li2V3CrO8,434370.7492392852
Li2V3CuO8,249818.07217746074
Li2V3F8,483924.83210733073
Li2V3FeO8,567554.9779958931
Li2V3NiO8,313435.22366208816
Li2V3O3F5,370181.1340337373
Li2V3O6,405168.1311743492
Li2V3O7,180572.3627202021
Li2V3O8,54110.72393238247
Li2V3P4(HO4)4,252003.52843623408
Li2V3P4H4O19,71065.23365510085
Li2V3P5O18,138839.31381146272
Li2V3P9O28,111529.88585342329
Li2V3SbO8,347078.19512389426
Li2V3Si3O10,408695.4533436558
Li2V3SnO8,296244.2659125732
Li2V3TeO8,283140.6606774624
Li2V3WO8,407083.17786799226
Li2V4P4O15,325536.0125823834
Li2V4Si4O13,429324.4731038626
Li2V5B3O13,411219.87664530514
Li2V5CoO12,297836.3552259456
Li2V5Cr2O12,623447.1462196208
Li2V5NiO12,265053.31076426315
Li2V5O10,336535.9869269206
Li2V5O12,104633.30412009932
Li2V6O13,237335.76155871854
Li2V6O15,66788.97617392565
Li2VAs,549785.03571466
Li2VBO4,234997.79753122316
Li2VCO5,111749.4658182208
Li2VCl4,200478.0440421927
Li2VCoO4,501547.05243468075
Li2VCoO5,368493.7907566639
Li2VCr(P2O7)2,174186.49347588423
Li2VCr2O6,578012.0164180083
Li2VCr3O8,556497.3898180684
Li2VCrO4,617436.8237161505
Li2VCrP2(HO5)2,255661.5909609905
Li2VCrP2(O4F)2,256516.54292293082
Li2VCrS4,364878.74368919304
Li2VF4,346204.90106186876
Li2VF5,199649.41621464517
Li2VF6,81644.23716165732
Li2VFe(P2O7)2,241571.12179737422
Li2VFe3O8,912959.2033057518
Li2VFeO4,859492.7008572815
Li2VFeO5,452703.543558462
Li2VFeP2(HO5)2,354834.8953353993
Li2VFeP2(O4F)2,355034.67003119003
Li2VFeS4,220028.60008932592
Li2VGaO4,260612.93608584726
Li2VGe,457059.4093803347
Li2VGeO5,97397.10604916046
Li2VH2OF5,152342.93562514152
Li2VN2,214637.81508410216
Li2VNiO4,381055.33780913515
Li2VO2,592898.6262501393
Li2VO2F,332888.6998309608
Li2VO3,180120.8586689316
Li2VOF3,245293.26867599858
Li2VOF4,98859.05301705777
Li2VP2HO8,121950.05086802847
Li2VP2O7,191492.37111757533
Li2VP3O10,85015.1420121701
Li2VP4(H2O3)6,73132.69031413071
Li2VP4(H4O5)4,66432.1335187706
Li2VP4(HO2)8,82832.016466928
Li2VPHO5,270573.0113261082
Li2VPO4F,285876.67735823465
Li2VPO5,198430.5825070156
Li2VPb2,287879.64539485256
Li2VSO4F3,132125.8499194008
Li2VSb,516045.7130706162
Li2VSi,448809.1828345273
Li2VSi2O7,67225.6249634929
Li2VSi3O8,213317.33804462306
Li2VSi7O16,79697.61503637879
Li2VSiCO7,68084.74272146924
Li2VSiO4,316194.5342467688
Li2VSiO5,99969.18736436157
Li2VSn,402677.59953444806
Li2W2O5,184030.13602930694
Li2WO12,130979.23982263742
Li2Zn(HCl2)2,100985.64504374319
Li2ZnCr3(SO4)6,198823.14094944915
Li2Zr7Fe(PO4)12,72442.46692236146
Li2ZrBi,92680.91138405514
Li2ZrCuO4,66133.16016280117
Li2ZrFe(PO4)3,174676.74481899448
Li2ZrMnO6,84948.44769001144
Li3(CoO2)4,227893.64871023071
Li3(CoO2)5,107752.88865804621
Li3(CoO3)2,292602.47171545296
Li3(CrS2)4,373371.9354129798
Li3(CuO)4,65798.94265133058
Li3(CuO2)2,50121.294492268426
Li3(Fe2S3)2,456013.79791700514
Li3(FeO2)4,1057486.804631656
Li3(FeO2)5,1124259.2189559862
Li3(FeO3)2,650672.7303037529
Li3(FeS2)2,446283.5341081226
Li3(HN)2,151452.65764623144
Li3(IrO3)2,170184.18771199044
Li3(MoO3)2,52453.504585614726
Li3(NiO2)4,210693.76139599062
Li3(NiO2)5,164209.15844481648
Li3(NiO2)8,102484.6080430731
Li3(NiO3)2,101422.82121488405
Li3(OsO3)2,84839.87232566376
Li3(PtO3)2,78214.51917596607
Li3(RhO3)2,260158.70663512868
Li3(RuO3)2,250603.8587969592
Li3(TcO3)2,81488.59773291646
Li3(WO3)8,63640.4553048434
Li32Mn11Cr5O48,476699.8126611738
Li32Mn13Cr3O48,500449.03177095513
Li32Mn3Cr13O48,384789.0669522777
Li32Mn5Cr11O48,408176.100262519
Li32Ti11Cr5O48,107439.22223332548
Li32Ti13Cr3O48,64044.044253200154
Li32Ti3Cr13O48,283535.4259218597
Li32Ti5Cr11O48,240823.68188469255
Li35(FeO4)8,403933.21767937904
Li35(RuO4)12,363532.5692811078
Li39(FeO4)8,481553.937423044
Li3Al(FeO3)2,737558.1843722935
Li3Al2(MoO4)3,154254.83322795
Li3Al2(WO4)3,154384.5925333313
Li3Al2FeO6,381557.05477549776
Li3Al2VO6,151110.00435954038
Li3AlCoO4,97148.42367219295
Li3AlCrO5,171473.46911954772
Li3AlFeO4,379586.58849998144
Li3AlFeO5,338006.83873735706
Li3AlNiO4,206914.8627533382
Li3AuF6,136749.30966026173
Li3Co,158554.93156798068
Li3Co(BO2)5,146291.30153491665
Li3Co(BO3)2,229419.50415488827
Li3Co(NiO3)2,440847.1147649359
Li3Co(OF)2,261643.16935420278
Li3Co(PO4)2,217942.17034655059
Li3Co13O16,1234061.9222309324
Li3Co13O5F19,783268.8929205743
Li3Co2(CO3)4,165603.03102583028
Li3Co2(GeO4)2,351654.2388426464
Li3Co2(GeO4)3,133361.25412351813
Li3Co2(MoO4)3,155672.3373761766
Li3Co2(PO4)3,177138.5460411677
Li3Co2(SiO4)2,368053.53329932503
Li3Co2(WO4)3,155247.12137506885
Li3Co2NiO6,259312.96790612492
Li3Co2O2F3,614873.0441054606
Li3Co2O5,268594.1984648384
Li3Co2OF5,499377.2744008148
Li3Co2P2(O4F)2,341666.7721496698
Li3Co2P5O16,174541.53950144228
Li3Co2SbO6,469952.14846085006
Li3Co2Si3O10,304063.9446873344
Li3Co2SnO6,550680.3436349652
Li3Co3(BiO6)2,176965.7436995242
Li3Co3(Ge3O8)2,264844.3104234946
Li3Co3(MoO6)2,337388.64150185615
Li3Co3(PO4)4,224887.10800139242
Li3Co3(WO6)2,573766.2429402283
Li3Co3NiO8,73439.26564045252
Li3Co3OF7,528324.5184212761
Li3Co3SbO8,505194.1479899364
Li3Co3TeO8,411202.460091048
Li3Co4(BO3)4,511380.08828476386
Li3Co4CuO8,285901.13603264745
Li3Co4NiO8,1020415.8367207195
Li3Co4O4F3,842903.6759594795
Li3Co4SbO8,698783.5150998705
Li3Co4SnO8,651416.2375660904
Li3Co4TeO8,736378.2213549354
Li3Co4WO8,763216.3988692467
Li3Co5OF11,623536.5079022658
Li3Co8(OF3)4,740239.221975795
Li3CoBO4,114430.65478943898
Li3CoNi3O8,351867.1190839249
Li3CoO3,525920.8254431345
Li3CoOF3,380677.79266069265
Li3CoPCO7,203744.94832102017
Li3CoPO5,261298.16784649497
Li3CoSiBO7,70770.17680091999
Li3CoSiO5,347199.01226511516
Li3Cr,592968.7177568313
Li3Cr(BO3)2,244470.95880231596
Li3Cr(CO3)3,170472.63252766096
Li3Cr(CoO2)4,1095598.8469412315
Li3Cr(CoO3)2,305541.51780170394
Li3Cr(FeO2)4,1264315.3920994697
Li3Cr(FeO3)2,1065425.7183732474
Li3Cr(NiO2)4,581135.7347454118
Li3Cr(NiO3)2,439749.48706047266
Li3Cr(PO4)2,184169.15618863213
Li3Cr(Si2O5)3,91813.35406999134
Li3Cr10Fe5O24,1119193.0865225438
Li3Cr13Ni3(SO4)24,234915.87547494413
Li3Cr2(AsO4)3,249006.79713013896
Li3Cr2(BiO4)3,184349.96804905712
Li3Cr2(CoO4)2,820648.5281930482
Li3Cr2(FeO4)2,929394.4119519504
Li3Cr2(FeO4)3,763236.7675039935
Li3Cr2(GeO4)3,127143.30367966347
Li3Cr2(MoO4)3,444964.5906556862
Li3Cr2(NiO4)2,455695.1033837918
Li3Cr2(PO4)3,248243.44800828956
Li3Cr2(PS4)3,122305.50997677844
Li3Cr2(PbO4)3,128640.3136696003
Li3Cr2(SbO4)3,280055.8999553002
Li3Cr2(TeO4)3,167747.35879742747
Li3Cr2(WO4)3,444283.01731463865
Li3Cr2CoO6,505448.9754787763
Li3Cr2CuO6,683758.5695661125
Li3Cr2Fe3O10,948124.9647892846
Li3Cr2Fe5O12,1264208.2228393836
Li3Cr2FeO6,914626.3410997256
Li3Cr2NiO6,595881.1540871019
Li3Cr2O6,279134.9544260958
Li3Cr2P2(CO7)2,172930.2587347645
Li3Cr2P4HO14,231329.7346478078
Li3Cr2P5O16,228998.81530104514
Li3Cr2P5O18,203213.32670191166
Li3Cr3(BiO6)2,312382.5239439995
Li3Cr3(CoO6)2,256775.1108566534
Li3Cr3(MoO6)2,423014.693822349
Li3Cr3(NiO6)2,184716.97919206088
Li3Cr3(PO4)4,269926.0940649401
Li3Cr3(PbO6)2,222321.85199579122
Li3Cr3(SeO6)2,446370.9321862391
Li3Cr3(TeO6)2,414565.3326801448
Li3Cr3(WO6)2,418986.665276511
Li3Cr3CoO8,713269.0678076169
Li3Cr3FeO8,819253.7570137801
Li3Cr3GaO8,686886.5407479488
Li3Cr3NiO8,576960.886845803
Li3Cr4(PO4)6,195442.01477786657
Li3Cr4FeO8,1014774.3862414168
Li3Cr4P2O8F9,320228.4942344769
Li3Cr4P9O32,125073.78502507738
Li3Cr4PH3O16,61252.48236021907
Li3Cr5O10,651809.1749851471
Li3Cr5O12,466692.8269250256
Li3Cr5O8,1022665.6417101376
Li3CrB4O9,169440.76976867134
Li3CrBO5,198233.47031779672
Li3CrBPO7,206515.1289473034
Li3CrCo3O8,196810.3390367012
Li3CrF6,266687.57925296464
Li3CrFe3O8,1082165.2085596812
Li3CrN2,217591.1046586638
Li3CrNi3O8,328781.64223715605
Li3CrO3,440077.8313752604
Li3CrO4,134327.4414275032
Li3CrPCO7,270101.2805727656
Li3CrSi2O7,200684.18673177515
Li3CrSiBO7,139146.55581725703
Li3CrSiO5,332958.0980183062
Li3Cu(NiO2)4,522046.34520432726
Li3Cu(NiO3)2,358651.16982188245
Li3Cu(PO4)2,109172.6339275912
Li3Cu2(MoO4)3,50870.80062046152
Li3Cu2(WO4)3,50770.74122844364
Li3Cu2F7,138910.53987339645
Li3Cu2F8,189331.63720691015
Li3Cu2P5O16,59115.11582921638
Li3Cu3(MoO6)2,277260.8769920368
Li3Cu3TeO8,237075.76007972463
Li3Cu4F9,100567.5502380708
Li3Cu4NiO8,142580.30985495338
Li3Cu4SnO8,75401.83059236358
Li3Cu4TeO8,127651.56514067079
Li3Cu5O8,376654.4127707346
Li3CuAsCO7,65293.248886482485
Li3CuF5,88120.53621783291
Li3CuF6,187416.5800490547
Li3CuNi3O8,168290.53156204877
Li3CuPCO7,68535.05110271419
Li3CuPO5,87299.98696034943
Li3CuSiCO7,140214.8485141586
Li3Fe,362261.0888845443
Li3Fe(BO2)5,192339.07325191575
Li3Fe(BO3)2,313875.8275341899
Li3Fe(CO3)3,268887.6522010916
Li3Fe(CoO2)4,1191962.6166402174
Li3Fe(CoO3)2,463940.6341722117
Li3Fe(CuO2)4,540539.7619967762
Li3Fe(CuO3)2,762683.0370917672
Li3Fe(MoO4)3,188548.98453307964
Li3Fe(NiO2)4,707131.8384757867
Li3Fe(NiO3)2,599465.6193025655
Li3Fe(PO3)8,111088.10150049704
Li3Fe(PO4)2,309031.5581099027
Li3Fe(Si2O5)3,151035.624153365
Li3Fe10O7F9,1100499.4076368304
Li3Fe2(BO4)2,445677.47991220147
Li3Fe2(BiO4)3,169434.11141644217
Li3Fe2(CO3)4,318744.7596216319
Li3Fe2(CoO4)2,701192.9079065177
Li3Fe2(CuO4)2,560068.1738981712
Li3Fe2(GeO4)3,290926.74270790035
Li3Fe2(MoO4)3,640196.0364226882
Li3Fe2(NiO4)2,724446.3962306076
Li3Fe2(OF)3,753939.7950682301
Li3Fe2(P2O7)2,315756.58333078626
Li3Fe2(PO3)7,176934.44718113638
Li3Fe2(PO4)3,409205.28337121924
Li3Fe2(PO5)2,462965.65602624416
Li3Fe2(SiO4)2,469056.35686796583
Li3Fe2(WO4)3,594136.5947458582
Li3Fe2CoO6,845961.4752887184
Li3Fe2CuO6,989136.6460671948
Li3Fe2F7,501538.9918505178
Li3Fe2F9,500726.47658951464
Li3Fe2Ni3O10,580598.2032556812
Li3Fe2Ni5O12,655439.901496339
Li3Fe2NiO6,924781.0870336009
Li3Fe2OF5,632162.536429536
Li3Fe2P2(CO7)2,297188.5382971462
Li3Fe2P4HO14,238214.02291089384
Li3Fe2P5O16,229423.3168348484
Li3Fe2SbO6,591851.2550388627
Li3Fe2SnO6,687122.2416345597
Li3Fe3(BO3)4,592166.3949965568
Li3Fe3(BiO6)2,567597.3829697396
Li3Fe3(OF)4,918062.144921546
Li3Fe3(PO4)4,441746.36359952064
Li3Fe3(SeO6)2,743606.6949111305
Li3Fe3(SnO5)2,667176.2930130645
Li3Fe3(TeO6)2,692449.1506033227
Li3Fe3(WO6)2,617520.0046833246
Li3Fe3CoO8,1006886.2143276525
Li3Fe3NiO8,941435.8286271882
Li3Fe3O8,706542.5763725329
Li3Fe3OF7,673562.4770285392
Li3Fe3SbO8,807124.8773966003
Li3Fe3SiO8,955124.6410674766
Li3Fe3TeO8,755794.3621579285
Li3Fe3WO8,736249.998571517
Li3Fe4(BO3)4,653209.1196862628
Li3Fe4(OF3)3,898113.2855666921
Li3Fe4(P2O7)4,377977.238511383
Li3Fe4(PO4)6,380469.59831151244
Li3Fe4(Si3O10)2,402198.8058074604
Li3Fe4CoO8,1326717.2619677577
Li3Fe4CuO8,1218643.4488933522
Li3Fe4F19,511655.0647585128
Li3Fe4NiO8,1280199.1818503358
Li3Fe4O3F5,916052.6634638242
Li3Fe4P3H12O19,336648.4223418228
Li3Fe4P9O32,242608.2429182432
Li3Fe4SbO8,890364.8824398486
Li3Fe4SnO8,968334.401639178
Li3Fe4WO8,1096186.4717957908
Li3Fe5(CoO6)2,1228924.10873266
Li3Fe5(NiO6)2,1134396.068458422
Li3Fe5(PO4)6,455518.06631698704
Li3Fe5O12,852405.5305217402
Li3Fe5O8,1399155.9668263847
Li3Fe5O9,1125044.9520262494
Li3Fe5OF11,788864.2059893124
Li3Fe7O12,1458204.3290864793
Li3Fe8(BO3)8,706330.0725966119
Li3Fe8O3F13,886257.3635332894
Li3Fe9O5F11,982457.8951014816
Li3FeAsCO7,253854.5847443068
Li3FeB4O9,280037.79430112254
Li3FeB8O15,145896.6661022363
Li3FeBAsO7,322442.95948999195
Li3FeBO4,445284.1693733352
Li3FeBO5,394260.67657497816
Li3FeBPO7,67308.67734119999
Li3FeCo3O8,317904.73721205
Li3FeCu3O8,635950.0881519935
Li3FeF5,381729.84182769153
Li3FeF6,443510.48206903366
Li3FeIrO5,495146.98061161966
Li3FeN2,173324.75528713595
Li3FeNi2(PO4)3,341535.2601206608
Li3FeNi3O8,457899.47359936795
Li3FeO3,504368.84356967127
Li3FeO4,470645.06548036134
Li3FeO6,61711.15463190826
Li3FeOF3,491357.18480193964
Li3FeP2HO8,264014.7509802758
Li3FePCO7,266526.9762351067
Li3FePO5,339108.07648882444
Li3FeS3,302576.44984961546
Li3FeSi2O7,330484.0363149863
Li3FeSiBO7,273267.17157776863
Li3FeSiCO7,67841.21383714565
Li3FeSiO5,489044.43747615756
Li3Ga2(MoO4)3,148128.31158468896
Li3Ga2(WO4)3,148219.5381065459
Li3Ge3(MoO6)2,117384.0334896764
Li3GeO4,103192.64707341522
Li3Hf2(MoO4)3,230579.2270363906
Li3Hf2(WO4)3,232268.03686104165
Li3Hf2Cr3O12,236489.4749508075
Li3Hf2Nb3O12,90272.56522300238
Li3Hf2O6,77042.88415586959
Li3Hf2Ta3O12,91150.26490328892
Li3Hf2V3O12,95841.45247600426
Li3Hf3(MoO6)2,135669.23042379945
Li3Hf3(WO6)2,135122.89348020463
Li3Hf3Cr2O12,142814.40430571412
Li3HfMnO6,169704.08692850935
Li3Mg(NiO2)4,324354.40697113296
Li3Mg2Fe19O32,1429844.1162975822
Li3MgNi3O8,68699.33324337561
Li3MgNiO4,97589.30395353411
Li3MgTi8O16,51577.71011244561
Li3MgV8O16,403622.0904376686
Li3Mn(BO2)5,235718.8028389889
Li3Mn(BO3)2,316156.54779492563
Li3Mn(CO3)3,212078.30744926902
Li3Mn(CoO2)4,871863.7618931686
Li3Mn(CoO3)2,761902.7650731404
Li3Mn(CuO3)2,516292.99370817945
Li3Mn(FeO2)4,1334300.8796627778
Li3Mn(FeO3)2,1136213.5919192543
Li3Mn(NiO2)4,644816.6273716051
Li3Mn(OF)2,499601.18176163064
Li3Mn(PO4)2,241902.94505512476
Li3Mn(Si2O5)3,123675.19551994989
Li3Mn10O20,836309.56919975
Li3Mn2(BiO4)3,177663.11921329284
Li3Mn2(CO3)4,306079.97200781864
Li3Mn2(CoO4)2,753987.649936459
Li3Mn2(FeO4)2,1030202.0172615636
Li3Mn2(MoO4)3,546074.8342913375
Li3Mn2(NiO4)2,495125.00693209097
Li3Mn2(P2O7)2,303669.90993727674
Li3Mn2(PO3)7,219102.01227104556
Li3Mn2(PO4)3,323879.168571637
Li3Mn2(SeO3)4,286333.89164979645
Li3Mn2(SiO4)2,464203.37792623055
Li3Mn28O56,804343.1356020164
Li3Mn2C3O9F,497002.4839871472
Li3Mn2CoO6,822751.2243435471
Li3Mn2Cr2O8,809706.8802471597
Li3Mn2F7,617267.5782582671
Li3Mn2F9,390518.02076197567
Li3Mn2Fe(BO3)3,696349.9367555103
Li3Mn2Fe(BO3)4,519517.23298635514
Li3Mn2FeO6,1099652.699746789
Li3Mn2Nb3O12,384310.07583636977
Li3Mn2Ni5O12,576018.8778661414
Li3Mn2O4,993040.1495735096
Li3Mn2O5,631551.3617063661
Li3Mn2O6,471138.01159568405
Li3Mn2OF5,758354.9461449014
Li3Mn2P2(CO7)2,239645.84085853357
Li3Mn2P2(O4F)2,433666.3254782889
Li3Mn2P2O8F3,343239.6045944125
Li3Mn2P4HO14,63107.20811271061
Li3Mn2P5O16,281479.5889918826
Li3Mn2SbO6,716144.0181995544
Li3Mn2V3O12,288985.4655912387
Li3Mn2V5O12,715204.2656277923
Li3Mn3(BO3)4,477312.13914418174
Li3Mn3(BiO6)2,430002.8852045418
Li3Mn3(FeO5)2,984346.9401041777
Li3Mn3(MoO6)2,554600.5924244703
Li3Mn3(OF)4,713355.2722075377
Li3Mn3(PO4)4,344831.7836856954
Li3Mn3(WO6)2,549239.8339788322
Li3Mn3CoO8,735003.5883522233
Li3Mn3CrO8,905207.0239426921
Li3Mn3FeO8,1043155.5124131908
Li3Mn3Nb2O12,459042.52557174885
Li3Mn3NiO8,589143.7902146156
Li3Mn3O5F3,574420.4055224047
Li3Mn3O8,523601.32609642483
Li3Mn3P8O29,159327.55684678923
Li3Mn3SbO8,729827.643465236
Li3Mn3TeO8,762936.7283425236
Li3Mn3WO8,771498.3940293659
Li3Mn4(BO3)4,700663.0945989266
Li3Mn4(FeO6)2,962067.5139003779
Li3Mn4(P2O7)4,275827.1018866253
Li3Mn4(PO4)6,281825.8299104672
Li3Mn4CoO8,1177426.1478597436
Li3Mn4CrO8,1213145.4294388834
Li3Mn4CuO8,1057128.4708068923
Li3Mn4F15,467666.4723502738
Li3Mn4F19,326640.5559114182
Li3Mn4FeO8,1313309.4143109992
Li3Mn4NiO8,1145384.7695155886
Li3Mn4O8,920353.4266261363
Li3Mn4P3H12O19,411003.36570001586
Li3Mn4SbO8,1050407.3915293305
Li3Mn4VO8,1159083.0297474256
Li3Mn5(CoO6)2,982465.6019886867
Li3Mn5(FeO6)2,1165396.921435313
Li3Mn5(NiO6)2,940405.245500457
Li3Mn5(PO4)6,350062.79162668914
Li3Mn5Cr2O12,1046948.4386521041
Li3Mn5Cr3O16,674253.6752937975
Li3Mn5F15,634067.4022843306
Li3Mn5FeO12,919491.0820865327
Li3Mn5O10,899592.1692444475
Li3Mn5O2F9,970629.091462377
Li3Mn5O8,1275865.8388675125
Li3Mn5OF11,942026.7125858063
Li3Mn7O12,1122284.8589318017
Li3Mn7O16,665660.0669988244
Li3Mn8O16,847473.2327207511
Li3MnAl2O6,298197.0504463477
Li3MnAlO4,465866.18634166557
Li3MnAlO6,95828.02819092534
Li3MnAs2,358635.0011126114
Li3MnAsCO7,307332.0870071828
Li3MnAsO6,277584.107338418
Li3MnB4O9,223014.32169482313
Li3MnB6O13,81094.72663575836
Li3MnB8O15,117231.20941991787
Li3MnBiO6,240546.18007530976
Li3MnCo3O8,243313.70889763592
Li3MnCoNiO6,772225.7289101921
Li3MnCoO5,490738.780791716
Li3MnCoO6,381689.71442123293
Li3MnCr3O8,755892.046901823
Li3MnCr4O8,1067333.7170605187
Li3MnCrO6,375682.3548289925
Li3MnCu3O8,574928.1823214387
Li3MnF5,472684.6528068048
Li3MnF6,335979.2340940415
Li3MnF7,196462.98256440804
Li3MnFe2(BO3)3,652511.2461839246
Li3MnFe3O8,559921.410512677
Li3MnFeCo(PO4)3,489139.4322853526
Li3MnFeO6,567061.3923290146
Li3MnGaO6,92592.70535596923
Li3MnGeO6,185646.06842547542
Li3MnIrO6,446203.36485391913
Li3MnMoO6,344134.3367994351
Li3MnN2,305560.73602775024
Li3MnNbO6,258244.40791086247
Li3MnNi3O8,395406.4387085481
Li3MnNiO6,194019.27140210138
Li3MnO2F,591681.3333189792
Li3MnO3,550415.6144099042
Li3MnOF3,590932.1344075126
Li3MnOsO6,528046.5837790032
Li3MnP2,382292.36139841523
Li3MnP2H2O9,213353.59999180905
Li3MnP2HO8,294032.00736848713
Li3MnP2O9,106641.23303686567
Li3MnPCO7,305142.1642744432
Li3MnPO5,416958.95535048627
Li3MnPbO6,160933.70354844403
Li3MnPdO6,178857.23453568987
Li3MnPtO6,178836.77446843428
Li3MnRhO6,451514.4340072429
Li3MnRuO6,539054.1166767447
Li3MnSbO6,256122.6494953283
Li3MnSi2O7,264721.14490992366
Li3MnSiO5,340006.8385101758
Li3MnSiO6,196245.946448794
Li3MnSnO6,170004.97699504544
Li3MnTcO6,442804.8048864682
Li3MnTeO6,331481.5072295233
Li3MnV(PO4)3,238789.6824820322
Li3MnV3O8,545111.8338157558
Li3MnV4O12,233368.30991712474
Li3MnV4O8,827473.538933372
Li3MnVO6,279182.6513351316
Li3MnWO6,340666.4883302685
Li3Mo,429784.8194744989
Li3Mo(PO4)2,189802.13679275464
Li3Mo2(PO4)3,228269.9073839315
Li3Mo2P3O14,66114.76034515743
Li3Mo2P5O18,110406.55432547141
Li3Mo3(PO4)4,256361.25954500024
Li3Mo3(PbO6)2,208809.64603564568
Li3Mo3(SeO6)2,232990.54671348556
Li3Mo3(WO6)2,94803.56594980815
Li3Mo4P5O24,76005.22638899155
Li3Mo4P9O32,116609.92419078828
Li3Mo5O12,255954.31760661432
Li3MoF6,215383.80018323197
Li3N2,479077.6232371397
Li3Nb,216080.68627194467
Li3Nb(CoO2)4,709145.0602813966
Li3Nb(FeO2)4,902353.7095798085
Li3Nb2(CuO4)3,77753.79735422658
Li3Nb2(FeO4)3,606075.7744074714
Li3Nb2(GaO4)3,92492.82394997419
Li3Nb2Al3O12,97436.39817913399
Li3Nb2Cr3O12,332188.49228416104
Li3Nb2Fe3O10,590831.2383385856
Li3Nb2In3O12,83447.89208395718
Li3Nb2V3O12,191386.9735488045
Li3Nb2VO6,155545.9455914209
Li3Nb3(FeO6)2,480721.52002627164
Li3Nb3(MoO6)2,217971.12345323563
Li3Nb3(SeO6)2,90861.26274436324
Li3Nb3(TeO6)2,101679.42168269878
Li3Nb3Cr2O12,293049.0691743169
Li3Nb3V2O12,192633.03359669936
Li3Nb4FeO12,199132.59751811426
Li3NbF6,103753.12176501512
Li3NbFe3O8,816656.5928934898
Li3NbV3O8,423763.8598397109
Li3NbV4O8,660968.1941034419
Li3Ni(BO2)5,100037.00044169689
Li3Ni(BO3)2,154400.8047128142
Li3Ni(OF)2,130677.47876504579
Li3Ni(PO4)2,137421.33153143013
Li3Ni2(CO3)4,125599.92308677617
Li3Ni2(PO3)7,91922.07195145883
Li3Ni2(PO4)3,157900.5757182389
Li3Ni2OF5,342384.0242984207
Li3Ni2P2(O4F)2,197659.87844447786
Li3Ni2P5O16,119041.85735470254
Li3Ni2SbO6,315389.6873920284
Li3Ni3(PO4)4,91171.11167541119
Li3Ni3TeO8,301877.5925305996
Li3Ni4O4F3,581115.3750816258
Li3Ni4SbO8,484728.2816345891
Li3Ni4SnO8,426381.9551940587
Li3Ni5OF11,437564.14736289054
Li3Ni8(OF3)4,474979.65671812405
Li3NiF6,186021.62682587988
Li3NiO2F,251443.4881663133
Li3NiO3,132724.22025447772
Li3NiOF3,260367.2845128856
Li3NiPCO7,141169.7711201607
Li3Np,650533.1528617534
Li3NpMnO6,317164.13536230155
Li3P2WO8,186584.19077262998
Li3P2WO9,53193.12615671541
Li3P3(WO6)2,221036.8386531257
Li3P3WO11,93927.29656986699
Li3P5(WO6)4,74707.52505274877
Li3P7W5O29,144512.14621454227
Li3PWCO7,235757.90080910354
Li3PaMnO6,226855.55937522167
Li3Pb2(WO4)3,195395.12261699044
Li3PdF6,73535.40734256539
Li3Pu,732996.8865466596
Li3Pu2O6,471742.6755753739
Li3Re,211363.2581316735
Li3Rh(N3O8)2,179374.89167049812
Li3RhN2,102817.26871520122
Li3RuF6,75381.94758883302
Li3RuO4,395721.48588524305
Li3Sb3(PO4)4,99026.84971778016
Li3Si2(NiO4)2,270552.61428821937
Li3Si6NiO15,93739.68249710024
Li3SiNiO5,266653.3884974803
Li3SiO4,106556.93323311665
Li3Ta(CoO3)2,167498.10541171534
Li3Ta2(CoO4)3,189487.98233943834
Li3Ta2(CuO4)3,91011.00055323447
Li3Ta2(FeO4)3,608771.4976382125
Li3Ta2(GaO4)3,92845.12498555284
Li3Ta2Al3O12,97622.38510270065
Li3Ta2Cr3O12,333894.94529242633
Li3Ta2In3O12,83707.74496364439
Li3Ta2Mn3O12,461455.378614073
Li3Ta2V3O12,191979.21251670076
Li3Ta3(FeO6)2,490884.9660717798
Li3Ta3(MoO6)2,228938.30272761575
Li3Ta3(SeO6)2,88915.19311084859
Li3Ta3(TeO6)2,86108.01601438303
Li3Ta3(WO6)2,169344.321507225
Li3Ta3Cr2O12,295681.977002535
Li3Ta3Mn2O12,387691.19026819995
Li3Ta3Ti2O12,90579.98623333307
Li3Ta3V2O12,194278.0658314823
Li3TaF6,124635.06409018052
Li3TaMnO6,259326.8703975767
Li3Tc,327902.5840911399
Li3Te2(MoO4)3,141087.06450094274
Li3Te2(WO4)3,216809.54367632666
Li3Te3(MoO6)2,117326.4955663156
Li3Ti(BO3)2,77084.45859322454
Li3Ti(CoO2)4,677930.1564666204
Li3Ti(CoO3)2,586385.5374917405
Li3Ti(FeO2)4,1010749.946636815
Li3Ti(FeO3)2,729959.9459760205
Li3Ti(NiO3)2,255330.09978304672
Li3Ti(PO4)2,64952.43281072318
Li3Ti2(CoO4)2,434098.4148124942
Li3Ti2(FeO4)2,544187.1371577397
Li3Ti2(MoO4)3,246577.9922809184
Li3Ti2(NiO4)2,190858.05854247182
Li3Ti2(PO4)3,79367.56523182584
Li3Ti2(WO4)3,245209.03989523603
Li3Ti2Co3O10,257254.60325308095
Li3Ti2Cu3O10,197025.7343449641
Li3Ti2Fe3O10,726526.7127799542
Li3Ti2Mn5O12,861938.6764727446
Li3Ti2Nb3O12,95723.04047706736
Li3Ti2NiO6,247838.0966013218
Li3Ti2O6,88148.1734040154
Li3Ti2V2O8,304259.4099211822
Li3Ti2V3O12,72093.3958844883
Li3Ti2V5O12,479163.9688707418
Li3Ti3(MoO6)2,146699.73938413267
Li3Ti3(PO4)4,85314.97416642815
Li3Ti3(WO6)2,144974.52574785776
Li3Ti3Cr2O12,154454.34941929823
Li3Ti3Fe(PO4)6,99312.97457137961
Li3Ti3VO8,246035.4255506726
Li3Ti4O8,190040.1344717787
Li3Ti6Co3O16,245489.98196499454
Li3TiF6,76876.66218862592
Li3TiFe3O8,841930.7657950661
Li3TiMn3O8,738724.596159769
Li3TiMn4O8,1075512.3658972285
Li3TiMnO6,181550.84575312276
Li3TiNi3O8,195028.87946697988
Li3TiPCO7,131431.13527888554
Li3TiSiO5,85684.53880100818
Li3TiV3O8,379804.4196453229
Li3TiV4O8,645554.6147994947
Li3UMnO6,309305.62586627674
Li3UO4,110264.84197581297
Li3V(BO2)5,142652.8345485688
Li3V(BO3)2,165041.0735425908
Li3V(CO3)3,104192.43694928708
Li3V(CoO2)4,753661.9908774022
Li3V(FeO2)4,1224569.0266799491
Li3V(FeO3)2,927259.7444033226
Li3V(OF)2,254426.2278309583
Li3V(PO4)2,125020.12819320738
Li3V(SO4)3,82643.77012112699
Li3V(Si2O5)3,62028.75792973699
Li3V(SiO3)3,91819.59879662056
Li3V12O29,87500.84361975666
Li3V2(CO3)4,196672.9548317534
Li3V2(CO5)2,56377.78625871673
Li3V2(FeO4)2,852967.2688723276
Li3V2(MoO4)3,348901.56913595274
Li3V2(NiO4)2,316830.8242444245
Li3V2(O2F)2,244202.95066783423
Li3V2(OF)3,303538.34434918244
Li3V2(OF)4,64426.91696493032
Li3V2(PO4)3,160068.81718625035
Li3V2(WO4)3,346436.82612655143
Li3V24O58,61046.84508860489
Li3V2Cr2O8,570325.0347658513
Li3V2F8,293782.15228829015
Li3V2F9,208354.5159291363
Li3V2Fe3O10,826917.8262828528
Li3V2H4(OF5)2,115931.10929375357
Li3V2NiO6,423467.00918493175
Li3V2O6,91621.89639201277
Li3V2P2O8F3,171850.58918950064
Li3V2P4(HO8)2,96767.27892555729
Li3V2P5O16,171565.66330630705
Li3V2P5O18,58789.92587244555
Li3V2S2(O4F3)2,95846.2891789262
Li3V3(BO5)2,216112.68899488566
Li3V3(BiO6)2,177846.9894384515
Li3V3(CoO6)2,148128.83401050317
Li3V3(FeO5)2,676100.374543422
Li3V3(FeO6)2,363196.30922794493
Li3V3(MoO6)2,285611.9691450304
Li3V3(PO4)4,177220.62515357044
Li3V3(PbO6)2,90329.83299160995
Li3V3(SeO6)2,300830.75619089487
Li3V3(TeO6)2,279595.2336107798
Li3V3(WO6)2,284023.9513260018
Li3V3CoO8,319451.52513073466
Li3V3Cr2O12,312779.23554602766
Li3V3CrO8,480927.3936090106
Li3V3FeO8,620728.2371251229
Li3V3O5F3,304831.64924603875
Li3V4(OF3)3,339794.56089470716
Li3V4(PO4)6,104606.23569940546
Li3V4CrO8,760310.6864361507
Li3V4F19,118932.61751960857
Li3V4FeO12,200819.20651502378
Li3V4FeO8,769396.8831309229
Li3V4NiO12,67595.14217420293
Li3V4O5F7,277408.42286695866
Li3V4O7F5,180077.95944581777
Li3V4O8,423395.9034345405
Li3V4P2O8F9,200897.5748279975
Li3V4P9O32,61618.45364483387
Li3V4SnO12,133949.6356227925
Li3V5(PO4)6,170243.46536060728
Li3V5Cr2O12,652158.9856250727
Li3V5O10,392118.77092077705
Li3V5O12,153924.58800990888
Li3V5O8,702880.5451196863
Li3V5P7O29,76417.44309116274
Li3V6Fe4(CuO12)2,399959.97524895874
Li3V6O13,265695.0905447106
Li3V7O12,566033.6461332515
Li3V8O11,932100.1547524469
Li3V8O16,335789.84398283553
Li3V8ZnO16,402776.1147500776
Li3VB4O9,111018.12528045707
Li3VBO5,97874.55549753264
Li3VBPO7,135265.12649477538
Li3VCr(P2O7)2,199673.19681793402
Li3VCr3O8,623193.6533708177
Li3VCr4O8,949920.9323296578
Li3VCrP2(HO5)2,290265.62078583555
Li3VF5,271624.4625694578
Li3VF6,165763.8862863426
Li3VF7,61831.82384602845
Li3VFe3O8,1010252.726969314
Li3VFeP2(HO5)2,332004.86213573214
Li3VN2,136762.0670611004
Li3VO3F,127886.97035290427
Li3VOF4,185621.13743423118
Li3VOF5,79496.77471882527
Li3VP2H2O9,103609.52058114084
Li3VP3O11,128764.95764673229
Li3VPCO7,201282.88125145345
Li3VS3,174014.3362477837
Li3VSi2O7,131435.55708625307
Li3VSi4(HO6)2,72930.88881350511
Li3VSiO5,193581.0729750385
Li3W,289667.09548288974
Li3Zn(Fe5O8)4,1508752.399497391
Li3Zn2Fe19O32,1423952.9860091058
Li3ZnFe2(PO4)3,331604.76588031335
Li3Zr,72836.34658131386
Li3Zr2(MoO4)3,227219.00366142162
Li3Zr2(WO4)3,223446.17720371732
Li3Zr2Cr3O12,232524.20087387474
Li3Zr2Nb3O12,88764.72559954869
Li3Zr2O6,74733.61786442544
Li3Zr2V3O12,94357.32120789362
Li3Zr3(MoO6)2,132614.01364484846
Li3Zr3(WO6)2,132539.29450079933
Li3Zr3Cr2O12,140301.70755402316
Li3ZrMnO6,166903.85139746786
Li4(CoO2)7,483631.501029821
Li4(CoO2)9,283874.9169100671
Li4(CuO2)3,67588.78487840979
Li4(FeO2)5,1181019.8575870118
Li4(FeO2)9,1095109.7355023907
Li4(NiO2)11,99067.63499901406
Li4(NiO2)5,216297.5174374375
Li4(NiO2)7,156745.8076244815
Li47(CoO4)8,282691.8289632034
Li47(NiO4)8,194249.51173199253
Li47Mn5As19,196273.59360128746
Li4AlCoO6,192862.17885883182
Li4AlCr3O8,580643.4195439063
Li4AlCrO6,94872.71579072818
Li4AlFeO6,286653.79210379045
Li4AlIrO6,178348.46032123672
Li4AlMoO6,88430.82230252062
Li4AlNi3O8,202057.27488374079
Li4AlNiO6,97722.32072845832
Li4AlOsO6,266822.3808024347
Li4AlPtO6,85146.57621884903
Li4AlRhO6,180325.5575183327
Li4AlRuO6,268834.9957059944
Li4AlTcO6,178759.35595600438
Li4BOsO6,277028.578934165
Li4BiMoO6,72475.09753718336
Li4BiOsO6,217498.75284886875
Li4CaNiO4,177352.73313088916
Li4Co(BO3)2,230747.58902825878
Li4Co(PO4)2,163217.1270493942
Li4Co(SiO3)3,146534.85002306008
Li4Co13O28,256154.40593575253
Li4Co15O28,210725.74941729225
Li4Co2(PO4)3,273173.03951143567
Li4Co2C4SO16,108838.36214740582
Li4Co2Cu3Sb3O16,300189.99130041397
Li4Co2Ni3O10,326538.5836119856
Li4Co2Ni3Sn(PO4)6,242270.48446283804
Li4Co2O5,389433.7356588458
Li4Co2Si3O10,263048.7147885549
Li4Co3(NiO4)3,315582.7772395469
Li4Co3Cu2Sb3O16,177433.60520164648
Li4Co3Cu3(TeO8)2,75237.85646245224
Li4Co3CuO8,130089.21760439867
Li4Co3Ni(PO4)4,352156.46531652356
Li4Co3Ni2Sb3O16,124489.32958946246
Li4Co3Ni2Sn3O16,218131.37564366098
Li4Co3Ni3(SbO8)2,301077.3263940269
Li4Co3Ni3(SnO8)2,229405.28754274448
Li4Co3Ni3(WO8)2,531438.6739053064
Li4Co3Ni5O16,250522.2555861667
Li4Co3NiO8,153329.97201629836
Li4Co3O3F4,639333.8519069018
Li4Co3O7,174372.99370117192
Li4Co3OF11,453856.73598830873
Li4Co3OF8,528305.3042594396
Li4Co3P4(H3O4)6,133624.13673262813
Li4Co3P4O15,282931.5992262955
Li4Co3Sb5O16,239219.64121945723
Li4Co3SbO8,119642.62563602577
Li4Co3Sn(PO4)4,266301.59651028324
Li4Co3Sn3(SbO8)2,255383.30297709463
Li4Co3TeO8,531116.1703104111
Li4Co3WO8,537472.3602366194
Li4Co4(OF3)3,569908.5100792173
Li4Co5(P3O11)2,282361.68723067536
Li4Co5Ni3O16,103534.63411954483
Li4Co5NiO12,218643.37683244134
Li4Co5O12,202381.65450631717
Li4Co5SnO12,150346.42635518333
Li4Co5Te3O16,406939.76170852117
Li4Co7(OF7)2,603789.2040480895
Li4Co7O3F13,593900.6745047681
Li4CoGeO6,91087.14872942168
Li4CoIrO6,177236.75706334427
Li4CoMoO6,263887.176892361
Li4CoNi3(PO4)4,292262.188164369
Li4CoNi3O8,335549.66793087026
Li4CoNi5(PO4)6,274972.614283131
Li4CoNiO6,98250.91355420045
Li4CoO3,338475.31470165576
Li4CoO3F,298192.70060477656
Li4CoO4,422014.6533658467
Li4CoOF5,305645.46288719855
Li4CoOsO6,271482.83166527946
Li4CoPbO6,79457.26067902107
Li4CoPdO6,88782.05158240162
Li4CoPtO6,87194.75660298076
Li4CoRhO6,182973.93055755668
Li4CoRuO6,268649.5573875843
Li4CoSiO6,96884.13912901956
Li4CoSn3(PO4)4,77415.32180764127
Li4CoSnO6,418284.26938579633
Li4CoTcO6,254538.12808395355
Li4CoTeO6,245025.98541328142
Li4CoWO6,261754.70932721466
Li4Cr(PO4)2,222785.7989138804
Li4Cr(TeO4)3,151614.4819760584
Li4Cr(WO4)3,170284.03717973962
Li4Cr2(PO4)3,268415.61962930555
Li4Cr2C4SO16,184999.21218687316
Li4Cr2Co3Sn3O16,219777.86642973876
Li4Cr2Cu3Sb3O16,259958.9590157163
Li4Cr2Fe3O10,998681.9267220981
Li4Cr2Fe3Sb3O16,553579.2640952894
Li4Cr2Fe3Sn3O16,591345.7161121911
Li4Cr2Fe5O12,1237009.1845178977
Li4Cr2Ni3Sb3O16,334536.84616311797
Li4Cr2Ni3Sn(PO4)6,274059.29786495934
Li4Cr2Ni3Te3O16,352064.73482146655
Li4Cr2Ni5O12,525225.924752595
Li4Cr2O5,553207.1068053971
Li4Cr2P4H3O16,209927.68726792658
Li4Cr2Si3O10,347054.359511325
Li4Cr2Si4O13,230816.3099060175
Li4Cr2TeWO12,184396.82193736677
Li4Cr3(CO3)6,297059.1196350607
Li4Cr3(CoO4)3,473434.2515067998
Li4Cr3(FeO4)3,921865.3176444876
Li4Cr3Co(PO4)4,453766.54136583785
Li4Cr3Co2Sb3O16,436974.0185645755
Li4Cr3Co2Sn3O16,328303.33252034336
Li4Cr3Co3(NiO8)2,440057.97560801357
Li4Cr3Co3(SbO8)2,293781.77457473887
Li4Cr3Co3(SnO8)2,318391.72851440497
Li4Cr3Co3(TeO8)2,469307.117625283
Li4Cr3Co3(WO8)2,469870.68206715165
Li4Cr3Co5O16,641792.3712495759
Li4Cr3CoO8,575493.5975548036
Li4Cr3Cu3(WO8)2,328141.8280828314
Li4Cr3CuO8,582482.6459783356
Li4Cr3Fe2Co3O16,676731.7365700861
Li4Cr3Fe2Sb3O16,493208.90164683503
Li4Cr3Fe2Sn3O16,536321.4739444045
Li4Cr3Fe3(SbO8)2,749682.7275567413
Li4Cr3Fe3(SnO8)2,694335.0780152307
Li4Cr3Fe3(TeO8)2,662872.3341303549
Li4Cr3Fe3(WO8)2,677171.4810691088
Li4Cr3Fe5O16,994202.5778290731
Li4Cr3FeO8,896216.5524174111
Li4Cr3GaO8,565813.8727718306
Li4Cr3Ni(PO4)4,424299.0349214027
Li4Cr3Ni2Sb3O16,383293.3544422211
Li4Cr3Ni2Sn3O16,300676.3046826398
Li4Cr3Ni3(SbO8)2,380132.9846638831
Li4Cr3Ni3(SnO8)2,318417.14853338554
Li4Cr3Ni3(TeO8)2,444381.7749307487
Li4Cr3Ni3(WO8)2,439549.46763924655
Li4Cr3NiO8,653571.2539225573
Li4Cr3O8,372843.7148668746
Li4Cr3P4O15,360898.6022233137
Li4Cr3Sn3(SbO8)2,219695.67230121524
Li4Cr3Sn3(TeO8)2,268833.42804534425
Li4Cr5(P3O11)2,403045.4984011073
Li4Cr5BiO12,537165.8270458813
Li4Cr5Co3O16,428415.6998452631
Li4Cr5Fe3O16,844189.9414782703
Li4Cr5FeO12,717898.1361211508
Li4Cr7(PO4)6,508365.193772535
Li4CrAsO6,271759.7960922227
Li4CrAuO6,257057.96751333764
Li4CrBO6,97650.26868084146
Li4CrBi(TeO6)2,128213.28429319366
Li4CrBiO6,239247.7933780591
Li4CrCo2Ni3(PO4)6,286289.02997013024
Li4CrCo3(PO4)4,405101.96964213427
Li4CrCo3O8,963731.9412895218
Li4CrCo5O12,133088.47122363557
Li4CrCoO6,94364.31769666569
Li4CrCu3O8,584660.5621140773
Li4CrCuO6,93197.08944283705
Li4CrF6,316872.0806150066
Li4CrFe(WO6)2,269161.32735310233
Li4CrFe2Ni3(PO4)6,369015.2582123602
Li4CrFe3Cu2(PO4)6,355928.497699009
Li4CrFe3O8,1091349.5970691373
Li4CrFe3Sn2(PO4)6,298491.19008321967
Li4CrFeO6,555830.0651867939
Li4CrGaO6,91329.57492294973
Li4CrGeO6,182504.9289672533
Li4CrH8SO7,155128.98029224237
Li4CrInO6,83133.70250662827
Li4CrIrO6,439108.3202342445
Li4CrMoO6,348721.9737827609
Li4CrNi3(PO4)4,318707.180598307
Li4CrNi5(PO4)6,249910.03112811077
Li4CrNiO6,190154.7947320097
Li4CrO4,213070.43056746782
Li4CrOsO6,524344.5530622309
Li4CrP2(O4F)2,98231.3043831812
Li4CrP2O9,106689.94773414655
Li4CrP6(H4O11)2,81949.94039565322
Li4CrPbO6,159170.42780770003
Li4CrPdO6,177528.39975593152
Li4CrPtO6,175394.22493171075
Li4CrRhO6,91515.90689618539
Li4CrRuO6,529599.5185023876
Li4CrS4,110241.65896306858
Li4CrSb(TeO6)2,134124.97803156544
Li4CrSb(WO6)2,132104.72976275126
Li4CrSbO6,252943.9698748084
Li4CrSiO6,192918.4526825025
Li4CrSnO6,166773.41879265543
Li4CrTcO6,439857.8773465507
Li4CrTe(WO6)2,128955.12753566341
Li4CrTe2WO12,77250.82918749735
Li4CrTeO6,163566.3155058128
Li4Cu(PO4)2,55483.011661510805
Li4Cu2C4SO16,127672.84694869469
Li4Cu2Si3O10,90560.20428174867
Li4Cu3Bi(PO4)4,58610.78474661097
Li4Cu3F10,127613.76450506345
Li4Cu3F12,190706.07770612458
Li4Cu3Ni2Sb3O16,266202.48057655233
Li4Cu3Ni3(TeO8)2,232285.28228819367
Li4Cu3Ni3(WO8)2,202429.100823357
Li4Cu3Sb(PO4)4,59666.79839674831
Li4Cu3SbO8,242293.67597949403
Li4Cu3TeO8,177779.74507603334
Li4Cu3WO8,184160.67010624066
Li4Cu5F17,235851.03028941367
Li4Cu7(PO4)6,139712.46441080412
Li4CuF7,128465.93030715815
Li4CuMoO6,87698.89899945838
Li4CuNi3(PO4)4,229027.1441484639
Li4CuOsO6,88098.06779042077
Li4CuSi2O7,63525.22263414961
Li4CuWO6,86986.002099738
Li4Fe(BO3)2,300841.4319526679
Li4Fe(PO3)6,107499.77268861106
Li4Fe(PO4)2,214687.56824525402
Li4Fe(SiO3)3,193522.8955392407
Li4Fe(TeO4)3,189578.5185814506
Li4Fe(WO4)3,211248.96641214038
Li4Fe2(PO4)3,348652.38318331615
Li4Fe2C4SO16,301003.3431166323
Li4Fe2Co3Ni3O16,516279.9386573988
Li4Fe2Co3Sb3O16,420143.5556520847
Li4Fe2Co3Sn3O16,339752.81283823634
Li4Fe2Co3Te3O16,545544.5642613404
Li4Fe2Cu3O10,442644.71985612926
Li4Fe2Cu3Sb3O16,414013.5230602794
Li4Fe2Cu3Sn3O16,360972.20394412783
Li4Fe2Cu3Te3O16,317176.88789470255
Li4Fe2Ni3O10,555728.5365227772
Li4Fe2Ni3Sb3O16,449362.9035687798
Li4Fe2Ni3Sn(PO4)6,276533.9901769626
Li4Fe2Ni3Sn3O16,427364.58997446817
Li4Fe2Ni3Te(PO4)6,275991.2141127072
Li4Fe2Ni3Te3O16,463860.6868644688
Li4Fe2Ni5O12,690652.4927207421
Li4Fe2O5,844443.7510465978
Li4Fe2P4H3O16,271615.8384065827
Li4Fe2Si3O10,347733.59032971034
Li4Fe2Si4O13,377060.700856181
Li4Fe2SiO7,756550.9605639635
Li4Fe2TeWO12,358732.50059167866
Li4Fe3(BO3)4,555709.794758323
Li4Fe3(CoO4)3,928834.8092138083
Li4Fe3(NiO4)3,676329.986140393
Li4Fe3(SiO4)3,469784.29531997326
Li4Fe3Co(PO4)4,466317.4400788179
Li4Fe3Co2Sb3O16,633292.9378667184
Li4Fe3Co2Sn3O16,484295.7075137214
Li4Fe3Co3(NiO8)2,637853.1732744322
Li4Fe3Co3(SbO8)2,483616.19092130655
Li4Fe3Co3(TeO8)2,674863.2040052953
Li4Fe3Co3(WO8)2,773584.4862269707
Li4Fe3Co5O16,810455.3262397447
Li4Fe3CoO8,941801.3007387191
Li4Fe3Cu(PO4)4,402182.5623024311
Li4Fe3Cu2Sb3O16,488293.1263726766
Li4Fe3Cu3(SbO8)2,549093.8655109232
Li4Fe3Ni(PO4)4,435333.74596807203
Li4Fe3Ni2Sb3O16,554901.6774020046
Li4Fe3Ni2Sn3O16,474208.8545537056
Li4Fe3Ni3(SbO8)2,573640.854006733
Li4Fe3Ni3(SnO8)2,505061.1650239475
Li4Fe3Ni3(TeO8)2,625340.829083109
Li4Fe3Ni3(WO8)2,624668.1316094579
Li4Fe3Ni5O16,608307.9967404668
Li4Fe3NiO8,983477.0382994124
Li4Fe3O8,789855.8143099046
Li4Fe3OF11,674969.2817757222
Li4Fe3OF8,643146.1742196999
Li4Fe3P3O12F,368912.9571585077
Li4Fe3P4(HO8)2,324743.74581158865
Li4Fe3P4O15,367842.95796813373
Li4Fe3Sb(PO4)4,372813.1391241772
Li4Fe3Sb5O16,340580.82548038027
Li4Fe3SbO8,746215.1301413706
Li4Fe3Sn2Sb3O16,330586.3677070378
Li4Fe3Sn3(SbO8)2,340501.99919695937
Li4Fe3Sn3(TeO8)2,376542.0451731569
Li4Fe3TeO12,446311.5218664608
Li4Fe3TeO8,694338.6567663441
Li4Fe3WO8,686339.1853292969
Li4Fe5(NiO6)2,1173822.6382565477
Li4Fe5(P3O11)2,425287.1880437508
Li4Fe5CoO12,1043273.139380774
Li4Fe5Ni(PO4)6,485473.28263304697
Li4Fe5NiO12,960332.8994681744
Li4Fe5P6WO24,421044.0162452995
Li4Fe5Sb(PO4)6,408241.1302797333
Li4Fe5Sb3O16,664732.3764931333
Li4Fe5SbO12,954753.5270022365
Li4Fe5Sn3O16,679133.9304941385
Li4Fe5SnO12,896663.7583090462
Li4Fe7(OF7)2,763315.9370482953
Li4Fe7(PO4)6,526977.6550587983
Li4Fe7O12,1395410.3133789618
Li4Fe9CoO20,1034755.9349794859
Li4FeAsO6,454035.0935119411
Li4FeBi(TeO6)2,211574.6032802938
Li4FeBiO6,79345.38471132467
Li4FeC6ClO21,312159.60435978224
Li4FeCo2Ni3(PO4)6,326578.7307693329
Li4FeCo3(PO4)4,407814.43531344604
Li4FeCo3O8,1127306.4137948207
Li4FeCo9O20,295365.3870443421
Li4FeCoO6,278723.1690481865
Li4FeCu3(PO4)4,221336.5532574769
Li4FeCu3O8,706698.7252876891
Li4FeF8,414122.9776781078
Li4FeGeO6,363863.24698007
Li4FeIrO6,613267.7276781893
Li4FeMoO6,348173.2344403808
Li4FeN2,287604.0569087942
Li4FeNi3(PO4)4,322053.4954662682
Li4FeNi3O8,521049.87410029606
Li4FeNi5(PO4)6,290136.59553620004
Li4FeNiO6,379920.4543021716
Li4FeO3F,428995.249590243
Li4FeOF5,387717.6427276184
Li4FeOsO6,697637.7545922438
Li4FeP2O9,209865.362624914
Li4FeP6(H4O11)2,85520.16992086447
Li4FeP6(HO2)12,72004.05279555178
Li4FePbO6,317854.76453383616
Li4FePdO6,360033.4144469155
Li4FePtO6,349787.59659959795
Li4FeRhO6,268518.1779518978
Li4FeRuO6,704391.9173144631
Li4FeS3,240285.75394619472
Li4FeSb(TeO6)2,220064.14708104092
Li4FeSbO6,417687.83730938856
Li4FeSiO6,383555.7956575185
Li4FeSnO6,334445.55607676035
Li4FeTcO6,613813.0402753655
Li4FeTe(WO6)2,214246.4602581792
Li4FeTeO6,330049.11226009816
Li4GaCoO6,185255.0915114311
Li4GaFeO6,274786.7477759882
Li4GaIrO6,172131.84249025374
Li4GaMoO6,85205.85718618751
Li4GaNiO6,93773.2999576741
Li4GaOsO6,257019.30849989122
Li4GaPtO6,80715.16747715302
Li4GaRhO6,173748.70758491845
Li4GaRuO6,258911.54832095144
Li4GaTcO6,172282.6623583474
Li4GeIrO6,87342.27699953089
Li4GeMoO6,170887.79154118436
Li4GeOsO6,173426.0133267748
Li4GeRhO6,88185.83589514623
Li4GeRuO6,175895.0012434974
Li4Hf2O5,74194.22034102626
Li4HfAlO6,85318.07339817354
Li4HfCoO6,84387.18112731562
Li4HfCrO6,168886.13443140214
Li4HfFeO6,335356.5061868101
Li4HfGaO6,82776.00847182017
Li4HfIrO6,82426.20186958826
Li4HfMnO6,253345.10481986555
Li4HfMoO6,161526.27888618922
Li4HfOsO6,164248.7061337278
Li4HfRhO6,82334.37913213983
Li4HfRuO6,164955.07771222317
Li4HfTcO6,244112.70706652684
Li4HfVO6,83317.57436639491
Li4InOsO6,237448.3818433766
Li4InTcO6,159554.34757153824
Li4IrOsO6,258524.08864143922
Li4IrPbO6,75987.9563989199
Li4IrPdO6,85096.78586041658
Li4IrPtO6,84499.81308980555
Li4IrRhO6,173243.43928695002
Li4IrRuO6,261716.98889460237
Li4MgCo3O8,69285.11650679537
Li4MgNi3O8,133868.41497206036
Li4Mn(Ni2O5)2,375576.88868219306
Li4Mn(PO3)6,135295.1281379991
Li4Mn(PO4)2,266919.34243899497
Li4Mn(SiO3)3,238004.93162725828
Li4Mn(TeO4)3,164791.28941388486
Li4Mn(WO4)3,205447.45986204394
Li4Mn13O24,960953.7524162566
Li4Mn2(PO4)3,342404.89421388623
Li4Mn2C4SO16,244098.70355921233
Li4Mn2Co3Cu3O16,644165.3292616602
Li4Mn2Co3O10,485568.39467438334
Li4Mn2Co3Sb3O16,294765.8790742313
Li4Mn2Co3Sn3O16,217994.86843790484
Li4Mn2Co3Te3O16,530139.3132677454
Li4Mn2Co5O12,647369.1415522551
Li4Mn2Cr3Co3O16,475479.6120388892
Li4Mn2Cr3Fe3O16,913861.7424087803
Li4Mn2Cr3Sb3O16,541638.2188518671
Li4Mn2Cr3Sn3O16,476435.1315258659
Li4Mn2CrNi3(PO4)6,362207.4244548674
Li4Mn2Cu3O10,353786.7622697727
Li4Mn2Cu3Sn3O16,314674.97752945597
Li4Mn2Fe(BO3)4,478331.5181932499
Li4Mn2Fe3Co3O16,716080.7460662117
Li4Mn2Fe3Ni3O16,745254.4005903198
Li4Mn2Fe3P6WO24,453211.15030310815
Li4Mn2Fe3Sb(PO4)6,441529.0217262438
Li4Mn2Fe3Sb3O16,695424.1029164415
Li4Mn2Fe3Sn(PO4)6,416235.8857756615
Li4Mn2Fe3Sn3O16,590556.0071854037
Li4Mn2Fe3Te3O16,600532.318243393
Li4Mn2FeNi3(PO4)6,400053.3203021397
Li4Mn2Nb3Co3O16,606292.9853908623
Li4Mn2Nb3Cr3O16,542568.9240345161
Li4Mn2Nb3Fe3O16,669247.1806637879
Li4Mn2Nb3V3O16,439676.2659800874
Li4Mn2NbNi3(PO4)6,331960.68767083983
Li4Mn2Ni3O10,528661.7046813009
Li4Mn2Ni3Sb3O16,388372.96195274976
Li4Mn2Ni3Sn(PO4)6,312344.9925205806
Li4Mn2Ni3Sn3O16,306746.7318185741
Li4Mn2Ni5O12,613810.1913127012
Li4Mn2O5,730668.377199268
Li4Mn2P4H3O16,268232.5784493153
Li4Mn2Si3O10,429702.36881628464
Li4Mn2Si4O13,297228.9315675577
Li4Mn2TeWO12,280239.8783794345
Li4Mn2V3Cr3O16,606322.4502657951
Li4Mn2V3O12,316547.79315872013
Li4Mn2V3Sb3O16,447274.93791890517
Li4Mn2V3Sn3O16,369023.4313604742
Li4Mn2V5O12,750688.8334294123
Li4Mn2VNi3(PO4)6,341410.5238071397
Li4Mn3(BO3)4,509755.48612553586
Li4Mn3(CoO4)3,545470.046696958
Li4Mn3(FeO4)3,1021696.6837906698
Li4Mn3(FeO5)2,1027875.4628131279
Li4Mn3(NiO4)3,562535.258847259
Li4Mn3(OF3)3,462009.29950018536
Li4Mn3(PO4)4,406458.5950154246
Li4Mn3(SnO5)2,575703.7194167018
Li4Mn3Cl10,377661.2271588001
Li4Mn3Co(PO4)4,542693.2907487996
Li4Mn3Co2Sb3O16,518894.48997521243
Li4Mn3Co2Sn3O16,444043.9680734411
Li4Mn3Co2Te3O16,526256.2276360752
Li4Mn3Co3(NiO8)2,747911.2295620934
Li4Mn3Co3(SbO8)2,374569.7575588153
Li4Mn3Co3(SnO8)2,322456.33122096467
Li4Mn3Co3(TeO8)2,668632.402990819
Li4Mn3Co3(WO8)2,488767.4762657901
Li4Mn3Co5O16,356567.9699708477
Li4Mn3CoO8,864576.5300498252
Li4Mn3Cr(PO4)4,564052.1511329896
Li4Mn3Cr2Co3O16,539810.6960151994
Li4Mn3Cr2Cu3O16,645383.715982287
Li4Mn3Cr2Fe3O16,947066.3118863493
Li4Mn3Cr2O10,841461.2584677974
Li4Mn3Cr2Sb3O16,571411.414972274
Li4Mn3Cr2Sn(PO4)6,430555.19743048766
Li4Mn3Cr2Sn3O16,505614.7650096795
Li4Mn3Cr3(CoO8)2,681063.7228359418
Li4Mn3Cr3(FeO8)2,886640.3621928038
Li4Mn3Cr3(NiO8)2,626224.2013703343
Li4Mn3Cr3(SbO8)2,645777.7818843856
Li4Mn3Cr3(SnO8)2,590294.8476368578
Li4Mn3Cr3(TeO8)2,629226.6168567631
Li4Mn3Cr3(WO8)2,692546.4825878693
Li4Mn3Cr3O12,792235.4327880369
Li4Mn3Cr5O16,761197.1027830964
Li4Mn3CrCo2(PO4)6,454211.66120411427
Li4Mn3CrO8,909142.6919163171
Li4Mn3Cu2Sn3O16,323805.9950906547
Li4Mn3Cu3(SbO8)2,318921.74170750036
Li4Mn3Cu3(SnO8)2,439204.9995851919
Li4Mn3Cu3(TeO8)2,439590.7307096054
Li4Mn3CuO8,770085.3921089092
Li4Mn3F10,694904.5962940826
Li4Mn3Fe(BO3)4,696834.7289157473
Li4Mn3Fe(PO4)4,568982.1363933848
Li4Mn3Fe2Ni3O16,707467.2009385715
Li4Mn3Fe2Sb3O16,625285.0087904544
Li4Mn3Fe2Sn(PO4)6,435152.78295858274
Li4Mn3Fe2Sn3O16,626145.4655259559
Li4Mn3Fe3(CoO8)2,1013253.1816732346
Li4Mn3Fe3(NiO8)2,814347.2343243847
Li4Mn3Fe3(PO4)6,527593.1234453238
Li4Mn3Fe3(SbO8)2,817915.2953260457
Li4Mn3Fe3(TeO8)2,797011.3782045802
Li4Mn3Fe3(WO8)2,781883.3174285706
Li4Mn3Fe5O16,1081835.7265448705
Li4Mn3FeO8,1060307.944469586
Li4Mn3Nb(PO4)4,524383.4487289324
Li4Mn3Nb2Co3O16,500449.63287780125
Li4Mn3Nb2Cr3O16,644015.9395643427
Li4Mn3Nb2Cu3O16,371135.0247603572
Li4Mn3Nb2Fe3O16,815725.3471760135
Li4Mn3Nb2Ni3O16,475893.1442580202
Li4Mn3Nb2Sn3O16,409145.12651962845
Li4Mn3Nb2V3O16,539822.935294248
Li4Mn3Nb3(FeO8)2,656458.3477886504
Li4Mn3Nb3(SbO8)2,359921.73563054146
Li4Mn3Nb3(SnO8)2,410616.8664223136
Li4Mn3Nb3(TeO8)2,413376.1798595452
Li4Mn3Nb5O16,445790.5119452937
Li4Mn3NbCr2(PO4)6,449917.2619193241
Li4Mn3NbFe2(PO4)6,453831.8932440698
Li4Mn3NbO8,564258.6324898383
Li4Mn3NbV2(PO4)6,414226.84880101646
Li4Mn3Ni(PO4)4,519424.4014608284
Li4Mn3Ni2Sb3O16,468483.71045040764
Li4Mn3Ni2Sn3O16,393010.3556367887
Li4Mn3Ni3(PO4)6,383688.7762327937
Li4Mn3Ni3(SbO8)2,478878.64515196404
Li4Mn3Ni3(SnO8)2,416674.89550776675
Li4Mn3Ni3(TeO8)2,529158.7100092557
Li4Mn3Ni3(WO8)2,528859.7975362673
Li4Mn3NiO8,820033.4100543096
Li4Mn3O7,788975.7827889422
Li4Mn3O8,575797.2078506087
Li4Mn3OF11,526340.8292426132
Li4Mn3OF8,784719.6674716038
Li4Mn3P3O12F,452250.7627228598
Li4Mn3P4(HO8)2,422443.98401239916
Li4Mn3Sb(PO4)4,448349.21263608383
Li4Mn3Sn2Sb3O16,397978.87715667585
Li4Mn3Sn3(SbO8)2,407903.86191675364
Li4Mn3V(PO4)4,534943.4588066112
Li4Mn3V2Co3O16,526845.8287738514
Li4Mn3V2Cr(PO4)6,450478.0575288008
Li4Mn3V2Cr3O16,691336.5756214375
Li4Mn3V2Cu3O16,390078.3048391874
Li4Mn3V2Fe3O16,867186.7906923725
Li4Mn3V2Ni3O16,497636.80467636953
Li4Mn3V2Sb3O16,511036.7210795753
Li4Mn3V3(CuO8)2,451821.5000962852
Li4Mn3V3(FeO8)2,762694.461014105
Li4Mn3V3(NiO8)2,523207.6136301002
Li4Mn3V3(SbO8)2,542951.0234868582
Li4Mn3V3(SnO8)2,483043.7702738848
Li4Mn3V3(TeO8)2,461661.3593277546
Li4Mn3V3(WO8)2,585506.4922128523
Li4Mn3V3Cr2O16,639570.199742209
Li4Mn3V5O16,573261.0809926406
Li4Mn3VO8,788859.0900349184
Li4Mn5(CuO6)2,783173.8639742846
Li4Mn5(Fe2O9)2,984006.3007924099
Li4Mn5(FeO6)2,1155580.7070490797
Li4Mn5(NiO6)2,954089.5539782589
Li4Mn5(P3O11)2,506193.3913048475
Li4Mn5Co(PO4)6,507727.1190278479
Li4Mn5Co3O16,553569.8379696739
Li4Mn5CoO12,788514.9898286999
Li4Mn5Cr(PO4)6,521818.6560372408
Li4Mn5Cr2O12,1070023.065951621
Li4Mn5Cr3O16,818009.0444278319
Li4Mn5CuO12,712841.1336650251
Li4Mn5Fe(PO4)6,561831.4225386991
Li4Mn5Fe3O16,1005057.3127183808
Li4Mn5FeO12,894889.6013669139
Li4Mn5Nb3O16,622988.9492103896
Li4Mn5NbO12,715793.0972269467
Li4Mn5Ni(PO4)6,489269.42486642196
Li4Mn5NiO12,754839.5229714699
Li4Mn5O10,881355.4951762254
Li4Mn5O12,692148.3732348569
Li4Mn5O9F,946480.3222621137
Li4Mn5P6WO24,527294.7500959419
Li4Mn5Sb(PO4)6,446818.982406301
Li4Mn5Sb3O16,623371.808294346
Li4Mn5SbO12,711472.902540327
Li4Mn5Sn(PO4)6,468543.62109273113
Li4Mn5Sn3O16,553037.2469137626
Li4Mn5SnO12,708377.1853583928
Li4Mn5Te3O16,624380.4554020886
Li4Mn5V(PO4)6,498335.3120673173
Li4Mn5V3O16,694506.3094177535
Li4Mn7(OF7)2,910738.7053299112
Li4Mn7(PO4)6,646064.2502305282
Li4Mn7O12,1151444.480824745
Li4Mn7O16,686119.0632439731
Li4Mn7O9F7,821557.4782363424
Li4Mn8O13F3,928688.5470911665
Li4Mn8O9F7,965926.4166556466
Li4Mn9O18,874205.164314917
Li4MnAlO6,189358.92087276134
Li4MnAsO6,358459.2154387146
Li4MnBiO6,313460.8038272135
Li4MnCo2NiO8,658509.3480164731
Li4MnCo2O7,515414.0754399463
Li4MnCo3(PO4)4,438049.0750964109
Li4MnCo3O8,532143.0156070265
Li4MnCo5O12,191873.41171258193
Li4MnCoO6,186058.29250796293
Li4MnCr(WO6)2,230944.16574517122
Li4MnCr2Fe3(PO4)6,527174.482976124
Li4MnCr3(PO4)4,505862.1751410738
Li4MnCr3O8,811577.0655395989
Li4MnCr5O12,686481.4577903734
Li4MnCrO6,442057.4936331147
Li4MnCu3(PO4)4,247829.55116352421
Li4MnCu3O8,514021.7558602986
Li4MnF6,415706.4882876973
Li4MnF7,259821.7413117963
Li4MnF8,190143.58593942606
Li4MnFe2(BO3)4,586373.156447364
Li4MnFe3(BO3)4,632401.8417621504
Li4MnFe3(PO4)4,517280.39799976815
Li4MnFe3O8,1049781.2448825473
Li4MnFe5O12,1141137.239427068
Li4MnFeO6,648611.5170359621
Li4MnGaO6,182172.99616588678
Li4MnGeO6,276327.003622903
Li4MnH6(S2O9)2,122040.04729995197
Li4MnIrO6,357295.7914442133
Li4MnMoO6,426681.30899526103
Li4MnNb(WO6)2,172863.9722859
Li4MnNb2WO12,131487.05372691154
Li4MnNbO6,340200.05716166546
Li4MnNi3(PO4)4,353919.56388123677
Li4MnNi5(PO4)6,269448.2373755453
Li4MnNiO6,287914.9748894674
Li4MnO2F3,148169.4039193035
Li4MnOF5,284962.84321142785
Li4MnOsO6,608698.9997920933
Li4MnP2O9,161098.3233599676
Li4MnP6(H4O11)2,106461.13947662422
Li4MnPbO6,238827.80625280557
Li4MnPdO6,268879.3116760735
Li4MnPtO6,265824.6743453528
Li4MnRhO6,358954.4319212475
Li4MnRuO6,449460.03787854186
Li4MnSb(WO6)2,175427.91721025598
Li4MnSbO6,333561.247940284
Li4MnSiO6,292064.0147918384
Li4MnSn(WO6)2,133127.64918971955
Li4MnSnO6,253031.43533261976
Li4MnTcO6,530943.511277089
Li4MnTeO6,403161.8711404496
Li4MnV(PO4)3,264959.5593518768
Li4MnV(WO6)2,177460.56831083217
Li4MnV2WO12,139952.47872863847
Li4MnV3(P2O7)4,171222.32939243672
Li4MnV3(PO4)4,419071.2908072335
Li4MnV3O8,316035.8136906869
Li4MnVO6,366815.20626631787
Li4MnWO6,423671.0408734404
Li4Mo3O8,165967.0776265544
Li4MoAsO6,82002.64687751966
Li4MoIrO6,86682.35182316843
Li4MoP2O9,101472.87472246138
Li4MoPtO6,167757.00143661132
Li4MoRhO6,86777.60269076629
Li4MoWO6,74337.48976062269
Li4NO,85594.85617218669
Li4Nb(FeO4)3,407671.01932772726
Li4Nb2Co3Sb3O16,225881.23714415036
Li4Nb2Cr3Co3O16,282914.6586972976
Li4Nb2Cr3Cu3O16,323964.3719420839
Li4Nb2Cr3Fe3O16,736710.577087439
Li4Nb2Cr3Ni3O16,380657.2082827221
Li4Nb2Fe3Co3O16,483427.24735623563
Li4Nb2Fe3Cu3O16,586489.4164923041
Li4Nb2Fe3Ni3O16,567049.1925019042
Li4Nb2Fe3Sb3O16,349731.1825403215
Li4Nb2Fe3Sn3O16,333582.03742087324
Li4Nb2Fe3Te3O16,308558.46887653746
Li4Nb2Ni3Sn3O16,173745.48779922567
Li4Nb2V3Co3O16,274757.1912626839
Li4Nb2V3Cr3O16,458480.5234450813
Li4Nb2V3Cu3O16,120920.35192390984
Li4Nb2V3Fe3O16,537488.2685289057
Li4Nb2V3Ni3O16,279059.721995715
Li4Nb2V3Sn3O16,250851.26389000873
Li4Nb3Co3(SnO8)2,114399.41856639762
Li4Nb3Cr2Fe3O16,570896.789183437
Li4Nb3Cr3(NiO8)2,384689.227682981
Li4Nb3Cr5O16,456286.95996091794
Li4Nb3Cu3(SnO8)2,56184.733073530064
Li4Nb3Cu3(TeO8)2,52829.76214261234
Li4Nb3Fe2Ni3O16,450112.45847133396
Li4Nb3Fe3(NiO8)2,556784.8610477616
Li4Nb3Fe3(SbO8)2,344099.5237462058
Li4Nb3Fe3(SnO8)2,364388.7652563332
Li4Nb3Fe3(TeO8)2,344689.1244609943
Li4Nb3Fe5O16,668436.0015783301
Li4Nb3Ni3(SbO8)2,196042.32667272913
Li4Nb3Ni3(SnO8)2,202499.7575493613
Li4Nb3Ni3(TeO8)2,162168.81249592235
Li4Nb3V2Co3O16,298514.3075964285
Li4Nb3V2Fe3O16,493533.92731748516
Li4Nb3V2Ni3O16,268611.8471526914
Li4Nb3V3(CoO8)2,344980.9749373069
Li4Nb3V3(FeO8)2,464939.6396524605
Li4Nb3V3(NiO8)2,291189.98289239197
Li4Nb3V3(SbO8)2,214821.05016555393
Li4Nb3V3(SnO8)2,228354.5752325871
Li4Nb3V5O16,355145.2172369164
Li4Nb5Cr3O16,367857.9290480533
Li4Nb5V3O16,230648.19336897982
Li4NbCo3O8,608929.9431815947
Li4NbCrO6,256572.7579925161
Li4NbCu3O8,179289.0076628496
Li4NbFe(TeO6)2,228430.33042400895
Li4NbFe(WO6)2,215938.21419569833
Li4NbFe3Cu2(PO4)6,246714.15799499242
Li4NbFe3O8,685986.2813294539
Li4NbFe5O12,921564.9066755757
Li4NbFeO6,425479.79112953943
Li4NbMoO6,250401.55125753683
Li4NbNi3O8,311238.62821723556
Li4NbNiO6,87246.33604258462
Li4NbOsO6,84912.10398291926
Li4NbTcO6,168431.41521766962
Li4NbV3O8,450204.5052144013
Li4NbVO6,168703.68805519523
Li4Ni(PO3)6,54752.36852435634
Li4Ni(PO4)2,109544.18470390896
Li4Ni2(PO4)3,135544.57124331695
Li4Ni2C4SO16,183515.4462727371
Li4Ni2O5,194168.37796685143
Li4Ni2P4H3O16,92371.93194761603
Li4Ni3(SnO5)2,189968.9991499827
Li4Ni3BiO8,294456.8479449613
Li4Ni3O3F4,443405.0107640201
Li4Ni3O6F,231104.81110807564
Li4Ni3P4O15,191413.435590401
Li4Ni3Sb(PO4)4,150207.48873756346
Li4Ni3Sb5O16,163168.96883720002
Li4Ni3SbO8,306001.07782727823
Li4Ni3Sn3(SbO8)2,174122.46084814865
Li4Ni3Sn5O16,234897.9003005006
Li4Ni3TeO8,363186.10906811274
Li4Ni3WO8,365171.42300150776
Li4Ni5(P3O11)2,221317.56926050296
Li4Ni5BiO12,277932.2340768912
Li4Ni5O9,369796.86382773303
Li4Ni5Sn(PO4)6,202275.80424794197
Li4Ni5SnO12,165968.16763940733
Li4Ni5Te(PO4)6,203711.63959201635
Li4Ni7(OF7)2,420203.4915809148
Li4Ni7(PO4)6,285261.14546503825
Li4Ni7O11,475877.91220078943
Li4Ni7O12,358301.52185977873
Li4Ni8O9F7,353335.4860839887
Li4NiAsO6,93508.7296742801
Li4NiBiO6,81894.19888530353
Li4NiIrO6,88518.70741142955
Li4NiMoO6,176821.85351283682
Li4NiRhO6,87605.9632341361
Li4NiRuO6,358951.4603674254
Li4NiSbO6,86406.17182196082
Li4NiSn3(PO4)4,51739.283154085344
Li4NiTeO6,169697.53129691994
Li4NiWO6,175939.3138269106
Li4NpCoO6,165598.843142911
Li4NpCuO6,160756.60614083824
Li4NpMnO6,312026.0811912013
Li4NpMoO6,369939.8362141867
Li4NpNiO6,240800.24030947135
Li4NpO5,94776.84148497538
Li4NpPdO6,231051.1660089374
Li4NpZnO6,80149.69890832009
Li4OsAuO6,237826.42858432245
Li4OsPbO6,148542.82879873677
Li4OsPdO6,168816.01078324707
Li4OsPtO6,168691.70644318277
Li4OsRhO6,258849.125185663
Li4OsRuO6,177826.5179916307
Li4Pa2O5,87572.93373400233
Li4Pa4O11,83798.19816679209
Li4PaAuO6,144469.20060335152
Li4PaCoO6,319449.10319748125
Li4PaCrO6,228171.03157656998
Li4PaCuO6,156535.08891153804
Li4PaFeO6,377903.31416939304
Li4PaMnO6,302357.2610682969
Li4PaMoO6,224672.11474330173
Li4PaNbO6,146646.91525069813
Li4PaNiO6,78868.2957765174
Li4PaTiO6,75271.91589368481
Li4PaVO6,150605.28039074352
Li4PdRhO6,86146.83889925438
Li4PdRuO6,171630.56230754542
Li4PtRhO6,85730.54810565544
Li4Pu2O5,629061.7633124742
Li4RhPbO6,77270.9340978561
Li4RuPbO6,152374.34219383076
Li4RuPtO6,170439.90481606088
Li4RuRhO6,261819.12343920194
Li4SbMoO6,238299.43887087805
Li4Si2NiO7,128099.4973909275
Li4Si3(NiO5)2,180685.8244497494
Li4Si3NiO9,100028.46030177959
Li4SiIrO6,91902.68942228486
Li4SiMoO6,180263.46062168587
Li4SiOsO6,182528.62469349676
Li4SiRhO6,92867.08296265133
Li4SiRuO6,184826.75113588816
Li4SiTcO6,273879.5148349798
Li4SnIrO6,80561.11265475754
Li4SnMoO6,158677.22816413868
Li4SnOsO6,159737.33066420004
Li4SnRhO6,81534.68463874147
Li4SnRuO6,162027.3643341725
Li4Ta2O5,56126.940000509574
Li4TaCrO6,257225.9349355651
Li4TaCuO6,173304.70065121603
Li4TaFeO6,426532.6681599903
Li4TaMnO6,341129.9284778913
Li4TaMoO6,248687.6350121666
Li4TaNiO6,87191.27038905876
Li4TaTiO6,83805.27057702394
Li4TaVO6,168959.85707087876
Li4TcBO6,184823.28063069534
Li4TcBiO6,147423.5593582851
Li4TcGeO6,260727.55479284615
Li4TcIrO6,173820.5289240681
Li4TcMoO6,86740.82356537707
Li4TcNiO6,268255.7661222946
Li4TcOsO6,88039.46859837255
Li4TcPbO6,217436.2548112234
Li4TcPdO6,255239.06947431926
Li4TcPtO6,253393.13691310157
Li4TcRhO6,174742.60624347898
Li4TcRuO6,88498.5870840994
Li4TcSnO6,240733.81452910614
Li4TcTeO6,228460.05461350165
Li4TeIrO6,58234.70728172005
Li4TeMoO6,152050.1172608434
Li4TeRhO6,63715.48574996207
Li4Ti(Co4O9)2,247190.7501613293
Li4Ti2Co3O10,156828.1281764864
Li4Ti2Co3Sn3O16,89107.92032016188
Li4Ti2Co7O18,204421.91137192934
Li4Ti2Cr3Co3O16,376799.7013091258
Li4Ti2Cr3Fe3O16,721373.1608482134
Li4Ti2Cr3Sn3O16,296669.8950224294
Li4Ti2Cu3Sb3O16,60039.23767625683
Li4Ti2Fe3O10,679619.6267982855
Li4Ti2Fe3Sn3O16,409656.05802497413
Li4Ti2Fe5O12,886591.6502232504
Li4Ti2Mn3(Fe2O9)2,799922.2552181606
Li4Ti2Mn3Co3O16,325150.3568082073
Li4Ti2Mn3Cr3O16,617220.7659191306
Li4Ti2Mn3Cu3O16,461028.68185836443
Li4Ti2Mn3Fe3O16,802509.6093182412
Li4Ti2Mn3Nb3O16,420422.8263768832
Li4Ti2Mn3O10,646491.595213789
Li4Ti2Mn3Sb3O16,422685.57906470256
Li4Ti2Mn3Sn3O16,375978.38632808864
Li4Ti2Mn3V3O16,499577.3503799483
Li4Ti2Mn4(FeO6)3,773870.4331881783
Li4Ti2Mn4Cr3O18,611536.7152496718
Li4Ti2Mn5O12,893376.3535814456
Li4Ti2Mn7O18,694912.867120958
Li4Ti2Nb3Co3O16,237992.092695699
Li4Ti2Nb3Cr3O16,331297.72006991156
Li4Ti2Nb3Fe3O16,378384.25337606046
Li4Ti2Nb3V3O16,239474.36241427393
Li4Ti2Ni3O10,207285.4986144323
Li4Ti2Ni3Sn3O16,121850.42498490422
Li4Ti2Ni5O12,343506.3049432017
Li4Ti2Si4O13,74611.19916781294
Li4Ti2V3(Fe2O9)2,616228.8367930794
Li4Ti2V3Co3O16,162662.2965413769
Li4Ti2V3Cr3O16,418462.8386820237
Li4Ti2V3Cr4O18,417352.897987145
Li4Ti2V3Cu3O16,120752.06592652164
Li4Ti2V3Ni3O16,225221.09269156205
Li4Ti2V3O10,342854.68135589187
Li4Ti2V3Sn3O16,204720.804122284
Li4Ti2V5O12,528883.4958110137
Li4Ti2V7O18,300300.47467928234
Li4Ti3(FeO4)3,562290.632079536
Li4Ti3(NiO4)3,181042.27777344835
Li4Ti3Co2Sn3O16,173095.07795028313
Li4Ti3Co3(NiO8)2,232399.5890402294
Li4Ti3Co3(TeO8)2,264897.42892639234
Li4Ti3Co5O16,411650.42714207433
Li4Ti3Cr2Co3O16,227305.72030830264
Li4Ti3Cr2Fe3O16,633590.1097770643
Li4Ti3Cr3(CoO8)2,255657.02560657452
Li4Ti3Cr3(FeO8)2,573132.188797209
Li4Ti3Cr3(NiO8)2,322039.72261921107
Li4Ti3Cr3(SbO8)2,235219.074600795
Li4Ti3Cr3(SnO8)2,306208.9883013433
Li4Ti3Cr3(TeO8)2,286247.2014775948
Li4Ti3Cr3(WO8)2,396120.57495747966
Li4Ti3CrO8,149928.26561332805
Li4Ti3Cu3(TeO8)2,86977.03837725082
Li4Ti3Fe2Co3O16,369144.4632534915
Li4Ti3Fe2Ni3O16,394312.28636592074
Li4Ti3Fe3(CoO8)2,455692.5514181064
Li4Ti3Fe3(NiO8)2,506817.69821974944
Li4Ti3Fe3(SbO8)2,358943.39405370544
Li4Ti3Fe3(SnO8)2,420402.68544596655
Li4Ti3Fe3(TeO8)2,399384.90839669993
Li4Ti3Fe3(WO8)2,418144.79902474943
Li4Ti3Fe5O16,784939.5095666901
Li4Ti3Mn2(Fe2O9)2,714387.9799376747
Li4Ti3Mn2Co3O16,235639.50927499536
Li4Ti3Mn2Cr3O16,511473.75149758725
Li4Ti3Mn2Cu3O16,290499.06499367615
Li4Ti3Mn2Fe3O16,694306.845481862
Li4Ti3Mn2Nb3O16,299301.8856026604
Li4Ti3Mn2Sn3O16,281817.83416543895
Li4Ti3Mn2V3O16,404256.2222053921
Li4Ti3Mn3(CoO8)2,489446.43098418106
Li4Ti3Mn3(CuO8)2,352591.75274915056
Li4Ti3Mn3(FeO8)2,664604.7144531626
Li4Ti3Mn3(NiO8)2,420776.7475442009
Li4Ti3Mn3(SbO8)2,380934.6048322265
Li4Ti3Mn3(SnO8)2,385331.67778691446
Li4Ti3Mn3(WO8)2,495248.69782464777
Li4Ti3Mn3Cr2O16,541522.9978684292
Li4Ti3Mn3Nb2O16,433412.5084354165
Li4Ti3Mn3V2O16,470929.92215188255
Li4Ti3Mn4(CoO9)2,399672.88513834437
Li4Ti3Mn4(FeO9)2,650162.978266948
Li4Ti3Mn4Cr2O18,549034.7011372
Li4Ti3Mn5O16,595925.5059697329
Li4Ti3Mn6O18,598273.322125459
Li4Ti3Nb2Cr3O16,367348.8167946024
Li4Ti3Nb2V3O16,267311.5485438947
Li4Ti3Nb3Cr2O16,224525.59050376277
Li4Ti3Nb3V2O16,178873.92169563562
Li4Ti3Ni2Sn3O16,117982.59961951792
Li4Ti3Ni3(SbO8)2,185189.40646253902
Li4Ti3Ni3(WO8)2,246690.5631821873
Li4Ti3V2(Fe2O9)2,589769.5251573186
Li4Ti3V2Co3O16,222118.90810191794
Li4Ti3V2Cr3O16,383857.05979453004
Li4Ti3V2Cr4O18,385875.5260087064
Li4Ti3V2Cu3O16,94288.57046693511
Li4Ti3V2Ni3O16,191602.28322935
Li4Ti3V2Sn3O16,171057.78275289427
Li4Ti3V3(CoO8)2,251908.42590311368
Li4Ti3V3(FeO8)2,474325.18262047216
Li4Ti3V3(NiO8)2,220115.18609725617
Li4Ti3V3(SbO8)2,142779.81400072217
Li4Ti3V3(SnO8)2,210400.14431803004
Li4Ti3V3(TeO8)2,199810.30530641883
Li4Ti3V3(WO8)2,330674.20995997224
Li4Ti3V3Cr2O16,350090.2229546294
Li4Ti3V3O12,283855.5309020807
Li4Ti3V4Cr2O18,324474.7346909958
Li4Ti3V6O18,271715.311382857
Li4Ti3VO8,192843.92458280004
Li4Ti4Co5O18,434182.5919819368
Li4Ti4Cr(Fe2O9)2,593159.3957599655
Li4Ti4Cr4NiO18,338731.6678678116
Li4Ti4Cr5O18,381539.0847026593
Li4Ti4Fe4CoO18,533527.2259142144
Li4Ti4Fe5O18,623244.8274559459
Li4Ti4Mn(Co2O9)2,202281.60845628864
Li4Ti4Mn(Fe2O9)2,619659.2128984204
Li4Ti4Mn4CoO18,414886.10344177467
Li4Ti4Mn4CrO18,489346.2117423299
Li4Ti4Mn4FeO18,541150.6194261115
Li4Ti4Mn4NiO18,437592.1415568046
Li4Ti4Mn4VO18,446599.2643586672
Li4Ti4Mn5O18,505551.3977015025
Li4Ti4MnCr4O18,414629.54047828616
Li4Ti4V(Fe2O9)2,560687.6208811206
Li4Ti4V4CoO18,247834.67855280786
Li4Ti4V4CrO18,271811.6958932712
Li4Ti4V4NiO18,221103.20232670213
Li4Ti4V5O18,241827.57916446065
Li4Ti4VCr4O18,358749.60401389655
Li4Ti5Co3O16,130016.66817962202
Li4Ti5Fe3O16,436972.5847031186
Li4Ti5Mn3O16,400011.5812130087
Li4Ti5Mn4O18,423036.64664126013
Li4Ti5Ni3O16,129778.82453497553
Li4Ti5V3O16,219131.32907408246
Li4Ti5VO12,182960.14576439542
Li4TiAlO6,92000.74434356586
Li4TiAsO6,77013.92343289309
Li4TiBiO6,68303.67999977032
Li4TiCo3O8,561511.372197443
Li4TiCo5O12,52618.104361434205
Li4TiCoO6,90135.3119911499
Li4TiCr2Ni3(PO4)6,279739.538988707
Li4TiCr5O12,556536.7390176749
Li4TiCrO6,172718.46669896666
Li4TiFe2Ni3(PO4)6,281853.6734080686
Li4TiFe3Cu2(PO4)6,273776.56309810287
Li4TiFe3O8,771511.8267234424
Li4TiFe3Sn2(PO4)6,217977.2695984078
Li4TiFe4(Co2O9)2,688153.8989806256
Li4TiFe5O12,942886.4835312185
Li4TiFeO6,363524.13941127266
Li4TiGaO6,88569.58559346196
Li4TiIrO6,87415.8761432313
Li4TiMn(WO6)2,136381.95706552558
Li4TiMn2Ni3(PO4)6,320133.3240354432
Li4TiMn3(PO4)4,505463.55480640783
Li4TiMn3Cr2(PO4)6,437472.1704206257
Li4TiMn3O8,771847.187190808
Li4TiMn4(Fe2O9)2,920227.9014471696
Li4TiMn5O12,736128.8337274041
Li4TiMn8O18,781083.0608358352
Li4TiMnO6,271051.7163414011
Li4TiMoO6,172607.78758016907
Li4TiNbO6,79644.25590240187
Li4TiNi3O8,257277.50718808695
Li4TiNi3Sn2(PO4)6,114485.4844743868
Li4TiNi5(PO4)6,206073.12438588307
Li4TiOsO6,174630.0920613957
Li4TiRhO6,87474.89651672854
Li4TiRuO6,175292.30183159912
Li4TiTcO6,259946.6325298947
Li4TiV3O10,136986.77846015227
Li4TiV3O8,432229.4937681413
Li4TiV4(Fe2O9)2,655236.5201239451
Li4TiV4Cr4O18,445776.1382686499
Li4TiV5O12,352021.22716139426
Li4TiV8O18,327915.7566400901
Li4TiVO6,88910.11727622639
Li4TlCrO6,79526.87864770762
Li4TlOsO6,227060.8945263019
Li4U2O5,248395.4005401705
Li4UAlO6,79448.48000826845
Li4UAuO6,73687.23567318915
Li4UBO6,80072.09525433103
Li4UBiO6,66999.46338886139
Li4UCoO6,237387.14206658665
Li4UCrO6,310325.70117291436
Li4UCuO6,79633.31681651132
Li4UF8,140302.5393149573
Li4UFeO6,468926.54560216714
Li4UGaO6,77508.74670862869
Li4UInO6,72792.05236276568
Li4UMnO6,383936.5601117914
Li4UMoO6,300712.5778213548
Li4UNbO6,215795.14867087099
Li4UNiO6,160303.58606744403
Li4UPdO6,153209.4902046596
Li4URhO6,79109.24620834464
Li4UTiO6,148525.87577588897
Li4UTlO6,69960.04821586104
Li4UVO6,233755.38128591463
Li4V(PO3)6,81334.87392650986
Li4V(PO4)2,159530.5789280169
Li4V11O22,329103.5419793136
Li4V2(PO4)3,190735.0314237335
Li4V2(SiO4)3,79937.92977674096
Li4V2C4SO16,120413.14032520885
Li4V2Co3Cu3O16,102571.63408827178
Li4V2Co3Ni3O16,303853.42113689205
Li4V2Co3Sn3O16,205694.61685708456
Li4V2Cr3Co3O16,643945.5357583897
Li4V2Cr3Fe3O16,769863.8058335005
Li4V2Cr3Sb3O16,377322.92577667447
Li4V2Cr3Sn3O16,357066.4706514812
Li4V2CrTeO12,94167.88368285044
Li4V2F9,284865.2098962417
Li4V2Fe3Co3O16,675319.469243684
Li4V2Fe3Cu3O16,590480.4135174492
Li4V2Fe3Ni3O16,592310.6042461984
Li4V2Fe3O10,789801.5916151013
Li4V2Fe3Sb3O16,398429.6485448487
Li4V2Fe5O12,1063259.6378300341
Li4V2Ni3Sb3O16,264223.2850682454
Li4V2Ni3Sn3O16,180570.3332114846
Li4V2O5,354749.48625818436
Li4V2OF7,300773.0898329783
Li4V2P4H3O16,148670.69608605714
Li4V2Si(PO6)2,157284.40437416092
Li4V2Si3O10,257203.81221754212
Li4V2Si4O13,150883.77746251298
Li4V2SiGeO10,96113.63893092205
Li4V2SiO8,101728.52842300583
Li4V3(CO3)6,213283.66057812635
Li4V3(FeO5)2,683141.430899793
Li4V3(FeO6)2,320296.7182303445
Li4V3(OF2)4,134132.8593591437
Li4V3Co(PO4)4,370615.3404111941
Li4V3Co2Sb3O16,345387.88951681805
Li4V3Co2Sn3O16,260893.45306191168
Li4V3Co3(SnO8)2,309024.28573252185
Li4V3CoO10,180401.38006199253
Li4V3CoO8,351159.64980919135
Li4V3Cr2Co(PO4)6,350903.74711428396
Li4V3Cr2Fe3O16,733234.644668357
Li4V3Cr2O10,544838.1037826668
Li4V3Cr2Sn3O16,325385.45044031343
Li4V3Cr3(FeO8)2,674406.2422227032
Li4V3Cr3(SbO8)2,460819.5230045605
Li4V3Cr3(SnO8)2,398610.6653146151
Li4V3Cr3(TeO8)2,385388.97659991035
Li4V3Cr3(WO8)2,522884.002146781
Li4V3Cr3O12,533300.5267540552
Li4V3Cr5O16,551632.0708493575
Li4V3CrO8,574990.4225573149
Li4V3Cu3(SbO8)2,179418.50992679436
Li4V3Cu3(TeO8)2,182532.62119204318
Li4V3Fe2Ni3O16,482569.6640702242
Li4V3Fe2Sb3O16,397651.25370098074
Li4V3Fe2Sn3O16,440300.91879391
Li4V3Fe3(SnO8)2,577525.8231161286
Li4V3Fe3(TeO8)2,491480.0993787063
Li4V3Fe3(WO8)2,538491.931105106
Li4V3Fe5O16,854463.8542295637
Li4V3FeO10,311364.8468180524
Li4V3FeO8,670230.8975080784
Li4V3Ni(PO4)4,337778.6223889551
Li4V3Ni2Sn3O16,208719.6617544243
Li4V3Ni3(SbO8)2,281142.665238254
Li4V3Ni3(SnO8)2,218119.42047270422
Li4V3Ni3(TeO8)2,207333.90883480612
Li4V3Ni3(WO8)2,340286.14737951563
Li4V3NiO8,440068.3595875196
Li4V3O8,195699.8228425969
Li4V3OF11,253325.83786665212
Li4V3P4O15,269207.1136624412
Li4V3Sb5O16,154343.52322279735
Li4V3SiO10,113515.24171524844
Li4V3Sn3(SbO8)2,134490.53330704884
Li4V3Sn3(TeO8)2,187209.3507146688
Li4V4(OF3)3,379160.30056407454
Li4V5(Fe2O9)2,669303.8557776738
Li4V5(FeO6)2,771464.6868156007
Li4V5(P3O11)2,308274.27109022625
Li4V5Co3O16,382743.69860484835
Li4V5Cr2O12,694298.5938087108
Li4V5Cr3O16,483347.59266386216
Li4V5Cr4O18,478865.257403204
Li4V5Cu3O16,127617.8787278704
Li4V5Fe3O16,667140.7511837274
Li4V5Ni3O16,290241.68402900215
Li4V5O10,439139.96785794554
Li4V5O12,174506.66513148468
Li4V5O9F,478255.2019433292
Li4V5Sb3O16,284113.1876557822
Li4V5Sn3O16,265958.5771017188
Li4V5SnO12,339829.49054449494
Li4V7(PO4)6,388762.9940244275
Li4V7O12,614482.2397984079
Li4V7O9F7,412349.0968715079
Li4V8O13F3,440482.358609507
Li4V9O18,357847.80255702237
Li4VAsO6,178100.6403295218
Li4VAuO6,169305.94900127564
Li4VCo3(PO4)4,377015.6301458831
Li4VCo3O8,502108.02331828285
Li4VCr(TeO6)2,138182.63329398452
Li4VCr2Ni3(PO4)6,303078.28439895564
Li4VCr3O8,722035.6063809593
Li4VCrO6,273809.5466737487
Li4VCuO6,184797.04355289388
Li4VF6,156601.32312334317
Li4VF7,127931.30507300029
Li4VF8,66960.05790446971
Li4VFe(TeO6)2,225673.4963064153
Li4VFe(WO6)2,227627.8241626393
Li4VFe3(PO4)4,457838.15027597046
Li4VFe3O8,957470.6741574751
Li4VFeO6,454695.78726033465
Li4VGeO6,90092.06247786345
Li4VMoO6,261086.1080246786
Li4VNi3(PO4)4,288147.4191617852
Li4VNi3O8,322935.74720580457
Li4VNiO6,94064.91320146866
Li4VO3F2,93773.63143912473
Li4VOsO6,431434.4288883095
Li4VP6(H4O11)2,63939.664214135126
Li4VPbO6,78704.86781447471
Li4VPdO6,87628.73067674814
Li4VPtO6,87243.01816030648
Li4VRuO6,89231.58445880629
Li4VS4,54523.53415002531
Li4VSbO6,165745.5487926276
Li4VSiO6,95065.42265073356
Li4VSnO6,83054.64614163918
Li4VTcO6,351591.58370595844
Li4VTeO6,89048.18860120667
Li4Zr2O5,54158.19943798506
Li4ZrAlO6,84268.40660184805
Li4ZrCoO6,83113.0690246226
Li4ZrCrO6,166216.5933597732
Li4ZrFeO6,332567.88678957475
Li4ZrGaO6,81898.23091883365
Li4ZrIrO6,81545.38179195835
Li4ZrMnO6,249971.2101983507
Li4ZrMoO6,159655.73279782254
Li4ZrOsO6,162314.95238484367
Li4ZrRhO6,81819.0660271439
Li4ZrRuO6,163087.93263680828
Li4ZrTcO6,241281.30826130093
Li4ZrVO6,82272.49798159128
Li5(CoO2)4,182546.10925421352
Li5(CoO2)8,99378.00735852472
Li5(CoO3)2,572558.6051910765
Li5(CuO2)3,129176.83612506549
Li5(FeO2)4,1154378.6195726944
Li5(NiO2)4,317359.95650093607
Li5(NiO2)6,234067.06593147214
Li5(NiO2)8,169956.75491237544
Li5AgF8,119281.3807542098
Li5Al(Co2O5)2,410846.1529955114
Li5AuO4,86442.66988897946
Li5Co2(PO4)3,234424.19623132658
Li5Co2(SiO5)2,214933.6104576689
Li5Co2Cu2(PO4)4,195526.1979437098
Li5Co2Cu3O10,104305.22754101137
Li5Co2Ni3O10,270252.0480098952
Li5Co2Ni5O12,496691.9604624503
Li5Co2O2F5,441984.375887858
Li5Co3(NiO5)2,207017.33872499378
Li5Co3(SbO5)2,368225.17783194117
Li5Co3(SnO5)2,371168.3054641243
Li5Co3O8,282212.3314997999
Li5Co4(BO3)4,390611.2957942986
Li5Co4(Si3O10)2,324530.8157022911
Li5Co4(SiO4)4,396662.091430668
Li5Co4NiO10,869755.3112545703
Li5Co5(NiO6)2,357822.2331377042
Li5Co5(SbO6)2,542359.7769066498
Li5Co5(SnO6)2,394834.0727743172
Li5Co5O9F,462325.44222873804
Li5Co7O16,346182.57498382597
Li5Co7O3F13,607610.0058576453
Li5Co9(P2O7)8,120917.80309283991
Li5CoHO4,264044.91503595945
Li5CoO3F,94317.44754797818
Li5CoO4,392572.2146704721
Li5CoOF5,278509.5110051341
Li5Cr(CO3)4,124786.99145515458
Li5Cr(P2O7)2,107186.58804057994
Li5Cr(SiO3)4,110884.06722136102
Li5Cr17(SiO16)2,804871.1524241063
Li5Cr2Co3O10,414781.9048500001
Li5Cr2Fe3(PO4)6,455527.7306614699
Li5Cr2Fe3O10,1041777.3734817366
Li5Cr2Fe5O12,1222743.3370390676
Li5Cr2Ni3O10,470130.7829656455
Li5Cr2Ni5O12,561908.4034514459
Li5Cr2P2(CO7)2,232845.8387476692
Li5Cr2P5O18,174792.28089004508
Li5Cr3(PO4)4,327509.006109693
Li5Cr3FeO8,714890.6256799182
Li5Cr3NiO8,669481.9839645464
Li5Cr4O8,757926.1678162117
Li5Cr5O12,468181.64203623607
Li5Cr6P5O24,397723.35306721064
Li5CrCl8,106725.49993795656
Li5CrFe4(P2O7)5,320989.92762009497
Li5CrO4,280623.5169576068
Li5CrP2(O4F)2,146479.3897669608
Li5CrS4,168016.20526054458
Li5Cu2Ni3O10,331467.9487166592
Li5Cu2Ni5O12,300717.8705046616
Li5Cu3(SbO5)2,90765.07399160764
Li5Cu3F14,237803.61933303776
Li5Cu4(BO3)4,117073.18339317926
Li5Cu5(NiO6)2,78793.88656258353
Li5Cu6(P2O7)4,89300.48188241464
Li5CuF8,139283.1659477853
Li5CuHO4,88680.85593556365
Li5Fe(CO3)4,205705.44821138357
Li5Fe(Co2O5)2,51376.69743395581
Li5Fe(Ni2O5)2,475724.09845851525
Li5Fe(P2O7)2,180069.0749581925
Li5Fe(SiO4)2,268699.7042258602
Li5Fe11O16,1458241.8771881927
Li5Fe2(BO4)2,451891.668896384
Li5Fe2(IrO5)2,530717.0611297188
Li5Fe2(PO4)3,306972.1541746493
Li5Fe2Co3O10,587162.4452626612
Li5Fe2Co5O12,1026698.2758054014
Li5Fe2Cu3O10,479613.85728547064
Li5Fe2Ni3O10,673461.6656245661
Li5Fe2Ni5O12,731899.8276961556
Li5Fe2P2(CO7)2,302309.8152934577
Li5Fe2P5O18,289866.7692152933
Li5Fe3(BO3)4,507700.3582505652
Li5Fe3(CoO5)2,850355.6408120218
Li5Fe3(CuO5)2,711464.61010703
Li5Fe3(NiO5)2,904703.4803774597
Li5Fe3(OF5)2,643763.2833242009
Li5Fe3(SbO5)2,509728.9741417868
Li5Fe3(SnO5)2,591072.6903908382
Li5Fe3Co2(PO4)6,425086.87983234593
Li5Fe3F14,524984.9011330283
Li5Fe3Ni2(PO4)6,390360.87163583207
Li5Fe3O8,825511.8004702067
Li5Fe3Sb2(PO4)6,238505.86577638806
Li5Fe4(P2O7)4,338113.9123507175
Li5Fe4(PO4)4,387412.22388651635
Li5Fe4(Si3O10)2,406080.59117603936
Li5Fe4P4O16F,448889.2071552919
Li5Fe5(CuO6)2,1088666.4486726823
Li5Fe5(NiO6)2,1202704.2488631092
Li5Fe5(PO4)6,462224.3589525664
Li5Fe5(SbO6)2,711456.9564602475
Li5Fe5O12,854631.3666285579
Li5Fe5Si7O24,391401.98922947585
Li5Fe6(BO3)6,636213.0661465599
Li5Fe6P5O24,653665.3464793715
Li5Fe7O12,1347726.7547405625
Li5Fe7O3F13,770113.538990357
Li5Fe8(BO3)8,669285.5384003802
Li5FeF8,313144.3907048976
Li5FeHO4,335426.5329513097
Li5FeNi3O8,560395.2397318463
Li5FeO3F2,424459.4167532859
Li5FeO4,454197.3167792155
Li5FeOF5,334273.88881870237
Li5FeP3O11,170040.11395459872
Li5FeS4,253973.88953223455
Li5Mn(CO3)4,165190.79137008075
Li5Mn(CoO4)2,440960.8836987709
Li5Mn(Ni2O5)2,420421.2890186238
Li5Mn(SiO3)4,146587.22292544786
Li5Mn12O24,836793.9488822772
Li5Mn17(SiO16)2,1038146.7257857193
Li5Mn2(PO4)3,366091.4688095432
Li5Mn2Co(NiO5)2,721282.3868005758
Li5Mn2Co2(PO4)4,438532.5968673934
Li5Mn2Co3O10,834257.31968847
Li5Mn2CoO8,484853.3928057515
Li5Mn2Cu5O12,331121.72512450366
Li5Mn2Fe(BO3)4,509089.84374729684
Li5Mn2Fe17O32,1389550.8640180058
Li5Mn2Fe3(PO4)6,494008.20163147873
Li5Mn2Fe3O10,987480.2841729833
Li5Mn2Fe5O12,1167333.5216951016
Li5Mn2Ni3O10,525745.0158015316
Li5Mn2Ni5O12,661178.4932393234
Li5Mn2P2(CO7)2,298995.05179689015
Li5Mn2V5O12,786236.8715632969
Li5Mn3(BO3)4,544693.631680815
Li5Mn3(CoO5)2,982453.4471337986
Li5Mn3(FeO5)2,1071743.3877736488
Li5Mn3(NiO5)2,705626.3160065764
Li5Mn3(PO4)4,428718.4607431261
Li5Mn3(SbO5)2,638220.0805210776
Li5Mn3(SnO5)2,617155.1456521788
Li5Mn3Bi2(PO4)6,253561.3297738679
Li5Mn3Co2(PO4)6,361946.34990825295
Li5Mn3Cr(PO4)4,562283.4835497894
Li5Mn3Cr2O10,888248.6346524331
Li5Mn3Cu(PO4)4,431100.7576951062
Li5Mn3F14,422869.77086790826
Li5Mn3O5F3,772236.9251006529
Li5Mn3O8,654696.2311455044
Li5Mn4(P2O7)4,298743.3605624941
Li5Mn4(Si3O10)2,371554.43124897
Li5Mn4O8,956991.3877142196
Li5Mn4P4O16F,564123.1965147733
Li5Mn5(CoO6)2,1066262.1882136634
Li5Mn5(FeO6)2,1194826.0958120178
Li5Mn5(NiO6)2,988820.0012120293
Li5Mn5(PO4)6,433496.2357296143
Li5Mn5(SbO6)2,846939.3914724024
Li5Mn5(SeO3)8,373343.2295089343
Li5Mn5(SnO6)2,871393.596443422
Li5Mn5CoO12,767269.437528741
Li5Mn5Cr2O12,1121910.8056079308
Li5Mn5O12,668278.319648444
Li5Mn5O9F,988064.3975311259
Li5Mn5V2O12,1029219.1269735119
Li5Mn6(BO3)6,711586.7477848064
Li5Mn6O12,927032.873193908
Li5Mn7Fe3O20,984113.0248605222
Li5Mn7O12,1192411.870386064
Li5Mn7O15,761863.247441804
Li5Mn7O16,700042.9504116969
Li5Mn8(BO3)8,685200.5176311836
Li5Mn8Fe11O32,1224777.41745231
Li5Mn9(P2O7)8,296261.38677639386
Li5MnCr3O8,827488.0610529091
Li5MnF8,250960.61125076227
Li5MnHO4,420613.46909495484
Li5MnO3F,386992.71965967724
Li5MnO4,374084.26088882674
Li5MnO5,180462.52986906047
Li5MnOF5,329819.61415032117
Li5MnP2(O4F)2,195890.8889581627
Li5MnP3O11,210797.03946254117
Li5MnV3O8,629802.8675475264
Li5Mo2P5O18,165984.7143217118
Li5Nb2Co3O10,381762.56044658134
Li5Nb2Co5O12,557696.1431214317
Li5Nb2Ni3O10,338458.38462082256
Li5Nb2Ni5O12,446831.17264623
Li5Ni2(PO4)3,158426.42036320618
Li5Ni3(SbO5)2,325277.0462051467
Li5Ni3(SnO5)2,237987.25207795278
Li5Ni3O5F3,263471.982676359
Li5Ni5(SbO6)2,362164.4012347393
Li5Ni5(SnO6)2,363233.7688493175
Li5Ni5O9F,322475.7975895884
Li5Ni6(P2O7)4,200401.10011180534
Li5Ni7O12,417473.77692898724
Li5Ni9O16,374408.094519511
Li5NiHO4,175911.48610319776
Li5NiO3F2,90831.00048264374
Li5NiO4,294833.2973287217
Li5NiP3O11,87132.38849389539
Li5OsN4,74452.61061638592
Li5OsO6,90934.53318979802
Li5Si2NiO8,163078.89848508217
Li5Ti(SiO4)2,52310.300279120805
Li5Ti12O24,105364.28806222037
Li5Ti2Co3O10,306423.46017489897
Li5Ti2Co5O12,337278.6595436617
Li5Ti2Cu5O12,81045.76418105424
Li5Ti2Fe3O10,631649.8164955179
Li5Ti2Fe5O12,837889.5020664528
Li5Ti2Mn3O10,643365.4882891669
Li5Ti2Mn5O12,923501.9561925057
Li5Ti2Mn8O20,713551.629259682
Li5Ti2Ni3O10,255803.84365380503
Li5Ti2Ni5O12,385319.9289452011
Li5Ti2V5O12,563591.6116977922
Li5Ti3Mn2(PO4)6,253281.45241637307
Li5Ti3O8,61043.3493350154
Li5Ti3V2(PO4)6,177263.39394491975
Li5Ti4Co3O16,408049.311657889
Li5Ti6FeO16,154292.55834258726
Li5TiMn3O8,794468.4254197277
Li5TiMn9O20,827912.3085556902
Li5TiV3O8,452653.1079622033
Li5V(CO3)4,82467.2126161418
Li5V(P2O7)2,71793.63647497632
Li5V(SiO4)2,105352.19993543933
Li5V18O44,80816.15040356881
Li5V2Co3O10,602224.3339058198
Li5V2Fe3O10,839321.1341410034
Li5V2Fe5O12,1008566.7580713916
Li5V2Ni5O12,472071.5296444323
Li5V2OF11,86627.35588820241
Li5V2P5O18,114633.90707517105
Li5V3(CoO5)2,490255.1610699394
Li5V3(FeO5)2,346977.4538682292
Li5V3(NiO5)2,394570.99496472115
Li5V3Bi2(PO4)6,144806.3067853961
Li5V3CrO8,607120.8374211232
Li5V3Cu(PO4)4,281298.9768079371
Li5V3F14,209461.96406658087
Li5V4(PO4)6,139922.3226188664
Li5V4O8,540044.0515199344
Li5V5(CoO6)2,489858.8749026501
Li5V5(FeO6)2,723092.2973925312
Li5V5(NiO6)2,573983.3611620778
Li5V5Cl16,230209.11703117538
Li5V5O12,252470.0922529891
Li5V5O9F,525720.9585017042
Li5V6(CuO4)6,103802.73616656891
Li5V6O5F19,122096.6222841017
Li5V7O12,653312.3643774373
Li5VCr3O8,719260.7643850432
Li5VF8,124329.24451593184
Li5VO3F2,169221.5372913814
Li5VO4F,84580.82807205466
Li5VP2(O4F)2,104158.81433602993
Li5VP2O9,112200.00122402316
Li5VP3O11,126903.10625433229
Li5W2O7,195418.38336018389
Li6(CoO2)5,397386.23526747467
Li6(NiO2)11,148649.11585500516
Li6(NiO2)13,126954.59013056557
Li6(NiO2)5,291460.117413387
Li6AlCrO6,227773.00921940972
Li6Ca3MnC6(O9F)2,117022.85918605399
Li6Co11(OF12)2,577870.0136619584
Li6Co2C4SO16,191046.5038479881
Li6Co2O7,148325.7229314582
Li6Co2OF11,366280.6911797639
Li6Co3Ni(PO4)6,188372.573147941
Li6Co3Ni5O16,323577.56819643325
Li6Co3P8O29,130709.8722541137
Li6Co5(P2O7)4,265124.387773862
Li6Co5Ni3O16,615569.6589029526
Li6Co6O5F11,627924.0781898405
Li6CoO4,283082.5813119789
Li6Cr(BO3)3,151899.85708322958
Li6Cr2O7,266517.55202815594
Li6Cr3Co(PO4)6,185992.29456428313
Li6Cr3Cu(PO4)6,183660.35876744607
Li6Cr3Fe(PO4)6,282465.6247221003
Li6Cr3Ni(PO4)6,205009.51371170997
Li6Cr3P6WO24,235584.61060440555
Li6Cr3Sb(PO4)6,178520.24026579983
Li6Cr3Sb3O16,203796.70199511835
Li6Cr4O11,363130.9091325179
Li6Cr5(P2O7)4,326759.24266300217
Li6Cr5CuO12,709845.8568755271
Li6Cr5O12,509997.2702824814
Li6Cr9(PO4)8,516353.5884496174
Li6CrCo3(PO4)6,264747.69860713073
Li6CrFe3(PO4)6,359281.4723705292
Li6CrFeP2(CO7)2,265709.11583829735
Li6CrS4,197541.23288046973
Li6CrSn3(PO4)6,74999.64232034226
Li6Cu2C4SO16,64123.260890380065
Li6Cu5F14,91316.54283871513
Li6CuF8,63832.19201526431
Li6CuO4,92229.21892573936
Li6CuS4,51177.75875369645
Li6Fe(BO3)3,255671.90605659236
Li6Fe2B4SO16,245416.4634742382
Li6Fe2C4SO16,249418.20061339778
Li6Fe2O5F2,617092.9350069023
Li6Fe2O7,554610.2424239552
Li6Fe2P(CO4)4,279211.30541780184
Li6Fe3Co(PO4)6,305093.257374756
Li6Fe3Co3O16,457358.0140822945
Li6Fe3Co5O16,644328.6811630415
Li6Fe3Co7O20,504346.3252551876
Li6Fe3Cu(PO4)6,301406.411526903
Li6Fe3Ni(PO4)6,353583.95933865197
Li6Fe3O8,784401.0146629224
Li6Fe3Sb(PO4)6,249136.4635510638
Li6Fe3Sb3O16,379539.5214874725
Li6Fe3Sn(PO4)6,273668.9394754307
Li6Fe4O11,727719.0804258545
Li6Fe5(P2O7)4,334699.41958480433
Li6Fe5CoO12,1032461.3870997778
Li6Fe5CuO12,1010256.9690145758
Li6Fe5NiO12,1087760.9042294032
Li6Fe5O12,889459.296641018
Li6Fe5SbO12,842947.7112622029
Li6Fe5WO12,932218.7922675741
Li6Fe9(PO4)8,527184.2545503235
Li6Fe9CoO20,1061622.8152474614
Li6FeCl8,139902.84476587002
Li6FeCo3(PO4)6,184134.548516824
Li6FeCo9O20,236836.70755054124
Li6FeCoP2(CO7)2,242618.8520162354
Li6FeN4,180317.45007202605
Li6FeNi9O20,271188.5579323472
Li6FeNiP2(CO7)2,204329.58609738553
Li6FeO4F,407742.1216103482
Li6FeO5F,219197.10328759823
Li6FeS4,171166.4679208041
Li6FeSn3(PO4)6,74775.81059579743
Li6Ir2O7,130634.16276306832
Li6Ir4O11,76137.74872758686
Li6IrN4,60686.63824363805
Li6Mg(Ni6O13)2,83800.94856689322
Li6Mn(BO3)3,192763.84590971543
Li6Mn(FeO3)2,856813.6909244398
Li6Mn(OF)3,281679.7455641715
Li6Mn(OF2)2,297710.323112584
Li6Mn11(OF12)2,879971.3308799934
Li6Mn15O32,792581.7950979231
Li6Mn2B4SO16,190738.4895074116
Li6Mn2C4SO16,303946.70393995906
Li6Mn2N3,503141.35819316783
Li6Mn2O5F2,503099.35222323396
Li6Mn2O7,423199.45360436663
Li6Mn2OF11,313441.4398477066
Li6Mn2P(CO4)4,273992.4832469118
Li6Mn3(PO4)4,402821.4388626198
Li6Mn3Co(PO4)6,282931.06422706373
Li6Mn3CoO10,589668.5978064082
Li6Mn3Cr(PO4)6,297989.19366466056
Li6Mn3Cr2Fe3O16,1021582.1787779473
Li6Mn3Cu(PO4)6,240411.81550480163
Li6Mn3Fe(PO4)6,337891.8636863192
Li6Mn3Nb(PO4)6,262110.7513795236
Li6Mn3Ni(PO4)6,263531.08484084345
Li6Mn3P6WO24,281722.02012711315
Li6Mn3P8O29,146474.55838243762
Li6Mn3Sb(PO4)6,229044.89249080408
Li6Mn3Sb3O16,290042.4228224883
Li6Mn3Sn(PO4)6,253273.75139622224
Li6Mn3V(PO4)6,278845.05802231247
Li6Mn4O11,558009.8864837248
Li6Mn5CoO12,842474.5259165121
Li6Mn5Fe(BO3)6,712512.6543969574
Li6Mn5FeO12,950959.7260807963
Li6Mn5Ni3O16,705667.3423427489
Li6Mn5O10,886601.3416634551
Li6Mn5O12,732454.7668806119
Li6Mn5SbO12,780234.8718351937
Li6Mn9(PO4)8,634194.4591196819
Li6Mn9O20,747476.8168011969
Li6MnAlO6,296334.53397638886
Li6MnCo3(PO4)6,121346.4669006373
Li6MnCoP2(CO7)2,267206.9341012149
Li6MnCr3(PO4)6,263029.9013432784
Li6MnF8,309769.2615378625
Li6MnFe3(PO4)6,378927.52775461494
Li6MnFe5(BO3)6,626830.6706009901
Li6MnFeP2(CO7)2,297929.120724861
Li6MnNi3(PO4)6,142697.15465353528
Li6MnNi7O16,303500.12891183404
Li6MnNiP2(CO7)2,235842.97385344584
Li6MnO3F2,372243.4472391175
Li6MnO4,453107.9780266379
Li6MnS4,250835.48674548205
Li6MnSb3(PO4)6,112611.68957586691
Li6MnSiO6,327519.2126043231
Li6MnSn3(PO4)6,93106.49598350188
Li6MnV3(PO4)6,201045.87177298433
Li6MnVP2(CO7)2,197917.13331990578
Li6Mo2O7,118315.71235009642
Li6Nb3Fe3O16,369655.6897028408
Li6Nb3V3O16,114710.95583677024
Li6NbCo3(PO4)6,192769.6645035726
Li6NbCr3(PO4)6,212819.92187511045
Li6NbFe5O12,889757.7593096613
Li6NbNi3(PO4)6,96136.42584427571
Li6NbO6,71837.02944900471
Li6NbV3(PO4)6,152918.6372562164
Li6Ni11(OF12)2,405219.78983121924
Li6Ni2C4SO16,129752.75507456543
Li6Ni2P(CO4)4,97004.62876231215
Li6Ni3P6WO24,116892.0413214189
Li6Ni3Sb(PO4)6,98023.78708211346
Li6Ni3Sn(PO4)6,117197.72954779811
Li6Ni5(P2O7)4,176712.90678086103
Li6Ni9(PO4)8,275266.3711334106
Li6NiCl8,70996.15178175204
Li6NiO4,182827.3263072274
Li6Np2O7,307486.48384338774
Li6Os2O7,75393.12627193169
Li6Os4O11,76862.91141301277
Li6P8W3O29,91246.01514478582
Li6Pa2O7,97348.75494658812
Li6Pt4O11,56274.106974133596
Li6Pu2O7,416852.1837424307
Li6ReN4,83566.42660896343
Li6Rh2O7,131891.4480494222
Li6Rh4O11,217879.79009198578
Li6Ru2O7,134648.41437480145
Li6Ru4O11,83776.12156522207
Li6RuN4,144839.49972813018
Li6Tc2O7,261813.3091052434
Li6Tc4O11,67372.76533146165
Li6Ti(BO3)3,51259.338026397956
Li6Ti3Cr(PO4)6,116803.72021758741
Li6Ti3Fe(PO4)6,117664.09331932885
Li6Ti3V(PO4)6,98066.38150063572
Li6Ti7Cr5O24,289090.655851027
Li6TiCr3(PO4)6,203510.01537809687
Li6TiFe3(PO4)6,276644.13249013486
Li6TiFe5O12,973777.2827495103
Li6TiMn3(PO4)6,252636.93114076974
Li6TiNi3(PO4)6,159131.391252938
Li6U2O7,201216.68184495412
Li6V(BO3)3,101923.51287196104
Li6V(OF)3,141678.83446740426
Li6V(SiO4)2,157898.9790034986
Li6V2B4SO16,61991.749193005475
Li6V2C4SO16,185303.3702573608
Li6V2O5F2,250888.89822750178
Li6V2O7,138025.79461600518
Li6V2OF11,133548.39295099306
Li6V3Cr(PO4)6,177922.10224170735
Li6V3Fe(PO4)6,216654.717633288
Li6V3Ni(PO4)6,140934.12214309795
Li6V3P6WO24,174127.6858132707
Li6V3Sb3O16,115225.29660646371
Li6V3W3O16,176364.6767652897
Li6V4O11,187926.65936392124
Li6V5(P2O7)4,249097.81031720544
Li6V5O12,295259.0983057491
Li6V5SbO12,433832.8675486461
Li6V9(PO4)8,390656.7459191775
Li6VCl8,105005.17957311266
Li6VCr3(PO4)6,219911.61804114492
Li6VCrP2(CO7)2,232976.39404127293
Li6VF8,187844.8825050918
Li6VFe3(PO4)6,336573.71310142137
Li6VFe5O12,1131233.493697466
Li6VNi3(PO4)6,99483.80138096293
Li6VO4F,162864.18207148922
Li6VSn3(PO4)6,55856.356939382
Li7(CoO3)2,337285.33434474346
Li7(NiO2)10,192520.9940788276
Li7(NiO2)11,173293.51373462274
Li7(NiO2)12,160314.68429694555
Li7(NiO2)8,245533.91743979743
Li7(NiO2)9,218124.5882006959
Li7Co(O2F)2,112997.1055381242
Li7Co5O12,143756.88495318012
Li7CoO6,158920.59120572306
Li7Cr2O8,150920.90143591785
Li7Cr2P7O24,121064.11286745059
Li7Cr3(WO8)2,158629.10161281846
Li7Cr3Co(PO4)6,237451.72501523583
Li7Cr3Fe(PO4)6,251339.81714621588
Li7Cr4P9O32,185910.2697067534
Li7Cr5O12,558101.735548183
Li7Cr7(P4O17)2,262351.5663390573
Li7Cr7P6(O8F)3,491437.37681397184
Li7CrFe3(PO4)6,326254.25881815294
Li7CrN4,83153.74515072112
Li7CrO6,63495.06746717803
Li7Fe(O2F)2,230232.7982048105
Li7Fe2P7O24,201056.96929487778
Li7Fe3(SiO6)2,665438.2100745544
Li7Fe3(WO8)2,348015.4338161138
Li7Fe3Co(PO4)6,305997.97989047965
Li7Fe3Ni(PO4)6,333995.66381395503
Li7Fe3O8,702439.2455759395
Li7Fe3Sb(PO4)6,266455.7118978125
Li7Fe4(P2O7)4,295513.8860777938
Li7Fe4(PO4)6,372595.90798026265
Li7Fe4NiO12,842109.86621683
Li7Fe4P9O32,301379.17644983233
Li7Fe5O12,957674.3751085602
Li7Fe6(SiO4)6,500836.9258393629
Li7Fe7P6(O8F)3,505441.60633642075
Li7Fe7SiO16,959281.5279446262
Li7Fe8(BO3)8,628598.1073716396
Li7FeCo3(PO4)6,212034.55149015278
Li7FeNi3(PO4)6,173525.6509829988
Li7FeO5F,283662.13040105306
Li7FeO6,229754.39441201446
Li7FeP4O14F,128566.89540116025
Li7HfO6,70015.6163993126
Li7IrO6,149072.74699417877
Li7MgNi7O16,173107.94494230745
Li7Mn(BO3)3,231083.7289243147
Li7Mn(O2F)2,102018.27286559119
Li7Mn(OF)3,309754.6306035737
Li7Mn(PO4)4,64379.90282246308
Li7Mn10Cr6O32,783117.8639983897
Li7Mn10O20,939085.9629878623
Li7Mn11(Si3O16)2,720459.4174372667
Li7Mn11O24,777401.1177915985
Li7Mn12Cu5O32,647808.1519225978
Li7Mn14O32,678434.0300172005
Li7Mn16O32,897128.6555178197
Li7Mn17O32,994150.9010284658
Li7Mn2(CoO4)3,375942.91065235087
Li7Mn2Fe6(PO4)8,534806.0119490435
Li7Mn2N3,553373.7682819036
Li7Mn2P7O24,160059.39112674192
Li7Mn3(SiO6)2,533146.4430741624
Li7Mn3Fe(PO4)6,339194.2451171959
Li7Mn3P3(CO7)3,289545.77050541434
Li7Mn4(P2O7)4,325689.4841971717
Li7Mn4(PO4)6,329396.2371609991
Li7Mn4CoO12,634226.8078161832
Li7Mn4O12,487502.5765095389
Li7Mn4P9O32,243580.64446339748
Li7Mn5O12,745100.0187854698
Li7Mn7(P4O17)2,335364.4403026019
Li7Mn7P6(O8F)3,615468.5619068419
Li7Mn8(BO3)8,725970.0864600432
Li7Mn8O20,606013.6892441196
Li7MnAs4,82725.99239687154
Li7MnCo3(PO4)6,213514.74086514543
Li7MnNi3(PO4)6,156383.53124339998
Li7MnO6,155712.11366127495
Li7MnP4O14F,159202.06919781238
Li7Mo4P9O32,172001.51581238006
Li7MoN4,78710.81505887218
Li7Nb2Fe3O16,292447.6353669838
Li7Ni(O2F)2,163329.4248210824
Li7Ni13O24,251748.64017572757
Li7Ni2P7O24,119849.21837214414
Li7Ni5O12,141343.5579426094
Li7Ni9O16,372158.3345790792
Li7NiN4,84743.51250788747
Li7NiO6,79926.93101373554
Li7NpO6,132072.8617143903
Li7OsN4,79288.63253012755
Li7OsO6,219893.5008677247
Li7PtO6,70079.80423357202
Li7PuO6,198926.91591386643
Li7ReN4,155565.31634047048
Li7ReO6,148072.3824329432
Li7RuN4,79524.1706423511
Li7RuO6,227652.54217704997
Li7Si2(NiO4)3,140257.45797255164
Li7TcO6,148872.96400781546
Li7ThO6,61391.52840670332
Li7Ti12Fe5O32,284440.2741558561
Li7Ti16O32,110513.8092474926
Li7Ti5Mn12O32,705317.2268650089
Li7Ti5O12,117068.94810554375
Li7Ti7O16,68392.51931077856
Li7TiCr3(PO4)6,208641.58996624968
Li7TiFe3(PO4)6,246151.19160470855
Li7TiO6,73342.2814116872
Li7UO6,65340.21148298249
Li7V(O2F)2,138369.72401681222
Li7V16(PO4)24,80043.19233608106
Li7V2P7O24,80547.46446397142
Li7V3Ni(PO4)6,150859.0101208772
Li7V3P8O29,62549.23766277642
Li7V4(CO3)10,107490.76984015715
Li7V4(PO4)6,174491.25825334934
Li7V4O11F,172166.93583419736
Li7V4P9O32,120918.57407056545
Li7V5O12,339776.3424627264
Li7V6Ni5O24,195426.39279605294
Li7V7(P4O17)2,176088.89404106393
Li7V7P6(O8F)3,373754.75780719955
Li7V8(PO4)12,113573.99471949991
Li7VO5F,72303.6695390023
Li7W5O16,149940.39559546468
Li7WO6,73500.89211216339
Li7ZrO6,68986.85366752528
Li8(CoO2)5,452324.85834640986
Li8(FeO2)5,692094.2011781028
Li8(NiO2)11,199561.1796262325
Li8(NiO2)5,360190.0825586267
Li8AcO6,57998.42140209693
Li8Co(O2F)2,186592.80532602628
Li8Co3NiO8,506843.7310068843
Li8Co4O11,92661.35421961338
Li8CoNi9O20,241722.0253737256
Li8CoO5F,195555.53363305025
Li8CoO6,72959.52915224257
Li8Cr(FeO4)3,614439.3253112253
Li8Cr2O9,109414.28125176969
Li8Cr3SbO12,299365.8656821773
Li8Cr3TeO12,337138.6781617982
Li8Cr4O11,451241.90532174194
Li8CrFe7(PO4)12,379481.0086367397
Li8CrO6,146558.82577898106
Li8CrS6,68264.30655917732
Li8Fe(O2F)2,248311.85528969922
Li8Fe2O9,326344.257426682
Li8Fe3Co5O16,499905.44547105476
Li8Fe3Ni7O20,522720.24841893086
Li8Fe3Sn(PO4)6,218796.6231926345
Li8Fe4O11,808625.6076067116
Li8Fe7(PO4)8,462970.0487284225
Li8Fe7Co(PO4)12,428212.42268971505
Li8Fe7Ni(PO4)12,414207.4166368755
Li8Fe7O15,1163047.4535619884
Li8Fe7P12WO48,358326.91807021
Li8Fe7Sb(PO4)12,367944.88470358506
Li8Fe7Sn(PO4)12,375692.9522418674
Li8Fe7Te(PO4)12,360099.4634876265
Li8Fe9CoO20,1117465.1367565875
Li8FeCo3O8,582222.6481204091
Li8FeNi9O20,326898.7350348191
Li8FeO5F,325240.1353641245
Li8FeO6,276845.79420586606
Li8FeS6,137177.3517162038
Li8Hf2Mn2O11,329955.42187040637
Li8IrO6,73463.46285398056
Li8Mg3Cu9(SiO3)16,93005.42928362174
Li8MgCo13O28,129175.06610154519
Li8Mn(FeO4)3,656697.6467329554
Li8Mn(O2F)2,313267.86553729454
Li8Mn12Ni4O31,756956.0257913242
Li8Mn13Cr3O32,832907.9157790245
Li8Mn13Fe3O32,919198.3152570728
Li8Mn15CrO32,854026.1835146856
Li8Mn15NiO32,836915.8046667285
Li8Mn2Al2O11,281376.048523899
Li8Mn2As2O11,355375.95982882235
Li8Mn2Bi2O11,315526.1122898587
Li8Mn2Co2O11,274927.1428592133
Li8Mn2Cr2O11,548190.7872336862
Li8Mn2Fe2O11,725159.5276617197
Li8Mn2Ga2O11,271940.07800877996
Li8Mn2Ge2O11,358628.96876834944
Li8Mn2Ir2O11,356857.8835825459
Li8Mn2Mo2O11,419687.33831701893
Li8Mn2Nb2O11,408729.68243678345
Li8Mn2Ni2O11,380001.9901789037
Li8Mn2O7,427675.61474474694
Li8Mn2Os2O11,519067.9364421659
Li8Mn2Pb2O11,240023.60069825503
Li8Mn2Pd2O11,268485.22396694095
Li8Mn2Pt2O11,266266.2683002723
Li8Mn2Rh2O11,269410.463095056
Li8Mn2Ru2O11,447642.5187008201
Li8Mn2Sb2O11,333712.2297883515
Li8Mn2Si2O11,377694.76506446314
Li8Mn2Sn2O11,252851.40396031
Li8Mn2Tc2O11,525758.1952460042
Li8Mn2Te2O11,403038.0157047015
Li8Mn2V2O11,451310.38252015883
Li8Mn2W2O11,406192.2075738578
Li8Mn3Cr(PO4)6,321438.9386233143
Li8Mn3CrO12,494772.019495366
Li8Mn3Fe5(BO3)8,648252.5578674369
Li8Mn3V(PO4)6,300415.6141960135
Li8Mn4O11,643993.0235645021
Li8Mn5Fe3(BO3)8,679865.978059279
Li8Mn5O10,918550.7214252109
Li8Mn6(FeO6)3,1002083.564071465
Li8Mn7Co(PO4)12,249192.97549437196
Li8Mn7Cr(PO4)12,277558.1666337203
Li8Mn7Cu(PO4)12,267988.42131878826
Li8Mn7Fe(BO3)8,713783.778185464
Li8Mn7Fe(PO4)12,298397.7528862569
Li8Mn7Nb(PO4)12,261291.58613775182
Li8Mn7Ni(PO4)12,257652.45918833648
Li8Mn7Sb(PO4)12,261844.4354649011
Li8Mn7Sn(PO4)12,252718.86572109762
Li8Mn7V(PO4)12,264882.22479647957
Li8Mn8Co3Ni5O32,499670.90261763387
Li8Mn9O18,937634.1000262225
Li8MnCo7(PO4)12,346634.6818254234
Li8MnCr3O12,401741.9755506866
Li8MnFe7(BO3)8,617879.2257116886
Li8MnFe7(PO4)12,410058.83574242867
Li8MnFe7(PO4)8,505548.17615261965
Li8MnNi7(PO4)12,264292.35109656776
Li8MnNi7O16,364617.77981172403
Li8MnO5F,248035.2820987543
Li8MnO6,205893.2640793988
Li8MoO6,144791.35252089635
Li8N3O,125354.61489596585
Li8Nb(FeO4)3,566722.6042314762
Li8NbFe7(PO4)12,366166.04678872775
Li8NbO6,69604.01490893726
Li8Ni4O11,98526.225168418
Li8NiO5F,194740.74392567374
Li8Np2Mn2O11,531399.3882926139
Li8Np4O11,444554.1526622602
Li8NpO6,193794.61195136036
Li8Os4O11,93388.527263812
Li8OsO6,146417.34629161493
Li8Pa2Mn2O11,365980.2694824596
Li8Pa4O11,127036.96510705596
Li8PaO6,63447.72173903348
Li8Pu4O11,421389.4627706451
Li8PuO6,262596.7412656206
Li8ReO6,217928.1517277708
Li8Rh4O11,175395.19080367856
Li8RhO6,74026.41461756165
Li8Ru4O11,131869.15578816194
Li8RuO6,147719.6224783709
Li8Ta2Mn2O11,409466.91769908025
Li8TaO6,71350.31349307687
Li8Tc4O11,302848.7560285432
Li8TcO6,218792.8526877559
Li8Ti2Mn2O11,352193.54528102773
Li8Ti6Mn7O30,378851.4383559427
Li8Ti7Fe9(PO4)24,267766.62727097113
Li8TiFe7(PO4)12,378399.07540339464
Li8TiMn3(PO4)6,277507.39831609884
Li8TiMn7(PO4)12,255775.3073016909
Li8TiNi7O16,266593.68753432017
Li8U2Mn2O11,451000.00683481654
Li8U4O11,225312.51850013764
Li8UO6,127945.88663261714
Li8V11O22,422140.3659461828
Li8V3P8O29,79167.49938497537
Li8V4O11,267472.0396901416
Li8VFe7(PO4)12,371630.4927323525
Li8VNi3(PO4)6,141091.8187347136
Li8VO5F,123039.91190188329
Li8VO6,72775.14630215253
Li8WO6,135691.21854222708
Li8Zr2Mn2O11,325202.78653648135
Li9(CoO4)2,429890.9898343367
Li9(FeO4)2,419704.74359678617
Li9(NiO2)10,252288.13718150294
Li9(NiO4)2,328447.38479647704
Li95Mn16O64,440725.9351950522
Li9Al(CoO4)2,288505.56988189457
Li9Al(NiO4)2,195964.94956177095
Li9Co13O28,161049.2057368951
Li9Co15O28,224882.9150493439
Li9Co7O16,130221.55493423044
Li9Cr12Co7O48,214934.2401184371
Li9Cr12Fe7O48,288974.891499064
Li9Cr12Ni7O48,133760.33068043177
Li9Cr19O48,281484.04579478054
Li9Cr2(H9O7)3,125384.566082811
Li9Cr3(WO4)7,196336.59110159872
Li9Cr4(BO3)8,139481.3917181096
Li9Cr4C8(SO16)2,202323.0950775133
Li9Cr4P4(CO7)4,220077.1781502609
Li9Cr5(SiO8)2,498412.2748275991
Li9Cr5O12,589161.631773706
Li9Cu3P8O29,97243.50528237692
Li9Fe23O32,1482481.2630217622
Li9Fe3(OF7)2,461914.3133602964
Li9Fe3(WO4)7,192947.93493767377
Li9Fe4(BO3)8,335766.6768229296
Li9Fe4(PO5)4,398042.820263571
Li9Fe4(SiO5)4,461432.0647044101
Li9Fe5(SiO8)2,812608.2888883875
Li9Fe5O12,953396.8684806108
Li9Fe7(PO4)12,391798.2767634251
Li9FeCo12(PO4)12,320239.4416494322
Li9Mg(Ni6O13)2,145029.04399566885
Li9Mg12Fe(PO4)12,58938.7700836662
Li9Mn(SiO5)2,155380.90610330622
Li9Mn10O20,943478.4522328792
Li9Mn12Ni3O32,667829.2253368553
Li9Mn14O32,698886.4118073918
Li9Mn15O32,807219.0395107722
Li9Mn2(CO3)8,143226.56907137184
Li9Mn20O40,898519.0588372445
Li9Mn21O40,963381.7960235713
Li9Mn22O48,721769.9565181809
Li9Mn2AlO8,458362.6745822225
Li9Mn2Co5O16,354350.90183432767
Li9Mn2P4HO18,211852.991465978
Li9Mn3(WO4)7,234003.84296374666
Li9Mn3N4,587547.1327053888
Li9Mn3P8O29,191228.54973864456
Li9Mn4(BO3)8,269098.2074055183
Li9Mn5(SiO8)2,637434.7082465127
Li9Mn5O12,747441.5440121806
Li9Mn7(PO4)12,227746.12823303917
Li9Mn7Cr12O48,338874.9489477519
Li9Mn7O16,811045.8075415194
Li9Mn7V12O48,231888.5433050331
Li9Nb10Cr6(PO4)24,112239.22270519538
Li9Nb3P8O29,90576.65142061292
Li9Nb7V12O48,76515.62905931268
Li9Ni15O28,258215.82829571888
Li9Ni23O32,596876.8035063851
Li9P8W3O29,135801.10793969754
Li9Si2Ni5O16,172035.43820251495
Li9Si2NiO10,74053.5325858599
Li9Ta11N20,253231.45853232013
Li9Ti7Cr6O30,230775.11883131973
Li9TiMn3(PO4)6,293514.1491839916
Li9V12Cr7O48,157202.68394584762
Li9V14O35,116845.08585562263
Li9V19O48,82241.45508833775
Li9V21O40,413280.83289598784
Li9V3(WO4)7,148277.9344233187
Li9V3P8O29,95159.27891459787
Li9V4(PO4)6,206143.17410675602
Li9V5(Si5O16)2,176123.7199569806
LiAcAu,62199.76039091139
LiAcO3,285530.0876894285
LiAg2F4,82973.61402982079
LiAg2F6,75126.99388938125
LiAg3(IrO3)2,117451.2073472153
LiAgClO4,60835.726585235134
LiAgF3,143047.54557401122
LiAgF4,86930.19917165962
LiAl2CoCu4,57305.88791978316
LiAl2Cr,501895.0481319799
LiAl2CrCu4,280800.49332478363
LiAl2FeCu4,232939.8952533498
LiAl2FeO6,264675.88571027707
LiAl2V,333980.54779685946
LiAl2V4O8,650849.7573026033
LiAlCo2,362915.6734433293
LiAlCoHg,94494.06967770004
LiAlCoIr,249147.2522091071
LiAlCoMo,172914.43481853916
LiAlCoOs,425079.20629489416
LiAlCoRh,253284.54528559896
LiAlCoRu,338296.74983824097
LiAlCoTc,369738.550140166
LiAlCrAu,502537.3040269414
LiAlCrCo,198421.96553593452
LiAlCrIr,407855.26182399737
LiAlCrNi,481411.7941273839
LiAlCrO3,531941.4494862758
LiAlCrO4,271012.99471205624
LiAlCrPd,534973.9412210302
LiAlCrPt,507828.0836662862
LiAlCrRe,65367.28561664661
LiAlCrRh,417281.48757346784
LiAlCrTc,91303.57348710719
LiAlFe2,687980.4490337254
LiAlFeAu,381948.7798522587
LiAlFeCo,603225.8016450965
LiAlFeCu,366121.0691899717
LiAlFeIr,471941.22325096594
LiAlFeNi,533497.1807688721
LiAlFeO3,550295.4706012795
LiAlFeO4,359296.3148984466
LiAlFePd,374851.89921156777
LiAlFePt,392906.6420414662
LiAlFeRh,482285.7770644293
LiAlFeRu,470153.26125634776
LiAlNi3O5,619761.4203238427
LiAlNiMo,354357.2476012007
LiAlNiRu,75400.18810765434
LiAlPO5,111339.14694262986
LiAlTcNi,224187.64390292973
LiAlVFe,89089.92997888415
LiAlVNi,110613.29250367307
LiAlVO4,117153.80613428116
LiAlZnCr,499254.8113616299
LiAlZnFe,292007.2559723507
LiB2O3,68790.41840835269
LiBO4,492965.9845815867
LiBeFeAs,143570.1916801458
LiBeFeGe,137079.69445316662
LiBeFeSi,69206.4124615027
LiBeRh2,102288.20780040228
LiBrO,344734.3432594455
LiC2O5,65081.13784021675
LiCO2,71128.57643488453
LiCa2FeN2,290516.5169591224
LiCa2IrO6,154423.74607805844
LiCa2Mn2Si5HO15,321696.35766290757
LiCa2OsO6,83381.66095724817
LiCa2WO6,80936.54448134302
LiCa3Fe5Sn3O16,652814.0401844427
LiCa3OsO6,210314.0284858612
LiCa3RuO6,213404.80509361703
LiCaCoF6,362678.6059503983
LiCaCrF6,271879.45571132447
LiCaFe3SnO8,888577.1529297322
LiCaFeF6,394966.7131306297
LiCaNiF6,92850.72559040073
LiCaVF6,159404.21885059995
LiCaVPt,183172.3060209763
LiCdCoF6,362158.1742124856
LiCdFeF6,405044.71626627893
LiCdFeSn,299006.67319264443
LiCdMoO5,66168.23800510052
LiCdRh2,183406.79593171476
LiCo(CO3)2,309903.3398355008
LiCo(Cu2Ge)2,124919.79576971683
LiCo(Cu2Sn)2,107326.8969883167
LiCo(PO3)3,165157.24632305204
LiCo(PO3)4,78676.26428951671
LiCo(PO3)5,139691.62656383595
LiCo(PtO2)3,201161.57298371688
LiCo(SiO3)2,314496.22653611546
LiCo(WO4)2,133645.16597102847
LiCo2(BO3)2,548569.4824458875
LiCo2(CO3)3,278129.7908204864
LiCo2(CO3)4,113145.55916600314
LiCo2(PO3)5,191002.03709528907
LiCo2(PO4)2,360869.1162428077
LiCo2(PO4)3,245818.4526292385
LiCo2(SO4)3,289612.54943032895
LiCo2As,281156.95747233793
LiCo2C2O7,414473.8055088553
LiCo2CuO6,270962.656093059
LiCo2O2F3,476399.40114833636
LiCo2O3,853114.310523157
LiCo2OF3,694123.4205302765
LiCo2OF5,578226.0356395459
LiCo2P2O9,60958.107093333514
LiCo2P3O10,177275.9113372204
LiCo2P4H3O14,202861.32144730233
LiCo2Te,242575.25508356717
LiCo3(OF3)2,769620.7712197757
LiCo3(P3O10)2,134272.54620720216
LiCo3(SiO4)2,503659.01574341423
LiCo3NiO8,400350.39042073773
LiCo3O4,1115363.1254356683
LiCo3OF5,725116.8894531922
LiCo3P3O13,202757.26050440082
LiCo3P4O15,285805.6583421897
LiCo3Sb(PO4)6,87539.51851860211
LiCo4O5,1080398.9313913998
LiCo5(P2O7)4,107822.57825080138
LiCo5O3F5,854934.0243936467
LiCo5O5F,945471.3346432748
LiCo5O7F,336160.4162741834
LiCo5O8,555609.5806601066
LiCo5SbO8,826840.6048464987
LiCo6(OF5)2,719766.0630642097
LiCo6O7,1172831.9105331134
LiCo6P7O24,383102.34177884297
LiCo7O7F,990817.5249825513
LiCo8O9,1228536.009473352
LiCoAgGe,87295.9633289109
LiCoAgSn,119260.16867087007
LiCoAsAu,203595.8534131928
LiCoAsO4,240007.6536818947
LiCoAsPd,240092.96971553506
LiCoAsPt,231484.3449896059
LiCoAsRh,168025.64356453688
LiCoAu2,260093.7440778259
LiCoB2O5,335726.36224153545
LiCoBIr,148197.57214005303
LiCoBO3,457094.85129614983
LiCoBRh,154665.27757972764
LiCoBiAu,99525.263496074
LiCoBiPd,194125.24458791187
LiCoBiPt,191935.93106106145
LiCoBiRh,51131.008017973545
LiCoCO4,418212.76316707
LiCoCSO7,126960.0537532667
LiCoCuAs,79287.88414376376
LiCoCuF6,461227.1933540251
LiCoCuO4,130703.46336361754
LiCoF2,474096.0778701864
LiCoF3,485450.88166316814
LiCoF4,623662.7249058489
LiCoGeAu,192428.61695269577
LiCoGeIr,174031.47840567495
LiCoGeO4,404862.36837468133
LiCoGePd,66751.51084601294
LiCoGePt,111079.51797556257
LiCoGeRh,154077.535142209
LiCoGeRu,291767.9801744508
LiCoH8(CO5)2,87011.7216289747
LiCoH8(SO6)2,154885.54507841598
LiCoHSO5,296865.56811825116
LiCoN,65864.8389245351
LiCoNiAs,248657.34287618683
LiCoNiGe,62560.50970572305
LiCoNiSb,180646.37572377734
LiCoNiSn,64591.74672244123
LiCoO2,221390.7485924388
LiCoO2F,185055.36338915065
LiCoO3,413067.42232342035
LiCoOF,735948.6001046821
LiCoOF2,578754.4631839625
LiCoP2O7,141294.16001953356
LiCoPCO7,70803.51239423257
LiCoPO4,331011.34146934655
LiCoPO4F,382933.65440912667
LiCoPbAu,155311.57027868557
LiCoPd2,423465.7859831466
LiCoPdPb,63398.60042038969
LiCoPt2,419771.9230181308
LiCoPtPb,161226.0868448426
LiCoReSi,101967.94479716956
LiCoRh2,702238.3896638097
LiCoSO4F,347990.6741028245
LiCoSbAu,151162.35850721228
LiCoSbIr,50224.54381276294
LiCoSbPd,179439.85204291885
LiCoSbPt,192136.9334298357
LiCoSbRh,112737.46891275156
LiCoSiAg,87701.89198602605
LiCoSiAu,153420.78643742055
LiCoSiIr,163264.62142701543
LiCoSiMo,405455.5699987934
LiCoSiO4,426391.4361422863
LiCoSiOs,120993.71319129043
LiCoSiPt,64571.25258559239
LiCoSiRh,138580.76077160166
LiCoSiRu,274343.46004673414
LiCoSiTc,278357.1217516109
LiCoSnAu,149816.6437711455
LiCoSnIr,145947.58839214934
LiCoSnO4,99295.59194496338
LiCoSnPt,98937.84781673834
LiCoSnRh,140957.5714953046
LiCoSnRu,268617.0758978586
LiCoTcAs,117179.82899239438
LiCoTe,224346.20481134087
LiCr(CoO3)2,438532.24679038295
LiCr(Cu2Ge)2,296924.2101638495
LiCr(Cu2Si)2,269510.2594800224
LiCr(Cu2Sn)2,280363.78594823973
LiCr(FeO2)4,1409052.0212967603
LiCr(GaCu2)2,270409.40838457074
LiCr(GeO3)2,255372.9898258103
LiCr(MoO4)2,181217.6820083089
LiCr(PO3)3,207465.3364457251
LiCr(PO3)4,119672.92545940049
LiCr(PO3)5,103725.19253421255
LiCr(SO4)2,191313.96080679144
LiCr(Si2O5)2,132615.74139732445
LiCr(SiO3)2,268802.73803803284
LiCr(WO4)2,217655.01694644196
LiCr10O15,1011890.882279817
LiCr2(CO3)4,193686.38702043655
LiCr2(MoO4)3,239788.30560417662
LiCr2(PO3)5,241598.3354806938
LiCr2(PO4)2,393265.1111265747
LiCr2(PO4)3,172506.38201670235
LiCr2(PS4)3,76903.53869899752
LiCr2(SO4)3,280988.8057165448
LiCr2CoO6,517509.76003218273
LiCr2N3,548118.7795303464
LiCr2O4,654540.8459310848
LiCr2O6,98862.42427521892
LiCr2P3O10,389409.35754313413
LiCr2P3O11,287361.1211590596
LiCr2P5O16,171256.1732568009
LiCr3(FeO4)2,1153392.077451952
LiCr3(P3O10)2,189726.75851603245
LiCr3Ni(SO4)6,228962.8309461345
LiCr3O4,1179305.4407011548
LiCr3O8,200858.35433676018
LiCr3P3(HO6)2,480929.18965221295
LiCr3P4O15,285576.5333590559
LiCr4(HgO4)2,644798.2063609761
LiCr4(PO4)3,600451.5426369552
LiCr4GaS8,433468.76234337053
LiCr4In4O12,513025.23175323167
LiCr4InS8,416926.2307034847
LiCr4P7O24,250352.3450453326
LiCr6(OF)4,1133441.9227421444
LiCr6O11,732801.8559715281
LiCr6P7O24,473818.94016489305
LiCrAgAs,544170.4710969795
LiCrAgPt,599477.2593093852
LiCrAgSb,495553.8865330101
LiCrAgSn,493340.9517720698
LiCrAs,694860.0568165955
LiCrAs2,397937.1840815553
LiCrAsAu,573670.2637740339
LiCrAsCO7,125739.94780203824
LiCrAsIr,407894.4673018685
LiCrAsPd,560355.8615670776
LiCrAsPt,547227.4480150117
LiCrAsRh,466053.82202859706
LiCrAsRu,268189.7322616048
LiCrAu2,590773.6877139725
LiCrB2O5,318067.1963931277
LiCrBO3,596832.151350663
LiCrBPt,606605.9617099025
LiCrBiAu,451742.7496006966
LiCrBiPd,500300.60893606953
LiCrBiPt,505457.14706058847
LiCrBiTe,341463.14364271506
LiCrCO3F2,321930.5057243362
LiCrCO4,409805.7877690616
LiCrCSO7,180130.59194165366
LiCrCdAs,538424.571983535
LiCrCdF6,243674.62211317362
LiCrCdSb,484401.7227580808
LiCrCdSn,456632.0680664878
LiCrCo3O8,394329.26257276797
LiCrCoAs,573447.9319358233
LiCrCoGe,448692.4014494963
LiCrCoO4,520188.99630296684
LiCrCoSb,505769.1786699903
LiCrCoSi,422146.1261517014
LiCrCoSn,338603.01115170965
LiCrCuAs,580003.6057823526
LiCrCuGe,579141.8009104856
LiCrCuPt,636157.5531373598
LiCrCuSb,515978.73210587684
LiCrCuSi,556634.781581343
LiCrF4,383370.95874878677
LiCrFeAs,369303.3794341669
LiCrFeGe,200373.45751087228
LiCrFeO4,882529.7568251935
LiCrFeSi,215198.61140028783
LiCrGa2,520065.59647416644
LiCrGaAu,513103.4524217377
LiCrGaCo,198288.5868985921
LiCrGaIr,400437.27436644625
LiCrGaNi,528908.8943542534
LiCrGaPd,535918.0892031231
LiCrGaPt,517603.33533752826
LiCrGaRh,409131.47045106743
LiCrGaTc,179511.91589454672
LiCrGe2,493424.728969185
LiCrGeAu,542395.5677114105
LiCrGeIr,419474.96704453765
LiCrGeMo,169103.16799856088
LiCrGePd,490821.58555674704
LiCrGePt,480166.91137694754
LiCrGeRh,432268.0214009279
LiCrGeRu,295613.47808052844
LiCrHgAs,522616.6570631112
LiCrHgSb,469972.90585560055
LiCrIn2,443539.22401794925
LiCrInAu,496329.49161929544
LiCrInPd,511287.56994949724
LiCrInPt,500686.77844113007
LiCrInRh,543836.596854355
LiCrIr2,196358.13961276787
LiCrN,194243.30749276438
LiCrN2,204379.2027678027
LiCrNiAs,718953.6374343089
LiCrNiGe,568440.2117424381
LiCrNiSb,617812.5206232246
LiCrNiSn,512444.6800693804
LiCrO2,782337.9381863835
LiCrO3,189132.26174683732
LiCrP2H5O9,186540.0280395274
LiCrP2HO7,267939.76720738166
LiCrP2O7,220947.77518979402
LiCrP2S7,109550.0529972603
LiCrP3H8O13,134835.50765080232
LiCrPH2O5,333306.0041768699
LiCrPHO5,328666.62939075264
LiCrPO4,445406.51279061637
LiCrPO4F,312545.03158563457
LiCrPO5,195969.53944538246
LiCrPbAu,468479.4213077763
LiCrPd2,614704.9203896832
LiCrPdAu,635197.8207390547
LiCrPdPb,479952.3798825033
LiCrPt2,553030.2409305521
LiCrPtAu,595477.9855605174
LiCrPtPb,478779.2873932258
LiCrRh2,225532.30135598258
LiCrS2,443949.6982281846
LiCrSb2,389588.9066884371
LiCrSbAu,521764.09787526506
LiCrSbIr,448656.2751572045
LiCrSbPd,518260.67021553393
LiCrSbPt,513410.2000590414
LiCrSbRh,444715.71980120044
LiCrSbRu,485477.89888852276
LiCrSbTe,337643.68347136944
LiCrSi2,460925.19561120175
LiCrSi3O8,152191.7893486367
LiCrSiAu,557895.5027394467
LiCrSiIr,283124.09641550115
LiCrSiMo,134992.4189444878
LiCrSiNi,598446.1248842928
LiCrSiO4,369396.4745074057
LiCrSiOs,277700.28588473226
LiCrSiPd,494055.8386557751
LiCrSiPt,500076.5021371307
LiCrSiRh,449611.9448178961
LiCrSiRu,295827.794523586
LiCrSiW,125589.41206596159
LiCrSn2,437802.4579122547
LiCrSnAu,496779.36279180757
LiCrSnHg,441491.99926606973
LiCrSnIr,413425.21037081355
LiCrSnO4,353124.97758789576
LiCrSnPd,483161.0938626543
LiCrSnPt,479047.18776446703
LiCrSnRh,479413.9935534642
LiCrTe,701696.5165789302
LiCrTe2,354604.47744663403
LiCrTeAs,358681.9532993267
LiCu(PO3)3,50296.0278888594
LiCu(PO3)4,84158.23224161522
LiCu2(PO3)5,60727.25820550603
LiCu2(RhO2)4,52501.26423532391
LiCu2(SO4)3,124886.82649226885
LiCu2C2O7,120721.54369663181
LiCu2F4,118418.97252023223
LiCu2F5,175360.21554579542
LiCu2F6,283622.5673365212
LiCu2F7,258517.38656793156
LiCu2P3O10,104356.40650825216
LiCu2P5O16,119929.88650622379
LiCu3(CO3)3,103558.0554446609
LiCu3F10,93310.7635320023
LiCu3P3O11,134150.25863194617
LiCu4(PO4)3,147596.87003185868
LiCu5F12,279779.4984474541
LiCuAuO2,149107.38608616267
LiCuBO3,154423.47382669966
LiCuCO3F,118189.39958046061
LiCuCSO7,129382.36207031288
LiCuF3,168195.78066411635
LiCuF4,175802.95533265406
LiCuHCO4,94821.40568555209
LiCuHSO5,94182.21607391989
LiCuO2,248322.72587493644
LiCuP4(RuO7)2,66462.37792286374
LiCuPH2O5,88169.89273586201
LiCuPO4,113081.60798247554
LiCuPO4F,79600.92198947082
LiCuSbO4,114737.31021518866
LiFe,769866.5105083556
LiFe(CO3)2,356943.0681588806
LiFe(CoO3)2,616166.3154308966
LiFe(Cu2Ge)2,269375.93677096785
LiFe(Cu2Si)2,274326.0393375328
LiFe(Cu2Sn)2,231671.64456936377
LiFe(GeO3)2,423976.8974151484
LiFe(MoO4)2,299282.1395032149
LiFe(PO3)3,208349.28474713894
LiFe(PO3)4,195376.22649854177
LiFe(PO3)5,156984.41605499672
LiFe(SO4)2,320972.9348954753
LiFe(Se2O5)2,226201.92777825514
LiFe(SeO3)2,335036.9828782827
LiFe(Si2O5)2,223076.70418622863
LiFe(Si2O5)3,89139.74094593058
LiFe(Si3O7)2,172110.75249637873
LiFe(SiO3)2,391986.0872190436
LiFe(WO4)2,360550.85667309526
LiFe2(BO3)2,693194.181487917
LiFe2(CO3)3,486972.9973622608
LiFe2(ClO)2,731572.9086148796
LiFe2(CoO4)2,726774.5407404929
LiFe2(PO3)5,237540.70847662853
LiFe2(PO4)2,476037.5336037932
LiFe2(PO4)3,383675.51091380266
LiFe2(SO4)3,363250.42647369247
LiFe2(SiO4)2,433748.9608228909
LiFe23O32,1605021.87680201
LiFe2As,538701.354128492
LiFe2C2O7,512134.7330866302
LiFe2F5,724211.3116887494
LiFe2F6,887051.2836171837
LiFe2F7,735212.305621699
LiFe2F9,429625.0263287116
LiFe2Ge,608080.9776261031
LiFe2O2F3,870551.7874159163
LiFe2O3F,1196388.5708270692
LiFe2OF3,886353.8492903656
LiFe2OF5,906374.314535459
LiFe2P2HO8,463343.2744078346
LiFe2P3O10,401024.8195923762
LiFe2P3O13,463290.8541821209
LiFe2P5O16,278004.33635945414
LiFe2Pt,1076057.2455422294
LiFe2Rh3O8,588147.9406773791
LiFe2Sb,696623.9777467542
LiFe2Si,542436.5642514947
LiFe2Si2O7,510122.17105562135
LiFe2SiO4,709260.0996880918
LiFe2Sn,730867.7784474063
LiFe3(OF3)2,876689.699548226
LiFe3(P3O10)2,329296.34087020764
LiFe3(SiO4)2,634171.2690496417
LiFe3(SnS4)2,178167.52454221196
LiFe3O3F4,983668.229024548
LiFe3O4,1526154.25665293
LiFe3OF5,930066.9952398022
LiFe3P3(HO6)2,495755.0112584921
LiFe3P3O11,507595.1350323456
LiFe3P3O13,552581.0017656722
LiFe3SiPO8,690388.8870996479
LiFe4(BO3)4,724860.8110777575
LiFe4(PO4)3,614217.8721642068
LiFe4(PO4)4,619070.2924978838
LiFe4OF7,923663.1715494047
LiFe5(OF2)4,1064763.4441445211
LiFe5O3F5,1051943.1091094064
LiFe5O5F,1285170.3074306818
LiFe5O8,1586756.808480558
LiFe5P3O13,700452.4835525304
LiFe6(OF2)4,1125547.2294952092
LiFe6Ge5,575921.7405800235
LiFe7(O3F5)2,1213791.9536230897
LiFe7(OF3)3,1070367.4933095851
LiFe7O7F,1311805.5206685804
LiFe8(BO3)8,743715.567093893
LiFe8(O3F)4,1211060.973320624
LiFe8(O7F)2,1210297.574029525
LiFe8(OF)8,1254795.9760424334
LiFe8F33,476923.3297438659
LiFeAgAs,414220.91555707844
LiFeAgSb,344950.37992548005
LiFeAgSn,355446.4553147328
LiFeAs,505138.5319991046
LiFeAs2O7,364094.0186929041
LiFeAsAu,400526.62317991245
LiFeAsIr,277118.5166243768
LiFeAsO4,477707.34834021865
LiFeAsPd,446960.5544393766
LiFeAsPt,433593.197644216
LiFeAsRh,270212.03530518216
LiFeAsRu,241365.38185145627
LiFeAu2,457048.5645916127
LiFeB2O5,512852.04873058794
LiFeBO3,605949.0443414624
LiFeBO4,581299.0150980001
LiFeBPt,331559.813560254
LiFeBRh,534373.2753931495
LiFeBiPd,381986.1241394157
LiFeBiPt,381967.5280949842
LiFeBr4,264983.04398681223
LiFeCO3F2,564252.7058016848
LiFeCO4,558943.2725760012
LiFeCSO7,310985.4883957143
LiFeCl4,317142.1384789727
LiFeCo3O8,529616.6178961224
LiFeCoAs,717890.69886699
LiFeCoGe,674210.2695699917
LiFeCoO4,748192.5797051112
LiFeCoSb,350396.0950737324
LiFeCoSi,654165.7330519144
LiFeCoSn,666468.0060972804
LiFeCuAs,385020.07989322883
LiFeCuGe,357234.4342364128
LiFeCuO4,487867.40061505995
LiFeCuS2,472227.83957081643
LiFeCuSb,257489.63737307827
LiFeCuSi,52732.425495589996
LiFeF3,616445.3629700675
LiFeF4,581657.32358167
LiFeF5,400148.4255826439
LiFeF6,311680.2504772426
LiFeGeAu,398449.07323932473
LiFeGeIr,401179.2045820198
LiFeGePd,411914.0148920986
LiFeGePt,244039.47039389564
LiFeGeRh,402459.7374485367
LiFeGeRu,451487.34607887425
LiFeH12(SO7)2,149488.35037939987
LiFeH8(SO6)2,181835.93117036612
LiFeHSO5,411897.48745345016
LiFeIr2,580358.3528676506
LiFeMoClO4,306185.34025744203
LiFeN,68652.57713488067
LiFeNiAs,485676.635701503
LiFeNiGe,487659.3796248218
LiFeNiO4,653207.6845585697
LiFeNiSb,360282.12948614307
LiFeNiSn,464322.8068089799
LiFeO2,1276814.5402484946
LiFeO2F,733820.8536904821
LiFeO3,592801.6700844725
LiFeOF2,818080.8307723249
LiFeP(H6O5)2,162341.55953903554
LiFeP2H5O9,191765.05629513646
LiFeP2HO7,251147.5259194461
LiFeP2O7,357594.4555563494
LiFeP3(H7O8)2,112076.16376390323
LiFeP3(HO5)2,176209.72509041574
LiFeP3H8O13,135998.38502996703
LiFePH2O5,336446.2195869439
LiFePHO5,522404.2120869587
LiFePO4,451635.5207880618
LiFePO4F,511207.1597199215
LiFePO5,418591.83079477545
LiFePbO3,613982.6984029157
LiFePd2,642307.1323880781
LiFePdPb,417860.5117725932
LiFePt2,604290.0599927076
LiFePtPb,424317.3495273931
LiFeReSi,90156.55531038798
LiFeRh2,659127.7568304482
LiFeS2,189740.85172698525
LiFeSO4F,422714.21985824325
LiFeSbAu,338044.1704860993
LiFeSbIr,236941.3603870352
LiFeSbPd,371135.9508482632
LiFeSbPt,355983.0592200026
LiFeSbRh,242698.1510933234
LiFeSbRu,240818.24264489955
LiFeSi3O8,259366.76203983033
LiFeSiAu,328044.4581931344
LiFeSiIr,387242.8474519899
LiFeSiNi,400761.59308179613
LiFeSiO4,530691.508389089
LiFeSiOs,391586.99322205887
LiFeSiPd,237799.57807732813
LiFeSiPt,228773.94901208303
LiFeSiRh,391071.1008647977
LiFeSiRu,423025.13558901957
LiFeSiTc,293653.94587468856
LiFeSnAu,353479.2651318336
LiFeSnIr,414995.36246786313
LiFeSnO4,576454.4158236952
LiFeSnPd,389601.3697178889
LiFeSnPt,388712.0638417777
LiFeSnRh,392630.486114887
LiFeSnRu,491817.8976858423
LiFeTcGe,93342.8599525504
LiFeTe,456926.5867533604
LiFeWClO4,284867.2282091146
LiGa2CoCu4,85091.1658889103
LiGa2Fe,250006.80645782716
LiGa2FeCu4,234255.2393711454
LiGaCo2,389490.3186023
LiGaCoAg,60850.61443665362
LiGaCoAu,97955.08791381156
LiGaCoHg,77577.6811046346
LiGaCoIr,271845.7593106296
LiGaCoMo,183300.87556388503
LiGaCoPt,119975.82874135836
LiGaCoRh,278377.47685851995
LiGaCoRu,363144.3639524411
LiGaCoTc,373920.3691464507
LiGaFe2,742127.3402255739
LiGaFeAu,413037.7170545643
LiGaFeCo,618687.13673905
LiGaFeCu,430275.27389791165
LiGaFeIr,489614.5373448564
LiGaFeNi,559446.503986236
LiGaFePd,434644.86851362634
LiGaFePt,447761.7197551824
LiGaFeRh,490524.84928368893
LiGaFeRu,500640.4180850381
LiGaFeTc,65183.05066311989
LiGaIr2,50054.01342863382
LiGaNiRu,76206.79924769154
LiGaO10,268320.2104891446
LiGaPO5,105647.68319315254
LiGeRu2,85166.67723961911
LiHf2O6,240215.0503441513
LiHf2Pt,68854.30506322614
LiHfAu,140189.98171892972
LiHfCoAs,76379.5384443396
LiHfCrAs,315995.2524965832
LiHfCrGe,395070.6508141666
LiHfCrSb,279992.29379536764
LiHfCrSi,437070.3073318852
LiHfCrSn,401296.65820314654
LiHfFeGe,157447.81899898237
LiHfFePb,141560.4480558973
LiHfFeSb,107526.95879275852
LiHfFeSi,148181.60881004506
LiHfFeSn,148209.4340678014
LiHfGaCo,68747.00978778
LiHfGaFe,198385.572659503
LiHfInCo,138072.87953982732
LiHfInFe,240378.15348737882
LiHfMnAl,451289.66851135646
LiHfMnAs,296856.01125812903
LiHfMnGa,438420.5616857553
LiHfMnGe,316620.4886468823
LiHfMnO6,244933.5564199748
LiHfMnSb,147597.54935016626
LiHfMnSi,330590.96329246165
LiHfMnSn,282201.9005826536
LiHfNiGe,52224.39206594221
LiHfO3,161080.4436461426
LiHfTe2,67350.90723455488
LiHfTiAu,268534.98682478897
LiHfZnNi,74208.44601915656
LiHfZrAu,90816.8012255205
LiIN4,103545.94519227822
LiInCoAu,81003.14450164312
LiInCoHg,70430.90471071683
LiInCoIr,338536.36832319945
LiInCoPt,129946.47606082109
LiInCoRh,162818.89212248017
LiInFeAu,381280.69252316747
LiInFeIr,484146.88473030884
LiInFeNi,578635.5371258958
LiInFePd,415464.46114360297
LiInFePt,431024.81053902477
LiInFeRh,449308.3606389418
LiInIr2,86221.67525283578
LiIrF6,222924.72267475142
LiMg(Fe5O8)2,1532146.582142817
LiMg14Cr,102878.80688945545
LiMg14CrO16,90640.41256762359
LiMg14FeO16,150619.51147352663
LiMg14Mn,109451.09019152273
LiMg14MnO16,120331.59196876927
LiMg14V,78951.21899865245
LiMg14WO16,88227.84641107054
LiMg2Mn3O8,621058.1891560454
LiMg30FeO32,75503.26084135832
LiMg30MnO32,60145.84018542787
LiMg3O4,122749.62865514756
LiMg4SnO8,174237.45108139946
LiMg6Co,73157.09383680136
LiMg6CoO8,123266.50746581356
LiMg6Cr,232388.4582492901
LiMg6CrO8,182938.23023491772
LiMg6Fe,147403.91890687318
LiMg6FeO8,303544.09841928154
LiMg6Mn,225404.25116950987
LiMg6MnO8,242173.59993130338
LiMg6Nb,83249.2055781563
LiMg6Ti,96745.86995101177
LiMg6TiO8,60536.79070332372
LiMg6V,180271.56182413182
LiMg6WO8,173645.52806970652
LiMgCr3(SO4)6,185544.39100555482
LiMgCr3Se2(SO6)4,178405.76583891097
LiMgCr7(SO4)12,220830.29948813407
LiMgCrAs,566866.5899291679
LiMgCrGe,549190.4183348662
LiMgCrRh,559345.2437791245
LiMgCrSb,499537.9889910279
LiMgCrSn,498301.6421029542
LiMgFeAs,315029.23259273876
LiMgFeGe,330252.71552542516
LiMgFeSb,250156.13924818474
LiMgFeSi,227594.1502441526
LiMgFeSn,308917.61348004016
LiMgGaFe,343433.73568157933
LiMgMnAs,464047.7435420888
LiMgMnGa,544544.8245127741
LiMgMnGe,553580.8760421597
LiMgMnIn,470303.0741187502
LiMgMnSb,402977.60851578694
LiMgMnSi,555193.408374496
LiMgMnSn,481650.14678427787
LiMgRh2,98397.32230846648
LiMgTiAs,267485.85180146416
LiMgTiGe,151618.2161124852
LiMgTiNi,161920.3547447365
LiMgTiSb,237796.56974466785
LiMgTiSi,144866.13773559468
LiMgTiSn,150424.38696026697
LiMgVAs,458888.63173164567
LiMgVSb,425620.6102191825
LiMgVSn,359840.33844205295
LiMn,847796.6512148561
LiMn(AlCu2)2,290997.838959407
LiMn(CO3)2,288762.66463393404
LiMn(Cu2As)2,337317.6515401698
LiMn(Cu2Ge)2,329181.58821002673
LiMn(Cu2Si)2,328587.7887829985
LiMn(Cu2Sn)2,291890.1062671213
LiMn(GaCu2)2,309426.09292726277
LiMn(InCu2)2,284965.96306201915
LiMn(PO3)3,262667.08864920883
LiMn(PO3)4,162896.5800633394
LiMn(PO3)5,118549.67481311837
LiMn(PO4)2,262578.525730749
LiMn(SO4)2,247817.14894923978
LiMn(Si2O5)2,185980.14193959066
LiMn(SiO3)2,337882.8110087205
LiMn(ZnCu2)2,308559.08346695604
LiMn10(PO4)7,871652.4072414516
LiMn10O20,809510.8622984561
LiMn12O24,804812.1612446355
LiMn16O32,783332.22135173
LiMn2(B4O7)2,418540.7661527343
LiMn2(BO3)2,671133.1490023842
LiMn2(CO3)4,259663.84107751693
LiMn2(CO4)2,471056.87180269556
LiMn2(CoO4)2,480650.4336859012
LiMn2(PO3)5,308750.1288969353
LiMn2(PO4)2,486670.46943524486
LiMn2(PO4)3,272271.9047385944
LiMn2(SO4)3,352550.1256056677
LiMn28O56,803195.9411547013
LiMn2As,390063.0984771078
LiMn2CoO6,517728.268313007
LiMn2Cr2O8,709688.3620311298
LiMn2Cu(RuO4)2,525315.9432647818
LiMn2F5,918351.5870594627
LiMn2F6,769049.1147842068
LiMn2F7,587011.3170971647
LiMn2F9,341013.7023553964
LiMn2Fe2(PO4)4,561994.004645352
LiMn2Fe3O8,1263759.9565926974
LiMn2Ge,555716.7228391313
LiMn2N3,340522.48968178144
LiMn2NiO6,591052.9437595668
LiMn2O2F3,773692.9990843011
LiMn2O3F,945126.2733484653
LiMn2O4,888134.1456260526
LiMn2O6,296469.60021515255
LiMn2OF3,1038594.8561760964
LiMn2OF5,753523.6047259163
LiMn2P2(H2O5)2,424915.9813904758
LiMn2P2(O4F)2,358576.8776194502
LiMn2P2H5O11,345994.8758516844
LiMn2P2H9O13,286203.41593916254
LiMn2P2HO9,412750.3521727469
LiMn2P2O9,393714.80839003116
LiMn2P3O10,443485.46271284745
LiMn2P3O11,366830.0814675576
LiMn2P5O16,232731.61605703202
LiMn2PO5,848871.568161572
LiMn2PO6,657440.9764353408
LiMn2Pt,1333953.6118982392
LiMn2Sb,334966.0373155306
LiMn2Si,578241.4294302358
LiMn2TeO6,736476.9688410156
LiMn2V4O8,1014106.3922779212
LiMn3(BO3)3,649677.928996794
LiMn3(FeO4)2,1315316.8933576585
LiMn3(NiO4)2,880585.6109939758
LiMn3(O2F)2,720656.8679323178
LiMn3(OF3)2,752159.3599756757
LiMn3(P3O10)2,263069.808838152
LiMn3(PO4)3,542993.0117930502
LiMn3(PO4)4,331411.143147147
LiMn3Al2(HO2)6,425729.88138297223
LiMn3CrO8,757706.9390917937
LiMn3F10,528623.1172834545
LiMn3NiO8,634570.4891018384
LiMn3O5,1133250.7741200628
LiMn3O5F,803934.479802159
LiMn3O6,823800.5414206551
LiMn3OF5,1077361.2636828478
LiMn3P2(HO3)4,492734.57947863423
LiMn3P3O13,418492.6913276708
LiMn4(BO3)4,638791.1004363496
LiMn4(CoO6)2,736905.06121653
LiMn4(P2O7)3,385677.4778963779
LiMn4(PO4)3,750628.8113746515
LiMn4O8,794741.3002665767
LiMn4P7O24,322295.49910525145
LiMn5(CuO6)2,747138.2436967435
LiMn5(P2O7)4,331034.51264247554
LiMn5O10,828068.4020226918
LiMn5O3F5,1236216.2632593412
LiMn5O5F,1377892.172797374
LiMn5O7F,1206489.925484909
LiMn5O8,1267871.3161359567
LiMn5P3O13,833536.6740038698
LiMn6(OF2)4,1053093.0576562847
LiMn6O12,794391.7254058813
LiMn6O5F7,1052948.8053819896
LiMn6PO12,1053701.417176708
LiMn7(O3F)3,1203843.7823454833
LiMn7(OF3)3,1230269.606882593
LiMn7O12,1129225.2982465164
LiMn7O14,806961.2285854451
LiMn7O7F,1437747.0179424991
LiMn8F33,376006.6786782436
LiMn8O16,809016.2356106862
LiMn9CdO10,1620253.9231748625
LiMn9Se10,1017507.9706736489
LiMnAgAs,598373.6848754038
LiMnAgBi,497410.0981711231
LiMnAgGe,576733.2270029413
LiMnAgRh,684179.4675870885
LiMnAgSb,520542.93425111304
LiMnAgSn,512472.5880494544
LiMnAl2,479283.3922665547
LiMnAlAg,550295.9050773217
LiMnAlAu,573881.6963367376
LiMnAlCd,488965.50755526364
LiMnAlCo,614069.2713288561
LiMnAlCu,614710.785453802
LiMnAlFe,204892.29192170952
LiMnAlHg,491955.87495733093
LiMnAlIr,485936.06868624786
LiMnAlMo,164542.30291117704
LiMnAlNi,582564.1796382675
LiMnAlO4,418242.61625497154
LiMnAlO6,362935.4421503524
LiMnAlOs,337144.3726568753
LiMnAlPd,558813.0896769592
LiMnAlPt,555789.7617178108
LiMnAlRh,560892.5848953679
LiMnAlRu,360785.27419208735
LiMnAlW,151790.86079622366
LiMnAlZn,566684.5738555033
LiMnAs,746650.0491014974
LiMnAs2,432621.5654133168
LiMnAsAu,581284.7074098571
LiMnAsCO7,187303.54800850432
LiMnAsIr,608026.3252043698
LiMnAsO4,572387.4290594338
LiMnAsO6,100634.91763957254
LiMnAsPd,641084.4087881118
LiMnAsPt,625608.3708192497
LiMnAsRh,651892.2495301885
LiMnAsRu,378023.2834633498
LiMnAu2,607050.7310937922
LiMnB2O5,389043.1276421944
LiMnB3(HO3)3,98193.94300404018
LiMnBIr,675429.3444918307
LiMnBO3,732963.8455468536
LiMnBO4,452020.7055813331
LiMnBPt,683200.1811575439
LiMnBRh,691975.3334903192
LiMnBeAs,484885.488908045
LiMnBeGa,575983.5225671184
LiMnBeGe,560344.0520758127
LiMnBeSi,538852.4967893959
LiMnBiAs,388417.40176380065
LiMnBiAu,501318.81613115274
LiMnBiO6,194739.1587648292
LiMnBiPd,533727.8545083035
LiMnBiPt,529960.6873340942
LiMnBiRh,564556.2113192703
LiMnCO3F2,401376.0182667202
LiMnCO4,347095.80210911145
LiMnCSO7,247053.23967371206
LiMnCdAs,527277.9447085657
LiMnCdGa,496705.8460927149
LiMnCdGe,519800.26152831694
LiMnCdIn,457632.9760114222
LiMnCdSb,442093.783524711
LiMnCdSn,465791.40251608077
LiMnCo3O8,325752.7462253351
LiMnCoAs,762443.3767395457
LiMnCoGe,620625.8996893398
LiMnCoO4,572267.3806447695
LiMnCoO6,103857.36876203257
LiMnCoSb,681915.2351361477
LiMnCoSi,630495.839707811
LiMnCoSn,571997.431073921
LiMnCr2O6,674115.2996862163
LiMnCrAs,193180.9010538408
LiMnCrO4,758859.0259657322
LiMnCrO6,196676.50220272457
LiMnCuAs,638473.6530576514
LiMnCuGe,619175.3091299443
LiMnCuIr,708432.178619495
LiMnCuRh,724494.0922161594
LiMnCuSb,538742.323586591
LiMnCuSi,609223.6950640423
LiMnCuSn,572407.0844362875
LiMnF3,726239.6465458181
LiMnF4,512747.20177666674
LiMnF5,321002.24949118186
LiMnF6,213494.17404101737
LiMnFeAs,583037.456920108
LiMnFeF6,903517.1008547659
LiMnFeGe,641945.0550638783
LiMnFeO4,1017288.8656806943
LiMnFeO6,424279.1999738811
LiMnFeSb,516014.97786929464
LiMnFeSi,432786.0263373565
LiMnGa2,510109.53926007426
LiMnGaAg,564665.5722872474
LiMnGaAu,578088.8714739636
LiMnGaCo,650395.994605318
LiMnGaCu,654089.6641429765
LiMnGaF6,430777.34757489903
LiMnGaHg,495472.70436670526
LiMnGaIr,559882.7977476752
LiMnGaMo,178468.19027014446
LiMnGaNi,591900.5629262811
LiMnGaPd,576997.8436592502
LiMnGaPt,578995.4108611997
LiMnGaRh,584345.5758028184
LiMnGaRu,368031.59907788486
LiMnGe2,397862.56329795223
LiMnGeAu,575197.9619610305
LiMnGeIr,563183.6825275794
LiMnGePd,609014.7308696593
LiMnGePt,616113.5584206779
LiMnGeRh,568613.4929301305
LiMnGeRu,291008.31136105774
LiMnGeTe,380300.8698197844
LiMnH2OF4,457180.01061030966
LiMnH4(SO5)2,195039.04710858167
LiMnH8(SO6)2,142640.0941470508
LiMnHSO5,463729.675958059
LiMnHg2,491831.2082590122
LiMnHgAs,569746.4232809077
LiMnHgGe,522377.32242172014
LiMnHgSb,489260.1407228574
LiMnIn2,444911.4189764115
LiMnInAg,512736.96337474464
LiMnInAu,524340.0879561034
LiMnInCu,618376.914962114
LiMnInHg,457568.3748865723
LiMnInIr,544518.7353581032
LiMnInNi,586697.9298709284
LiMnInPd,537933.981544143
LiMnInPt,544991.4317968831
LiMnInRh,547376.2390628635
LiMnIr2,296781.669544632
LiMnIrAu,649236.6284221843
LiMnIrO6,257423.40463274132
LiMnMoO6,185132.34684652227
LiMnN,370956.32308723626
LiMnN2,177276.6392972463
LiMnNbAl,305028.6290408188
LiMnNbAs,109034.31893098862
LiMnNbGa,323180.89352761477
LiMnNbGe,171803.04780805417
LiMnNbO4,568319.5848468087
LiMnNbO6,90816.0266012058
LiMnNbSi,324616.2399024094
LiMnNbSn,152846.73720118674
LiMnNi2,858324.8469681975
LiMnNiAs,666762.8675532308
LiMnNiBi,675195.6964068074
LiMnNiGe,714166.5253687416
LiMnNiO4,530588.0095987628
LiMnNiPb,618585.2213050595
LiMnNiSb,591071.2440697622
LiMnNiSn,635526.6886710552
LiMnO,110714.8663922083
LiMnO2,996332.0292283181
LiMnO2F,560625.4787138668
LiMnO3,385860.59117874433
LiMnOF2,642559.9222445334
LiMnOsO6,363666.54375961446
LiMnP,312544.1562392734
LiMnP(H6O5)2,198335.30980826734
LiMnP2,432212.4836981774
LiMnP2(HO4)2,237807.220928108
LiMnP2H5O9,232771.56902607728
LiMnP2HO7,348121.7980731608
LiMnP2O7,283736.87076634174
LiMnP3(H5O7)2,161335.8026808516
LiMnP3(HO5)2,217013.90370153476
LiMnP3H8O13,174167.6053693421
LiMnP3HO10,162002.29299979468
LiMnPCO7,204550.35135815613
LiMnPH2O5,411223.75934740726
LiMnPO4,549122.1419342196
LiMnPO4F,408271.25419339293
LiMnPO5,306518.3260299453
LiMnPbAu,474782.27979761414
LiMnPbO6,492021.9216890172
LiMnPd2,716948.5246980642
LiMnPdPb,534043.9456602922
LiMnPt,761653.1019890477
LiMnPt2,697533.1714405227
LiMnPtO6,304327.95328432065
LiMnPtPb,544689.7050727801
LiMnRh2,510585.8794125599
LiMnRhAu,691072.3597542727
LiMnRhO4,388276.33009915455
LiMnRhO6,239533.668008801
LiMnRhPb,536162.1653302637
LiMnRuO6,362307.27518537984
LiMnSb,623884.9583468487
LiMnSb2,355888.8291116038
LiMnSbAs,390300.4756233651
LiMnSbAu,508980.4188445092
LiMnSbIr,573686.5458470383
LiMnSbO6,95680.15855418764
LiMnSbPd,552625.5492010075
LiMnSbPt,554128.6909529476
LiMnSbRh,577268.1983319814
LiMnSbRu,495345.5788948745
LiMnSe2,425634.44369664596
LiMnSi2,264430.70231897465
LiMnSi3O8,119728.11857162096
LiMnSiAg,573922.8542216916
LiMnSiAu,567441.25205796
LiMnSiIr,539015.4660095718
LiMnSiNi,621721.9281344754
LiMnSiO4,499772.2392357167
LiMnSiOs,306269.9154382071
LiMnSiPd,605985.2815293499
LiMnSiPt,602233.9757697545
LiMnSiRh,553516.2514111582
LiMnSiRu,301319.175084858
LiMnSiTc,338945.5509437834
LiMnSn2,422111.3360830573
LiMnSnAu,513630.1158222242
LiMnSnHg,472186.3555692599
LiMnSnIr,531255.4785335592
LiMnSnO4,454756.744205064
LiMnSnPd,547213.8748846622
LiMnSnPt,557003.2283408432
LiMnSnRh,541140.9476200021
LiMnSnRu,495933.7237589852
LiMnSnTe,358386.2744357187
LiMnTcAs,278457.916000525
LiMnTcGe,324771.78116236307
LiMnTcO6,276095.7032950701
LiMnTe,594281.4809592095
LiMnTe2,388947.10723255674
LiMnTeO6,190581.3003655041
LiMnTlAu,502129.9300891884
LiMnTlPd,535207.2293556784
LiMnTlPt,542275.5459777103
LiMnTlRh,587606.1142473635
LiMnV(P2O7)2,175974.58661140042
LiMnV(PO4)3,162808.0008966999
LiMnVAs,71637.08309084643
LiMnVF6,679970.3835391246
LiMnVGe,164827.15254874853
LiMnVO4,598895.4130642792
LiMnVO6,97376.51460989777
LiMnVP2(HO5)2,257792.95282868913
LiMnVSi,169793.60213223423
LiMnVSn,159275.78670765166
LiMnWO6,183785.0057219584
LiMnZn2,596839.3677819254
LiMnZnAs,481462.25549315783
LiMnZnAu,575270.1240981566
LiMnZnGa,607256.7882429224
LiMnZnGe,556621.8174261152
LiMnZnHg,516708.28176076274
LiMnZnIn,517960.097288986
LiMnZnIr,662655.3877113145
LiMnZnNi,681715.4895604509
LiMnZnPd,596456.7754741632
LiMnZnPt,605494.4834342618
LiMnZnRh,679035.3138962386
LiMnZnSb,414189.9726514256
LiMnZnSi,533743.5424045088
LiMnZnSn,486130.8660518194
LiMo(PO3)4,114911.78879253345
LiMo(PO3)5,57408.52126770072
LiMo(PO4)2,57293.84147966474
LiMo2(PO4)3,155216.09308876068
LiMo2P2O9,242737.33643721478
LiMo2P3O11,259426.2112416382
LiMo2P3O13,67727.61507536538
LiMo2PO8,116095.88670388503
LiMo3O8,171430.57698571566
LiMo3P3O13,267999.93753212347
LiMo4P7O24,223851.64756997445
LiMoAs2,201345.08001163806
LiMoP2O7,207493.5873563868
LiMoPO5,180457.41030766506
LiN,720910.6045627751
LiNb(PO3)4,74675.8234542071
LiNb2(PO4)3,74523.37857634149
LiNb2Pt,260955.92894882883
LiNbAlFe,146165.2454360478
LiNbAs,189719.25592041557
LiNbAs2,151096.22029904716
LiNbCoGe,172375.2656793364
LiNbCoO4,345864.1108317498
LiNbCoSi,144887.2065364685
LiNbCoSn,157114.22233162596
LiNbCrAs,167169.70019979088
LiNbCrO4,440664.3210851078
LiNbCrSb,149974.73760438894
LiNbCuO4,114617.3064127073
LiNbF5,93790.87659841256
LiNbFeAs,126350.53246223542
LiNbFeGe,100057.77633666566
LiNbFeO4,442311.5998857155
LiNbFeSb,144876.7973843786
LiNbGa2,145721.4594653319
LiNbGaFe,168328.85724090852
LiNbGaPt,152444.83379729357
LiNbInFe,153059.5044324822
LiNbNiO4,234685.11060751483
LiNbO2F,159217.98956342688
LiNbP2O7,126077.66541193011
LiNbPO5,92027.63463956043
LiNbPd2,90120.82997872731
LiNbPt,203859.97968271663
LiNbPt2,65552.43806471514
LiNbSb2,169347.5974961736
LiNbTe2,199975.49473508066
LiNbVO4,333850.39567034534
LiNbWO7,126238.82491245886
LiNbZnCo,94253.60153364515
LiNi(PO3)3,104847.09726973533
LiNi(PO3)4,115658.36802324123
LiNi(PO3)5,112603.94569836865
LiNi(SO4)2,129385.61542026777
LiNi(WO4)2,197379.4324951352
LiNi2(PO3)5,132875.9672881345
LiNi2(PO4)2,231472.84953553556
LiNi2(PO4)3,289027.93544131855
LiNi2(SO4)3,194960.49945520703
LiNi2O2F,673590.5636629115
LiNi2O3,518467.205363841
LiNi2OF3,480653.6578300473
LiNi2P3O10,197085.56512280184
LiNi2P3O11,278781.79745400534
LiNi2P4H3O14,139350.07083712248
LiNi2P5O16,108799.11885422766
LiNi2Pd,218502.28857364773
LiNi2Pt,219569.50066482442
LiNi3,402900.04548848316
LiNi3O3F,744024.849666165
LiNi3OF5,517913.096706206
LiNi3P3O11,281805.88244757726
LiNi4(P2O7)3,115754.85814151095
LiNi4(PO4)3,333148.14651848015
LiNi4O4F,797225.1203338831
LiNi4O5,718295.3595722121
LiNi4P7O24,242458.41823414862
LiNi5O5F,825981.4319034652
LiNi5P3O13,379011.4748463011
LiNi6O6F,847383.2520802317
LiNi6P7O24,262878.50595841
LiNi7O7F,859583.5334894854
LiNi9O10,856094.8133884334
LiNi9O13,604084.809881806
LiNiAsO4,253796.5140094399
LiNiBO3,315645.4154095975
LiNiBP2H6O11,89903.01055370396
LiNiF3,365039.32856686466
LiNiO2,279338.0522306896
LiNiO3,207791.13785972167
LiNiOF,508081.26263490296
LiNiOF2,376298.5502449812
LiNiP2O7,198627.8879661647
LiNiPHO5,107324.45841962368
LiNiPO4,237427.21844487434
LiNiPO4F,265958.3844590582
LiNiPd2,73033.08821240488
LiNiPt2,188779.55386534764
LiNiRhF6,179598.11716331763
LiNiSO4F,222714.98312769408
LiNiSbO4,221619.9361498689
LiNiSnO4,115923.30052682069
LiNp2O4,579724.1406084519
LiNpAs,706379.5187721003
LiNpAs2,368929.499516881
LiNpAu2,484216.9887297828
LiNpBi2,361197.3389526889
LiNpGe2,433725.37095342466
LiNpIr2,200099.86258257134
LiNpMnO6,262888.62947039306
LiNpO3,291924.88942409283
LiNpPt,562984.5072445608
LiNpRh2,490734.1615752381
LiNpRu2,336414.6157077402
LiNpSb,647123.6708196177
LiNpSb2,372614.128110812
LiNpSi2,445627.0875755557
LiNpTe,713646.0504429039
LiNpTe2,355558.2345001373
LiO2,160473.14001035516
LiO3,108323.91725893185
LiO8,78716.89759902777
LiOsF6,328506.79913684883
LiP(WO4)2,111154.64267847082
LiP2WO7,204404.6251937701
LiP2WO8,59458.6091772456
LiP3(WO6)2,151998.46272336235
LiP3W2O13,67834.76708665292
LiP4(RuO7)2,106900.657347952
LiP4WO12,111904.27642612022
LiP5WO15,56743.6493159772
LiPH2S3N7,544399.6103464335
LiPW4O13,138401.5949790836
LiPWCO7,123525.4360740229
LiPWO4,460589.7534807597
LiPWO4F,275441.1548597361
LiPWO5,193179.97964643475
LiPa2O4,231457.91852094542
LiPaAs,183220.25503054
LiPaIr,143315.95926031828
LiPaMnO6,86101.2180026759
LiPaPt,206907.86465270905
LiPaTe2,169770.80561388662
LiPd2Rh,262424.0058551249
LiPt2Rh,135231.6129108686
LiPtF6,108889.1793097659
LiPtO2,111073.8510036384
LiPtRh2,187873.09251914435
LiPu2As,1326642.66528439
LiPu2Au,1189159.0462564058
LiPu2Bi,1118922.0609420803
LiPu2Ge,1286102.2577167328
LiPu2Ir,1249139.6405426178
LiPu2O4,737900.5465044859
LiPu2O6,400510.4817879422
LiPu2Pd,1262149.6858108186
LiPu2Pt,1227167.8316427714
LiPu2Rh,1261562.9706755404
LiPu2Sb,1179098.2396306095
LiPu2Si,1295450.7118859878
LiPu2Sn,1111467.0760991029
LiPu2Te,1209326.5443357113
LiPu2TeO2,867772.3521610863
LiPu3,350830.83895187994
LiPuAl2,627531.7232676798
LiPuAs,853202.4941650247
LiPuAu2,639542.5867675361
LiPuBi,742311.7147938837
LiPuBi2,478318.4825736077
LiPuGa2,644800.7599824808
LiPuGe,705128.2153695718
LiPuGe2,612262.5340134751
LiPuHg2,578961.8778277091
LiPuIn2,568763.0946250265
LiPuIr,816025.5558216274
LiPuIr2,561607.3891110211
LiPuO3,444722.64610828354
LiPuPt,810673.662991628
LiPuPt2,599415.4263105934
LiPuSb,781986.9474757093
LiPuSb2,511989.5659235795
LiPuSi,671329.332394333
LiPuSi2,639264.1160454715
LiPuSn,656547.6721415591
LiPuSn2,529108.3878512697
LiPuTe,857467.4461223311
LiPuTe2,440579.74107312545
LiPuTl2,514664.6095417543
LiRh,58901.39566457053
LiRh2Au,285705.8339302254
LiRhF6,228088.0433009458
LiRhO3,188649.24933945748
LiRuF6,334369.28652589396
LiRuPbO3,110951.96493921512
LiRuRhO4,235575.07674564773
LiSO4,86967.15732332547
LiSb2P5O18,81171.93571167007
LiSbWO7,130956.47699624352
LiSeO3,109149.97941227045
LiSi4NiO10,125243.11994131756
LiSiNiO4,143465.4350251396
LiSnP2O7,53106.17040823477
LiSnPHO5,102453.4398742849
LiSnRu2,227265.5846273836
LiTa2O6,81801.3327032116
LiTa4O12,112092.98827170582
LiTaAlFe,118146.23419190796
LiTaAs2,91536.88640951159
LiTaCoGe,138254.77183413046
LiTaCoSn,141967.2363184478
LiTaFeAs,138347.41181958668
LiTaFeGe,102256.12329750549
LiTaGaFe,171729.38314971104
LiTaMnGa,259860.85931197266
LiTaMnGe,173412.65933222912
LiTaMnO6,91860.30327214836
LiTaMnSi,167807.90534904273
LiTaMnSn,154551.78278268405
LiTaPd2,75775.38350939412
LiTaPt,210281.6406659984
LiTaTe2,195936.6655636905
LiTaWO7,127808.92854079057
LiTaZnCo,103498.49185549178
LiTcNiGe,62858.898866659016
LiTcO3,71556.38273489622
LiTcPt2,187203.0561119822
LiTeMoAs,110312.20585724601
LiThAu,130651.53204135409
LiThO3,158456.18616163454
LiTi(SO)2,89947.46170216233
LiTi(SO4)2,62816.570880238025
LiTi(SiO3)2,87305.18422219499
LiTi2(PO4)3,89673.96950766913
LiTi2As,200029.2280312824
LiTi2Au,322053.6574261507
LiTi2Ga,271008.71630375454
LiTi2Ge,253456.34311389775
LiTi2Mn3O10,495961.0366849779
LiTi2NbCu2O9,116893.77504858754
LiTi2Ni,299745.61642966664
LiTi2Ni(PO5)2,155364.90245028347
LiTi2O4,71775.26859231014
LiTi2O6,275221.16523090116
LiTi2P2O9,53934.666710216305
LiTi2P3O11,90050.80088454219
LiTi2Pd,255830.3804019597
LiTi2Pt,103095.41484326195
LiTi2Sb,189627.82663070137
LiTi2Si,258429.7150792503
LiTi2Sn,230609.98611765943
LiTi2VO6,151965.2257958116
LiTi2Zn2(PO5)2,135445.75584766798
LiTi3MnCr(PO4)6,163800.68267124263
LiTi3Nb(CuO4)3,132008.10140052403
LiTi3O6,88087.15998897067
LiTi3P3O13,73142.898929829
LiTi3V5O16,198909.14449603626
LiTi4Mn(PO4)6,121633.87390446306
LiTi4O6,52612.22556838534
LiTi4O8,63348.30878135204
LiTiAgAu,92358.84022033366
LiTiAgSn,205467.38042891634
LiTiAlAu,114006.77020298455
LiTiAlFe,61823.08997692879
LiTiAlGa,147624.69785950938
LiTiAlSi,144950.7072528745
LiTiAlSn,143055.40637783534
LiTiAu,264811.0566331633
LiTiBeAs,128479.92726693525
LiTiBi,252873.45871042123
LiTiBi2,168800.1690202251
LiTiCl3,91796.63103225266
LiTiCoAs,176090.82945546412
LiTiCoBi,144918.123225179
LiTiCoSb,163792.28816568851
LiTiCrAs,317739.7920014381
LiTiCrGe,457657.0368831412
LiTiCrSO8,55934.45294717273
LiTiCrSb,307254.3937686051
LiTiCrSi,313601.4034497998
LiTiCrSn,428983.0629472175
LiTiCuAs,146640.56584279734
LiTiCuBi,154601.83424573677
LiTiCuNi,122120.75653991527
LiTiCuSb,189036.3115644882
LiTiFe2O5,865978.3388567369
LiTiFe5O8,1168343.9548008523
LiTiFeF6,443451.4580279852
LiTiFeGe,185771.53620924958
LiTiFeO4,626484.2009043877
LiTiFePb,152548.40945096765
LiTiFeSi,169471.56766305884
LiTiFeSn,184380.83270044677
LiTiGaAg,87715.56968766359
LiTiGaAu,119643.99692747547
LiTiGaFe,150627.63539193867
LiTiGaSi,103423.19356043928
LiTiGaSn,136980.84559137825
LiTiGe2,125360.69346724845
LiTiGeAu,223714.39356983258
LiTiH6(OF3)2,54277.23937935677
LiTiIn2,105366.91926246844
LiTiInAu,114695.80570882894
LiTiInCo,99698.25218897981
LiTiInFe,172879.98964110078
LiTiMn3O8,612021.0984303743
LiTiMnAl,219440.77287427327
LiTiMnAs,199064.36797773984
LiTiMnBi,142021.72654226277
LiTiMnF6,571556.1947829316
LiTiMnGa,255955.98144454736
LiTiMnGe,326698.75840632233
LiTiMnO4,515796.7540080056
LiTiMnO6,117870.60740915047
LiTiMnSb,163012.62622722614
LiTiMnSi,165993.75243014804
LiTiMnSn,281363.7315427538
LiTiMnTe,104533.1401152344
LiTiNF6,129600.8897911409
LiTiNi2,61497.58601664927
LiTiNiAg,121454.47639048833
LiTiNiAu,235332.0607170197
LiTiNiBi,95021.06889664331
LiTiO2,81301.28046545241
LiTiO3,178831.7156587441
LiTiO4F3,138563.50683694336
LiTiP2O7,71707.66708128492
LiTiPO4,239991.80346480495
LiTiPO4F,99471.66890347308
LiTiPbAu,233803.96808316893
LiTiPd,167650.7270684792
LiTiPt,136409.37211161773
LiTiSb,255692.09935169722
LiTiSe2,123225.03326515926
LiTiSe2O,99788.8951296363
LiTiSi2,110398.39700966096
LiTiSiAg,79592.46932358341
LiTiSiAu,211126.87632200698
LiTiSiSn,141233.2117963153
LiTiSn,114736.35540975584
LiTiSn2,162950.9060712209
LiTiSnAu,221900.5696746602
LiTiTe,316460.3120031815
LiTiTe2,121874.40840248053
LiTiTlCo,156251.21451469813
LiTiV2O6,248449.02840279235
LiTiV3O8,242779.37497177772
LiTiVAs,271958.7095020611
LiTiVGe,418953.5959666603
LiTiVSb,332494.0868376234
LiTiVSi,416282.58584080206
LiTiVSn,548237.876230167
LiTiZnAs,229008.5709842747
LiTiZnBi,237189.91351950818
LiTiZnGe,91447.92778419403
LiTiZnIn,80975.94357840337
LiTiZnPb,130069.32103505718
LiTiZnSb,237267.04735381814
LiTiZnSi,89017.73928490911
LiTiZnSn,114499.95158169794
LiTl4(NiO3)4,195624.8288991644
LiTlCoPt,230588.78935076942
LiTlCrPt,502375.4515636072
LiTlFePd,439350.6025569263
LiTlFePt,458476.08694108383
LiTlRh2,59253.936880966365
LiU,245756.4596902911
LiU2O4,406295.1939158632
LiU3O8,162773.77444630486
LiUAs,524484.8855853671
LiUAs2,124990.69611189973
LiUBr4,140475.7153501112
LiUF5,220761.1024855924
LiUGa2,285143.73090978886
LiUGe2,167086.9707533523
LiUIr2,159404.9779614567
LiUMnO6,167282.71732825888
LiUN2,177483.5202449706
LiUO3,145130.74068861376
LiUPt,410947.42155089293
LiUPt2,271189.667376641
LiURh2,294275.31207731285
LiURu2,156563.9882059849
LiUSb2,189192.0181082288
LiUSn2,237991.18959710805
LiUTe2,267930.2114346513
LiV(CO3)2,183490.05370513696
LiV(Cu2Ge)2,126561.11184081585
LiV(Cu2Si)2,79532.87085223795
LiV(Cu2Sn)2,154247.83409048812
LiV(FeO2)4,1339068.7996837613
LiV(GeO3)2,166664.74787809027
LiV(PO3)3,159871.74440601675
LiV(PO3)4,77937.51844436061
LiV(SO4)2,123075.64537757667
LiV(Si3O7)2,69197.1533963807
LiV(SiO3)2,175163.13793716146
LiV(WO4)2,134931.0353293716
LiV(ZnCu2)2,88725.91068268377
LiV2(CO3)4,125740.5431030545
LiV2(CO4)2,198502.87495287866
LiV2(OF)3,178420.21471172303
LiV2(PO3)5,191178.43777247018
LiV2(PO4)2,317226.59066910506
LiV2(PO4)3,83649.29242288508
LiV2(SO4)3,197799.18328828542
LiV2(SiO4)2,200601.2117647216
LiV2BO5,419961.1059461757
LiV2CrO6,457284.5238574178
LiV2F5,543765.7070824908
LiV2F6,488123.34993472067
LiV2F7,285034.575377314
LiV2F9,108809.61424626962
LiV2FeO6,524325.7615286118
LiV2FeO7,337964.7697404903
LiV2Ir,304056.8648740072
LiV2NiO6,223785.11538611652
LiV2O2F3,387912.9910164664
LiV2O3F,476924.7925301349
LiV2O4,366343.7130664509
LiV2O5,98805.91718397776
LiV2O6,92577.72633842826
LiV2OF5,343529.6783710675
LiV2OF7,125191.30923337948
LiV2P2H5O11,161570.52218500772
LiV2P2HO9,203529.811251088
LiV2P2O9,162209.60589512382
LiV2P3O10,303978.63113109604
LiV2P3O11,181979.9882710624
LiV2P5O16,110064.30228285544
LiV2PO7,143384.2338131156
LiV2Pt,489970.64513531537
LiV2Rh,412145.5978395592
LiV2Zn2(SiO5)2,105861.24044092224
LiV3(CoO6)2,80351.54283654141
LiV3(O2F)2,506982.16936894174
LiV3(OF3)2,390375.07840898377
LiV3(P3O10)2,128353.34008470963
LiV3CoO10,229994.96993680007
LiV3CrO8,364675.28286880325
LiV3F10,296925.9525526569
LiV3Fe2CuO12,418207.6050770061
LiV3O3F7,152769.69248660785
LiV3O4,957262.1295129742
LiV3O5F,391993.4893350294
LiV3O5F3,200414.87890023846
LiV3O6,327207.68463757244
LiV3OF11,127476.18565284659
LiV3P2(HO3)4,242169.79707170383
LiV3P3(HO6)2,367552.6687670848
LiV3P3O11,382495.8728909851
LiV3P3O13,185827.7095718365
LiV3P5O19,68796.01950915523
LiV3Zn2O8,245977.5531869253
LiV4(GeO4)4,190531.82438437096
LiV4(NiO6)2,106190.19386246828
LiV4(PO4)3,467958.75616616197
LiV4CuO12,84604.27940515651
LiV4O5F7,177768.07430893835
LiV4O8,294287.3800610317
LiV4OF11,335806.57291454985
LiV4P7O24,161868.86732351864
LiV5(BO5)2,610096.2473552241
LiV5F11,555858.1063944546
LiV5O10,303978.98751803633
LiV5O7F,642098.5251057352
LiV6F13,587024.1434788182
LiV6O11F,365035.2292030435
LiV6O13,198996.3238266477
LiV6O7F5,519980.27646187844
LiV6P7O24,363402.99947410263
LiV8F33,118873.49651532975
LiV8O16,257460.89570051865
LiVAs,452706.5413277877
LiVAs2,338095.4935170992
LiVAsO5,102882.61865806024
LiVAu2,372139.09417818766
LiVB2O5,195369.37648566335
LiVBO4,125206.97185933284
LiVCO3F2,216229.01393911615
LiVCO4,264285.7035466099
LiVCdF6,170781.42198885803
LiVCo3(PO4)6,62546.07516411328
LiVCoAs,387891.2546961904
LiVCoGe,194421.9613406761
LiVCoO4,290692.7293320363
LiVCoSb,203735.636194349
LiVCoSi,209157.16902977874
LiVCoSn,170111.50280985748
LiVCr(P2O7)2,142215.5086893965
LiVCrAs,109379.04510778755
LiVCrO4,507098.3517292994
LiVCrP2(HO5)2,208560.8606047661
LiVCrP2(O4F)2,209562.2439667271
LiVCrSi,103790.89128127792
LiVCuAs,368506.50322673615
LiVCuGe,400305.58707506914
LiVCuO4,126390.98040716196
LiVCuSb,344787.12257125933
LiVCuSi,373931.8466040039
LiVF3,442989.1875841784
LiVF4,233628.96529104037
LiVF5,99785.84105755549
LiVFe(P2O7)2,211773.0252179684
LiVFeAs,200381.07960603226
LiVFeGe,50273.30599795807
LiVFeO4,734417.8813625241
LiVFeP2(HO5)2,308825.7088306652
LiVFeP2(O4F)2,408899.226851141
LiVFeSb,144525.05802434272
LiVGa2,348618.9484828128
LiVGaFe,170623.11605960468
LiVGaNi,188878.43719252874
LiVGaO4,124432.8789666531
LiVGe2,392502.8989843026
LiVH2OF5,78682.21711826125
LiVHgPt,80935.52237552001
LiVNiAs,487961.0493082783
LiVNiGe,375102.95200102124
LiVNiO4,258118.7884263287
LiVNiSb,455979.5141534623
LiVNiSn,329076.98803575
LiVO2,494468.3825498016
LiVO2F,169485.86485539304
LiVOF2,321378.4488720957
LiVOF3,125251.79210521583
LiVP2(HO4)2,121529.15829687049
LiVP2H5O9,144614.11505393445
LiVP2HO8,65989.2653327497
LiVP2O7,145210.87441252058
LiVP3(H7O8)2,82969.08375827546
LiVP3H8O13,106973.46559665093
LiVP3HO10,79328.23976371581
LiVP4(H2O3)6,51629.37619421798
LiVP4(H2O7)2,72828.13982824943
LiVPH2O5,244030.3487845935
LiVPO4,355782.30438315537
LiVPO4F,182465.6402702585
LiVPO5,94603.06349918018
LiVPd2,348175.4850656992
LiVPt,324270.0823664653
LiVPt2,157739.3747083101
LiVS2,294496.2461992457
LiVS3,89374.7654494173
LiVSO4F3,64767.54975969923
LiVSb,426138.96707266534
LiVSb2,332368.4434693872
LiVSe2,265523.0584191469
LiVSi2,393121.0835034183
LiVSi3O8,118925.38461948125
LiVSiNi,396377.79146013036
LiVSiO4,218766.2623084727
LiVSn2,366056.716495924
LiVSnO4,219339.01843413396
LiVTe,513495.5634694411
LiVTe2,253161.33274157447
LiVTeO5,206917.47973193295
LiVZnAs,453357.42190170696
LiVZnGa,344868.2178096646
LiVZnGe,357318.40512781346
LiVZnSb,411667.23317771615
LiVZnSi,357057.33312092663
LiVZnSn,333138.5013070099
LiWF6,86362.18494726777
LiWO2,616230.6208314836
LiZn(ClO)3,108620.40243033002
LiZn(CoO2)4,654313.139689051
LiZn(Fe5O8)2,1442028.178812071
LiZn(FeO2)4,1153618.3229932268
LiZn(HCl)3,52399.828077180355
LiZn2(FeO2)4,1088482.8692715922
LiZn2CoCu4,98206.97980529557
LiZn2CrO4,359831.1713038558
LiZn2Fe9O16,1336720.1484295768
LiZn2FeCu4,219596.49205371502
LiZn4Fe13O24,1279949.360960669
LiZn4SnO8,176612.1889642038
LiZn6Fe17O32,1267023.6466611952
LiZnBP2O11,179331.93703456793
LiZnCoAu,61947.57818947899
LiZnCoIr,398074.8801153762
LiZnCoNi,349110.6204312879
LiZnCoPd,227910.88994096726
LiZnCoPt,255664.27467377993
LiZnCoRh,356674.65437715536
LiZnCr3(SO4)6,216994.9475663858
LiZnCrAs,588387.0048326533
LiZnCrAu,553490.0079985696
LiZnCrGa,508143.8994702946
LiZnCrGe,537464.343914204
LiZnCrPd,647656.647339162
LiZnCrPt,620130.5592357111
LiZnCrSb,517356.92094365414
LiZnCrSi,557081.267546312
LiZnCrSn,483624.6301205938
LiZnF6,290373.4605684327
LiZnFe7O12,1390477.1679925954
LiZnFeAs,280290.56768375996
LiZnFeAu,452206.02958688233
LiZnFeGe,241598.21246511475
LiZnFeIr,534943.2253340579
LiZnFeNi,585092.5314663552
LiZnFeO3,805929.2166853035
LiZnFePd,486544.8548150261
LiZnFePt,509843.7211664008
LiZnFeRh,539918.7886805463
LiZnFeSb,218022.1451793952
LiZnFeSi,222305.28215344384
LiZnFeSn,297945.20669789624
LiZnGaCo,71464.17758301274
LiZnGaFe,342904.94361078984
LiZnIr2,143861.06028277887
LiZnNiIr,150418.87134378674
LiZnO2,246452.5919720893
LiZnRh2,99433.44354255279
LiZr2(SeO)2,67833.39326359343
LiZr2Ni,242263.45983519545
LiZr2O6,95616.75179046777
LiZr2Pt,69079.5351266988
LiZr2Sb,81586.86730496935
LiZrAlCo,68364.91199064664
LiZrAu,162171.23139831936
LiZrCoAs,127513.7099758305
LiZrCoSb,112573.46398814354
LiZrCrAs,304155.2497602996
LiZrCrGe,417316.6790594964
LiZrCrSb,273987.0328141096
LiZrCrSi,434743.26651658886
LiZrCrSn,395254.780897634
LiZrFeAs,233682.09606677145
LiZrFeGe,233487.4797841357
LiZrFePb,136093.11891189046
LiZrFeSb,104125.81974457648
LiZrFeSi,172393.11752613547
LiZrFeSn,145075.17497442407
LiZrGaCo,89842.0056840994
LiZrGaFe,310090.8514332778
LiZrInCo,145174.8820658805
LiZrInFe,266230.6076964241
LiZrMnAl,426021.8551106881
LiZrMnAs,292348.0648347037
LiZrMnBi,135706.4974474583
LiZrMnGa,433706.506128747
LiZrMnGe,334952.6002220699
LiZrMnIn,399319.8443003068
LiZrMnO6,346328.3016264801
LiZrMnSb,254154.38062959167
LiZrMnSi,337402.51904168417
LiZrMnSn,310631.7655450042
LiZrN2,171477.8766614359
LiZrO3,157840.71077553538
LiZrTe,171003.46515713717
LiZrTe2,109939.69465042833
LiZrTiAu,273425.9532608437
LiZrTlCo,145993.51326078136
LiZrZnNi,125430.73982444083
Mg(AgO2)2,143371.85611527722
Mg(B3O8)2,273597.69601557
Mg(BO4)4,276759.2725044213
Mg(BiO2)4,80290.93882056471
Mg(BrO3)2,124614.59830173657
Mg(BrO6)2,477527.77722308424
Mg(CO3)2,134154.402036854
Mg(ClO3)2,232899.12759100235
Mg(ClO6)2,224071.36731688527
Mg(Co2O3)2,502045.30338092253
Mg(CoO2)2,544720.1833429241
Mg(CoO2)4,462455.71383194206
Mg(CoO2)8,199143.45446434082
Mg(CoS2)2,148836.30052600778
Mg(CoS2)4,113073.94609011886
Mg(CrN)2,742187.0529433811
Mg(CrS2)2,396753.45669661707
Mg(CrS2)4,139844.7342885387
Mg(CrSe2)2,361595.74954460945
Mg(CuN)2,257542.2544622913
Mg(CuO)8,53813.11740890025
Mg(CuO2)2,329738.3889843638
Mg(CuO2)4,358192.498037459
Mg(Fe2O3)2,1418396.1500260574
Mg(Fe2O3)4,1492759.405227033
Mg(Fe2S3)2,121101.5646592032
Mg(Fe5O8)2,1563405.7441620668
Mg(FeGe)6,519124.8566215724
Mg(FeN)2,436972.1610822159
Mg(FeO2)4,984606.6528810482
Mg(FeO2)8,944822.8359508135
Mg(FeS2)2,281083.8622593022
Mg(FeS2)4,250381.17105684592
Mg(IO8)2,179075.55932166553
Mg(Mn2S3)2,779223.7395211352
Mg(MnGe)6,693528.7445555133
Mg(MnN)2,665586.174143473
Mg(MnS2)2,535436.3620002759
Mg(MnS2)4,390692.0722384475
Mg(MnSn)6,555709.7905162239
Mg(Mo2O5)2,263937.0455924999
Mg(Mo3O8)2,167724.63736291064
Mg(MoO2)2,616506.9724253973
Mg(MoO2)4,458093.1695115794
Mg(MoO3)2,164586.6887238607
Mg(MoO3)4,76093.94939525916
Mg(MoS2)2,238648.772594967
Mg(N3O8)2,107013.77831090856
Mg(NO6)2,261996.02858332155
Mg(Ni2O3)2,528928.7215154028
Mg(NiO2)2,299519.51987886627
Mg(NiO2)4,126162.10311393034
Mg(NiS2)2,99208.32001088801
Mg(OsO2)2,232998.85652628954
Mg(PO5)2,185286.6459916745
Mg(PtO2)2,114808.85664089875
Mg(RuO2)2,238246.11249264088
Mg(RuO4)2,83963.45228485465
Mg(TcO2)2,464892.5199296341
Mg(TiH3)2,254111.04835445376
Mg(TiN)2,102172.57304101321
Mg(TiS2)2,103889.8558335549
Mg(TiS2)3,84234.0016183913
Mg(TiS2)4,62981.157995106776
Mg(VS2)2,161206.9449657391
Mg(VS2)4,232998.82596719926
Mg(WN)2,56771.298491749396
Mg(WO2)2,479138.59214590804
Mg(WO2)4,506526.36942735105
Mg(WO3)2,160308.00291256115
Mg(WO3)4,81531.6961378322
Mg10(Fe3O8)3,868360.3819799795
Mg10(SiO6)3,116080.83798600134
Mg10FeO11,173262.79667908567
Mg11(Fe15O28)2,1286769.9786075996
Mg11AlFeSi11O36,94349.8303325014
Mg13(NbH16)2,70984.95118720306
Mg14AlCoO16,60491.03485555133
Mg14AlCr,122456.84137924522
Mg14AlCrO16,139461.49055699934
Mg14AlFeO16,99934.83784928764
Mg14AlV,95971.16032679743
Mg14AlVO16,100293.16814525716
Mg14BWO16,86773.80589262364
Mg14BiW,55202.34853917813
Mg14CdCoO16,87210.05066868871
Mg14CdFeO16,115781.56418592329
Mg14CdNiO16,58270.47287408689
Mg14CoBO16,60829.640233934384
Mg14CoBiO16,55887.69194721712
Mg14CoCO16,90740.91603652437
Mg14CoNiO16,150914.68016987154
Mg14CoSiO16,58266.12440980363
Mg14CoSnO16,66655.98771274406
Mg14CrB,128206.7515901467
Mg14CrBO16,109868.99548573929
Mg14CrBi,105712.09447108288
Mg14CrBiO16,123936.26461193943
Mg14CrC,120285.10433243711
Mg14CrCO16,119524.96907794531
Mg14CrCd,109327.35154791812
Mg14CrCdO16,115142.58698668134
Mg14CrCo,101254.74729986602
Mg14CrCoO16,172397.617084264
Mg14CrCu,100705.20410014018
Mg14CrCuO16,110067.90138070373
Mg14CrFe,96455.305916993
Mg14CrFeO16,226757.32633016934
Mg14CrGa,122737.37320116725
Mg14CrMo,196842.07055244863
Mg14CrNi,97493.38891226516
Mg14CrNiO16,159113.82990030653
Mg14CrSb,108647.44603549327
Mg14CrSi,120471.32404273414
Mg14CrSiO16,116278.85216028937
Mg14CrSn,117228.47779848978
Mg14CrSnO16,113156.99379589962
Mg14CrW,128441.99873486726
Mg14FeBO16,109890.177696798
Mg14FeBiO16,94311.80971067022
Mg14FeC,67764.98284377716
Mg14FeCO16,123094.4491997183
Mg14FeCo,51643.73963222943
Mg14FeCoO16,208789.235793947
Mg14FeCuO16,131344.3916993802
Mg14FeNiO16,179443.48863752207
Mg14FeSb,56370.69211130152
Mg14FeSiO16,107682.3060510757
Mg14FeSn,71334.48560552413
Mg14FeSnO16,112509.20937902702
Mg14MnAl,108528.76426680248
Mg14MnAlO16,143298.03194091437
Mg14MnB,111594.80201305225
Mg14MnBO16,147386.6343880699
Mg14MnBi,84512.90780906865
Mg14MnBiO16,143871.01740797478
Mg14MnC,100324.11074351898
Mg14MnCO16,149605.60535814517
Mg14MnCd,116701.41386421313
Mg14MnCdO16,143614.60863748007
Mg14MnCo,152264.44441223747
Mg14MnCoO16,236716.39426787305
Mg14MnCr,218508.0113762959
Mg14MnCrO16,264392.2007982707
Mg14MnCu,108421.25203172879
Mg14MnCuO16,150295.4581415578
Mg14MnFe,176512.98088399688
Mg14MnFeO16,265310.6284786444
Mg14MnGa,109722.20423260677
Mg14MnMo,124321.90069662244
Mg14MnNb,114122.45286310851
Mg14MnNbO16,228589.10492276456
Mg14MnNiO16,208136.13815680932
Mg14MnSb,87617.84685466407
Mg14MnSi,101664.60373942785
Mg14MnSiO16,145255.11296826368
Mg14MnSn,97256.5310463253
Mg14MnSnO16,139494.67418471831
Mg14MnV,192635.70376269228
Mg14MnVO16,235121.83330797925
Mg14MnZn,119125.78778816608
Mg14MnZnO16,147870.16980577126
Mg14NbBiO16,72369.86321203336
Mg14NbCO16,68465.66658071344
Mg14NbCdO16,77556.11841015657
Mg14NbCoO16,124725.17635128926
Mg14NbCr,124690.69379087375
Mg14NbCrO16,191525.99600391736
Mg14NbCuO16,61116.85188940558
Mg14NbFeO16,128602.82563854504
Mg14NbMo,54181.465637383706
Mg14NbSnO16,80197.50934066798
Mg14NbV,105391.6643078085
Mg14NbVO16,140242.3996175665
Mg14NbZnO16,53471.10346009162
Mg14NiCO16,60702.108592518656
Mg14TiAlO16,72354.7387027151
Mg14TiBiO16,69376.37589449406
Mg14TiCdO16,51952.93575156197
Mg14TiCoO16,94160.69088528618
Mg14TiCr,154551.8787955512
Mg14TiCrO16,177482.7057756478
Mg14TiFe,71929.19536576667
Mg14TiFeO16,166888.0890563198
Mg14TiMn,156566.9675396353
Mg14TiMnO16,204738.44662806334
Mg14TiMo,83000.13834309674
Mg14TiNbO16,107117.05944674471
Mg14TiNiO16,59501.63202746127
Mg14TiSiO16,58208.205636352664
Mg14TiSnO16,54241.346079527735
Mg14TiV,116988.9557068776
Mg14TiVO16,147526.4674904388
Mg14TiW,66493.48841764058
Mg14TiZnO16,54139.75528924927
Mg14VB,96470.55895564216
Mg14VBi,95619.32135494746
Mg14VBiO16,95411.71894930805
Mg14VC,100424.3837804805
Mg14VCO16,87774.8893291401
Mg14VCd,82597.06913908213
Mg14VCdO16,86501.37677685262
Mg14VCoO16,169968.03632367143
Mg14VCr,202344.63139102692
Mg14VCrO16,206346.607954128
Mg14VCu,74632.73118077705
Mg14VCuO16,68481.71976787935
Mg14VFe,83629.25422675733
Mg14VFeO16,211376.33596393932
Mg14VGa,95462.79386145479
Mg14VMo,58271.17200889429
Mg14VNi,91562.12095815063
Mg14VNiO16,148942.58868437697
Mg14VSb,94809.28630660822
Mg14VSi,96723.54815750694
Mg14VSiO16,87390.971713825
Mg14VSn,95175.12687665342
Mg14VSnO16,84194.39315719302
Mg14VW,109020.28808067758
Mg14VZn,83433.4254925048
Mg14VZnO16,88880.6353425343
Mg14ZnCoO16,89782.85547727309
Mg14ZnCr,111904.16239874248
Mg14ZnCrO16,118523.18763700826
Mg14ZnFeO16,119037.29268219064
Mg14ZnNiO16,59955.16737583672
Mg14ZrCr,117842.56388001055
Mg14ZrMn,117346.0581776165
Mg14ZrTi,56401.19067775527
Mg14ZrV,97028.23290650472
Mg15Cr,105473.57290043125
Mg15Fe,60097.417130505775
Mg15Mn,94433.35886268398
Mg15V,87776.25807406285
Mg16Al12Cr,63046.1674958191
Mg16MnAl12,51917.20428988843
Mg16NpAl12,76659.09978744402
Mg17Al11Cr,50880.61297714358
Mg21FeSi12(HO16)3,52065.09206431514
Mg2AgWO6,75922.37876047206
Mg2Al2SiO9,204507.34734159592
Mg2Al3CrS8,104061.93343503188
Mg2Al3MoS8,101664.33034678138
Mg2Al3VS8,68798.67858967539
Mg2Al3WS8,101728.59246215054
Mg2Al4Fe(PO6)4,318887.40000220947
Mg2AlCr3S8,312281.00902182894
Mg2AlMo3S8,291363.6989683776
Mg2AlO6,176980.38841962055
Mg2AlV3S8,206400.81924399946
Mg2BO4,65546.32458406681
Mg2Be3(NF6)2,145447.79507070032
Mg2BiWO6,69598.16650849304
Mg2CClO7,68327.4967745399
Mg2Cd(ClO2)6,151066.0801242349
Mg2CdN2,148948.30108290818
Mg2ClO3,128396.17539749446
Mg2Co2O5,549247.9320113384
Mg2Co3MoS8,110629.41070996376
Mg2Co3O8,220170.6904259089
Mg2Co3WS8,56167.77047104349
Mg2Co7O12,491652.8239963544
Mg2Co9O13,1050600.8228439894
Mg2CoAu,55836.341537003915
Mg2CoB2Ir5,182199.1516124401
Mg2CoIr,248383.3016609626
Mg2CoIrO6,172956.93641686134
Mg2CoMo3S8,301012.3007256676
Mg2CoN2,158951.40711573974
Mg2CoO4,648112.0932346776
Mg2CoPd,113754.58686431289
Mg2CoPt,136003.51909690787
Mg2CoRh,238190.15908527432
Mg2CoSbO6,351067.9504123476
Mg2Cr2(SiO4)3,185714.53938925086
Mg2Cr2O5,555174.1785150293
Mg2Cr3CoS8,322172.12030534004
Mg2Cr3FeS8,357746.3765625725
Mg2Cr3GaS8,309763.6364620189
Mg2Cr3InS8,297961.6347912505
Mg2Cr3MoS8,406630.03782677295
Mg2Cr3O8,394295.2632724144
Mg2Cr3Pt2,315587.0091908043
Mg2Cr3WS8,406664.21627462574
Mg2Cr5(PO4)6,353917.06719924224
Mg2Cr9O13,1156164.8395740325
Mg2CrAu,505275.9758752047
Mg2CrB2Ir5,114007.3283695906
Mg2CrCo3S8,114682.29489602834
Mg2CrFe3S8,225301.89380899214
Mg2CrGa3S8,100593.09746807718
Mg2CrIn3S8,90277.32119031664
Mg2CrIr,616576.3061161881
Mg2CrMo3S8,383929.7947855792
Mg2CrN3,131241.86794833915
Mg2CrO4,258189.28056397292
Mg2CrPd,525311.0519041606
Mg2CrPt,519241.9026315729
Mg2CrRh,625733.9988811597
Mg2CrSbO6,262792.3431917879
Mg2CrW3S8,140216.64984366717
Mg2CrWO6,350028.2324846182
Mg2Cu2P2(H4O5)3,62076.352706042504
Mg2Cu9O13,74635.52219801625
Mg2CuIrO6,87203.07035881038
Mg2CuWO6,82263.13120257299
Mg2Fe,388475.11864551605
Mg2Fe2(SiO4)3,375726.13041811454
Mg2Fe2O5,908766.7443523342
Mg2Fe3MoS8,197049.81188023166
Mg2Fe3O8,790198.8942070729
Mg2Fe3WS8,372011.7967665584
Mg2Fe5(SiO3)8,436464.92008419806
Mg2Fe7O12,1347024.0602365385
Mg2Fe9O13,1449525.7882104206
Mg2FeAu,360965.07628634176
Mg2FeB2Ir5,251821.97464310718
Mg2FeBO5,523394.45106637233
Mg2FeIr,434014.9197420125
Mg2FeMo3S8,333445.9391614615
Mg2FeN2,309791.7934685508
Mg2FeO4,498158.37161534565
Mg2FePd,390337.49074891687
Mg2FePt,414100.0607417652
Mg2FeRh,415164.08671513374
Mg2FeSbO6,431214.871490447
Mg2FeWO6,334612.27637347346
Mg2Ga3MoS8,98061.07900471531
Mg2Ga3WS8,97164.33335267329
Mg2GaMo3S8,271779.81162909704
Mg2In3MoS8,88489.09984465963
Mg2In3WS8,91850.53132266198
Mg2InMo3S8,275397.67903994635
Mg2Ir2O5,105591.78812716564
Mg2IrWO6,85539.67816198216
Mg2Mn(PO4)2,288565.3756933767
Mg2Mn2(SiO4)3,279972.8273319793
Mg2Mn2O5,739765.945653183
Mg2Mn3AlS8,408394.08111140976
Mg2Mn3CrS8,510215.40136238467
Mg2Mn3GaS8,403246.9507817353
Mg2Mn3InS8,388819.8349336781
Mg2Mn3MoS8,495953.0587204713
Mg2Mn3O6,972047.7806216341
Mg2Mn3O7,763329.3778372416
Mg2Mn3O8,611800.9233929818
Mg2Mn3VS8,478604.7165458673
Mg2Mn9O13,1434328.619562924
Mg2MnAl3S8,137521.39634752285
Mg2MnAs2,432006.2037635123
Mg2MnAu,520114.9831544965
Mg2MnB2Ir5,207763.50792362608
Mg2MnCr3S8,448479.61526572856
Mg2MnFe3S8,200263.91153392484
Mg2MnGa3,246806.7258519552
Mg2MnGa3S8,132929.1643254917
Mg2MnIn3S8,119288.1543347556
Mg2MnIr,536824.6658744814
Mg2MnIrO6,336276.60889900936
Mg2MnMo3S8,410179.4465322608
Mg2MnN2,319148.35853132897
Mg2MnN3,257779.10622002132
Mg2MnNb2O8,300877.1621231598
Mg2MnPd,518398.29100415675
Mg2MnPt,521727.49016274244
Mg2MnRh,533202.7744079042
Mg2MnV3S8,343241.9567206686
Mg2MnW3S8,173595.56509005965
Mg2MnWO6,358698.6221384463
Mg2MnZnCu4,311057.41046777944
Mg2Mo2O5,275139.91084775364
Mg2Mo3O8,173001.0772203363
Mg2MoWO6,324880.356436635
Mg2Nb2AgO8,57286.17169719914
Mg2Nb2BiO8,55596.603056464504
Mg2Nb2CoO8,185147.1289228998
Mg2Nb2CrO8,241470.6889351827
Mg2Nb2CuO8,62906.94840024221
Mg2Nb2FeO8,244101.9626770126
Mg2Nb2MoO8,237253.2160435063
Mg2Nb2NiO8,125515.20637805882
Mg2Nb2O5,158884.3928642835
Mg2Nb2SbO8,55831.43696636218
Mg2Nb2VO8,182602.29984927518
Mg2Nb2WO8,119715.42033806692
Mg2NbFe,348928.81102914026
Mg2NbPt,206808.99306363682
Mg2Ni2O5,211500.419486686
Mg2Ni3MoS8,130988.6424465666
Mg2Ni9O13,568382.6428410048
Mg2NiMo3S8,261809.37635158084
Mg2NiO3,338608.05182611296
Mg2NiWO6,170812.94562279168
Mg2Np2O5,515231.52963186585
Mg2Os2O5,162961.3463851549
Mg2Pa2O5,86820.53061575646
Mg2Re2O5,244894.85862845357
Mg2Rh2O5,80290.98990637211
Mg2Ru2O5,198751.82752219852
Mg2S2O13,167933.29286048864
Mg2SbMoO6,243938.2645413904
Mg2SbWO6,67862.30900890956
Mg2Si4O11,57391.03097709256
Mg2SnIrO6,83817.73655319904
Mg2Ta2CrO8,240938.7636368423
Mg2Ta2CuO8,61732.51307856147
Mg2Ta2FeO8,245598.13976102005
Mg2Ta2Mn2O9,527915.1964037967
Mg2Ta2O5,127953.94772314095
Mg2Ta2TiO8,123376.81966321425
Mg2Ta2WO8,179836.3818687216
Mg2TaCuO6,88170.71283710076
Mg2TaFeO6,432732.5878454035
Mg2TaMoO6,246352.85694531997
Mg2TaTiO6,86234.70686983452
Mg2TaVO6,172700.2553226741
Mg2TaWO6,242276.478820129
Mg2Tc2O5,293454.1450404862
Mg2TcO4,341224.3580096912
Mg2TcPt,255382.26569950444
Mg2Ti,214498.90543105174
Mg2Ti2O5,175586.45826731107
Mg2Ti3AlS8,96197.23424527285
Mg2Ti3CoS8,102439.2635913007
Mg2Ti3CrS8,201141.67237924202
Mg2Ti3FeS8,68316.96992281846
Mg2Ti3GaS8,58858.26350771077
Mg2Ti3InS8,81202.91470519459
Mg2Ti3MnS8,233125.54203157776
Mg2Ti3MoS8,92188.69958272585
Mg2Ti3VS8,164762.4992331957
Mg2Ti3WS8,80340.8610149525
Mg2Ti5(PO4)6,129000.84667165209
Mg2Ti7O15,67655.83706894937
Mg2TiAu,166847.57041326855
Mg2TiBO5,103889.42389528225
Mg2TiCr3S8,342401.9661881453
Mg2TiCu4Ni,52463.852383706435
Mg2TiIrO6,89951.36023742064
Mg2TiMn3S8,435298.3001346622
Mg2TiNb2O8,124717.66748841928
Mg2TiNi3S8,59816.39739889299
Mg2TiV3S8,238569.42595543832
Mg2TiWO6,170463.58479949477
Mg2U2O5,364503.9429074309
Mg2U4S2O27,210105.65685167597
Mg2V2(SiO4)3,90753.07791540462
Mg2V2CoO8,186360.98399297288
Mg2V2CuO8,65718.62107688436
Mg2V2O5,346639.43497097434
Mg2V3CoS8,213568.11933000793
Mg2V3CrO11,135729.68071255524
Mg2V3CrS8,310086.44451872323
Mg2V3FeO11,226181.4916856718
Mg2V3FeS8,228055.57942147084
Mg2V3GaS8,204346.50187324372
Mg2V3InS8,197256.82524860097
Mg2V3MoS8,303645.8077443932
Mg2V3O8,193738.2294259501
Mg2V6Cu4O21,80010.01221660417
Mg2V9O13,833749.853525074
Mg2VAu,392382.66330504214
Mg2VCo3S8,75657.17323846497
Mg2VCr3S8,380946.6848978896
Mg2VFe3S8,175325.08118545744
Mg2VGa3S8,66521.70313738499
Mg2VIn3S8,59670.96528459959
Mg2VMo3S8,349652.7042131444
Mg2VO4,127177.99696270139
Mg2VP3O11,89323.02835626237
Mg2VPd,476929.47809455125
Mg2VPt,474133.1368676345
Mg2VSbO6,172605.50518090275
Mg2VW3S8,102780.75004303236
Mg2VWO6,197119.23538183433
Mg2W2O5,309520.6734810447
Mg2ZnN2,179808.50774023347
Mg2Zr2O5,74160.32058849793
Mg3(CrN2)2,366955.5962177978
Mg3(Fe11O18)2,1702072.9321830426
Mg3(MnAu)2,537884.9147739196
Mg3(VN2)2,129636.67006967949
Mg30AlCrO32,74537.00367311618
Mg30AlFeO32,51908.78487261956
Mg30CdFeO32,58965.36498261521
Mg30CoNiO32,75216.02082210727
Mg30CrBiO32,70740.56185983142
Mg30CrCO32,60009.07884638514
Mg30CrCoO32,74933.99961743626
Mg30CrFeO32,119021.8784546852
Mg30CrNiO32,90106.5822191255
Mg30CrSiO32,59084.57264627457
Mg30CrSnO32,58105.23393306044
Mg30FeBO32,61185.68455760629
Mg30FeCO32,60123.7103596236
Mg30FeCoO32,104927.86857200481
Mg30FeCuO32,74677.93376224532
Mg30FeNiO32,89932.28999312689
Mg30FeSiO32,51658.22636534367
Mg30FeSnO32,58208.82636803443
Mg30MnAlO32,75655.65617004246
Mg30MnBO32,89761.86818964398
Mg30MnBiO32,74650.48252999244
Mg30MnCO32,74820.54715017576
Mg30MnCdO32,74891.8006828272
Mg30MnCoO32,89595.2411479362
Mg30MnCrO32,118886.35426505646
Mg30MnCuO32,89645.76222839807
Mg30MnFeO32,134072.37674628827
Mg30MnNbO32,117983.54047285169
Mg30MnNiO32,104510.02838426859
Mg30MnSiO32,74234.75040645004
Mg30MnSnO32,72491.09352360888
Mg30MnVO32,119005.69684310064
Mg30MnZnO32,74343.85537750782
Mg30NbCoO32,59200.62135437298
Mg30NbCrO32,103483.33519663782
Mg30NbFeO32,103865.61572176366
Mg30NbNiO32,74280.92571338992
Mg30NbVO32,88598.24521187707
Mg30TiCrO32,88798.50333345303
Mg30TiFeO32,74264.07157583926
Mg30TiMnO32,103717.12825895184
Mg30TiNbO32,59888.79489256976
Mg30TiVO32,75860.06781669699
Mg30VCoO32,82178.273026606
Mg30VCrO32,104190.99684921277
Mg30VFeO32,104421.43849986803
Mg30VNiO32,75007.68749407747
Mg30ZnFeO32,60981.65484197969
Mg3Al(SiO4)3,74297.44230156424
Mg3Al12FeSi4(BO9)4,54823.86399869373
Mg3AlFe(SiO4)3,269402.9789482105
Mg3Bi2(AsO6)2,67142.70994210093
Mg3Bi2(PO6)2,72095.22094027181
Mg3Co,92761.67697343204
Mg3Co2(Si2O7)2,144430.0039202231
Mg3Co3(AsO4)4,251062.21041571855
Mg3CoO4,351463.27472561813
Mg3Cr,462651.24358567
Mg3Cr2(GeO4)3,253907.43182162658
Mg3Cr2(Si2O7)2,215811.49903935203
Mg3Cr3(AsO4)4,325472.7618420304
Mg3Cr4(PO4)6,281307.15296231984
Mg3Cr6(FeO6)4,507116.39735947555
Mg3CrN3,102820.18434735447
Mg3CrO4,461701.6094436777
Mg3Cu2(GeO4)3,172155.7157207238
Mg3Cu2(SiO4)3,184490.17959546694
Mg3Fe,282073.94601823133
Mg3Fe(SiO4)2,242813.6909264999
Mg3Fe2(GeO4)3,417692.9692088039
Mg3Fe2(Si2O7)2,346164.27386537706
Mg3Fe2H4(Se3O10)2,213713.7368876848
Mg3Fe2O5,777707.8449459925
Mg3Fe2O7,608653.2481062631
Mg3Fe3(AsO4)4,324391.6120798472
Mg3Fe3(PO4)4,329280.33623048593
Mg3Fe3O8,850420.3850649388
Mg3Fe4(BiO4)6,350757.0757890245
Mg3Fe4(MoO4)6,301710.53832179785
Mg3Fe4(SbO4)6,352409.3185700488
Mg3Fe4(WO4)6,296036.39030497946
Mg3Fe4O7,1041433.2689287198
Mg3FeN3,337568.0391161944
Mg3FeO4,472993.0411936644
Mg3Ge3(MoO6)2,235657.57613419436
Mg3Ge3(WO6)2,233799.76213560902
Mg3Mn,423168.828236459
Mg3Mn2(GeO4)3,335544.2098419802
Mg3Mn2(Si2O7)2,276853.57369634084
Mg3Mn2(SiO4)3,360445.6794827263
Mg3Mn3(AsO4)4,398458.9350526995
Mg3Mn3(BO5)2,690208.3752057431
Mg3Mn4O7,1230940.3094516126
Mg3Mn5(BO4)4,675056.2940140575
Mg3MnH6,156895.40728927846
Mg3MnNi2,328782.8946101642
Mg3MnNi3O8,554358.6466143295
Mg3MnO4,568381.2355296196
Mg3MnTe4,173557.7826269214
Mg3MoO4,394032.31855334854
Mg3NbO4,166176.13185065202
Mg3Ni2(GeO4)3,86643.6526645645
Mg3Ni3(AsO4)4,112966.78355474261
Mg3NiO4,251627.74484058877
Mg3Np,435149.2159354687
Mg3P4H28(NO12)2,69609.94212282212
Mg3Pa,99402.59864794099
Mg3Re,111102.90781805236
Mg3SO9,69580.85678921819
Mg3Si2O9,202507.36253270486
Mg3Si3(MoO6)2,253488.0075584739
Mg3Si3(NiO6)2,93821.75181893614
Mg3Si3(WO6)2,251494.74483373298
Mg3Si4(MoO7)2,200672.26243974868
Mg3Si4(NiO7)2,147744.62880069355
Mg3Si4(WO7)2,198037.70727720938
Mg3SiO5F,83473.9299044873
Mg3SiO6,164616.146990018
Mg3Tc,115306.18668565145
Mg3Ti,187596.93838663117
Mg3Ti2(GeO4)3,75786.64824798604
Mg3Ti2(Si2O7)2,70317.4842162504
Mg3Ti2(SiO4)3,88550.00529786608
Mg3Ti3(AsO4)4,56914.37231742037
Mg3Ti4,203095.468691109
Mg3Ti4(PO4)6,86490.34159712694
Mg3Ti9O20,51068.76141168024
Mg3TiO4,227855.70102700902
Mg3U,302917.8516190276
Mg3V,328798.00751742127
Mg3V2(GeO4)3,166183.2075970309
Mg3V2(Si2O7)2,140172.26249414275
Mg3V2O6,309793.06607659964
Mg3V2O7,151306.09736795913
Mg3V3(AsO4)4,134293.40188534197
Mg3V4(PO4)6,174933.264844192
Mg3V6(FeO6)4,405393.4910481855
Mg3VO4,347717.63654309534
Mg3WO4,287625.19910089136
Mg4(MoO4)3,75935.89537109654
Mg4Al2H12CO18,149632.21652303546
Mg4Cr5(TeO6)3,364508.79940945696
Mg4CuO5,90822.06649196177
Mg4Fe5(TeO6)3,615670.7323090549
Mg4FeClO13,278185.07629100577
Mg4FeO5,396441.21929315204
Mg4Mn5(TeO6)3,625861.7611607303
Mg4Mn9O13,1461150.097010344
Mg4MnN4,263774.8932134766
Mg4Ni5(TeO6)3,273433.0679720419
Mg4Si6H6O17,142036.39976238232
Mg4Si6O23,74449.22995793544
Mg4Te3W5O18,129150.46678049772
Mg4Ti3,99771.81248295841
Mg4V5(TeO6)3,228487.56180859896
Mg5(Si4O15)2,134130.25501352956
Mg5(SiO3)6,52814.489792552915
Mg5Al4Fe(SiO4)6,86866.51664798596
Mg5Co19O32,153427.9321093611
Mg5CoN4,226075.0661027923
Mg5CuN4,59612.23900329682
Mg5Fe19O32,1369347.135911311
Mg5Fe6(S3O5)2,616025.720552948
Mg5FeN4,299164.281666473
Mg5Mn3,663561.5582309335
Mg5Mn4,731476.7057224031
Mg5MnN4,366724.3806364006
Mg5MnSb4,173598.51949567115
Mg5NiN4,133735.5822659284
Mg5Ti,130006.24794394757
Mg6AlCO8,60418.609389373545
Mg6AlCoO8,121772.2409569275
Mg6AlCr,224297.29681914047
Mg6AlCrO8,262848.08152159484
Mg6AlFe,148677.36831244006
Mg6AlFeO8,184753.44983021336
Mg6AlNiO8,60510.00967988474
Mg6AlV,169965.11201197587
Mg6AlVO8,199209.7516388762
Mg6BCO8,62149.49876206975
Mg6BWO8,169614.06631540577
Mg6BiMo,118462.98939693511
Mg6CdCo,66945.78788065889
Mg6CdCoO8,168563.53968681075
Mg6CdFe,142212.377215746
Mg6CdFeO8,221857.7704057543
Mg6CdNiO8,112946.19015616129
Mg6CoB,63107.635979663166
Mg6CoBO8,130655.6943749671
Mg6CoBiO8,104608.15491834472
Mg6CoC,54507.29241232086
Mg6CoCO8,183699.53435412512
Mg6CoCu,60227.99706577561
Mg6CoCuO8,132986.68174155778
Mg6CoMo,114445.65564438395
Mg6CoNi,51803.7729591812
Mg6CoNiO8,301215.3464296259
Mg6CoSiO8,124700.52270095782
Mg6CoSnO8,115333.48517967343
Mg6CrB,188294.17341309323
Mg6CrBO8,237008.7885122156
Mg6CrBi,206992.8480945152
Mg6CrBiO8,235676.11857921284
Mg6CrC,168963.18246608204
Mg6CrCO8,234882.98160144652
Mg6CrCd,229499.15498881455
Mg6CrCdO8,214478.44711226088
Mg6CrCo,276731.79433232476
Mg6CrCoO8,363847.823950864
Mg6CrCu,242412.18127273663
Mg6CrCuO8,217753.01587562915
Mg6CrFe,379616.84076604707
Mg6CrFeO8,434852.3233725036
Mg6CrGa,228063.17673085307
Mg6CrNi,240985.6742836062
Mg6CrNiO8,338308.5300384648
Mg6CrSb,211363.05338705797
Mg6CrSi,219046.85168252332
Mg6CrSiO8,226251.22552045027
Mg6CrSn,207808.96104620257
Mg6CrSnO8,218831.99909747668
Mg6CuNiO8,141119.59715593717
Mg6FeB,155406.03575891603
Mg6FeBO8,227754.51070759803
Mg6FeBi,126894.25956012965
Mg6FeBiO8,185079.1799446012
Mg6FeC,156246.48488330774
Mg6FeCO8,247578.1644279952
Mg6FeCo,239267.2937177402
Mg6FeCoO8,415986.65631460526
Mg6FeCu,155210.072025607
Mg6FeCuO8,285214.7416203701
Mg6FeNi,164521.93753232367
Mg6FeNiO8,358240.19911364664
Mg6FeSb,127522.23731687215
Mg6FeSi,133206.7834029795
Mg6FeSiO8,191675.77354857582
Mg6FeSn,129016.51333141448
Mg6FeSnO8,210111.67456698252
Mg6GaCo,50833.31106075866
Mg6GaFe,141131.62060916165
Mg6MnAl,197975.62503921782
Mg6MnAlO8,279953.21987751586
Mg6MnB,212963.00288133672
Mg6MnBO8,292998.58175734145
Mg6MnBi,191290.6920504367
Mg6MnBiO8,251896.37972576378
Mg6MnC,157752.76681506226
Mg6MnCO8,297970.39262876543
Mg6MnCd,206859.50390521894
Mg6MnCdO8,274166.0461123088
Mg6MnCo,292874.1541103867
Mg6MnCoO8,463314.74991103995
Mg6MnCr,442013.4443580333
Mg6MnCrO8,513391.77025059337
Mg6MnCu,227540.54938528553
Mg6MnCuO8,306934.2926848056
Mg6MnFe,365128.8603298825
Mg6MnFeO8,521631.17947406543
Mg6MnGa,204221.16348225766
Mg6MnNbO8,52674.36777924841
Mg6MnNi,238396.0453215096
Mg6MnNiO8,411017.55125452933
Mg6MnO8,191140.69092058155
Mg6MnSb,197173.22176125986
Mg6MnSi,205048.6490237644
Mg6MnSiO8,280734.11674134084
Mg6MnSn,193357.48260494
Mg6MnSnO8,258149.0536903692
Mg6MnV,380101.45820460276
Mg6MnVO8,459568.8863971712
Mg6MnZn,211791.8615107623
Mg6MnZnO8,290250.16307118465
Mg6NbAlO8,51056.504593178644
Mg6NbBiO8,162392.20911286835
Mg6NbC,63113.76079625984
Mg6NbCO8,148301.51306736027
Mg6NbCdO8,135635.18703874978
Mg6NbCoO8,153821.95791835163
Mg6NbCrO8,273257.0757395694
Mg6NbFeO8,288680.7024035578
Mg6NbH16,85919.96410817403
Mg6NbNiO8,164301.22609160584
Mg6NbSnO8,136373.6278555063
Mg6NbV,111381.83939336461
Mg6NbVO8,218797.691119479
Mg6NbZnO8,100687.98351278718
Mg6NiBiO8,63073.72497218855
Mg6NiCO8,88797.37263444295
Mg6NiMo,65024.28955775346
Mg6NiSnO8,84529.94764114764
Mg6SbMo,89891.7310384144
Mg6SiNiO8,80271.20042415055
Mg6TiAlO8,135292.3598737655
Mg6TiBO8,72285.63428056602
Mg6TiBi,85821.16833108691
Mg6TiBiO8,129099.57404549213
Mg6TiC,106660.88163207585
Mg6TiCO8,91215.29368329638
Mg6TiCd,78264.56267382165
Mg6TiCdO8,95821.95115130855
Mg6TiCo,90447.07959752136
Mg6TiCoO8,193536.81401353222
Mg6TiCrO8,227431.91966939726
Mg6TiCu,82154.76448317894
Mg6TiCuO8,66236.64632966193
Mg6TiFeO8,199216.006619974
Mg6TiMn,212944.5492360125
Mg6TiMnO8,393562.61902825383
Mg6TiNb,128182.51383068216
Mg6TiSb,93133.5074147501
Mg6TiSiO8,113920.57891406462
Mg6TiSn,58477.88133457493
Mg6TiSnO8,99563.50392189586
Mg6TiV,195830.00007422257
Mg6TiVO8,286558.43775343255
Mg6TiZn,70948.97425601222
Mg6TiZnO8,104656.04947468948
Mg6VB,157408.04556175752
Mg6VBi,169818.29665957886
Mg6VBiO8,179892.74190484386
Mg6VC,109857.10350271776
Mg6VCO8,177632.4764292948
Mg6VCd,173139.75980780766
Mg6VCdO8,165888.92541896732
Mg6VCo,195568.69608692513
Mg6VCoO8,340584.62103229086
Mg6VCr,403406.639138387
Mg6VCrO8,403872.6196839784
Mg6VCu,180731.71351425178
Mg6VFe,258404.70738559042
Mg6VFeO8,408531.5956251298
Mg6VGa,171092.25239448025
Mg6VH16,91366.22157738588
Mg6VNi,181236.69131405177
Mg6VNiO8,237637.4231780579
Mg6VSb,171734.8065235843
Mg6VSi,169533.298486075
Mg6VSiO8,169860.10519217627
Mg6VSn,167430.89056471665
Mg6VSnO8,158847.13999855056
Mg6VZn,173409.52935716158
Mg6VZnO8,179591.84085906346
Mg6ZnCo,67708.57575080387
Mg6ZnCoO8,178672.7423978048
Mg6ZnCr,235835.66750024213
Mg6ZnCrO8,226369.1209724811
Mg6ZnFe,148018.53500700474
Mg6ZnFeO8,236060.72732882306
Mg6ZnNiO8,120006.79976181198
Mg6ZrTi,109226.11677746277
Mg6ZrV,167487.02787714056
Mg7(SiO4)4,66005.6535263737
Mg7Co,64598.83824993688
Mg7Co17O32,522625.7772139344
Mg7Cr,227938.33668542968
Mg7Cu2O9,107458.6258398125
Mg7Fe,139087.1508986381
Mg7Fe(SiO4)4,122578.39681466512
Mg7Mn,203035.5941299338
Mg7Mn5O12,924398.3401046441
Mg7Ti,78438.2561996252
Mg7TiH16,82663.22393478842
Mg7V,156111.89350983573
Mg8(MnN3)3,242959.0755542634
Mg8Fe3N8,311895.1512070651
Mg8Mn3N8,201426.64615972067
Mg8SiW9O49,192392.95594673653
Mg8V5O16,273600.49143118836
Mg9(FeN4)2,240573.79312045636
Mg9(MnN4)2,159670.34959400332
Mg9Al8Fe3(SiO4)12,142817.6849431887
Mg9V10O24,389209.1238003794
MgAg2(BrO2)2,101724.98833066171
MgAgF5,94537.50592486835
MgAgH4WS4N,92953.1320471587
MgAl2(CoO3)2,388953.04317329667
MgAl2(CuO2)4,231730.26026155584
MgAl2(CuO3)2,72693.6901321274
MgAl2CrCu4,265771.7277811795
MgAl2FeCu4,234809.65923475375
MgAl2P3NO12,61396.94728375523
MgAl2SiHO7,79283.48904883205
MgAl2SiO7,158898.5122126793
MgAl4Cr2O10,322658.53237946547
MgAl6FeSi2(BO9)2,109113.05443043703
MgAl8Fe3(PO5)8,224684.5509399701
MgAl8Fe3Si8(H2O5)8,151667.65127895057
MgAlAg(WO4)2,112607.59850136374
MgAlCoAg,60849.29275939041
MgAlCoAu,127977.81293458235
MgAlCoIr,138239.54029287808
MgAlCoNi,81117.46282017294
MgAlCoOs,129858.7472233183
MgAlCoPd,64858.41977377825
MgAlCoPt,93479.16378483956
MgAlCoRh,126263.60467280816
MgAlCoRu,250528.35890215618
MgAlCr3FeO8,806499.1568321995
MgAlCrAu,513692.47124154336
MgAlCrCo,550625.0022361095
MgAlCrIr,419070.7666176117
MgAlCrNi,530088.5074942599
MgAlCrO4,246309.06764451927
MgAlCrPd,496297.1614872387
MgAlCrPt,486461.27037789836
MgAlCrRh,488723.6835704411
MgAlCrRu,376067.90120499
MgAlCrS4,207835.6453416192
MgAlCu(WO4)2,123341.62948742288
MgAlFeAu,318729.4605822211
MgAlFeCo,629925.824616732
MgAlFeCu,256257.57089213477
MgAlFeIr,376686.5839245961
MgAlFeNi,275176.9654076565
MgAlFePd,344716.253614533
MgAlFePt,247712.48062178714
MgAlFeRh,378013.94602748204
MgAlFeRu,439885.6147582488
MgAlMoS4,198837.78486891926
MgAlNF6,136134.8830070528
MgAlRu2,95578.80419270528
MgAlSi4O15,177871.03528915043
MgAlTl(MoO4)2,86557.53449038297
MgAlVNi,399786.5952907683
MgAlVS4,137768.05262100493
MgAlWS4,135387.95297594916
MgAsNO10,128712.22705231445
MgAsO11,172352.69453871791
MgAsWO5,82704.9105737143
MgB3O13,262465.3926493183
MgBe2(CoO2)4,904363.1199028795
MgBeRh2,79248.81685657779
MgBi(WO4)2,54774.8141994431
MgBi4(MoO6)2,66981.60889339479
MgBi4(WO6)2,65794.33781756692
MgBiMoO5,79150.40341286192
MgBiPO6,144986.9722076126
MgBiWO5,74067.65786792815
MgBrClO6,255453.87582959174
MgC2S2(N3O7)2,434282.0228948813
MgCd2(ClO2)6,106993.52488575362
MgCd2(CoO2)4,421823.76721164136
MgCd2(CoO3)2,442527.05243832205
MgCd2(FeO2)4,568045.3858556246
MgCd2(MoO4)2,94673.60440273862
MgCd2(NiO2)4,302342.621570094
MgCd2(WO4)2,103745.38575654781
MgClO,186983.41018440077
MgCo(GeO3)2,239953.60716117674
MgCo(NiO2)4,321597.66095508996
MgCo(PO3)4,125815.87163153049
MgCo(Si2O5)2,138569.32163915862
MgCo(SiO3)2,251877.1610748891
MgCo(WO4)2,184631.04259178136
MgCo12(BO5)4,852423.9576145604
MgCo2(AgO2)2,331183.4522861765
MgCo2(AgO3)2,290667.4740261656
MgCo2(BO3)2,400187.743921271
MgCo2(BiO3)4,198269.06578707707
MgCo2(BiO4)2,235010.9466393376
MgCo2(CO3)4,156751.0264242695
MgCo2(GeO3)4,317934.1131065333
MgCo2(HO2)2,622325.4401612305
MgCo2(MoO4)2,453715.6483615345
MgCo2(NiO2)4,868471.2152759373
MgCo2(PO4)2,361621.6555583216
MgCo2(PO5)2,233439.29946923535
MgCo2(SO5)2,408102.4321880204
MgCo2(SbO3)4,226654.85521790676
MgCo2(SbO4)2,336680.8374055174
MgCo2(SiO3)4,272663.8655394431
MgCo2(WO4)2,358761.2044893385
MgCo2As,228647.90815434427
MgCo2NiO6,682268.89533037
MgCo2O5,752118.6079965958
MgCo2P2(O4F)2,411036.7479132114
MgCo2Pt,547858.4702937998
MgCo2Sb,207477.8751686507
MgCo2Te2(MoO6)2,267359.52405373176
MgCo3,849712.5142806176
MgCo3(P2O7)2,359949.58578684507
MgCo3BiO8,434772.96070214
MgCo3NiO8,375990.05328248465
MgCo3O7,493651.15195396025
MgCo3P3O13,317650.790690369
MgCo3SbO8,494764.29922512465
MgCo3TeO8,621435.2345294026
MgCo4(AgO2)4,360050.4047344778
MgCo4(AsS)4,92637.28860858253
MgCo4(CuO4)3,393785.1102292997
MgCo4(HgO4)2,562793.9978716288
MgCo4(NiO6)2,183037.31813272272
MgCo4(O3F)2,190126.4019330487
MgCo4(OF)4,737322.4437067407
MgCo4(P2O7)4,279194.08921507094
MgCo4(PO3)12,155917.31753783487
MgCo4(SbO6)2,482794.7400055719
MgCo4(SbS)4,81327.58391842802
MgCo4(Te2O5)4,218458.34734148762
MgCo4O9,679771.9260605413
MgCo4OF11,625190.9377472772
MgCo5(P2O7)4,306905.35860633745
MgCo5BiO12,412965.11634529376
MgCo5O8,661365.1043489693
MgCo5SnO12,381649.78863604437
MgCo6(O2F)4,637298.247442575
MgCo6(O3F)3,652209.2499177628
MgCo6(O5F)2,692816.0739186675
MgCo6(OF)6,703184.8880485722
MgCo6(OF5)2,636756.2284191556
MgCo6Ag2P6(HO6)4,314426.15230642015
MgCo6O7F5,694630.2693945336
MgCo7O12,744603.7399500081
MgCoAgO2,397487.54686677764
MgCoAgSn,88184.17226849296
MgCoAs,163210.02752607435
MgCoAs2O7,198253.5592995299
MgCoAsAu,203208.40098285096
MgCoAsIr,184003.2670201523
MgCoAsO5,195427.7187213039
MgCoAsPd,118891.78102526227
MgCoAsPt,242536.36829850302
MgCoAsRh,231998.70759875097
MgCoAu2,104071.4981585806
MgCoBiO3,282180.1201406416
MgCoBiO5,341559.40763096814
MgCoBiPd,165337.3823790909
MgCoBiPt,177505.77929343987
MgCoBiRh,162328.41653917602
MgCoCu2SnS4,79265.4739691022
MgCoCu3Se4,163617.53238243583
MgCoCuO2,411459.18392589706
MgCoF4,438534.0094872868
MgCoF5,426457.1364322904
MgCoF6,479775.15934964333
MgCoGeAu,152540.1417151777
MgCoGePd,195525.99298870965
MgCoGePt,195233.8951967081
MgCoGeRh,140083.51942474468
MgCoH16(ClO2)4,93104.65865555621
MgCoHO2,367940.81471027946
MgCoMo2O7,307384.3233147631
MgCoMoS4,209809.9559636435
MgCoNi,368440.492373815
MgCoNi2O7,547152.9886586812
MgCoNiAs,213053.4190034176
MgCoNiGe,173062.05293568055
MgCoNiP2O9,152722.47471386695
MgCoNiSn,147466.15208566992
MgCoO2,652225.0762798954
MgCoO3,194349.75176181924
MgCoP2O7,208947.66373096663
MgCoPb2WO6,53489.97124574375
MgCoPt,362671.1832883855
MgCoPt2,332272.46964394255
MgCoPtPb,183731.07008154833
MgCoS2,146242.88965842724
MgCoSb2O7,185180.34481200168
MgCoSbIr,178610.33599309146
MgCoSbPd,152180.55201293016
MgCoSbPt,171232.7411327372
MgCoSbRh,181156.011811347
MgCoSiAu,143279.08009794808
MgCoSiNi,90348.18893906115
MgCoSiO4,376237.45565914304
MgCoSiO5,327670.48296873335
MgCoSiPd,163569.828606786
MgCoSiPt,99379.71724408132
MgCoSiRh,113853.6175545056
MgCoSiTc,117673.55741149049
MgCoSnAu,113745.4994999585
MgCoSnPd,154313.2798224121
MgCoSnPt,168497.91191760055
MgCoSnRh,115446.09256771796
MgCr,964850.2953174755
MgCr(CoO3)2,729322.2184472542
MgCr(GaCu2)2,268626.6848956856
MgCr(GeO3)2,302961.60480220075
MgCr(PO3)4,162636.24612778952
MgCr(Si2O5)2,183900.52987529754
MgCr(SiO3)2,321342.95405573875
MgCr(WO4)2,212282.37069157715
MgCr2(BiO4)2,193781.92679548575
MgCr2(ClO)4,69482.27699582382
MgCr2(CoO3)4,343957.12831194134
MgCr2(Fe2O5)2,1253997.5175007486
MgCr2(FeO3)2,1111143.0403458695
MgCr2(FeO4)2,529450.8866363469
MgCr2(GeO3)4,238216.2931569335
MgCr2(HgO4)2,85520.8201213114
MgCr2(NiO4)2,346332.5762371429
MgCr2(PO4)2,463974.1522264325
MgCr2(PO5)2,179907.69470416952
MgCr2(SbO3)4,189366.41916148725
MgCr2(SbO4)2,322607.25697001163
MgCr2(SiO4)3,92465.001132857
MgCr2(WO4)2,602734.8876070905
MgCr2Ag6(ClO4)2,58967.38836988235
MgCr2Cd2O8,99250.0404738954
MgCr2F12,120249.9870554702
MgCr2Fe3Ni(PO4)6,430065.61865499406
MgCr2O4,738677.0800669601
MgCr2O6,120189.02043742972
MgCr2P2O9,341953.07857038546
MgCr2S5,220731.36176180516
MgCr2Sb2(PO4)4,210527.50566811702
MgCr3(FeO4)2,1070049.435223536
MgCr3(P2O7)2,421594.57665351435
MgCr3(SO4)6,164471.99673642832
MgCr3AgO8,278015.47734402365
MgCr3InO8,287097.64743512037
MgCr3O7,434765.98302803736
MgCr3Se2(SO6)4,159886.7399986496
MgCr3Se3(SO8)3,157214.5283862362
MgCr4(CuO4)2,673637.7244963653
MgCr4(CuS4)2,438095.16050889663
MgCr4(PO4)4,395027.90831610584
MgCr4(WO6)2,608225.5245020206
MgCr4FeO8,960953.3653782352
MgCr4O12,61074.07863152518
MgCr4O6,1121477.1407866445
MgCr4O8,600033.0244431067
MgCr6O16,173771.06688896776
MgCr7(SO4)12,208893.15048861722
MgCr8(PO5)4,696893.8972142328
MgCr8Fe3O16,1070861.647498596
MgCrAs,702491.5480098038
MgCrAs2,404843.4419830681
MgCrAs2O7,259597.07220060274
MgCrAsAu,522549.67360061425
MgCrAsO5,280367.1310573022
MgCrAsPd,569070.1998693738
MgCrAsPt,539303.8358948742
MgCrAsRh,543914.9736506703
MgCrAu2,540820.2161574707
MgCrBiO5,82780.60187431531
MgCrBiPd,499761.4981547566
MgCrBiPt,458008.5907829704
MgCrCo3O8,449795.7346135672
MgCrCo5O12,309498.3549271834
MgCrCoS4,220517.3113652793
MgCrCoSi,557987.2544517592
MgCrCuIr,397343.5959659262
MgCrCuRh,552532.4294828349
MgCrF4,502066.1544275845
MgCrF5,313735.7742377049
MgCrF6,191637.0175676436
MgCrFeO4,957435.1674274189
MgCrFeS4,289748.6656711744
MgCrGaAu,513452.6598511724
MgCrGaIr,436458.1339946359
MgCrGaNi,510973.7164969771
MgCrGaO4,274283.5582447346
MgCrGaPd,500616.8822489802
MgCrGaPt,494829.71768976556
MgCrGaRh,497969.6558274753
MgCrGaRu,578774.684281363
MgCrGaS4,204119.51354585227
MgCrGeAu,479271.43154129456
MgCrGeIr,496520.8875009271
MgCrGePd,533727.2398773459
MgCrGePt,541513.3532434559
MgCrGeRh,479335.6758287848
MgCrGeRu,507915.5159259415
MgCrH3(CO3)2,253535.61816401777
MgCrInAu,485243.4902845229
MgCrInIr,475190.77284758067
MgCrInPd,485083.02976769843
MgCrInPt,483122.57830541144
MgCrInRh,485563.5584328751
MgCrInS4,189318.471456491
MgCrIr2,329845.3330409144
MgCrIrAu,498754.73963580176
MgCrMoS4,399029.7650658829
MgCrN2,396668.84745158063
MgCrNiGe,616092.6582655996
MgCrNiSn,563001.0835862657
MgCrO2,834447.2763866915
MgCrO3,369750.87347749784
MgCrO9,69563.29246062644
MgCrP2O7,282077.38201197796
MgCrPO5,314852.64341257926
MgCrPbO3,414532.4950508426
MgCrPd2,627434.4595405578
MgCrPdPb,511946.8572019143
MgCrPt,632892.3200629458
MgCrPt2,588458.3688247919
MgCrPtO2,450797.68476141104
MgCrPtPb,499240.23359793745
MgCrRh2,358052.53532092477
MgCrRhAu,585685.1687014392
MgCrS2,265581.42890858086
MgCrSF5,142436.92002133548
MgCrSbAu,477199.5125943368
MgCrSbIr,543997.3885384719
MgCrSbO4,328522.9318978864
MgCrSbPd,523361.126793858
MgCrSbPt,508135.5009590523
MgCrSbRh,557496.4820866911
MgCrSiAu,484498.098168097
MgCrSiIr,468866.0782689557
MgCrSiNi,545330.7677010668
MgCrSiO5,216642.9736498853
MgCrSiOs,527170.546247041
MgCrSiPd,537692.2358639243
MgCrSiPt,551289.2345652247
MgCrSiRh,477868.98688252305
MgCrSiRu,530196.3853356739
MgCrSnAu,454034.77674810926
MgCrSnIr,466603.35712389636
MgCrSnPd,496080.4833342274
MgCrSnPt,502946.3723333501
MgCrSnRh,467532.2528562683
MgCrSnRu,464004.99112067034
MgCrTe(WO6)2,89015.21518462805
MgCrWO6,177539.7292549608
MgCu(GeO3)2,77764.58985733055
MgCu(SiO3)2,82967.31881632378
MgCu2(NiO4)2,477047.9492322834
MgCu2(PO4)2,126007.09960585365
MgCu2(SbO4)2,105174.56739333746
MgCu2(TeO4)2,100537.66816251194
MgCu2Ag(SO5)2,66175.4472002089
MgCu2P2O9,116601.09216252372
MgCu2TeO12,356707.4800085873
MgCu2WS4,72850.61669815044
MgCu3(GeO3)4,143843.31682558203
MgCu3(NiO3)4,147982.57115302596
MgCu3(SnO3)4,121258.04402060126
MgCu3P3O13,52367.390914712414
MgCu4(ClO3)2,63698.11092553684
MgCu4(GeO4)2,95659.8044656269
MgCu4(OF2)2,114535.68292779967
MgCu4(SO5)2,85021.61732741649
MgCu4As2(ClO4)2,78535.9093153051
MgCu5(PO5)2,119220.59275324331
MgCu6PbO8,50487.26630637819
MgCuBi(WO4)2,101727.99353321665
MgCuF4,142137.28526287002
MgCuF5,231444.21748139668
MgCuNi3O4,477874.29162074445
MgCuO2,164739.74754944144
MgCuP2O7,74190.94301732097
MgCuPdO2,75014.72465301151
MgCuSb2O7,61563.15622606941
MgCuTeO4,91219.5954401538
MgFe(CO3)2,372827.6917536494
MgFe(CoO3)2,887373.4896515473
MgFe(GeO3)2,307928.89561422047
MgFe(Mo3S4)2,129166.03164781215
MgFe(PO3)4,174256.43634679826
MgFe(SbO3)4,168194.28789081986
MgFe(Si2O5)2,185577.30361953148
MgFe(SiO2)2,304038.60050301725
MgFe(SiO3)2,392021.6622142867
MgFe10(O4F)4,1235860.5913765202
MgFe10O9F11,1181941.4015990037
MgFe11O18,1577074.4348719222
MgFe12(OF)12,1220970.5281797966
MgFe2(AgO2)2,508030.4169935848
MgFe2(BO3)2,596679.6324812538
MgFe2(ClO)2,552985.691071764
MgFe2(CoO3)4,604591.3780844617
MgFe2(CoO4)2,539465.9313887944
MgFe2(CuO2)2,818206.8910337278
MgFe2(CuS2)2,241161.5068844734
MgFe2(HO2)2,663011.8000711551
MgFe2(NiO2)4,987808.5339929905
MgFe2(NiO3)2,762446.9545214977
MgFe2(OF)2,574494.167934823
MgFe2(PO4)2,477460.4253559441
MgFe2(PO5)2,454847.50112789904
MgFe2(SO5)2,507364.2327989701
MgFe2(SbO3)4,308688.5739071638
MgFe2(SbO4)2,456499.19737265614
MgFe2(SeO5)2,467481.50198703253
MgFe2(SiO3)4,398427.7118880208
MgFe2(WO4)2,592945.8432368059
MgFe2Cu6SnS8,211406.64434337194
MgFe2CuAs2(HO5)2,383799.62711096706
MgFe2Mo2(ClO4)2,303391.2534821268
MgFe2O3,1297834.9621494405
MgFe2O5,829579.8584806944
MgFe2P2(HO)18,275000.55371750396
MgFe2Pt,945699.3089815142
MgFe2S2(O4F)2,380845.78190032655
MgFe2Si,291770.2499036163
MgFe2Si2BiO9,398477.3519349806
MgFe2Si2SbO9,425561.90783386957
MgFe2W2(ClO4)2,271254.6926938977
MgFe3(OF)3,680173.372670517
MgFe3(P2O7)2,445703.6029210424
MgFe3(PO4)3,419430.10614206555
MgFe3Co2Sb(PO4)6,377631.68842604256
MgFe3Co5O16,671268.5698118283
MgFe3Ni2Sb(PO4)6,348959.7640831807
MgFe3OF7,744427.5252409526
MgFe3P3O13,576014.8161642513
MgFe3PO7,677918.5715919489
MgFe3Pb4ClO8,422346.9342897535
MgFe4(CoO4)2,1067182.5721558116
MgFe4(CoO6)2,392707.697849344
MgFe4(CuO4)2,1126493.5370855816
MgFe4(HO2)4,735392.037520769
MgFe4(HgO4)2,854915.6741607917
MgFe4(O3F)2,445941.0851686029
MgFe4(OF)4,786055.4391511033
MgFe4(PO3)12,251998.5090290184
MgFe4(PO4)4,463915.2032606271
MgFe4(S3O23)2,336551.8972708617
MgFe4(SbS)4,82685.28480529283
MgFe4(TeO6)2,75267.19543079054
MgFe4As2O11,618456.494962218
MgFe4CoO8,1369997.335801312
MgFe4H42(S3O23)2,185757.68862020405
MgFe4NiO8,1321989.2650212613
MgFe4O5F3,482897.50855005515
MgFe4O7F,892725.2046933924
MgFe4O9,949266.576355777
MgFe4Si2Sn7O16,255075.48992813224
MgFe5CuO8,1233679.1281382786
MgFe6(O2F)4,675985.7121954941
MgFe6(O3F)3,1114021.7145055463
MgFe6(O5F)2,934910.0846417627
MgFe6(OF)6,1101998.4377411306
MgFe6(OF2)4,991473.4513428033
MgFe6O11F,932703.2033933672
MgFe6O7F5,1071598.5789261677
MgFe6Sb10(IO3)6,239670.3847528005
MgFe7(Ni3O8)2,1294740.7822217946
MgFe8(O7F)2,1163466.4852727843
MgFe8(OF)8,1108442.6907423504
MgFeAg2SnS4,177232.85612789702
MgFeAgO2,267661.69326786994
MgFeAgS2,95633.89041083379
MgFeAs,473376.4873083469
MgFeAs2O7,250093.66479357795
MgFeAsAu,372183.13247909496
MgFeAsO5,437303.4883762853
MgFeAsPd,395295.0928949887
MgFeAsPt,392455.532303662
MgFeAsRh,243878.2028600084
MgFeAu2,427818.03553527175
MgFeAuO2,632519.5639217602
MgFeBO4,666809.8890167823
MgFeBiO3,382517.718424895
MgFeBiO5,398933.3021112499
MgFeBiPd,301716.84638053965
MgFeCo3O8,580381.9092512304
MgFeCo5O12,392491.0179086624
MgFeCoO4,610777.1180677594
MgFeCu2SnS4,199444.78376141848
MgFeCu5S4,143836.97722988168
MgFeCuAs2PbO10,208785.8734617148
MgFeCuO2,557506.5904211701
MgFeCuS2,199265.86428417498
MgFeCuSi,248503.99331169075
MgFeF4,560919.6567122148
MgFeF5,518216.39372742205
MgFeF6,343454.6648922958
MgFeGePd,358765.60179307126
MgFeGePt,352377.26920625364
MgFeGeRh,249314.1801967453
MgFeGeRu,240735.00528628976
MgFeH4S2NO8,121776.83348507863
MgFeHO2,577083.8781627866
MgFeIr2,669113.6594277183
MgFeMoS4,182874.33838905598
MgFeN,123697.65109723572
MgFeNi2,682587.5893366113
MgFeNiAs,311073.85408148385
MgFeNiGe,73733.02676436742
MgFeNiP2O9,344080.3471058037
MgFeNiSb,260367.6424747041
MgFeNiSn,274913.02334428416
MgFeO2,749789.8851756586
MgFeO3,716851.3474825142
MgFeP2O7,256803.45480631062
MgFePO4,294080.5473143443
MgFePO5,506056.8972297588
MgFePbO3,415348.9408542354
MgFePd2,520170.9381633523
MgFePt,535409.6994137687
MgFePt2,455815.35774108605
MgFeRh2,689281.2390670489
MgFeSbO4,382445.9820243285
MgFeSbPd,319627.6967673033
MgFeSbPt,325546.9166393867
MgFeSbRu,54754.584313105996
MgFeSiAu,294113.54785022506
MgFeSiNi,216320.2959696792
MgFeSiO4,500589.29236024985
MgFeSiO5,429404.79095838265
MgFeSiOs,230751.0913285385
MgFeSiPd,229578.41888775214
MgFeSiPt,212682.1898441854
MgFeSiRh,241001.4563040624
MgFeSiRu,234925.6689899426
MgFeSiTc,347581.60509020224
MgFeSnAu,287818.87583895033
MgFeSnIr,59963.810519971
MgFeSnPd,329442.45717256237
MgFeSnPt,325228.4312118965
MgFeSnRh,256294.22358817566
MgGa2FeCu4,248317.1587564528
MgGa4(WO6)2,84521.4321442458
MgGaCoAg,106413.61868937833
MgGaCoAu,155920.79087441927
MgGaCoIr,147715.5593182828
MgGaCoNi,97023.30401585312
MgGaCoPd,87164.65206838486
MgGaCoPt,112764.80691771788
MgGaCoRh,139191.69073824753
MgGaCoRu,132567.46694406736
MgGaFeAu,348840.97459606593
MgGaFeCo,671468.1911608967
MgGaFeIr,389429.5404199951
MgGaFeNi,289940.4396014237
MgGaFePd,379850.71686215117
MgGaFePt,379612.9439337576
MgGaFeRh,385735.0059656815
MgGaFeRu,395731.6006365642
MgGaMoS4,192933.64939051948
MgGaTcNi,58594.517288106654
MgGe2(WO4)2,107406.70840991869
MgGe2WO6,128777.91640197475
MgGe4(MoO6)2,211009.10123268986
MgH16C4S4N2(O4F3)4,84680.50494083962
MgHg2(BrO)6,53683.201471513625
MgHg3(Cl4O3)2,116897.31868977999
MgIO12,104908.67660858255
MgIn(FeO2)2,672885.0422425639
MgIn2(FeO3)2,557309.638512472
MgIn2Ga2CuO8,55269.044535792695
MgIn6WO12,50116.2745088937
MgInCoAu,141466.4270454807
MgInCoNi,55314.88778131634
MgInCoPd,67696.01413639593
MgInCoPt,134899.05215344438
MgInCoRh,140405.26932089025
MgInFeAu,312037.9991032068
MgInFePd,361356.82193315343
MgInFePt,364120.8150576954
MgInFeRh,398133.2917301572
MgInMoS4,181261.84637117982
MgInNi2SbO6,201556.811940733
MgInWS4,173505.98103616104
MgIr2(WO6)2,81172.39052629918
MgIrO3,151245.38908380517
MgIrPd2,91519.04511835774
MgMn,902122.6934931722
MgMn(AlCu2)2,290286.45430018427
MgMn(CO3)2,454696.27560685616
MgMn(CoO3)2,671001.1680326592
MgMn(Cu2Si)2,334879.53520702996
MgMn(Cu2Sn)2,284964.7423298418
MgMn(GaCu2)2,311871.4560820637
MgMn(GeO3)2,376434.75877848413
MgMn(InCu2)2,289205.5425813943
MgMn(Ni3O4)2,1015798.7605884573
MgMn(PO3)4,202243.16868345137
MgMn(ReO4)2,369907.6334117796
MgMn(SbO3)2,335320.811068799
MgMn(SbO3)4,208442.09659482172
MgMn(Si2O5)2,227716.71193068777
MgMn(SiO3)2,409534.0626795623
MgMn(ZnCu2)2,307410.6081127492
MgMn12Zn6O24,943625.342457662
MgMn2(AgO2)2,651521.033182404
MgMn2(AgO3)2,428032.4330533478
MgMn2(B4O7)2,326858.43843328505
MgMn2(BO3)2,748582.7849763308
MgMn2(CO3)4,293054.20932717784
MgMn2(CoO3)4,681590.2910396121
MgMn2(CoO4)2,631712.1080614612
MgMn2(FeO2)4,882927.8667189539
MgMn2(FeO4)2,1094831.3679332805
MgMn2(GeO3)4,313412.8843428976
MgMn2(MoO4)2,553408.6282728054
MgMn2(NiO3)2,611634.5743248349
MgMn2(OF)2,972818.7263749958
MgMn2(P2O7)2,274018.3593327865
MgMn2(PO4)2,578485.0251336173
MgMn2(SO5)2,402232.3910364244
MgMn2(SbO3)4,367702.7054884433
MgMn2(SeO3)4,256810.80433335592
MgMn2(SiO3)4,333104.4767990359
MgMn2(WO4)2,691297.3554125251
MgMn2Al2O6,785980.8446977878
MgMn2AlAu4,549429.5993644366
MgMn2As2(PbO9)2,274266.81113966927
MgMn2Co5O12,728188.8581698205
MgMn2CoO6,765982.3783375768
MgMn2CoO7,590393.0161931233
MgMn2Cr2O8,673603.2473280298
MgMn2Fe2(PO4)4,546152.5489944187
MgMn2FeWO6,788988.3109219366
MgMn2Ir,1200994.0475393354
MgMn2O4,946346.3325036489
MgMn2O5,575818.2652530462
MgMn2P2(H2O5)2,449268.90763126325
MgMn2P2(HO5)2,404962.5812324246
MgMn2P2(O4F)2,401021.4667815642
MgMn2P2O9,446257.9012218707
MgMn2Pt,1227228.1576876235
MgMn2Te2(MoO6)2,397937.2139461376
MgMn2Tl2O6,360001.94044405175
MgMn2V2O7,713117.935360043
MgMn2V2O8,530155.019924005
MgMn2V4O12,422352.9477469679
MgMn2Zn2O12,381718.82422154763
MgMn2Zn2O6,513420.1334873518
MgMn3(CuO4)2,584529.1704191313
MgMn3(P2O7)2,536419.9872649991
MgMn3BiO8,484872.8092651382
MgMn3Cd2O8,599854.1311706192
MgMn3CoO8,686221.9275038477
MgMn3CrO8,816385.3470845859
MgMn3CuO8,683741.3822548211
MgMn3FeO8,645325.8079580507
MgMn3HO6,672285.3455271558
MgMn3NiO8,696428.527189884
MgMn3O6,896096.1727061098
MgMn3O7,612734.2849388598
MgMn3P3O13,461075.25246261986
MgMn3SbO8,674114.1576484112
MgMn3SnO8,633199.149110813
MgMn3Te4,531033.0513840307
MgMn3TeO8,673620.9823631245
MgMn3V2O10,625988.8990765369
MgMn3VCr2(PO4)6,421679.45451429574
MgMn3VO8,724001.1400106506
MgMn3Zn2O8,523319.51398306823
MgMn4(CoO6)2,813044.4878216195
MgMn4(CuO4)3,662503.8393181529
MgMn4(FeO4)2,1311182.23934565
MgMn4(FeO6)2,886027.0070688636
MgMn4(HO2)4,1021091.2806098015
MgMn4(HO4)2,947243.3346338645
MgMn4(NiO4)2,713695.6756015713
MgMn4(NiO6)2,588483.270336219
MgMn4(O2F3)2,792595.5914687349
MgMn4(O3F)2,560937.5030877811
MgMn4(OF)4,641011.3032945471
MgMn4(OF4)2,850039.0511217815
MgMn4(Si4O11)2,378228.7942357487
MgMn4(ZnS4)2,571529.6036378165
MgMn4Cd2O8,613693.5528669418
MgMn4Cr2O12,730922.1324466014
MgMn4CuO8,971879.8551306226
MgMn4FeO8,1230450.665970604
MgMn4In2O10,692457.752789149
MgMn4NiO8,1066561.9922756094
MgMn4O6,1029389.4613014205
MgMn4O7F,809711.1228124031
MgMn4O8,858247.9153187034
MgMn4Zn2O8,576037.5190367975
MgMn4ZnO8,888270.7467068413
MgMn4ZnS8,513258.66962226504
MgMn5Cr(PO4)6,480455.87075618934
MgMn5Cr2O12,1011127.1501164994
MgMn5FeO12,866558.4658239108
MgMn5O7F,1206193.7259114408
MgMn5O8,837992.096578647
MgMn5O9F,860788.3282004222
MgMn5SbO12,705660.3521513015
MgMn6(O2F)4,940128.8212715525
MgMn6(O3F)3,910146.6341487607
MgMn6(O5F)2,877841.449739358
MgMn6(OF)6,1024615.3143362387
MgMn6(OF2)4,1043522.3051977872
MgMn6(PO4)6,433158.2023177187
MgMn6Nb4O18,692090.9497571902
MgMn6O11F,899944.710376619
MgMn6O12,712162.9480344991
MgMn6O5F7,1045007.8234474941
MgMn6O7F5,1010579.2674134644
MgMn8(OF)8,1058715.7825397383
MgMn8(SO3)8,610682.5400056334
MgMn8(SiO3)10,598378.1791532981
MgMn8O13F3,993387.9132537304
MgMn9CdO10,1490502.079295573
MgMnAgO2,608162.4091482757
MgMnAlAg,487057.5013833081
MgMnAlAu,493074.1176541812
MgMnAlCo,575561.1230685711
MgMnAlCu,522206.1817804787
MgMnAlIr,520942.95895043795
MgMnAlNi,601710.5578574947
MgMnAlOs,535007.8742491952
MgMnAlPd,545021.3742034321
MgMnAlPt,569842.5087183733
MgMnAlRh,530132.032007674
MgMnAlRu,514644.6073451168
MgMnAlS4,273787.3306011671
MgMnAs,636347.7093871358
MgMnAs2,427371.859516664
MgMnAs2O7,320216.686523156
MgMnAsAu,583090.2243529544
MgMnAsIr,586799.5424723
MgMnAsO5,352850.42313020997
MgMnAsPd,561592.3066348082
MgMnAsPt,554320.8279727085
MgMnAsRh,607814.5236095111
MgMnAu,625956.7888229141
MgMnAu2,540670.2921901974
MgMnBiO5,167136.7903606387
MgMnBiPd,467852.873637344
MgMnBiPt,468963.9535465095
MgMnCd6O8,221783.9429994059
MgMnCo3O8,486131.8566653975
MgMnCo5O12,178193.16495827833
MgMnCoO4,558247.2359657496
MgMnCoSi,717046.3394413566
MgMnCrS4,480865.39054241765
MgMnCu2SnS4,243804.25413515826
MgMnCuO2,659273.7482559023
MgMnF4,673452.0336596726
MgMnF5,307819.7930818147
MgMnF6,300808.9727291338
MgMnFeSi,523338.25661405205
MgMnGaAg,500373.2865501767
MgMnGaAu,511058.3108148471
MgMnGaCo,590778.2830240868
MgMnGaCu,535315.3918228289
MgMnGaIr,544574.5867843824
MgMnGaNi,629918.3065797436
MgMnGaPd,553569.6822036698
MgMnGaPt,571239.8185086199
MgMnGaRh,549764.4388510038
MgMnGaRu,525554.1714114852
MgMnGaS4,266596.5291282116
MgMnGe,386726.4044910072
MgMnGeAu,528576.0851156629
MgMnGeIr,575131.8995602163
MgMnGeO4,559866.4900171969
MgMnGePd,544858.0250151211
MgMnGePt,550908.2003618409
MgMnGeRh,590150.8157386602
MgMnGeRu,472568.6865736337
MgMnHO2,706927.2417786227
MgMnInAu,471101.37707976997
MgMnInIr,515917.07830179855
MgMnInNi,569239.6245749159
MgMnInPd,512045.8494138534
MgMnInPt,525449.0521829948
MgMnInRh,519635.2260023705
MgMnInS4,248752.11711779743
MgMnIr2,492656.98810772673
MgMnMoS4,454996.41250376345
MgMnN2,206843.61963910598
MgMnNbAl,151049.27316646083
MgMnNbO4,519183.4283478636
MgMnNi2,810133.0237316051
MgMnNiGe,581757.1945854883
MgMnNiP2O9,290443.4390293703
MgMnNiSn,516875.4491472893
MgMnO2,1047394.655576113
MgMnO3,575211.2484966633
MgMnP2O7,315135.4441486689
MgMnPb2WO6,299863.1317187501
MgMnPbO3,493330.15708347515
MgMnPd,694611.1674634492
MgMnPd2,651583.5301657054
MgMnPdPb,486218.5561534263
MgMnPt,695006.7043281163
MgMnPt2,681061.6284299043
MgMnPtPb,496408.5660002054
MgMnRe2(HO5)2,187772.7609406563
MgMnRh2,593280.2622150737
MgMnRuAu,611796.4312212522
MgMnS2,643190.141344995
MgMnSb,535016.4706720719
MgMnSbAu,506895.34764618723
MgMnSbIr,541265.4305013049
MgMnSbO4,476990.335766663
MgMnSbPd,500978.7464246937
MgMnSbPt,499204.7838640476
MgMnSbRh,525242.4184062451
MgMnSiAu,528808.622632532
MgMnSiIr,452380.82243081415
MgMnSiNi,603655.217279007
MgMnSiO4,590636.2084138531
MgMnSiO5,332357.88098342717
MgMnSiOs,455295.7421064892
MgMnSiPd,535439.5804610346
MgMnSiPt,526248.9210604641
MgMnSiRh,450969.8918749603
MgMnSiRu,465809.8124572669
MgMnSiTc,532095.1299433704
MgMnSnAu,465538.01011319493
MgMnSnIr,537347.2918186327
MgMnSnPd,489586.90156425844
MgMnSnPt,495115.18872420664
MgMnSnRh,539008.0367040485
MgMnSnRu,475103.05186604726
MgMnTe2,352208.3776759303
MgMnTe4,262850.63322761713
MgMnTl(VS2)4,255656.7018594755
MgMnTlAu,468061.7208966993
MgMnTlPd,509868.45330947486
MgMnTlPt,521884.73786758765
MgMnV2O6,427755.1824736161
MgMnV3O8,348401.0045502504
MgMnV4CoO12,360534.2348983729
MgMnV4CuO12,215908.83428293947
MgMnV4NiO12,303211.0283208836
MgMnV4O12,211627.0594981215
MgMnV5O12,366225.1534783866
MgMnVP2(HO5)2,304733.71368779946
MgMnVP2(O4F)2,297535.63555718836
MgMnVS4,409107.3105182756
MgMnWS4,316760.6687909802
MgMnZn2,520784.67531343503
MgMnZn2WO6,492518.29682217824
MgMnZnAu,541007.0265699677
MgMnZnIr,564218.8616519434
MgMnZnNi,582568.2249589774
MgMnZnPd,557266.6683800714
MgMnZnPt,561246.9848966661
MgMnZnRh,567413.5867297801
MgMo(WO4)2,216466.79321284118
MgMo2(BrO)4,73500.6494393868
MgMo2(Cl4O)2,53468.530353276474
MgMo2(HO2)4,106985.82458698633
MgMo2(IrO6)2,56885.781707413604
MgMo2(NO5)2,282095.2082032243
MgMo2(PO5)2,197333.7858832453
MgMo2(Pb2O5)2,57871.158020051786
MgMo2(RhO3)4,85935.91620241763
MgMo2(WO6)2,85592.2793953295
MgMo2H4(Cl2O3)2,65472.88238378879
MgMo2HO6,227870.71941251506
MgMo2O5,333859.86816499557
MgMo2P2O9,310141.30588505266
MgMo3O7,351658.11627307715
MgMo3O8,230283.70722611668
MgMo3P3O13,308315.4937606695
MgMo4O9,383481.7647777269
MgMoAsO5,238558.68687245727
MgMoF5,274300.69678267994
MgMoF6,177170.31173883885
MgMoO3,305774.1934458624
MgMoO9,252559.03689045907
MgMoOs(PbO3)2,100092.60135837611
MgMoP2O7,206436.69193758463
MgMoWO6,165232.88377493838
MgN(ClO2)3,100155.35148505981
MgNb2(BO4)2,141475.1692177246
MgNb2(CoO4)2,318735.84968272405
MgNb2(FeO4)2,431157.6660890726
MgNb2(GaO4)2,118330.97744672856
MgNb2(I3O)2,50653.964675814284
MgNb2(O2F)2,153503.3077627464
MgNb2(PO5)2,78735.5845180074
MgNb2Al2O8,125857.29670917238
MgNb2V2O10,81184.95037422501
MgNb2V2O8,338200.66087231215
MgNb3O7F,91474.15230673288
MgNb3SiO10,50812.25313429046
MgNb4(CoO6)2,217595.44804909997
MgNb4(NiO6)2,78991.53782512725
MgNb4(O2F)4,67690.0720012826
MgNb4VO12,120255.88094752376
MgNb5O9,441322.7897312739
MgNbAs2,185981.13875516522
MgNbCo2,166635.66417234662
MgNbCrO4,368318.9497773439
MgNbCu3S4,76087.58653604859
MgNbO3,76360.08736534511
MgNbOF3,221319.9137816627
MgNbTe2,97518.11527007452
MgNbTeAs,186941.48168721594
MgNbTlBr4O,79728.69429372638
MgNbV3O10,77118.58686348848
MgNbV3O8,334809.41262141464
MgNbVO4,316997.659096998
MgNi(GeO3)2,159964.76060658693
MgNi(PO3)4,84807.89078241405
MgNi(TeO3)4,58433.9519432407
MgNi(WO4)2,125668.98174012522
MgNi2(AgO2)2,160095.8177712164
MgNi2(BiO3)2,235604.8119989929
MgNi2(BiO3)4,106086.88938784851
MgNi2(PO4)2,254631.95431732747
MgNi2(PO5)2,233053.5139290484
MgNi2(SbO3)4,79215.62089678545
MgNi2O5,267829.1007267756
MgNi3,183340.8645534378
MgNi3(P2O7)2,232866.80063091902
MgNi3P3O13,225639.8923158322
MgNi4(OF2)4,420525.94686100906
MgNi5,246824.912192634
MgNiAgO2,270657.6824774405
MgNiAs2O7,133787.41348830087
MgNiB2P2(H3O4)4,59593.18662766487
MgNiBiO5,277561.95277861855
MgNiBiP2O9,60190.46002260201
MgNiF4,288325.77823808027
MgNiF5,330921.7699379601
MgNiHO2,222279.48924543074
MgNiMoP2O9,186199.12732249347
MgNiO2,400895.4997394037
MgNiP2O7,143046.68439764867
MgNiPO5,220287.37192576475
MgNiPt2,51798.363474737234
MgNiRh2,334371.25178778125
MgNiS2,212784.40583348437
MgNiSbP2O9,103307.5283022795
MgNiSnP2O9,104471.76142233424
MgNp2O4,674806.6102515556
MgNp3,1090880.749014027
MgNpAs,648530.0557526241
MgNpAs2,360793.32024022326
MgNpAu2,453361.9260274321
MgNpGe2,427480.61995231995
MgNpIr,532571.9840555566
MgNpO3,425760.01246287336
MgNpPt,558336.2106466077
MgNpSb2,372517.5894801218
MgNpSi2,456320.3776099458
MgNpTe2,390357.23261043255
MgOsO3,179214.5894738438
MgP2(HO)18,143505.0851567836
MgP2(WO5)2,204182.51666471126
MgP2W2O9,307649.70264959446
MgP2WO7,192813.39592570078
MgP3NO9,87138.61862694794
MgP3W3O13,304602.5139458423
MgP4W3O14,276689.7661987449
MgP4WO12,150634.7850323327
MgP8(WO12)2,118042.02783473764
MgPH6NO5,92243.54202471442
MgPHO9,236991.04330897104
MgPO7,66212.11449419461
MgPa2O4,251740.6499334577
MgPaAs,203051.24277917884
MgPaAs2,87672.04585720113
MgPaO3,86654.5429193375
MgPaTe2,97813.52054662813
MgPb2(WO4)2,55824.83108436001
MgPd2Rh,113025.89785825698
MgPd2Ru,303052.4099847529
MgPdRh2,288705.5761840487
MgPtO3,147833.43551904632
MgPtRh,151881.79691362713
MgPtRh2,287326.12864891195
MgRe3S4O11,60417.59040765668
MgReO3,257061.1114362198
MgReO4,136423.47529017463
MgRhF6,106107.0437947511
MgRhO3,193939.130888636
MgRuO3,319840.91296328796
MgRuPt2,301763.6482692125
MgS2O9,210639.65508779156
MgSO8,368213.6953925104
MgSO9,220117.25469477617
MgSb2(RhO4)2,73677.8679945065
MgSb4(WO6)2,61812.84829539537
MgSe2(NO7)2,101910.706644243
MgSeO5,180911.99176583422
MgSeO9,240528.2468320224
MgSi2NiO6,168625.67269506527
MgSi2WO6,238814.9467127938
MgSi3HO12,173188.3460453823
MgSi4(MoO6)2,231194.18101870123
MgSi4NiO10,94684.55782234641
MgSi4WO10,175784.55284434598
MgSiNiMo,62700.43988516235
MgSiNiO4,256418.8362865899
MgSiNiO5,66388.24780356114
MgSiO4,314833.6842701007
MgSnO6,408328.33234547154
MgTa2(CuO4)2,105549.39875266879
MgTa2(FeO4)2,394249.82451564854
MgTa2CoO7,181798.22755532514
MgTa4Mn4Nb4O24,434948.0192089184
MgTaAs2,149108.54306332805
MgTaCo2,161150.01422059134
MgTaTi(PO4)3,79814.24274513074
MgTcO3,263108.1508178266
MgTcPd2,431389.0667554667
MgTcRh2,461552.3168530404
MgTe(ClO)6,52672.835901980005
MgTe2Rh,87598.12965981437
MgTi,140764.6709734598
MgTi(CoO3)2,539848.2301328449
MgTi(CuS)4,104592.27102002972
MgTi(FeO2)4,1063837.9011109662
MgTi(GaO2)4,57018.962773058585
MgTi(PO3)4,81766.03753980222
MgTi(Si2O5)2,90832.48979772863
MgTi(SiO3)2,164333.1546277803
MgTi(WO4)2,114462.15358268167
MgTi11O20,148425.35996370215
MgTi14O25,156574.25244420994
MgTi2,68953.88399485814
MgTi2(CoO2)4,451424.14988204476
MgTi2(CoO3)2,319366.6681632101
MgTi2(Fe2O5)2,717392.1781383788
MgTi2(FeO2)4,774821.6988423234
MgTi2(FeO3)2,487041.50718470453
MgTi2(GeO3)2,129042.43176256194
MgTi2(NiO3)2,162982.7751270864
MgTi2(OF2)2,154707.275103369
MgTi2(PO4)2,239033.98175970832
MgTi2(SiO3)4,81543.66305345655
MgTi2(SiO4)2,59909.77571521132
MgTi23O40,171163.4958371052
MgTi2Al4O10,100869.65370197508
MgTi2Au,261987.93206668325
MgTi2Be3(SiO4)3,169457.56152552998
MgTi2CoO7,263150.32733057044
MgTi2Ga,225282.62801125104
MgTi2Mn2O6,714853.0702001308
MgTi2Mn4O12,541872.9003857174
MgTi2O4,134624.32056510012
MgTi2P2(HO5)2,99765.10980353183
MgTi2P2(O4F)2,97867.38080326261
MgTi2P2O9,109076.48760960181
MgTi2Pd,270140.92943475215
MgTi2Tl2W2(O5F)2,62879.25160884871
MgTi2V2O8,189370.33338169794
MgTi2Zn2(PO5)2,86148.99762232724
MgTi2Zn2(SiO5)2,91808.97515719385
MgTi2Zn2O6,157512.07573912296
MgTi3,269254.01529099536
MgTi3CuO8,50916.5440321077
MgTi3Fe2Co(PO4)6,195086.3359690303
MgTi3Nb(CuO4)3,52266.568278222505
MgTi3O6,95436.05974220089
MgTi3P3O13,111124.66153842333
MgTi3V5O16,224507.71243123908
MgTi3Zn2O8,111659.19336938419
MgTi3ZnNiO9,117169.03809181636
MgTi4(CuO4)3,136132.54314641698
MgTi4(CuS4)2,93482.78268010607
MgTi4(FeO4)3,461746.738582029
MgTi4(FeO5)2,454251.0587324515
MgTi4Cd2O10,78746.66201034651
MgTi4Cr2O10,432630.6232137781
MgTi4MnZnNiO12,216599.13795834855
MgTi4O8,81286.57891085678
MgTi4Pb2O9F2,67581.52565027306
MgTi4Zn2O10,81073.30206560815
MgTi5NbO12,76470.03061980185
MgTi5O10,100406.8019953454
MgTi8(NiO3)8,260711.45717343452
MgTiAlFe,157959.43333574524
MgTiAlS4,67324.75085031404
MgTiAlZn,113906.95506984254
MgTiAs,317709.11157389503
MgTiAs2,78970.99516680375
MgTiAsO5,86719.9916205505
MgTiAu,144407.08839952483
MgTiBO4,135250.31915282103
MgTiCo3O8,485591.10763328907
MgTiCo5O12,274582.37283873017
MgTiCoAs,160286.4134517071
MgTiCoGe,56056.65227965231
MgTiCoS4,71428.1977646066
MgTiCoSi,70553.5988403673
MgTiCoSn,95134.21002003501
MgTiCr(PO4)3,125220.47629902934
MgTiCrO4,433522.9962338886
MgTiCrS4,269961.1629959983
MgTiCrSi,263404.7710094645
MgTiCrSn,202709.61005342414
MgTiCu(PO4)3,84143.38667024038
MgTiCuAs,259393.45046907742
MgTiCuGe,118937.98809194381
MgTiCuSb,233019.83465431308
MgTiCuSi,117210.33095685262
MgTiCuSn,147038.95826496658
MgTiF4,279370.0507292306
MgTiF5,101046.7390302849
MgTiFe(PO4)3,208798.49598353513
MgTiFeAs,131442.01260753087
MgTiFeGe,84926.74876840241
MgTiFeO4,451435.07584023295
MgTiFeS4,140705.79889402585
MgTiFeSb,120692.2960368804
MgTiFeSi,50698.914363222546
MgTiFeSn,79464.2832921911
MgTiGa2,115919.06097139315
MgTiGaFe,169700.98093266756
MgTiGaS4,54973.57789449954
MgTiGe,127246.20530281978
MgTiGe2,144943.9680498583
MgTiH6(OF3)2,103062.20232346575
MgTiInS4,60806.37382698177
MgTiIr,103582.63856918839
MgTiMn(PO4)3,165593.7290639678
MgTiMn3O8,660379.9058497258
MgTiMn5(PO4)6,444411.4406361528
MgTiMnAl,310992.7408837368
MgTiMnAs,111813.54588644776
MgTiMnGa,304369.26423218293
MgTiMnGe,177012.70595744305
MgTiMnO4,552476.1903433739
MgTiMnS4,332047.8790258754
MgTiMnSi,168562.9725086003
MgTiMnSn,136657.3080749183
MgTiMnV4O12,315612.26943621784
MgTiMo(PO4)3,119575.92863520286
MgTiNiAs,139068.7449317946
MgTiNiP2O9,112749.35100787484
MgTiNiS4,141128.4265085664
MgTiNiSb,177033.8961932782
MgTiP2O7,145443.30577649828
MgTiP3WO12,118564.07913705459
MgTiPO5,102329.4623573553
MgTiPd,238326.19045606017
MgTiPt,117165.68643310438
MgTiRh,102623.1901880344
MgTiSb2,144253.71197104955
MgTiSn2,200443.37036344525
MgTiTe2,184365.081788659
MgTiV(PO4)3,82878.68297280336
MgTiV2CrO10,80548.09787067921
MgTiV3O8,292905.8897520299
MgTiV4CoO12,255128.9041510309
MgTiV4FeO12,296014.5434581099
MgTiVO4,347331.93209389446
MgTiVS4,203567.80621747396
MgTiVSi,241608.3110234844
MgTiZn2WO6,293899.4335632128
MgTiZnAs,170847.4775583583
MgTiZnCo,84458.4460823106
MgTiZnFe,127465.36606412457
MgTiZnGa,110461.41780525152
MgTiZnGe,216912.61892185354
MgTiZnIn,125313.24728696482
MgTiZnSi,188800.54684533898
MgTiZnSn,222382.1095201317
MgTl2(CoO3)2,207826.55956073644
MgTl2(CuO2)2,79488.9743557012
MgTl2(FeO2)2,549979.9288631248
MgTl2(FeS2)2,119772.75277411612
MgTl3VS4,72596.98880956118
MgTl4(MoO4)2,56863.90270060214
MgTl4(NiO3)4,213345.3188757997
MgTl4(WO4)2,53749.477110258114
MgTlCoPd,115803.51742413375
MgTlCoPt,137095.69206250214
MgTlCrPt,481614.96503021475
MgTlV4FeS8,274635.8351301455
MgTlV4O10,123227.68431039518
MgU,182105.0347796041
MgU2(AsO8)2,164871.0945879316
MgU2(PO11)2,177299.68564811017
MgU2(SiO9)2,79004.46218892293
MgU2O4,507426.5098342711
MgU2O6,169484.6813519689
MgU2Si2(HO3)4,55000.924446766294
MgU8Se17,225949.50412691847
MgUAs2,222429.3594200298
MgUAu2,279154.85462327197
MgUGa2,237234.73029812184
MgUGe2,231704.51541033643
MgUIr,355264.69573474204
MgUIr2,198577.44893289206
MgUO3,291724.9946449803
MgUPd2,271264.487063356
MgUPt,368136.81773305434
MgUPt2,228843.1600489039
MgURh2,273829.85040200484
MgURu2,164708.70062872674
MgUS2O21,129751.73891030581
MgUSb2,210214.52926806084
MgUSe2O15,177007.03786996144
MgUSi2,239485.39887892976
MgUTe2,263970.7024732094
MgV(CO3)2,261798.11661302127
MgV(GeO3)2,229539.50653434932
MgV(PO3)4,122738.01983793762
MgV(SbO3)4,54597.859644688375
MgV(Si2O5)2,135418.9857996304
MgV(SiO3)2,252095.86181372628
MgV(WO4)2,171288.79983220223
MgV12(BO5)4,785504.4483867349
MgV12Zn6O24,491667.4597203632
MgV2(CO3)4,176674.2784375832
MgV2(CoO4)2,353903.9565653918
MgV2(CrS4)2,301970.6569891373
MgV2(CuO4)2,120222.36707718772
MgV2(FeO2)4,978977.1830403979
MgV2(FeO4)2,448852.6607335136
MgV2(GeO3)4,77384.46335340575
MgV2(H2O3)2,303793.16262911726
MgV2(MoO5)2,147746.65710506958
MgV2(O2F)2,175791.7532196482
MgV2(OF)3,253692.35174298464
MgV2(OF2)2,329739.8564825626
MgV2(OF3)2,120775.60262906601
MgV2(PO4)2,361458.032881012
MgV2(PO5)2,103808.61781679283
MgV2(SO5)2,187855.00182162074
MgV2(SbO4)2,217825.9074443438
MgV2(SiO3)4,164456.6940670166
MgV2Bi4O11,63617.595300183224
MgV2Cd2(CuO4)2,91909.96181645033
MgV2Cd2O7,109156.58932696555
MgV2CdO6,139472.34865641844
MgV2CoO6,386137.86321843613
MgV2CoO7,205009.99319748726
MgV2Cr2O8,491823.3823132283
MgV2Cr4O12,381523.7823606971
MgV2Cu3O8,51045.91450912354
MgV2CuO6,77566.82044022146
MgV2CuO7,63695.47772496715
MgV2Fe2(H2O5)2,264991.4598695595
MgV2H2O5,375390.72735660727
MgV2In2O8,52651.452174534876
MgV2MoO8,98541.15685814894
MgV2Ni(TeO5)2,112731.10786812373
MgV2O4,487905.5635684715
MgV2O5,186394.81958178856
MgV2P2(H4O7)2,68004.85097010096
MgV2P2(HO5)2,200125.53693714595
MgV2P2(O4F)2,200000.66269882215
MgV2Pb(OF4)2,84149.8107673401
MgV2Pb3O8,76836.17457050775
MgV2S4(N3Cl2)2,53852.62304864164
MgV2S5,109960.26244022335
MgV2Te2O7F2,190503.87931392828
MgV2Zn2(SiO5)2,186886.05024635402
MgV2Zn2O7,123719.44363174542
MgV2Zn4O8,221785.63607903078
MgV2ZnO6,75542.81331739997
MgV3(OF)4,314768.54617491685
MgV3(P2O7)2,326020.29129335633
MgV3CoO8,291466.00464700826
MgV3CoSn2(PO4)6,134522.52184900598
MgV3CrO10,124358.86239300229
MgV3CrS8,265813.4417455925
MgV3FeO8,362040.33358752675
MgV3O6,404350.8561428816
MgV3O7,199317.12766890568
MgV3O8,92130.4841412651
MgV3OF11,167181.40894635007
MgV3P3O13,227746.92390031254
MgV3SnO8,282067.3240524619
MgV3Zn2O8,259345.1588965366
MgV4(CoO6)2,134751.8981324621
MgV4(CuS4)2,226283.32189690304
MgV4(FeO6)2,360882.1813972458
MgV4(GeO4)4,147874.92412826396
MgV4(NiO6)2,161752.3032254289
MgV4(O2F)4,84860.78850668397
MgV4(O3F2)2,298041.8295997269
MgV4(OF)6,173978.81049506163
MgV4(OF2)4,259072.61802494345
MgV4(OF6)2,194564.54191342418
MgV4(PO5)4,53300.38372212806
MgV4(PbO6)2,62907.62296884612
MgV4(WO6)2,429639.91618523735
MgV4Ag2O11,61561.03858336917
MgV4As2O13,221941.81928923278
MgV4CoNiO12,261219.41711397786
MgV4Cr2O12,373160.0981529959
MgV4Cu3O14,90086.44978237203
MgV4FeCoO12,330397.6332180505
MgV4FeNiO12,152986.32679096732
MgV4O10,90814.01962183672
MgV4O5F7,216687.82891582235
MgV4O6,794965.8885372378
MgV4O7F5,132951.0395796696
MgV4O8,351633.8773497874
MgV4O9,215773.70790895584
MgV4P2O13,214061.01797184412
MgV4Sb2(PO4)6,181519.23769143887
MgV4SnO12,69782.77708853091
MgV4Zn2O10,167107.6624647956
MgV4Zn2O12,91199.53708252433
MgV4ZnO10,170555.17080688465
MgV5(MoO5)5,134758.04467378254
MgV5CoO12,299939.02352127124
MgV5CrO12,345008.48356988025
MgV5FeO12,329206.4943148792
MgV5H20NO22,52699.23433250496
MgV5O10,350100.2418682687
MgV5O12,126429.06721836748
MgV6(OF5)3,303862.60602505645
MgV6O11F,404100.20467428287
MgV6O15,65406.524277659795
MgV6O5F19,62719.201543728625
MgV8(OF)8,551185.3611463824
MgV8(PO4)12,63565.649937635106
MgV8Ge4(O2F)8,368114.303871777
MgV8O16,289256.47556572524
MgV8O24,136101.91942196686
MgV8Zn4O16,483361.975093708
MgVAg3O4,65750.6441527618
MgVAgPd,365908.00692968897
MgVAgPt,137788.9950891151
MgVAs,466738.2305639303
MgVAs2,294883.7117812942
MgVAs2O7,66190.78257430771
MgVAsO5,171474.65708733295
MgVAu2,339262.56829767575
MgVBO4,233315.9259484475
MgVBiO4,147468.90101726144
MgVBr2O,222947.99464036032
MgVCl2O,254745.6482122392
MgVCo2,191216.9310849212
MgVCoS4,145735.37291072236
MgVCoSi,394339.77622576634
MgVCr2Fe3(PO4)6,446588.9825624213
MgVCr3S8,338995.63766525435
MgVCrP2(HO5)2,254673.62247355015
MgVCrP2(O4F)2,254282.83457129853
MgVCrS4,347010.9147815319
MgVCu3S4,106492.24288900649
MgVCu3Se4,96032.48471821778
MgVCuO3,200696.64058568128
MgVF5,204817.50826820201
MgVF6,94514.40275960106
MgVFe(P2O7)2,225222.6209484823
MgVFeMo3O14,149789.77510585374
MgVFeP2(O4F)2,284584.6963377297
MgVFeS4,217494.88709317325
MgVFeSi,107140.0958942457
MgVGaNi,318452.65903236915
MgVGaS4,134982.74075623366
MgVInS4,125508.28763827766
MgVMoO5,187653.27557682313
MgVMoS4,328652.9964113198
MgVN2,191400.2604562139
MgVNi2,157757.00209132905
MgVNiAs,320201.1526944144
MgVNiAu,270184.6975927603
MgVNiGe,374934.9519514645
MgVNiP2O9,170812.6996098933
MgVNiSn,392700.7901260512
MgVO2,564574.0598465225
MgVO2F,245178.1124044393
MgVO3,172105.21633483775
MgVOF2,422670.60430434486
MgVP2O7,212331.45950450195
MgVPbO3,100081.07875669007
MgVPd2,303863.80849212455
MgVPdAu,342340.09222792677
MgVPt,119353.0182093917
MgVPt2,272810.62693531095
MgVPtAu,288161.84467278415
MgVRh2,79832.6749571558
MgVRhO4,133347.7005293425
MgVS2,260648.90572092676
MgVS3,85691.0863398096
MgVSbO4,145897.99160459242
MgVSiNi,385074.012353777
MgVSiO5,107070.51690900097
MgVSnO4,278516.05200009205
MgVTe2,274851.16968549805
MgVTeAs,268330.7006811055
MgVZn2WO6,338855.4746190551
MgW2(BrO)4,68076.49461799498
MgW2(ClO)4,78573.96211336987
MgW2(OF)4,105302.79817560446
MgW2(OF4)2,87605.67122594916
MgW2O5,251008.36701476248
MgW4O9,401688.38391209324
MgWBr4O,96314.83385170015
MgWCl4O,110923.66905783158
MgWF4,438960.37187023077
MgWF5,284008.9522399416
MgWF6,174081.40193251803
MgWO2,462055.1340909063
MgWO3,298543.01397820143
MgWO5,164435.359129288
MgWOF4,175571.3128939055
MgZn(Cl2O3)2,140611.72611347615
MgZn(CoO2)4,689208.3257392247
MgZn(FeO2)4,926319.2387847209
MgZn(NiO2)4,255228.05223406464
MgZn(ReO4)2,103150.49747290894
MgZn2(AgO2)4,59058.18183725629
MgZn2(CoO2)4,799882.3717484447
MgZn2(CoO3)2,273037.29121025297
MgZn2(CoS2)4,70024.70904573287
MgZn2(CuO2)4,217796.50688557504
MgZn2(FeO2)4,699571.0766927601
MgZn2(FeO3)2,521204.06141143286
MgZn2(FeS2)4,207791.02320229262
MgZn2(MoO3)4,250275.61822382864
MgZn2(MoO4)2,110941.30798710373
MgZn2(NiO2)4,257050.41652578933
MgZn2(WO4)2,64861.262134483106
MgZn2AgWO6,65156.25095163821
MgZn2Co2(PO5)2,277036.6299408615
MgZn2Co2(SiO5)2,224785.20700868717
MgZn2CoWO6,141920.68015432672
MgZn2Cr2O8,114336.72813414536
MgZn2CuWO6,72163.85877369411
MgZn2Fe2(SiO5)2,455218.3455531282
MgZn2FeCu4,221688.05587766756
MgZn2FeWO6,441458.16579314944
MgZn2Mo3O8,419345.0986590076
MgZn2MoWO6,357533.4684374039
MgZn2Ni3O8,123786.96686086265
MgZn2Te2(MoO6)2,66529.06693485037
MgZn4(Co3O8)2,474734.93991380424
MgZn4(Fe2O5)2,627005.0085423515
MgZnCo,240871.9417762567
MgZnCoAu,124185.64006194222
MgZnCoIr,272770.750895472
MgZnCoPd,116638.3767545548
MgZnCoPt,142052.87017106058
MgZnCoRh,265205.8330799682
MgZnCrAu,514411.6768812882
MgZnCrIr,389084.9478626548
MgZnCrPd,534545.4403769136
MgZnCrPt,523749.8317555076
MgZnCrRh,564935.1784538047
MgZnFeAu,389662.7327174891
MgZnFeIr,460662.2223343802
MgZnFePd,422282.92638913775
MgZnFePt,439811.99386245594
MgZnFeRh,448368.87859899737
MgZnIr2,87990.98205352115
MgZr(MoO4)2,103180.75513220928
MgZr2H12(OF3)4,62029.999850868444
MgZr3U7O20,361473.09273414203
MgZr4(CuS4)2,57898.181953259074
MgZrAlFe,141559.6039463853
MgZrAs,157019.0244041218
MgZrAu,89112.9672512889
MgZrCoGe,84380.54260864829
MgZrCoSi,94666.6168347665
MgZrFeGe,104724.63755793688
MgZrFeSi,102335.70029430956
MgZrFeSn,96727.25094458663
MgZrGaFe,144231.26476477712
MgZrInFe,146239.0890871836
MgZrMnAl,273256.51225043845
MgZrMnAs,266755.4401252366
MgZrMnGa,329005.2462435509
MgZrMnGe,142956.5923192608
MgZrMnSi,151372.54889460618
MgZrMnSn,129170.12465552734
MgZrNi,116129.25687572433
MgZrPd,132115.11572764648
MgZrPdPt,50800.76911187332
MgZrPt,65212.06963076432
MgZrTe2,153125.88736762363
MgZrZnCo,144027.72919018433
Mn(AgO2)2,101015.45515704819
Mn(AlS2)2,356856.7545645824
Mn(AlTe2)2,207028.99488916536
Mn(AsO2)2,438154.30130980193
Mn(AsO3)2,491648.36134373647
Mn(BMo)2,409964.0723064156
Mn(BO2)2,802081.951667109
Mn(BO4)4,185236.9085044622
Mn(BW)2,370526.6422744219
Mn(Bi3O5)4,53357.818530103825
Mn(C2N3)3,68619.95175400432
Mn(CN)2,404998.5086784205
Mn(CO)6,108436.07500421445
Mn(CO3)2,148292.15396695383
Mn(CdN)2,264036.23970642325
Mn(CdN)3,173653.79617124805
Mn(CoN)2,643899.8224331731
Mn(CoO2)2,718626.7455413945
Mn(CoO2)4,727924.1959931924
Mn(CoO3)2,455257.9901704134
Mn(CrS2)2,799477.718267027
Mn(CrSe2)2,705842.2225807284
Mn(CuCl2)2,303504.22297598957
Mn(CuS)2,567150.0037990898
Mn(CuSe)2,497638.2849676479
Mn(CuTe)2,407846.8899140391
Mn(FeB)2,1372480.7617811253
Mn(FeN)2,568796.0179312928
Mn(GaO2)2,607483.3566050939
Mn(GaS2)2,299249.24909980566
Mn(GaSe2)2,257881.71237659565
Mn(GaTe2)2,223823.5045162298
Mn(GeO3)2,239790.06027490713
Mn(GePd)2,421217.3228998436
Mn(HCl)2,346927.3808241801
Mn(HO)2,988537.5436950859
Mn(IO2)2,200632.5103447636
Mn(IO3)2,344721.90288217197
Mn(InS2)2,297220.1823100735
Mn(InSe2)2,235380.76233891805
Mn(InTe2)2,194531.1555595653
Mn(Mo3Se4)2,130323.3108391251
Mn(MoO2)2,453265.0574860491
Mn(N3O8)2,171951.20361627563
Mn(NCl2)2,480978.0089494211
Mn(NO3)2,447420.4579573863
Mn(NO3)4,101526.97827951972
Mn(NbS2)2,263177.0112127882
Mn(NbS2)3,212440.61927824398
Mn(NbS2)4,144402.0319885091
Mn(Ni3O4)2,972189.9478222753
Mn(Ni9O10)2,973013.9712822495
Mn(NiN)2,78718.14169666368
Mn(NiO2)2,920346.4945047747
Mn(OsO2)2,783759.614093753
Mn(PO3)2,418082.07114299
Mn(PO3)3,218188.80733355653
Mn(PO3)4,120152.34416478241
Mn(PO3)5,121203.9614733583
Mn(PO4)2,192821.46395843563
Mn(PbN)2,312351.45808229863
Mn(PbN)3,88861.22442886
Mn(PbO2)2,277056.98231982463
Mn(PdN)2,364642.59461848525
Mn(PdO2)2,334588.0887212743
Mn(PtO2)2,354024.6461558485
Mn(PtO2)3,401922.9893828109
Mn(ReO2)2,531333.3714100462
Mn(ReO4)2,263644.8240726182
Mn(RhO2)2,571141.4167210956
Mn(RuO2)2,807836.4397773492
Mn(SO4)2,190418.07196482687
Mn(SbO2)2,423140.57942769566
Mn(SbO3)2,435318.26235455385
Mn(SbO3)4,132397.7287494418
Mn(SbS2)2,284198.4767759052
Mn(SbSe2)2,244927.4953820726
Mn(SeO3)2,233740.31270604284
Mn(Si2O5)2,129463.45731600479
Mn(SiO2)2,517342.6510404282
Mn(SiO3)2,246628.82843352098
Mn(SnO2)2,436112.5937962228
Mn(TcO2)2,1004584.0709902172
Mn(TeO2)2,423891.6191831448
Mn(VSi3)2,74579.78091836
Mn(WO2)2,551313.0438442338
Mn(WO4)2,213368.66306972294
Mn(ZnN)2,421434.7772288698
Mn10(SiGe)3,1109880.808298209
Mn10C3N,1466117.165863437
Mn10CuGe5,1100811.6813260627
Mn10FeN8,1073234.5352934408
Mn11(CN5)2,1021570.4228151297
Mn11Fe(PO4)12,518009.6725306097
Mn11In25O48,437691.7942642935
Mn11ZnO16,1393908.7047536229
Mn12Ge4N3,1533586.7486149478
Mn12O17F7,1043390.104460999
Mn12O5F19,1127450.0599959723
Mn12O7F17,1116411.7420385326
Mn12Zn4CN3,1022233.8810659626
Mn13Al4Si2(SbO14)2,1051538.892615473
Mn13Cr3O32,736878.1260148485
Mn13Fe(SiO11)2,1308552.1456765016
Mn13Fe11O32,1628565.577805568
Mn13Fe3O32,826900.5150896178
Mn14Sb13,728288.8035759706
Mn15(Br3O10)2,958664.113297887
Mn15CrO32,784067.5865827743
Mn15NiO32,747142.744273465
Mn17Fe13O40,1603992.7984770054
Mn17Nb31N48,693105.8591307545
Mn19Fe17O48,1631850.9071360317
Mn2(CN2)3,414158.85782247444
Mn2(CO3)3,402086.94337091164
Mn2(HO2)3,526012.4798710617
Mn2(PO3)5,279542.400279119
Mn2(PO4)3,216900.51146952694
Mn2(SO4)3,353893.7614403664
Mn20Si12C,1032088.3824521877
Mn21O40,864406.6783269121
Mn21Sn9O40,1059917.766374863
Mn23As16,942796.3511265648
Mn23C6,462788.6022819218
Mn23FeO32,1464258.9078315657
Mn26As18CO57,802135.2511827458
Mn27Sb26,720056.3784161113
Mn2Ag2O5,679052.1714624554
Mn2AgO4,793104.2469364097
Mn2Al2O5,883050.6443992662
Mn2Al2O7,535937.7395288441
Mn2Al3Si3O14,423757.55944346584
Mn2Al4Si5O18,234174.86548260972
Mn2AlB2,165403.94733681515
Mn2AlCo,896274.6361128918
Mn2AlCr,210082.05847443486
Mn2AlCu3,855367.7038419206
Mn2AlFe,646788.875949857
Mn2AlGa,687129.4167583967
Mn2AlGe,498493.17109359463
Mn2AlIr,803047.5587900397
Mn2AlMo,187633.58355981743
Mn2AlNi,723451.7328783936
Mn2AlO4,1076934.474860358
Mn2AlOs,277459.5502934423
Mn2AlPd,710870.6972517166
Mn2AlPt,1138318.7351407225
Mn2AlRh,817876.7951140202
Mn2AlRu,550977.5965396519
Mn2AlS4,527487.5220466807
Mn2AlSi,509756.13425714563
Mn2AlTc,361565.1999651161
Mn2AlV,368491.19963613525
Mn2AlW,179583.96262604056
Mn2AlZn,852951.1236723237
Mn2As,1133360.7620911333
Mn2As2O5,741498.0840916315
Mn2As2O7,665588.1339500123
Mn2AsHO5,796351.7681161592
Mn2AsO4,1031362.8562700578
Mn2AsP,556532.1465719976
Mn2AsPd,1156057.8583982664
Mn2AsPt,1125262.4962119667
Mn2AsRh,705682.5437442604
Mn2AsRu,544424.9744579636
Mn2Au2O5,659375.5293416247
Mn2Au5,654091.9229385534
Mn2AuO4,778628.195912277
Mn2B2O5,1026648.7206311447
Mn2B4Mo,545336.5464483867
Mn2B4W,545270.0831991504
Mn2BO4,1235490.9926748516
Mn2Be2O5,867290.2141578736
Mn2Be3(SiO4)3,354547.4349496886
Mn2Be3Au2,677623.9743256889
Mn2Be3Tl2F12,328224.2656724817
Mn2BeAl,466509.27239041624
Mn2BeAs,520594.1288678013
Mn2BeB,516393.6999184226
Mn2BeCr,315909.39135817793
Mn2BeGa,461262.41814203106
Mn2BeGe,726521.6179289434
Mn2BeIr,572994.0604019075
Mn2BeMo,398673.73133245227
Mn2BeNb,558403.8071512589
Mn2BeNi,457643.2289605632
Mn2BeO4,1097718.8376852279
Mn2BeOs,809832.1276387005
Mn2BePt,1174225.2808286094
Mn2BeRe,201498.54037789573
Mn2BeRh,748013.874649752
Mn2BeSi,522073.2786482813
Mn2BeV,629814.6854684999
Mn2BeW,391365.09801709023
Mn2Bi2O5,682902.6621831736
Mn2Bi3O7,475330.2205233416
Mn2BiO4,890965.6264171327
Mn2BiO5,689995.4344699401
Mn2BiPO6,709230.6750044754
Mn2Cd2O5,613238.0320265947
Mn2Cd3(GeO4)3,301617.6203249097
Mn2Cd9N8,104234.79209086552
Mn2CdN2,490406.6128726731
Mn2CdO4,888150.3537621583
Mn2CdPt,1202755.6860743915
Mn2CdTe3,536332.5327068991
Mn2CdTeO6,702319.794415838
Mn2Co(PO4)3,435613.3392201451
Mn2Co2O5,966182.8734774829
Mn2Co2SiGe,901019.7841515163
Mn2Co3Ge,1357061.749158526
Mn2Co3Te3O16,481705.34384843387
Mn2Co5O12,705971.0980538041
Mn2CoAs,789865.8500498806
Mn2CoGe,909994.3801666314
Mn2CoIr,146819.85450079953
Mn2CoMo,227698.00198738856
Mn2CoN2,762339.5766891348
Mn2CoO4,1335732.530346764
Mn2CoO6,711902.1936424297
Mn2CoPt,1620320.4884157483
Mn2CoRh,1524091.8292406565
Mn2CoSi,423942.3064385562
Mn2Cr(PO4)3,462780.08208223485
Mn2Cr13S20,487727.80684404547
Mn2Cr2O5,1429750.909260422
Mn2Cr3Co3O16,698463.6412792897
Mn2Cr3GaS8,668906.0269509896
Mn2Cr3O12,294106.1176022013
Mn2Cr3Sb3O16,481528.8423632641
Mn2CrAs,197769.73832616612
Mn2CrAs3,573064.346734391
Mn2CrCo,986482.9403235473
Mn2CrFe,250426.02953568957
Mn2CrFe3(PO4)6,531529.0357809459
Mn2CrGa,196603.06750208559
Mn2CrGa3S8,404705.0311036954
Mn2CrGa3Se8,331775.27203498915
Mn2CrI6,399186.9703664907
Mn2CrIr,861972.0744546566
Mn2CrN3,474258.2899596823
Mn2CrNi3(PO4)6,288667.8771631778
Mn2CrNiSb2,711035.9523409256
Mn2CrO4,1428694.703594263
Mn2CrO6,701071.319776396
Mn2CrPt,963021.5593201992
Mn2CrRh,865660.6622340631
Mn2CrSe3,1046581.4038904817
Mn2CrSi,278059.9178569246
Mn2Cu10Sb4S13,162583.57355983256
Mn2Cu2AsP,728747.0472719873
Mn2Cu2O5,652250.6692341082
Mn2Cu3Ge,863490.8761346149
Mn2Cu3H24(OF)12,155772.27900064646
Mn2Cu5P4(HO9)2,258825.7151892715
Mn2CuGe,691244.8135623334
Mn2CuN2,786580.6872705233
Mn2CuNiSb2,757567.7389231442
Mn2CuO4,883023.4009807213
Mn2CuPt,1240945.058489877
Mn2CuSb,733165.3599844736
Mn2CuSb2Pd,705110.9191026564
Mn2CuSb2Pt,701036.9461757627
Mn2CuSi,536265.338706403
Mn2F5,892206.6886080493
Mn2F7,512114.21155536454
Mn2Fe(CN)6,457137.1358212656
Mn2Fe(PO4)3,550832.4022753928
Mn2Fe2O5,1612217.3860489838
Mn2Fe2Si3,514407.40228788945
Mn2Fe3(SiO4)3,882461.9875668973
Mn2Fe3Co(PO4)6,563451.4948769966
Mn2Fe3Co3O16,765830.0123548792
Mn2Fe3Cu10(SnS4)5,243865.85411866786
Mn2Fe3Ni(PO4)6,490537.9498793183
Mn2Fe3P6WO24,519866.717672788
Mn2Fe3Sb(PO4)6,499791.21820964746
Mn2Fe3Sn(PO4)6,484180.5011438883
Mn2Fe5(SiO3)8,628568.2889249199
Mn2Fe5Si8(HO12)2,564995.2148770138
Mn2FeAs,593999.178437178
Mn2FeB2,1170773.323660878
Mn2FeCoP2,770325.3199490433
Mn2FeGe,404541.1858440967
Mn2FeIr,1330778.6708505421
Mn2FeN2,1113173.3171952716
Mn2FeO3,1917274.4344697709
Mn2FeO4,1624034.4000541708
Mn2FeO6,859315.0552880195
Mn2FeSbO6,1243367.3465636247
Mn2FeSe3,1013974.9984475895
Mn2FeSi,473228.448864877
Mn2Ga2O5,822428.4337869035
Mn2Ga5,395948.9358646574
Mn2GaCo,897140.4849185493
Mn2GaCo4Ge,890696.9946854067
Mn2GaCu3,906917.6451977553
Mn2GaFe,797712.1866997868
Mn2GaIr,1039934.6043794791
Mn2GaMo,182401.4325781963
Mn2GaNi,1221760.0966099727
Mn2GaO4,1076910.129897948
Mn2GaPd,1181450.827568745
Mn2GaPt,1105313.471528669
Mn2GaRh,1168752.8393754808
Mn2GaRu,580988.4894235118
Mn2GaSi,497150.4631994413
Mn2GaTc,742010.1986667943
Mn2GaW,170966.67305865363
Mn2Ge,1110853.893323362
Mn2Ge2O5,834437.8719673152
Mn2Ge3Pd4,491329.79861081037
Mn2GeIr,534762.4360637168
Mn2GeO4,1174738.3179172021
Mn2GeOs,365869.4039997098
Mn2GePd,918072.7661973636
Mn2GePt,1077116.4281713208
Mn2GeRh,877417.9878915808
Mn2GeRu,374925.14897753706
Mn2GeS4,652492.8688779684
Mn2GeSe4,474621.6579279589
Mn2GeTe4,382452.8612899536
Mn2H11O8,642380.5808931086
Mn2H2O5,623678.6372437063
Mn2H2SO6,806717.4913400204
Mn2HO4,965481.785503857
Mn2HO6,360313.3234472768
Mn2Hg2O5,679886.0514077394
Mn2Hg2SF6,548733.9514260713
Mn2HgO4,858840.0747015248
Mn2In2CuPd3,587266.6853004532
Mn2In2O5,719554.0264084933
Mn2In2O7,473503.33726004395
Mn2In2Se5,391561.3332898101
Mn2InAgTe4,347157.03542883485
Mn2InCu4Sn,584574.2087705641
Mn2InCuSe4,455030.8224279954
Mn2InCuTe4,429631.8256729767
Mn2InN2,395762.79839629546
Mn2InO4,974616.6338838914
Mn2InO5,688285.9889658953
Mn2InPt,1116203.4304731395
Mn2InSbO6,715639.0497699647
Mn2InSbPd4,593130.1736535765
Mn2InSnPd4,583241.761605111
Mn2Ir2O5,886024.617646509
Mn2IrO4,1101839.1115704095
Mn2IrOs,1180667.2351027266
Mn2IrPd,1437073.1879653158
Mn2IrPt,1458488.461600172
Mn2IrRh,1361300.149380817
Mn2IrRu,1213196.1743107426
Mn2IrW,855235.7099046826
Mn2Mo2O5,1091375.949562143
Mn2Mo3O8,617486.9675485176
Mn2MoIr,865413.0367319647
Mn2MoPt,991108.0025247345
Mn2MoRh,510442.95088822674
Mn2N,1272165.5702268286
Mn2Nb,200963.5185969158
Mn2Nb2O5,954838.8163100926
Mn2Nb2O9,363726.32477285044
Mn2Nb2Zn2O9,528013.9322800402
Mn2Nb2ZnO9,440537.53264787095
Mn2NbAl,343946.01323897927
Mn2NbFe3(PO4)6,497392.2529660201
Mn2NbFeO6,1197910.88264861
Mn2NbGa,346270.9767508745
Mn2NbGe,172634.43111963413
Mn2NbGe2,581136.9192770635
Mn2NbIr,771222.5431685386
Mn2NbN3,190468.79455314492
Mn2NbNi,874033.0601773581
Mn2NbNi3(PO4)6,260127.72491113006
Mn2NbPd,817801.1947589745
Mn2NbPt,811617.4773377776
Mn2NbRh,754584.9143163764
Mn2NbSi,297315.01417317986
Mn2NbSn,156211.63728980348
Mn2NbV3(PO4)6,315573.2941946298
Mn2Ni(BiO3)3,461172.2898786541
Mn2Ni(PO4)3,384877.2059519842
Mn2Ni2O5,1081346.7405923647
Mn2Ni3P6WO24,279997.0077882538
Mn2Ni3Sb(PO4)6,261478.4531698384
Mn2NiAs,841183.1226263996
Mn2NiGe,883728.4831164579
Mn2NiIr,1525514.8559954013
Mn2NiN2,817937.5991496027
Mn2NiO3,1722204.9157904978
Mn2NiO4,1135792.6541067115
Mn2NiO6,511241.700476898
Mn2NiPd,1569204.1195352706
Mn2NiPt,1535142.5643113349
Mn2NiRh,1623625.2823496086
Mn2NiSb,784387.0906320289
Mn2NiSb2Pt,654033.9890996091
Mn2NiSn,670083.100087867
Mn2O,1954598.620953429
Mn2O2F3,787772.6992826792
Mn2O3,1370747.597403119
Mn2O3F,1024294.2163461063
Mn2O5,402710.2636387859
Mn2OF2,1390681.816083949
Mn2OF3,1106803.6826820858
Mn2OF4,783698.8125147101
Mn2Os(CN)6,428129.3083681589
Mn2Os2O5,899833.9639138494
Mn2OsRh,1199944.222870244
Mn2P,962752.3483429179
Mn2P2O7,739102.4273002374
Mn2P2O9,337671.44513752864
Mn2P3O10,395982.99899568514
Mn2P3O11,320021.41259453655
Mn2P4O13,304691.961030444
Mn2P5O16,204020.51495130186
Mn2PClO4,824613.9553776826
Mn2PH2CO7,632362.5731242729
Mn2PO4,980453.886459139
Mn2PO4F,978978.5101818421
Mn2PO5,880589.9192947694
Mn2Pb2O5,666563.6574250801
Mn2PbN2,428137.4163312871
Mn2Pd(NO2)4,396657.7375813056
Mn2Pd2O5,771977.7051126122
Mn2PdAu,1294601.221057664
Mn2PdPt,1411834.4230568334
Mn2PdRh,1491553.5583523933
Mn2Pt2O5,785856.9491098273
Mn2PtAu,1278636.0810201275
Mn2PtRh,1439048.393315007
Mn2PtW,952607.1063207478
Mn2Re2O5,1014324.579099544
Mn2ReIr,1016260.798345818
Mn2RePt,1094279.669527096
Mn2ReRh,1028929.9333525267
Mn2ReSi,238383.6057890969
Mn2Rh2O5,876569.5672977443
Mn2RhW,866915.5980711938
Mn2Ru(CN)6,427256.8978300493
Mn2Ru2O5,1051950.467812804
Mn2RuN3,53189.68363910614
Mn2RuPt,1345367.9928495102
Mn2RuRh,1224427.1758317156
Mn2S3,660109.7742894918
Mn2S3(NO6)2,506098.6111427995
Mn2Sb,625423.7180156441
Mn2Sb2O5,748473.1694055246
Mn2Sb2O7,705081.786106341
Mn2Sb2PtAu,652292.3988856749
Mn2Sb2PtRh,569234.9455104887
Mn2SbN,630547.5317790052
Mn2SbRh,658229.6063756276
Mn2SbTe,826812.257095601
Mn2Se3(NO6)2,463773.5418594517
Mn2SeN2,173705.15196183763
Mn2SeS,601790.307190848
Mn2Si(H2O3)2,772562.9731948425
Mn2Si2O5,934119.8729950833
Mn2Si2O7,531176.3949941044
Mn2Si2Pb2O9,389488.1599148898
Mn2Si3Os2,421030.6936905796
Mn2Si3Ru2,371797.8993341758
Mn2Si4N7,596361.2739789091
Mn2Si4O11,380128.5545527501
Mn2Si5N8,523576.82683749904
Mn2SiB,538535.1136385646
Mn2SiGe,320836.8288334677
Mn2SiIr,282582.1677636007
Mn2SiMo,216877.43373721326
Mn2SiNi,648868.4345879559
Mn2SiNi2Ge,725673.7492217637
Mn2SiO4,1141107.540373148
Mn2SiOs,383418.0041409379
Mn2SiPd,909478.6596036664
Mn2SiPt,904896.2105054392
Mn2SiRh,1201735.8637070707
Mn2SiRu,192209.41725868094
Mn2SiS4,665993.1875901745
Mn2SiSe4,569029.7550686648
Mn2SiTc,252067.51040202242
Mn2Sn(PO4)3,357849.8467203822
Mn2Sn2O5,761124.7839901128
Mn2SnO4,1052116.267058476
Mn2SnPd,1059780.125581905
Mn2SnPt,1015366.597384288
Mn2SnRh,1123886.7127092313
Mn2SnS4,624250.5368018651
Mn2SnSbPd4,580446.1771816681
Mn2SnTe4,361439.64513099426
Mn2Tc2O5,1051255.3629306778
Mn2TcAs,370579.46576866845
Mn2TcGe,518305.4938257275
Mn2TcIr,1041054.5507671346
Mn2TcPt,1146889.2235884808
Mn2TcRh,1054039.9274373788
Mn2Te2O5,662139.3159180834
Mn2Te3O8,465351.50879522815
Mn2TeO6,770487.7224277339
Mn2TeSe,979395.4619199282
Mn2Tl2(MoO4)3,267091.25413691945
Mn2Tl2(SO4)3,331444.30986018915
Mn2Tl2O5,647876.3557077198
Mn2Tl2O7,451462.34238841216
Mn2V2O5,1229866.5220156081
Mn2V2O7,648421.6839705416
Mn2V3(AgO4)3,290025.57540634135
Mn2V3Co(PO4)6,360137.83125951653
Mn2V3Cr(PO4)6,347867.3023648813
Mn2V3Fe(PO4)6,386948.3047400418
Mn2V3Ni(PO4)6,309770.55771239515
Mn2V3NiO8,1010550.7650627014
Mn2V3O12,268778.43149632355
Mn2V3P6WO24,335464.5210609841
Mn2V3Sb(PO4)6,317273.76463081496
Mn2V3Sn(PO4)6,298992.70720130554
Mn2VB,439264.6882344858
Mn2VCo,795631.876143607
Mn2VCr,81702.88062711159
Mn2VFe,669112.4362207269
Mn2VFe3(PO4)6,509444.1527951146
Mn2VGa,393812.48830285354
Mn2VGe,187603.42682625802
Mn2VIr,724789.5641436335
Mn2VNi,940717.0196044849
Mn2VNi3(PO4)6,267913.45956922974
Mn2VO4,1230650.690605243
Mn2VOs,560493.6214640246
Mn2VPO7,687410.7465055262
Mn2VRh,740045.6883457536
Mn2VRu,584922.6124957732
Mn2VSi,189369.54303840265
Mn2VSi2,648653.8983456272
Mn2VSn,171056.84851482537
Mn2VZn,567374.1985488443
Mn2W2O5,762914.4780493821
Mn2Zn(PO4)2,580038.5547094938
Mn2Zn2O5,711617.1291953382
Mn2Zn3(GeO4)3,330543.818617688
Mn2Zn3(Si2O7)2,274361.17532347987
Mn2Zn3(SiO4)3,355157.04560839
Mn2Zn3O7,459824.6732443721
Mn2ZnGa,857727.8283784318
Mn2ZnIr,1262832.6886365844
Mn2ZnN2,719651.5965211744
Mn2ZnNi,304044.9761216984
Mn2ZnO4,935616.6701534021
Mn2ZnO5,572556.4559922586
Mn2ZnP2O9,441684.2206760977
Mn2ZnPd,1269821.6854693796
Mn2ZnPt,1267262.829640462
Mn2ZnRh,1261049.9524081862
Mn2ZnS5,349046.72194327833
Mn2ZnSi,704874.7874880555
Mn3(AgO2)4,437453.6698714623
Mn3(Al2Si)2,81047.37078929273
Mn3(AsO4)4,353658.7158182825
Mn3(BO3)2,1216903.4703987902
Mn3(Co2Ge3)2,480294.0838847911
Mn3(CoO4)2,630203.4291866238
Mn3(CuO4)2,495302.9412961393
Mn3(GaN2)2,288527.7106386314
Mn3(HO3)2,1046058.1595708295
Mn3(Ni10P3)2,398256.139194495
Mn3(Ni17O20)2,953713.1005674221
Mn3(O2F)2,1038299.5182547038
Mn3(OF2)2,1100615.8446636985
Mn3(OF3)2,771218.0840698407
Mn3(P2O7)2,443632.28215133713
Mn3(P3Pd10)2,299850.43969530857
Mn3(PO4)2,888824.5041928325
Mn3(PO4)4,292563.185389934
Mn3(SeO3)4,404872.2964364307
Mn3(SiSe3)2,550748.4862443369
Mn3(SiTe3)2,438196.35814391746
Mn3(W5C2)2,149857.12864369294
Mn3(ZnN)8,324013.3399242371
Mn3Ag(PO4)3,528060.5716358102
Mn3AgN,1444486.3135022738
Mn3Al,776406.7862102079
Mn3Al(SiO4)3,562810.1729268128
Mn3Al10,116215.94444214946
Mn3Al2(GeO4)3,637215.0555018763
Mn3Al2F15,442346.77977531
Mn3Al3N5,741362.6970438885
Mn3Al4FeP4(H4O7)4,326714.8620676465
Mn3Al9Si,134465.22362174967
Mn3AlC,673597.6434895388
Mn3AlF15,380011.5728396947
Mn3AlN,474609.7423263431
Mn3AlN3,1116488.158932711
Mn3AlO6,975825.6603763612
Mn3AlSe6,433324.3403778273
Mn3As,492714.9468696094
Mn3As2,985110.3381939987
Mn3AsN,1085491.1257776008
Mn3AuN,1263545.8066824176
Mn3B4,901270.2168853077
Mn3BO5,1388102.1795561207
Mn3BPO10,580620.4973941947
Mn3Be,116991.15611492006
Mn3BiO8,463109.787300844
Mn3Br,1609367.4255192776
Mn3C,96253.83558908239
Mn3Cd,1503611.4744126927
Mn3Cd2O8,564775.0570600323
Mn3Cd8N9,115307.87252494815
Mn3CdTe4,584120.607516566
Mn3Co(PO4)4,406088.08405395295
Mn3Co(PO4)6,253045.9916746095
Mn3Co2Ni(PO4)6,394411.3880165819
Mn3Co2Sn(PO4)6,357477.29687326
Mn3Co2Te3O16,526870.3053488313
Mn3Co3(CuO8)2,524558.293608609
Mn3Co3(SbO8)2,337375.8022466605
Mn3Co3(TeO8)2,497778.06446244556
Mn3Co4P6(HO6)4,558886.5835749131
Mn3Co5O16,540143.5242729184
Mn3CoAs2,939927.4915031197
Mn3CoCu2(PO4)6,222368.9616403381
Mn3CoNi2(PO4)6,300456.1108300646
Mn3CoO8,675180.6717708121
Mn3CoSn2(PO4)6,360967.5952091712
Mn3Cr(PO4)4,486044.3573559171
Mn3Cr(PO4)6,189561.9143466567
Mn3Cr2Co3O16,757947.3208256988
Mn3Cr2Cu(PO4)6,392032.7355699833
Mn3Cr2Fe(PO4)6,483092.1903092403
Mn3Cr2Ni(PO4)6,404913.49573775963
Mn3Cr2O8,1028359.7851036015
Mn3Cr2Sb(PO4)6,403939.16528386966
Mn3Cr2Sb3O16,514335.77985499415
Mn3Cr2Sn(PO4)6,388423.09382338886
Mn3Cr2Te3O16,500801.80846621987
Mn3Cr3(CoO8)2,694665.3862254262
Mn3Cr3(SnO8)2,494297.68027568277
Mn3Cr3(TeO8)2,621641.454537798
Mn3Cr3(WO8)2,625116.7991816866
Mn3Cr3B8,415489.9869489006
Mn3Cr3O8,1331135.771512761
Mn3Cr3Si7Ni16,562183.7417259915
Mn3CrAs4,761976.6204889963
Mn3CrCo2(PO4)6,408040.50643406395
Mn3CrCu2(PO4)6,279844.7951426275
Mn3CrFe2(PO4)6,482798.89458299556
Mn3CrNi2(PO4)6,365580.07575876644
Mn3CrO8,726394.2052246465
Mn3CrP4,609498.755537179
Mn3CrTe2(PO4)6,326930.90223967365
Mn3CrTe4,825164.1954477804
Mn3Cu(PO4)4,384172.9859624834
Mn3Cu(Te2O5)4,284954.52942666085
Mn3Cu2Ni(PO4)6,275755.5708183526
Mn3Cu3(TeO8)2,357790.44820136816
Mn3Cu3O8,588875.0346848303
Mn3CuN,1206991.429232556
Mn3CuNi2(PO4)6,331836.5515241937
Mn3F10,500454.4815396522
Mn3F2,1761229.3660809784
Mn3F8,717722.456140359
Mn3Fe(PO4)4,540717.717441407
Mn3Fe(PO4)6,222163.6077770833
Mn3Fe2Co(PO4)6,428755.4525276294
Mn3Fe2Co3O16,784826.1179605761
Mn3Fe2P6WO24,453773.63168850285
Mn3Fe2Sb(PO4)6,403255.3232112151
Mn3Fe2Sb3O16,636068.8317521833
Mn3Fe2Si3,1037686.530019334
Mn3Fe2SiC,867726.1282836648
Mn3Fe2Sn(PO4)6,440228.6024051331
Mn3Fe3(PO4)4,778961.7248254878
Mn3Fe3(SbO8)2,752648.6673484889
Mn3Fe3(TeO8)2,801383.8956733964
Mn3Fe3Ge2,1031854.4963949884
Mn3Fe3O8,1612205.4977171286
Mn3Fe5O12,1561225.4081284043
Mn3Fe9P4,1041363.3970333915
Mn3FeAs4,686998.7686409986
Mn3FeCo2(PO4)6,455505.68859878526
Mn3FeCo2P3,790803.3928844607
Mn3FeNi2(PO4)6,405739.63619185734
Mn3FeO8,845332.9211930234
Mn3FeSn2(PO4)6,378843.23181618983
Mn3Ga,865308.2051318923
Mn3Ga2(GeO4)3,613878.7780916501
Mn3Ga4Ni9,644319.7556890891
Mn3GaC,694031.0094282946
Mn3GaN,517961.15178054594
Mn3Ge,942176.2203485074
Mn3GeC,500135.7783472843
Mn3GeN,908754.0649435599
Mn3H2Se3O10,566156.26561452
Mn3HO6,944771.1234057498
Mn3Hg,1551791.6101044551
Mn3HgN,1372779.1513373011
Mn3I,1445921.6098707581
Mn3In2Sb3O14,486266.3042986717
Mn3Ir,280414.22566098056
Mn3IrN,1366249.1723659958
Mn3Mo3C,131875.37033186725
Mn3N2,1529241.4056021157
Mn3Nb(PO4)4,412034.2079733781
Mn3Nb2Co3O16,345763.1765473724
Mn3Nb2Cr3O16,557288.0577704591
Mn3Nb2Fe3O16,748993.0385023919
Mn3Nb2O9,686660.2759647215
Mn3Nb2ZnO9,796182.1018143315
Mn3Nb6O11,561195.6905305812
Mn3Nb8FeO24,398849.32142720267
Mn3NbCo2(PO4)6,365520.37899532315
Mn3NbCr2(PO4)6,403721.8777300006
Mn3NbF6,554818.1395828464
Mn3NbFe2(PO4)6,399368.9416665439
Mn3NbNi2(PO4)6,326145.6113875876
Mn3NbO8,652630.731164805
Mn3Ni(PO4)4,428739.8349247882
Mn3Ni2P6WO24,343886.3867639677
Mn3Ni2Sb(PO4)6,329329.6776953128
Mn3Ni2Te3O16,482356.1734272383
Mn3Ni3Sn2,784606.815652893
Mn3Ni4Sn,1118198.2923681329
Mn3NiN,1450761.2474482926
Mn3NiO4,1798083.809730985
Mn3NiO8,619067.154023311
Mn3NiSn2(PO4)6,302164.75160602655
Mn3O,2143369.9823863567
Mn3O2F5,698190.9677415757
Mn3O4,1514806.231487808
Mn3O5F,994150.2820118692
Mn3OF5,1113318.5245287977
Mn3P,679251.4234665032
Mn3P3O13,388390.754590804
Mn3P6WO24,184477.50711493462
Mn3Pd5,1041793.4218888838
Mn3PdN,1446296.2523222596
Mn3Pt,380602.2585651673
Mn3PtF6,440737.19722212927
Mn3PtN,1463920.7854434862
Mn3Re,725630.2108142119
Mn3RhN,1376972.2316158682
Mn3S,1090973.7235851912
Mn3Sb,881421.2035071134
Mn3Sb(PO4)4,375163.71727693244
Mn3Sb2,785106.8640140558
Mn3SbN,697021.5688128052
Mn3SbO8,602036.8703659002
Mn3Se3O10,559216.9646005604
Mn3Si,927897.7874191704
Mn3Si(O2F)2,1170255.3464289848
Mn3Si3O10,607123.1516833444
Mn3Si6N11,487065.9175109559
Mn3SiIr,907282.9990731764
Mn3SiN4,1213631.0381615793
Mn3SiNi,601780.4938041528
Mn3SiNi2,1359134.0982363706
Mn3Sn,1154770.4174819388
Mn3Sn(PO4)4,395364.0651767653
Mn3Sn(PO4)6,178174.32088766102
Mn3Sn2Pd5,720395.7759472016
Mn3Sn3(TeO8)2,375754.9498812726
Mn3SnC,507703.21265967685
Mn3SnH,1016249.2700364102
Mn3SnN,500807.58440863236
Mn3SnO8,578026.6556449359
Mn3Te,712199.0423147547
Mn3Te2Se,946356.6327513799
Mn3TeO6,1146192.1737844984
Mn3TeO8,676943.3039861931
Mn3Tl,1439103.850703818
Mn3V,410617.83051603305
Mn3V(PO4)4,442594.6850087924
Mn3V(PO4)6,206404.35072956147
Mn3V2Co3O16,597203.4228497175
Mn3V2O8,895293.3426578648
Mn3V2Si3,579876.4349384254
Mn3V3(TeO8)2,342670.6973270977
Mn3V6(FeO6)4,694505.2617412613
Mn3VCr2(PO4)6,414819.3351361395
Mn3VCu2(PO4)6,258104.1231173467
Mn3VFe2(PO4)6,414142.60079450556
Mn3VNi2(PO4)6,338358.3589109702
Mn3VO8,679924.8581044783
Mn3VP4,454917.1929999277
Mn3VSn2(PO4)6,269086.5626324937
Mn3VTe2(PO4)6,301222.74187484535
Mn3W3C,142071.34588680125
Mn3WO6,1165250.3307221099
Mn3Zn,820280.9696117676
Mn3Zn(FeO2)8,1610717.238012041
Mn3Zn(IO3)8,238380.89902549214
Mn3Zn(P2O7)2,539282.2015830936
Mn3Zn2(AsO6)2,434148.6712008334
Mn3Zn2O8,631084.6607825416
Mn3Zn3(AsO4)4,395931.72740732
Mn3Zn8N9,223516.05899484234
Mn3Zn9(PO4)8,204244.70544459854
Mn3ZnC,1122604.7855790593
Mn3ZnN,721683.8423504526
Mn3ZnO10,541478.3443158278
Mn3ZnO7,573686.6945077343
Mn3ZnP3O13,457115.87380944146
Mn4(PO4)3,704880.5611173967
Mn4(SiO3)5,577990.6201812479
Mn4AgO8,867072.7259593866
Mn4As3,952706.4077157377
Mn4AsP3,548725.7959366076
Mn4Bi3NO15,387200.39059216913
Mn4CdO5,1545559.060945141
Mn4CdS5,989802.1781734802
Mn4Co11Ge5,924664.3822319321
Mn4Co4Si3Ge,896593.9750895394
Mn4CoNi3Ge4,722196.171930629
Mn4CoO8,1039797.6845810423
Mn4CoS5,1149684.7946714223
Mn4Cr(Co2Ge)5,946099.0069065719
Mn4Cr(Co2Si)5,991909.9146102554
Mn4Cr(Co2Sn)5,828965.9470586873
Mn4Cr(GaCo2)5,761847.3376503324
Mn4CrO8,1062445.1260862225
Mn4Cu3BiO12,710446.1953984541
Mn4Fe2P3,1136399.7044930106
Mn4Fe2Sb3,916749.0152177099
Mn4Fe8Si3Ge,627140.6082654072
Mn4FeO5,2003105.6310059414
Mn4FeO8,1202767.7516239902
Mn4FeS5,1223374.2425665483
Mn4Ga3Co8Ge,845657.3017593789
Mn4Ga3Cu2,877543.31690881
Mn4Ge6Ir7,607866.2763440292
Mn4H6O11,603645.6878448203
Mn4H8O11,677939.258082167
Mn4Hg3Au,1027374.5973652154
Mn4In4(SeS)5,413328.9901334139
Mn4InSb3,700639.0076554198
Mn4N,274169.6802587458
Mn4NO8,947967.9204144434
Mn4Nb2O9,1031231.4241163789
Mn4Nb2Si5,569325.9427516186
Mn4NiO8,994773.9717925421
Mn4O11,328483.7930960173
Mn4O3F5,1083506.7306707473
Mn4O5,1617763.6137115378
Mn4O7F,991730.6113717469
Mn4OF8,861542.9868155231
Mn4P2O9,997850.8970910135
Mn4P4O13,730768.8437419832
Mn4P7O24,307515.5621134903
Mn4S3N2,792001.4654162708
Mn4Sb3As,843647.481398698
Mn4SbAs,1047814.9267139223
Mn4Se3N2,726333.1528186577
Mn4Si3Ni5,969058.1712661115
Mn4Si4O13,655283.6234546598
Mn4Si4SnB2(HO9)2,549475.3237040275
Mn4SiO7,1221660.2493434513
Mn4VSe5,1016675.9917158503
Mn4Zn(CuO4)3,693016.3879036184
Mn4Zn3(NiO6)2,733996.552390859
Mn4ZnO6,1375789.8137455648
Mn4ZnO8,841936.7113058015
Mn4ZnS8,446272.96506753354
Mn5(Bi2Pd)2,815777.1300056926
Mn5(FeO3)4,1588294.404481684
Mn5(GeN3)2,383252.0754323152
Mn5(HO3)4,730727.8128296437
Mn5(OF3)2,1193744.6570300222
Mn5(P2O7)4,311462.5365843975
Mn5(P3O11)2,437265.57706283336
Mn5(SeO3)8,308768.08820974914
Mn5(Si2O7)2,699131.9267864316
Mn5(SiN3)3,726856.9173942768
Mn5(TeO6)3,487271.6238864743
Mn5As4,881312.0979358638
Mn5As4(H11O13)2,434589.706662002
Mn5B2P,995670.5941074906
Mn5BPd15,678242.3750672777
Mn5C2,317234.86448779656
Mn5Co(PO4)6,505607.9886485072
Mn5Co3O16,679858.9255485967
Mn5CoO12,701865.7373114476
Mn5Cr(PO4)6,476574.5105148646
Mn5Cr2O12,972631.0331904697
Mn5Cr3O16,691766.2933493183
Mn5Cr4O12,1344677.4880349014
Mn5CrO12,762682.724585413
Mn5CrO8,1492435.2943084417
Mn5CuO12,687664.2267465969
Mn5Fe(PO4)6,516900.81462929596
Mn5Fe5(SiC)2,956894.4289723209
Mn5Fe5Si6,795751.0815244329
Mn5FeO12,811599.8439014761
Mn5Ga4Pd3,879982.9368600983
Mn5H8SO12,678651.2858280065
Mn5In3O12,830320.396816295
Mn5In4SbPd10,583518.6281226119
Mn5Nb(PO4)6,434999.2549528804
Mn5Ni(BO5)2,1220931.0240340203
Mn5Ni(PO4)6,436895.5797067692
Mn5Ni8Sn3,893045.2709656798
Mn5NiO12,654279.3153428118
Mn5O12,559420.6632193914
Mn5O3F5,1231737.857717582
Mn5O7F,1178870.953807828
Mn5O8,1192759.9525271277
Mn5O9F,810905.0699193109
Mn5OF11,552716.32157642
Mn5P3ClO12,912719.7621094561
Mn5P6WO24,448267.8047036118
Mn5Sb(PO4)6,439336.4393714245
Mn5Sb4,801590.2284413271
Mn5SbO12,651175.3804347116
Mn5Si2,499317.4195319108
Mn5Si2Ge,1096835.3803181455
Mn5Si3,1079766.9872311638
Mn5SiB2,915490.3530725627
Mn5SiC,611781.7527196578
Mn5Sn(PO4)6,420999.08851405623
Mn5SnO12,570575.8487843043
Mn5Te3O16,629339.5246778174
Mn5V(PO4)6,449753.0742869276
Mn5V2(HO3)4,901741.9365783924
Mn5V2Pb3O16,542783.4606401207
Mn5V4O12,1233889.9927883444
Mn5VO12,697100.0128908592
Mn5Zn4(TeO6)3,623200.5461906355
Mn6BiPO12,1012012.9342845429
Mn6Cr9O20,1303217.4155534576
Mn6GaGe,881362.6064158498
Mn6HO12,982906.9584204166
Mn6Ni16As7,632230.0877645722
Mn6Ni16Ge7,596055.5040427614
Mn6Ni16P7,668760.0893787913
Mn6O11F,972364.9641106204
Mn6O5F7,1091343.8498838372
Mn6O7F5,1064579.458330622
Mn6OF11,1136749.4279811434
Mn6P7O24,588155.6017235789
Mn6PbO12,895231.8881926923
Mn6Si7Ni16,619812.2689338974
Mn6Te5O16,668781.7149546267
Mn6Zn2CN,1054134.0353242508
Mn7(OF3)3,1210769.7354181614
Mn7(P2O7)4,591217.2069706103
Mn7(PO4)6,683899.6189509229
Mn7BiO12,1211748.6704640356
Mn7Co(PO4)12,287690.41313940973
Mn7CoSb4,976523.6173051955
Mn7Cr12O48,259212.95528829983
Mn7CrO16,763296.557359303
Mn7F18,734967.7389874433
Mn7Fe(PO4)12,244222.18586143956
Mn7Fe3O20,850804.5199173412
Mn7FeCl3O10,1100611.1724757878
Mn7GeO12,1193451.7480699962
Mn7Nb(PO4)12,230748.04421585143
Mn7Ni(PO4)12,276642.7483911796
Mn7Ni8Sn,1378898.9930177531
Mn7O12,1230793.053482279
Mn7O7F,1487794.9098917888
Mn7P6(HO6)4,720279.0906252856
Mn7PbO12,1160666.0376985008
Mn7Pd9,1238520.3074229637
Mn7Sb(PO4)12,240000.03672449253
Mn7Sb4,1015529.9028236554
Mn7Si3O14,1072779.511140269
Mn7SiO12,1194943.179300889
Mn7Sn(PO4)12,216678.7255261374
Mn7SnN2,910984.7248501866
Mn7V(PO4)12,235525.98522894143
Mn7V5O16,1213263.3002571592
Mn8Cl3O10,1075695.23254378
Mn8Fe3N8,1384672.361479691
Mn8Nb3Si,141722.0939226751
Mn8O13F3,1008893.0733782398
Mn8PbO16,879413.6850015724
Mn8Sn5,934472.4836318252
Mn8Zn14Ga27,61589.904668299845
Mn9(FeO6)4,1002408.9533801305
Mn9(P2O7)8,287806.11752630066
Mn9(PO4)8,558983.708090391
Mn9(Si2O9)2,1097949.7622005432
Mn9Al2Si8(HO4)8,689632.1441643883
Mn9Al8Fe3(SiO4)12,655880.5461434006
Mn9Au31,520366.4511930007
Mn9CdO10,1776176.0387326884
Mn9FeO10,1977734.595368475
Mn9Zn2O13,1394258.168941484
Mn9Zn3O16,1120480.9338263217
Mn9Zn6Si4(SbO14)2,743125.2131728083
MnAg2GeSe4,220462.1437101237
MnAg2GeTe4,178336.76978271626
MnAg2Pt,612935.3780297562
MnAg2Sn3S8,111435.8499284573
MnAg2SnS4,237246.5110555514
MnAg2SnSe4,208941.8747385087
MnAg2SnTe4,170531.77257491383
MnAg4(PO4)6,209382.39883730406
MnAg4(SbS3)2,163190.76801110496
MnAg4P6(HO3)6,81797.89198592881
MnAgAsPd,567763.2766396872
MnAgAu2,569439.0593472334
MnAgF3,600653.0783887737
MnAgGePd,562841.0042965435
MnAgGePt,592682.3726060869
MnAgGeRh,543189.8497743346
MnAgH8(OF)4,228373.8493073281
MnAgN,197007.3928611638
MnAgO2,721866.2151052796
MnAgO3,439743.2263314397
MnAgPO4,543813.7180784023
MnAgPd2,665554.8102620704
MnAgSbPd,504510.8934635811
MnAgSnPd,504190.0233242606
MnAgSnPt,511685.44248077396
MnAgSnRh,513353.14631025295
MnAl,693451.7444140823
MnAl(WO4)2,412554.4768844013
MnAl10Pb3O20,68753.59300460853
MnAl2Ag,423627.4362376405
MnAl2Au,415574.99221658416
MnAl2Co,522731.0476454957
MnAl2CoCu4,410798.4224587743
MnAl2Cr,404316.7842232977
MnAl2CrCu4,581996.7965157108
MnAl2Cu,433478.20633308054
MnAl2Cu4Ni,315390.85480960296
MnAl2Cu5,303666.0991560681
MnAl2Fe,517571.4305189647
MnAl2FeCu4,579885.5339615475
MnAl2Ir,295540.3610157192
MnAl2Mo,599949.3447247258
MnAl2N3,558200.4835943895
MnAl2Ni,298563.86203694216
MnAl2O4,668701.6842672863
MnAl2Os,453999.8622654133
MnAl2P2(H5O4)4,159929.39777495505
MnAl2P2(HO)18,144192.3725231394
MnAl2Pd,71211.82130872976
MnAl2Pt,288134.8066694886
MnAl2Re,520639.08192716225
MnAl2Rh,465939.4414451438
MnAl2Ru,464363.2640161097
MnAl2Sb2(PO4)6,104173.89658196212
MnAl2SiO5,347555.5870963283
MnAl2Tc,427772.1973423187
MnAl2V,754281.2854787748
MnAl2VCu4,438526.3186266866
MnAl2ZnCu4,303901.85345655616
MnAl3,327954.1879300441
MnAlAgAu,519405.8475740531
MnAlAgIr,537146.9991385703
MnAlAgPd,543683.5775645917
MnAlAgPt,539956.0473826997
MnAlAgRh,543252.0921116702
MnAlAs,474235.7398126546
MnAlAu,575797.1893015578
MnAlAu2,547574.5973693385
MnAlB2(PbO4)2,212124.5299268196
MnAlBiO5,301677.954578361
MnAlCdAu,478064.5000963062
MnAlCdIr,526573.6429683546
MnAlCdNi,569016.4604675499
MnAlCdPd,525839.6683499599
MnAlCdPt,539490.4910246168
MnAlCdRh,523920.3970496919
MnAlCo2,859776.190286786
MnAlCoAg,754641.5937258708
MnAlCoAu,748022.5478783324
MnAlCoCu,649780.6045354862
MnAlCoIr,820047.294778314
MnAlCoMo,349166.70417743886
MnAlCoNi,822504.7853313407
MnAlCoOs,554722.0236210482
MnAlCoPd,788405.8114001298
MnAlCoPt,813635.4627679476
MnAlCoRe,366360.0863322091
MnAlCoRh,901688.5185662496
MnAlCoRu,562934.6478791898
MnAlCoTc,390212.8597121281
MnAlCoW,351653.8308929852
MnAlCr2,375432.17820731667
MnAlCrCo,196171.68295494362
MnAlCrCu,189569.8114880587
MnAlCrFe,695535.2803004433
MnAlCrIr,183374.46327038034
MnAlCrMo,359662.74686982855
MnAlCrNi,369509.08721654327
MnAlCrOs,292548.0214239698
MnAlCrPd,1187247.5998637425
MnAlCrPt,1148010.0110017303
MnAlCrRe,206111.88106545815
MnAlCrRh,888761.3033669911
MnAlCrRu,309054.43936704216
MnAlCrTc,228092.15667286617
MnAlCrW,352485.4057754732
MnAlCu2,614969.3051614075
MnAlCuAu,574874.7111803042
MnAlCuIr,574883.1360005764
MnAlCuMo,187061.2161348092
MnAlCuNi,606818.4578149519
MnAlCuOs,577928.649408959
MnAlCuPd,627500.6827476833
MnAlCuPt,581434.243690157
MnAlCuRh,609361.685071046
MnAlCuRu,419048.989220933
MnAlCuTc,110374.51619202395
MnAlF5,560107.9278791517
MnAlFe2,426870.8820060048
MnAlFeAu,830510.0826331788
MnAlFeCo,1125620.4186658887
MnAlFeCu,821861.9827204312
MnAlFeIr,1052750.1190215535
MnAlFeMo,715622.5224093356
MnAlFeNi,837840.1810878563
MnAlFeOs,379846.2732489102
MnAlFePd,877938.7526565332
MnAlFePt,906112.0642239267
MnAlFeRe,560174.0111343189
MnAlFeRh,1054926.5019632485
MnAlFeRu,1052236.988202989
MnAlFeTc,561740.0395832142
MnAlGe,420220.4874330422
MnAlHgPd,519556.52786059276
MnAlHgPt,527168.3356942071
MnAlHgRh,517031.4549107859
MnAlIr,459801.83766501024
MnAlIr2,670501.6787880883
MnAlIrAu,526545.9642256729
MnAlIrPd,600237.5584005024
MnAlIrPt,571848.5424610581
MnAlIrRh,654274.5871432263
MnAlIrRu,614155.5827286046
MnAlIrW,298843.7731700494
MnAlMo2,322529.5569855464
MnAlMoIr,284435.3459108864
MnAlMoOs,310635.3797426661
MnAlMoPd,117243.85195226314
MnAlMoPt,274700.98912385694
MnAlMoRh,290434.9947935625
MnAlMoRu,321709.1417748904
MnAlMoW,311603.2676638182
MnAlN2,661651.8600339238
MnAlNi,620592.2535603461
MnAlNi2,775597.9485481448
MnAlNi6,489766.20281532
MnAlNiAg,571712.8247077696
MnAlNiAu,568482.1750775095
MnAlNiIr,632280.9210209141
MnAlNiMo,285059.21465638484
MnAlNiOs,336116.5966952146
MnAlNiPd,607448.5102354549
MnAlNiPt,605839.9178516405
MnAlNiRh,704122.3200881036
MnAlNiRu,703819.4432371007
MnAlNiW,105746.49506702244
MnAlO3,730878.993976592
MnAlO6,87464.83947792629
MnAlOs2,389941.63292554015
MnAlOsPt,521839.0969434018
MnAlP2(HO)15,148574.64945356033
MnAlPH4O7,342228.61262079526
MnAlPd,633145.053146553
MnAlPd2,643003.9697474741
MnAlPdAu,543702.0347957253
MnAlPdPt,573774.0434546536
MnAlPdRh,616263.5197875714
MnAlPdRu,631856.934403681
MnAlPdW,138166.43547621914
MnAlPt,634996.5106691528
MnAlPt2,607605.4811940952
MnAlPtAu,539356.0747610016
MnAlPtRh,595894.4230416047
MnAlPtW,286294.2281362302
MnAlRe2,165944.89816617008
MnAlReIr,319361.2339676923
MnAlReMo,193140.87260082562
MnAlReNi,212561.25992990608
MnAlRePt,291441.26810640085
MnAlReRh,223986.13136226241
MnAlReTc,90149.85270291795
MnAlReW,157107.20151378814
MnAlRh,742997.7095960524
MnAlRh2,687134.0927528252
MnAlRhAu,539822.1072844903
MnAlRhW,112896.04558587068
MnAlRu2,432722.34783484344
MnAlRuAu,611781.467156461
MnAlRuPt,619399.0037667331
MnAlRuRh,693257.4150267924
MnAlSi,477909.33814665297
MnAlSiO5,390318.9096718179
MnAlTc,707144.5576991567
MnAlTc2,53996.61666107967
MnAlTcAu,584778.1017694584
MnAlTcIr,281650.3322605427
MnAlTcMo,394869.5746050816
MnAlTcNi,373090.73831241817
MnAlTcPd,297098.4451685518
MnAlTcPt,335977.8772587975
MnAlTcRh,345103.70137423766
MnAlTcRu,264807.28009753366
MnAlTcW,159692.2179169777
MnAlV2,179342.81148893217
MnAlVAu,261910.29915520494
MnAlVCo,212452.56260124437
MnAlVCr,333606.8622867003
MnAlVCu,142152.572763808
MnAlVFe,873814.8898503269
MnAlVIr,336609.90410804213
MnAlVMo,248365.85960254996
MnAlVNi,191033.0358752151
MnAlVOs,453764.75521857024
MnAlVPd,451530.47176044725
MnAlVPt,259315.88869784083
MnAlVRe,349165.73260389315
MnAlVRh,345103.4452621948
MnAlVRu,486437.38704432256
MnAlVTc,372513.2942408157
MnAlVW,486366.9361554021
MnAlVZn,161061.22758382536
MnAlZnAu,516752.25577555026
MnAlZnCo,612211.0043864818
MnAlZnCu,565837.3938069559
MnAlZnFe,694413.6878526144
MnAlZnIr,535778.8968306367
MnAlZnNi,638389.227381443
MnAlZnOs,546181.1653041522
MnAlZnPd,565800.5062672806
MnAlZnPt,586973.9691373232
MnAlZnRh,540251.7761940758
MnAlZnRu,475218.5966377417
MnAlZnTc,308506.6480798383
MnAs,707970.1852435393
MnAs2F12,256000.30134736653
MnAs2Pd,473826.4009017007
MnAs2Rh,491947.40569397074
MnAsH2O5,396725.40638982406
MnAsIr,553369.5881549706
MnAsO3,738319.6955628524
MnAsO4,525227.4680566291
MnAsPd,706876.4569129599
MnAsPd2,603821.1400541471
MnAsPdAu,538537.788415796
MnAsPdPt,573716.4219780435
MnAsPdRh,555815.3215198455
MnAsPt,687039.341096231
MnAsPt2,595212.9790305463
MnAsPtRh,545856.6091955617
MnAsRh,660068.3266076357
MnAsRh2,861391.8899131059
MnAsRhAu,591205.5064985554
MnAsRu,494845.40443795035
MnAsRu2,388423.5650743939
MnAu,1149407.1206001742
MnAu2,738165.2402741504
MnAu3,583420.4286971842
MnAu4,425413.00264239917
MnAuO2,716498.5439417212
MnAuO3,523920.3964814842
MnB,955278.3442368793
MnB2,744712.4726405168
MnB4,140015.35464737713
MnB4Mo3,224089.0609905127
MnB4O7,496470.24346698466
MnB4W3,311943.24489819526
MnBO3,790056.238031785
MnBP(HO3)2,419735.3242343687
MnBPbO4,434555.6748131915
MnBPd,759426.9010960248
MnBPt,745918.697417299
MnBRh,825476.6709706148
MnBRh2,784975.5158325604
MnBRu,905387.9373845948
MnBe,1165125.9348494243
MnBe(AlCu2)2,315574.526776853
MnBe(GaCu2)2,330897.11373133434
MnBe2,268151.0597280203
MnBe2Au,651603.3651966184
MnBe2Co,764863.7289117342
MnBe2Cu,541583.0345551746
MnBe2Fe,573668.6403267592
MnBe2Ir,671437.3565941006
MnBe2Mo,143459.47012693106
MnBe2Ni,697109.6632954925
MnBe2Os,112685.15254075082
MnBe2Pd,639388.7735763444
MnBe2Pt,628737.8991568796
MnBe2Rh,678037.5814754539
MnBe2Ru,434157.7471744347
MnBe2Tc,355196.70086030994
MnBe2V,158690.11923527505
MnBe3,253766.6148225241
MnBe4Al,338669.1748868726
MnBeAlAu,525924.6114848274
MnBeAlCo,632725.0619617985
MnBeAlCu,584158.5550024809
MnBeAlFe,433582.124293083
MnBeAlIr,540030.7831272859
MnBeAlNi,695843.1974857894
MnBeAlOs,339423.45074587513
MnBeAlPd,582039.5273875222
MnBeAlPt,616230.7608193427
MnBeAlRh,552509.5462981365
MnBeAlRu,498560.9619344146
MnBeAlTc,333971.0864775487
MnBeAlV,118164.80820066505
MnBeAsPd,543111.5139387771
MnBeAsPt,541049.4575659672
MnBeAsRu,293838.5041881757
MnBeAu2,606190.2563488522
MnBeB,339537.3611944574
MnBeBIr,560343.5052391379
MnBeBOs,657170.351378585
MnBeBPt,316688.2807568781
MnBeBRh,600582.384600212
MnBeBRu,676060.2642538593
MnBeCo2,432667.8096753345
MnBeCoB,673864.2266976624
MnBeCoGe,562477.3593374671
MnBeCoSi,723086.9636561737
MnBeCuSi,115972.32202689904
MnBeFe2,266119.6018407282
MnBeFeAs,289147.11752663524
MnBeFeB,814028.9342121886
MnBeFeGe,551420.4867107718
MnBeFeSi,596204.6813688948
MnBeGaCo,628481.1411016921
MnBeGaFe,573063.7723142161
MnBeGaIr,563182.0053656867
MnBeGaNi,670501.1042811486
MnBeGaOs,577973.8868600338
MnBeGaPd,599871.0317673945
MnBeGaPt,627969.2740122395
MnBeGaRh,572126.3753905625
MnBeGaRu,490228.10600561654
MnBeGaTc,322985.4995874854
MnBeGeIr,292312.95877354377
MnBeGeOs,468878.12002336764
MnBeGePd,557844.4633071409
MnBeGePt,564644.6736659763
MnBeGeRh,460020.01380645565
MnBeGeRu,489707.8254904956
MnBeInPd,562588.7262180262
MnBeInPt,582524.93257347
MnBeInRh,555112.2838344485
MnBeIr,910202.0778848142
MnBeIr2,451778.7275092913
MnBeNbAl,135992.23737457313
MnBeNbGa,174296.96310336556
MnBeNi2,880985.1399122016
MnBeNiAs,74185.5794791292
MnBeNiB,350326.3000432314
MnBeNiGe,635214.4355406408
MnBeO3,627910.7540378334
MnBeOs2,378552.1758864052
MnBePd2,691673.3150406026
MnBePt,865615.1423618107
MnBePt2,647453.5165537398
MnBeReSi,344686.6882177036
MnBeRh,988641.565825568
MnBeRh2,584319.5118409543
MnBeRu2,378516.89908308396
MnBeSiIr,428149.8855385581
MnBeSiMo,311211.25308450253
MnBeSiNi,556125.0709444407
MnBeSiOs,474695.4497365913
MnBeSiPd,287598.52229973156
MnBeSiPt,269388.67297345767
MnBeSiRh,443303.58578076394
MnBeSiRu,462735.5984959466
MnBeSiTc,300381.07449037716
MnBeSnPd,503903.72654341196
MnBeSnPt,523705.108890467
MnBeSnRh,577894.9596200215
MnBeTcAs,446178.8231193398
MnBeTcGe,546598.1336259659
MnBeV2,127623.2219640206
MnBeVGa,162357.6591041459
MnBeZnCo,699293.3726167966
MnBeZnIr,591499.6021827168
MnBeZnNi,624837.3572375765
MnBeZnPd,609538.8203999458
MnBeZnPt,601242.5316281933
MnBeZnRh,618726.342987851
MnBeZnRu,691005.0330468573
MnBi,667016.7356438388
MnBi(PbO3)2,251714.0230735312
MnBi12W2(ClO8)3,55009.053989282496
MnBi2(IO)8,58042.96718039403
MnBi2O5,392090.0355731871
MnBi3,342450.05609751964
MnBiAsO5,424895.43165540055
MnBiO3,603841.7968541668
MnBiPO5,437128.0027333891
MnBiPd,596071.1545332349
MnBiPd2,539804.7711925359
MnBiPdAu,473134.1855776831
MnBiPdPt,522646.8638987051
MnBiPt,584953.4111949818
MnBiPt2,567640.7400312988
MnBiRh,541772.520317785
MnBiRh2,729981.3610464887
MnBiS2Br,389137.65724541753
MnBiS2Cl,410867.5003715269
MnBiSe2Br,351316.69771887205
MnBiSe2I,328314.3869470332
MnBr,949232.780511023
MnBr2,558269.8811072004
MnBr3,389406.28895333054
MnC4Br3N,186645.01947226506
MnC8(Br2N)2,65503.293113964835
MnCN2,1004028.54542742
MnCO3,673716.9872672881
MnCd(GaSe2)4,124232.83057560588
MnCd2Pd,534624.8379035915
MnCd2S3,312224.001187604
MnCd2Te3,225876.07930036247
MnCd3,418735.69454550504
MnCd3F6,91878.75465223969
MnCd3Te4,168487.7188536034
MnCd4O5,360959.87142009224
MnCd4S5,184795.09916879496
MnCd4Te5,134258.80245821405
MnCdAsPd,512148.3441425125
MnCdAu2,526140.0129274541
MnCdCu4(GeSe4)2,124176.59843547847
MnCdCu4(SnSe4)2,117071.75412485193
MnCdF5,407704.33714375156
MnCdGaIr,530748.6950065743
MnCdGaPd,530689.7673745481
MnCdGaPt,538952.5276499651
MnCdGaRh,537249.303437647
MnCdGePd,522949.4001564018
MnCdGePt,537349.9720716523
MnCdGeRh,585168.4761804923
MnCdInPd,496603.0413863269
MnCdInPt,503050.06471221073
MnCdInRh,501342.02960808424
MnCdO2,965212.3602365961
MnCdO3,530148.2843757399
MnCdPd2,598623.6153733946
MnCdPt,675173.6883872407
MnCdPt2,628136.7863427264
MnCdRh2,300216.1650688201
MnCdS2,483977.53281496203
MnCdSbPd,452239.2271901656
MnCdSe2,424691.6498702572
MnCdSe4,316998.09930924105
MnCdSiPd,513071.06541236135
MnCdSiPt,511120.09889434895
MnCdSiRh,545691.9749825156
MnCdSnPd,479306.72558962216
MnCdSnPt,478755.17108919006
MnCdSnRh,533253.9127792276
MnCdTe,453677.66103891184
MnCdTe2,376756.7793449465
MnCl,1098548.4214300103
MnCl2,678019.8956512867
MnCl3,474916.79790363734
MnCo,1607515.538301571
MnCo(BiO3)2,393449.6742678514
MnCo(PO4)2,480287.61880225176
MnCo2As,1178807.9561433285
MnCo2Ge,978486.0176488971
MnCo2Sb,1035773.7573890636
MnCo2Si,1044901.1893012269
MnCo2Sn,869517.3311008783
MnCo2TeO6,852324.9629433057
MnCo3(PO4)4,528515.8011898776
MnCo3C,1084579.64436166
MnCo3O8,466243.81153131597
MnCo4Cu10(SnS4)5,199216.54021721196
MnCo5O12,372409.71950555954
MnCo9O10,1468038.1890058068
MnCoAs,631773.9895405046
MnCoAsIr,970254.4129286922
MnCoAsPd,875817.7278684629
MnCoAsPt,919067.4154262509
MnCoAsRh,1020489.8990592073
MnCoAsRu,921227.2964612629
MnCoB,783533.9278085538
MnCoB2,406470.53831790853
MnCoCuGe,652840.1507598814
MnCoCuSi,640274.6056293148
MnCoCuSn,629475.156822534
MnCoGe,790386.5478865324
MnCoGeIr,831848.5023206519
MnCoGeMo,416384.69615370006
MnCoGeOs,720464.8662168375
MnCoGePd,763768.6534373078
MnCoGePt,765183.3488700544
MnCoGeRh,833752.4428442123
MnCoGeRu,817558.8336537523
MnCoMoAs,543539.271853184
MnCoNiAs,675788.939419342
MnCoNiGe,637616.9633238894
MnCoNiSb,756716.8334416937
MnCoNiSn,843963.1012615929
MnCoO3,846264.6199140165
MnCoO4,608472.4610572362
MnCoO6,233687.67224436064
MnCoP,822888.6460071827
MnCoPt2,1065181.9741492015
MnCoReGe,538912.9494564458
MnCoReSi,446904.9583858599
MnCoS,921500.4273620097
MnCoSb,706596.5535115367
MnCoSbIr,918513.1672598717
MnCoSbPd,673487.8983283499
MnCoSbPt,803548.5542939632
MnCoSbRh,903027.5709569474
MnCoSbRu,803450.2004613273
MnCoSe,832644.8971126933
MnCoSe2,798863.5123867262
MnCoSi,735280.1123255402
MnCoSiIr,801771.0086798441
MnCoSiMo,432298.75279459846
MnCoSiNi,608295.0279946456
MnCoSiO4,956751.6742346465
MnCoSiOs,389661.55804356333
MnCoSiPd,661852.2844735229
MnCoSiPt,703853.5159802885
MnCoSiRh,799373.827420593
MnCoSiRu,760761.4772045751
MnCoSiTc,476373.88355658395
MnCoSiW,402442.0582211253
MnCoSn,811032.7231934031
MnCoSn4,222190.948589962
MnCoSnIr,790356.8422649908
MnCoSnPd,764706.0616987492
MnCoSnPt,745474.8318844734
MnCoSnRh,793175.3479654319
MnCoSnRu,667665.4087144833
MnCoTcAs,715168.8803280405
MnCoTcGe,546487.8216515832
MnCoTe,740779.9265317076
MnCr(Ni2Sn)2,625970.2234446062
MnCr(PO4)2,448346.9201295358
MnCr(PbO3)2,421702.7386601987
MnCr2(SeS)2,724387.8291216575
MnCr2Fe3(PO4)6,528632.1795084797
MnCr2Ga,374033.6311643837
MnCr2Ge,190224.06392628845
MnCr2Ni3(PO4)6,368358.2905605963
MnCr2O4,1328778.9706341953
MnCr2Pt,795835.487568624
MnCr2Se3S,723746.5060271444
MnCr2Si,206132.72911629797
MnCr3(PO4)4,433994.2566555055
MnCr3(PO4)6,142829.85924789216
MnCr3Te2(PO4)6,291699.21510209335
MnCr3Te4,766354.9974024647
MnCr4CdS8,586846.2195549619
MnCr4CdSe8,502226.0475446872
MnCrAs,406770.3204670764
MnCrAsIr,490250.39431306435
MnCrAsRh,512686.04540432635
MnCrAsRu,355498.9230902381
MnCrB2,789878.9547355012
MnCrCoAs,580284.9647913213
MnCrCoGe,388968.13573666906
MnCrCoO4,927540.9041421151
MnCrCoSi,420240.370538483
MnCrF5,865144.0075584718
MnCrFeAs,391939.099362237
MnCrFeGe,204422.49177913408
MnCrFeSi,501773.5046892815
MnCrGaCo,208173.9795757572
MnCrGaIr,177616.62374569935
MnCrGaNi,368497.42969664873
MnCrGaPd,1128810.821325843
MnCrGaPt,1138258.1025721119
MnCrGaRh,1131497.425006508
MnCrGaTc,172543.46722490538
MnCrGeIr,349971.44757906685
MnCrGeOs,178168.52126773202
MnCrGePt,1121567.9261393705
MnCrGeRh,769869.6865044784
MnCrGeRu,184305.85685341037
MnCrIr2,1170581.1881085834
MnCrN2,706315.4924401493
MnCrNiAs,201346.2633039403
MnCrNiGe,441091.7271455985
MnCrO3,1236959.199493507
MnCrO4,567491.7877244654
MnCrO6,105450.8476661107
MnCrP2,235011.2370916415
MnCrPt2,1290019.9637231927
MnCrPt6,572913.8856021678
MnCrReSi,71082.13939557697
MnCrRh2,1197354.9930712876
MnCrSb2,663177.6922647145
MnCrSbRu,314148.9766400224
MnCrSeS,1039960.6020989672
MnCrSi,170610.366167522
MnCrSi2,454654.15001522994
MnCrSiIr,374211.2650103504
MnCrSiMo,204969.7520705654
MnCrSiNi,381731.3141676176
MnCrSiOs,194449.5192197017
MnCrSiPd,419422.89780877135
MnCrSiPt,533326.3975329961
MnCrSiRh,374059.07455058175
MnCrSiRu,193555.3936303936
MnCrSiTc,135411.93562382783
MnCrSiW,179723.11788719543
MnCrSnPt,1039332.2227203004
MnCrSnRh,1147258.3942944626
MnCrTcAs,181856.54187134348
MnCrTcGe,294939.805884098
MnCrTe2,761776.1411031582
MnCu(AgO2)2,440279.3709247295
MnCu(PO4)2,235886.18324251895
MnCu2GeS4,300645.06009499263
MnCu2GeTe4,199015.80724225365
MnCu2Pd,713230.9909051058
MnCu2Pt,709473.851041258
MnCu2SiS4,312745.2809453452
MnCu2SiTe4,210428.8172036598
MnCu2Sn3S8,150914.7358832969
MnCu2SnS4,280077.1716303943
MnCu2SnSe4,234230.60183690733
MnCu2SnTe4,189552.1309083275
MnCu3,710469.22676581
MnCu3(PO4)4,131202.93279102948
MnCu3(SeO3)4,302290.01994928776
MnCu4H14(SO9)2,217887.965682593
MnCu4Si2Ni,341029.5864255312
MnCuAsPd,628040.7253291552
MnCuAsPt,599221.6380198111
MnCuAsRh,643337.408120295
MnCuAu2,340708.5859761959
MnCuF6,405622.06468360877
MnCuGeIr,565167.3223016032
MnCuGePd,604404.117824005
MnCuGePt,637563.4912098356
MnCuGeRh,577392.2346513099
MnCuGeRu,573929.3036361535
MnCuIr2,403385.15642917313
MnCuNi2,879211.5836581594
MnCuNiGe,607926.095821738
MnCuNiSn,621634.573443366
MnCuO2,802463.8052494276
MnCuO3,586951.571629316
MnCuP,723609.0174396655
MnCuPd2,731805.765008125
MnCuPt2,698630.1936460981
MnCuPt6,287565.61524362396
MnCuRh2,452306.0263143241
MnCuRhAu,687800.899333159
MnCuSbPd,568983.1768918699
MnCuSbPt,519163.7724860687
MnCuSbRh,602540.4811350495
MnCuSiIr,540591.6269629498
MnCuSiNi,604363.495473214
MnCuSiOs,550182.1554424169
MnCuSiPd,607682.7680141755
MnCuSiPt,551898.4301452924
MnCuSiRh,581667.700064346
MnCuSiRu,595736.5635383448
MnCuSiTc,406844.1709632132
MnCuSnIr,545312.8384420135
MnCuSnPd,550767.7074355513
MnCuSnPt,561762.2236198896
MnCuSnRh,558516.4626137095
MnF,1682436.4277701592
MnF2,1261010.9187162193
MnF3,835728.622387011
MnF4,458988.7960531103
MnFe(PO4)2,571434.4311309026
MnFe2(PO4)3,574448.3988402012
MnFe2(PO9)2,455894.63344777096
MnFe2Ag2(PO4)3,550077.70203029
MnFe2As,909334.6917889167
MnFe2Ge,605954.8736930047
MnFe2Ir,1496723.9092101823
MnFe2O3,1902881.8051118297
MnFe2P,864647.5125537219
MnFe2Pb2(OF4)3,581771.3001485475
MnFe2Pt,1592597.0787215594
MnFe2Sb2(PO4)6,311382.11584138667
MnFe2Si,651386.2378606253
MnFe3(BiO3)4,677448.8357469437
MnFe3(PO4)4,607194.2654141115
MnFe3Co2(PO4)6,530655.645703243
MnFe3Ni2(PO4)6,486496.1177070883
MnFe3P2,954366.1263449808
MnFe3Sb2(PO4)6,367514.9070260543
MnFe4,1574580.4354119287
MnFe4(BiO3)5,687560.0330326176
MnFe4O5,1798974.1737738352
MnFe4Si3,845081.0112551327
MnFe5(PO4)6,608981.2003366697
MnFe5O8,1682220.8591041574
MnFe7(PO4)8,624800.4444767799
MnFeAs,947632.1677135872
MnFeAsIr,870763.73564821
MnFeAsPd,970060.2502814138
MnFeAsPt,968599.7995209034
MnFeAsRh,885026.9096806796
MnFeAsRu,734773.7540120534
MnFeB,970227.1623741961
MnFeB2,598254.5090655684
MnFeBO4,1242485.4771908338
MnFeBiO5,784682.5930106975
MnFeCo(PO4)3,545549.6650741285
MnFeCo2,1903286.437045563
MnFeCoAs,987940.5064208072
MnFeCoGe,800977.9138755772
MnFeCoSb,882093.5539473525
MnFeCoSi,857307.9776079135
MnFeCoSn,721581.1415341304
MnFeCuSi,697782.8710456413
MnFeGe,737495.023087968
MnFeGeIr,827024.4199246306
MnFeGeMo,597187.8646829092
MnFeGeOs,552169.1536126819
MnFeGePd,865721.7819216939
MnFeGePt,892519.4870844677
MnFeGeRh,826438.524561029
MnFeGeRu,775472.3026599814
MnFeH4O2F5,723619.7288540283
MnFeNiAs,1045463.6289157812
MnFeNiGe,862393.181562948
MnFeNiO4,1327448.0798370831
MnFeNiSb,927545.5282295503
MnFeNiSn,862755.8883276841
MnFeO2,1947954.6663354014
MnFeO3,1582218.8686542748
MnFeO4,998778.8900339649
MnFeO6,324403.29635943787
MnFeP2,217962.44673468772
MnFePd6,734235.6417675021
MnFePt2,1116422.9853000813
MnFeReSi,425523.18608512194
MnFeSbIr,796381.4479761525
MnFeSbPd,866399.9593476212
MnFeSbPt,887229.8010063643
MnFeSbRh,822696.4258313699
MnFeSbRu,667303.0152592364
MnFeSeS,425317.88900926063
MnFeSi,627380.7243321647
MnFeSi4,98029.96817309715
MnFeSiIr,862069.1923204267
MnFeSiMo,589810.9283917471
MnFeSiNi,880679.8203792179
MnFeSiO4,1036336.3060249258
MnFeSiOs,613902.7394531618
MnFeSiPd,842809.1653012508
MnFeSiPt,904426.6569029432
MnFeSiRh,799890.7438298623
MnFeSiRu,582906.7142993147
MnFeSiTc,400832.8281770614
MnFeSiW,595872.6781064318
MnFeSn4,400711.8261837808
MnFeSnIr,851862.8660347448
MnFeSnPd,814595.6478893221
MnFeSnPt,868343.020999679
MnFeSnRh,835479.7346333656
MnFeTcAs,552088.923075936
MnFeTcGe,593079.9963448618
MnGa,686268.7983633337
MnGa2Co,698727.2559414748
MnGa2Cu4Ni,313499.907594086
MnGa2Cu5,319768.71079457476
MnGa2Fe,536840.5805574177
MnGa2Ir,569586.614681344
MnGa2N3,522235.26051862125
MnGa2Ni,531516.3424709127
MnGa2Ni9,519133.1982941703
MnGa2Os,464952.3195443333
MnGa2Pd,553330.8806564626
MnGa2Pt,549321.6099530259
MnGa2Rh,579317.5307986613
MnGa2Ru,490026.2729302459
MnGa2Tc,533008.6742636369
MnGa3,359681.1148069976
MnGaAgPd,554627.9518205223
MnGaAgPt,549534.3135085327
MnGaAgRh,525142.6823786206
MnGaAsN,552316.340961285
MnGaAu,597135.6510650162
MnGaAu2,543191.3826309715
MnGaCo2,886423.1182845656
MnGaCoAu,815448.8570997249
MnGaCoCu,747529.3717825385
MnGaCoIr,842096.828404665
MnGaCoMo,350213.5146204829
MnGaCoNi,838697.4129031256
MnGaCoOs,554554.298174157
MnGaCoPd,811879.9434502673
MnGaCoPt,827100.5095354468
MnGaCoRe,398980.48882086534
MnGaCoRh,898874.330057576
MnGaCoRu,802222.8509188818
MnGaCoTc,395861.1093225382
MnGaCoW,177190.04524600966
MnGaCu2,603633.5027815414
MnGaCuAu,578594.5630358075
MnGaCuIr,566971.7243387417
MnGaCuNi,628208.1572008255
MnGaCuPd,606260.2669275067
MnGaCuPt,593046.2667283309
MnGaCuRh,620214.5083692152
MnGaCuRu,641331.3435120351
MnGaFe2,800919.2836394095
MnGaFeCo,1157366.4035736131
MnGaFeIr,1042557.2609442348
MnGaFeNi,793860.3010079175
MnGaFeO4,1146641.7550871952
MnGaFeOs,380375.7711694424
MnGaFePd,905523.7272765766
MnGaFePt,969891.3229035052
MnGaFeRh,1054617.7294833055
MnGaFeRu,765243.4106022944
MnGaFeTc,661477.4497126706
MnGaGe,441259.7938790716
MnGaH4O2F5,371054.16397101735
MnGaHgPd,533907.6994493676
MnGaHgPt,550130.8117587429
MnGaHgRh,519695.0408968573
MnGaIr,738624.1302107777
MnGaIr2,663741.8568339798
MnGaIrAu,527469.288959725
MnGaIrPd,594299.301637732
MnGaIrPt,562190.4785267416
MnGaIrRh,619000.5333073585
MnGaIrW,118848.39546523173
MnGaMoIr,302984.3708805048
MnGaMoPt,364113.66102427756
MnGaMoRh,313429.32267776626
MnGaN2,528865.6812167129
MnGaNi,733371.7961480031
MnGaNi2,768448.9151862955
MnGaNiAu,584113.2626206563
MnGaNiIr,631117.4191978268
MnGaNiMo,301774.5630813132
MnGaNiPd,625538.2609418833
MnGaNiPt,617501.0455985557
MnGaNiRh,689785.4299467551
MnGaNiRu,718779.7093360116
MnGaO3,676430.8193774474
MnGaOs2,365214.41252942634
MnGaPd,673006.0223544994
MnGaPd2,595007.455388307
MnGaPdAu,551096.6255723839
MnGaPdPt,577332.4159322481
MnGaPdRh,606624.3834037269
MnGaPdRu,650967.4305649882
MnGaPt,657870.3566184132
MnGaPt2,639666.6169346542
MnGaPtAu,545873.1804712773
MnGaPtRh,583897.0397186012
MnGaRh,740931.4455154012
MnGaRh2,685131.1736539027
MnGaRhAu,544579.5488203687
MnGaRhW,128723.97106458602
MnGaRu,845341.4438767219
MnGaRu2,409536.84685771883
MnGaRuPt,567199.0570268627
MnGaRuRh,522353.35447233345
MnGaTcMo,170993.8447030175
MnGaTcNi,483139.6752342098
MnGaTcPt,344503.76806963386
MnGaTcRh,400260.43771707575
MnGaTcW,152707.30882880554
MnGe2,447333.07732884114
MnGe2Pd,431581.32295224536
MnGe2Pt,448109.6483123829
MnGe2Ru,101958.73339544234
MnGe3,519874.90703539574
MnGe4H24C8(S5N)2,70866.39654047343
MnGe7N10,180540.13091289953
MnGeAs2,452821.3965399087
MnGeIr,628515.8484898832
MnGeIr2,806508.4318677481
MnGeIrPd,534768.7848087276
MnGeIrPt,514903.4719161442
MnGeMo,197641.09774278203
MnGeMoPt,328594.27602192486
MnGeN2,959085.1280108179
MnGeO3,878699.3700130472
MnGeP2,384460.3657402268
MnGePd,621580.3864132476
MnGePd2,596880.5760169757
MnGePdAu,557425.3578181196
MnGePdPt,553285.6708404238
MnGePdRh,546028.3808020602
MnGePdRu,625128.8182048505
MnGePt,582304.1888098611
MnGePt2,591594.422367638
MnGePtAu,566243.365343645
MnGePtRh,537325.6271795565
MnGeRh,629211.6257390752
MnGeRh2,738744.5007543757
MnGeRhAu,541799.1362173208
MnGeRu2,517201.5987180482
MnGeRuPt,448717.70788985275
MnGeTe2,453068.0526000282
MnH10C2N4O7,192256.3843492239
MnH10S2(NO2)4,217555.61881493405
MnH10SO9,265175.4239162233
MnH11C5NO6,211686.15035932476
MnH12(C2N5)2,195611.94946887568
MnH12C2(NCl2)2,186692.68591374095
MnH12C4(N9O2)2,110718.06990999046
MnH12S2(NO5)2,183725.99275131006
MnH16C4N(OF2)2,177088.5471810169
MnH2(CO2)2,461072.4034955929
MnH2(SO4)2,313298.55999802257
MnH20S2(NO7)2,128159.59225549358
MnH21C7S3N,134407.14212526573
MnH28C14S2(N3O2)2,84149.50735593861
MnH2O3,633330.5101212771
MnH2SO4,563848.6315131243
MnH2SO5,505215.00977367104
MnH2SeO5,467729.18917111866
MnH30C6Se5N6,79727.19387350968
MnH3C2N9O,267631.8223181323
MnH3C5NO6,223734.21627627697
MnH4(BrO)2,356717.1251942879
MnH4(C2O3)2,236879.34190922935
MnH4(CO3)2,395526.1097362661
MnH4(ClO)2,401735.163731758
MnH4(SO5)2,141649.39964549
MnH4NF3,585332.7915567261
MnH4S(NO2)2,422972.5916530473
MnH6(NCl)2,352549.06559218763
MnH6(OF)3,346594.1143158765
MnH6(S2O9)2,113020.13572079396
MnH6(SO4)4,165615.57569300663
MnH6SO6,370908.3754765269
MnH6SO7,58804.70463546557
MnH7C3NO6,224722.20426222144
MnH7C4N3O7,203206.8963425691
MnH8(BrO2)2,281816.4800106317
MnH8(ClO2)2,240755.07487190326
MnH8(NF3)2,226290.46068909697
MnH8(SO6)2,112429.81294138434
MnH8C2S2(NO2)2,203712.41629054875
MnH8C4(NO2)3,208565.96194641583
MnH9C4NO6,216445.43175973013
MnHO2,1063856.79841117
MnHO3,461912.5966992356
MnHSeO4,395188.13911299134
MnHg2OsO6,364883.20705281646
MnHg2PdO6,244295.11126464297
MnHg2S3,304666.3436265678
MnHg2Te3,224910.47796001798
MnHg3,443771.61502910923
MnHg3F6,160856.8736262362
MnHg3S4,223586.2958249984
MnHg4S5,177948.61928184092
MnHgO3,525240.2366120699
MnHgPd2,587112.9631153238
MnHgPt2,604618.3674869377
MnHgS2,474415.5651445003
MnI2,448007.12858352973
MnI3,290054.4363345765
MnIn2(SeS)2,247987.34314061477
MnIn2O4,501698.9119815922
MnIn2Pd,472165.2996584399
MnIn2Pt,475102.9629977795
MnIn2Rh,518716.496207607
MnIn3,365147.4281656948
MnInAgPd,525507.4972409991
MnInAgPt,521204.0621949296
MnInAsN,476027.73607008805
MnInAu2,504744.2171964568
MnInBr3,318027.67168023076
MnInCoIr,689548.6298721503
MnInCoNi,861272.0926710169
MnInCoPd,780133.8294339455
MnInCoPt,782526.3875787336
MnInCoRh,712297.17820909
MnInCu,671103.9696034393
MnInCuAu,537452.0552274185
MnInCuIr,590439.3920482522
MnInCuNi,630795.9245859683
MnInCuPd,571187.5797340989
MnInCuPt,553433.8576155178
MnInCuRh,593071.7487926879
MnInCuTe3,247530.9622974535
MnInF3,579679.9426061993
MnInFe,1074182.4637124802
MnInFePd,861702.0864643868
MnInFePt,904019.6867218997
MnInGaS4,267238.09190179827
MnInHgPd,491378.228385022
MnInIr2,605121.9709650809
MnInIrPt,563516.8272362221
MnInNi2,700056.6654815204
MnInNiAu,547046.8240718748
MnInNiPd,598169.6235244186
MnInNiPt,593033.8162553809
MnInNiRh,629384.0283608459
MnInO3,632825.8119619968
MnInPd,621978.4412667173
MnInPd2,590066.1936342099
MnInPdAu,521979.26902854006
MnInPdPt,550993.819224251
MnInPdRh,577661.8985747204
MnInPt,605175.8677170575
MnInPt2,543821.8942122684
MnInPtAu,520116.3687698118
MnInPtRh,564775.0124353739
MnInRh2,653215.012646999
MnInRhAu,525710.0980554658
MnIr,503658.55138394824
MnIrN2,425766.6053426577
MnIrO3,1059924.109171155
MnIrO6,187819.6545135906
MnMoAs2,433673.1745856493
MnMoAsPt,392151.4038741066
MnMoH2SeO7,300583.5195804239
MnMoN2,629356.2575128722
MnMoO3,888818.2753000157
MnMoO4,661826.7585265597
MnMoO6,97669.59111829962
MnMoPt2,425415.8293611199
MnN,1026560.5115241357
MnNF3,1012066.4280086666
MnNb2As,233433.08873479403
MnNb2Co,267797.9901286664
MnNb2Ir,255472.58957504242
MnNb2O4,501719.99088812125
MnNb2O6,435530.3274736287
MnNb2Os,197862.1670634989
MnNb2Si,293179.4344500505
MnNb2Zn2O8,306941.9099917213
MnNb2ZnO8,192118.26970337378
MnNb3(PO4)6,77600.41673026941
MnNb3O6,399821.42201185337
MnNb4(CS2)2,231850.27721766938
MnNb4FeO12,379835.2517778126
MnNb8(FeO8)3,359504.96076527674
MnNbAl2,249636.68232821178
MnNbAlAu,290212.9297019506
MnNbAlCo,649369.0425128312
MnNbAlCr,498546.9321031641
MnNbAlCu,183992.69493977842
MnNbAlFe,799716.5521658276
MnNbAlIr,306746.2150346076
MnNbAlMo,442849.3254609138
MnNbAlNi,478028.64887146774
MnNbAlOs,425320.80658400786
MnNbAlPd,272976.5666353315
MnNbAlPt,297733.49960915773
MnNbAlRe,390750.6400837039
MnNbAlRh,310028.3324530126
MnNbAlRu,438304.38021553814
MnNbAlTc,453672.6748890419
MnNbAlV,326691.6497869702
MnNbAlZn,160674.79799070573
MnNbAs,393275.305262351
MnNbAs2,349331.5624672045
MnNbAsAu,382175.3216342451
MnNbAsIr,503895.34591047006
MnNbAsPd,457332.7076404802
MnNbAsPt,435913.799665764
MnNbAsRh,387386.1355236147
MnNbAsRu,129459.99358559826
MnNbCo2,1046003.4030450176
MnNbCoAs,489055.4543038573
MnNbCoGe,550994.1281126294
MnNbCoSi,562250.1542772478
MnNbCoSn,158871.33578445617
MnNbCrAs,173266.22731305961
MnNbCrGa,496836.6716349093
MnNbCrGe,341607.12876299187
MnNbCrSi,355559.61956104636
MnNbCuSi,232472.6959882548
MnNbFe2,830219.904089831
MnNbFeAs,455406.2424505281
MnNbFeGe,705681.347959999
MnNbFeSi,717891.0301225105
MnNbGaAu,368535.5828615801
MnNbGaCo,607571.0231613764
MnNbGaFe,488357.11759738973
MnNbGaIr,313345.35930669535
MnNbGaMo,445132.223259435
MnNbGaNi,464965.48873985774
MnNbGaOs,423226.8669473286
MnNbGaPd,296870.8043739783
MnNbGaPt,312589.4067483719
MnNbGaRe,308356.30902321276
MnNbGaRh,315805.69616254297
MnNbGaRu,436097.17992740864
MnNbGaTc,312983.0187379548
MnNbGe,289060.28492037527
MnNbGeIr,337328.8231937123
MnNbGeMo,306307.31292421685
MnNbGePd,333993.3689253462
MnNbGePt,335963.76415852393
MnNbGeRh,343968.16717857093
MnNbGeRu,336317.188186284
MnNbH8(OF)5,206686.9492583444
MnNbInIr,296227.591269303
MnNbInPd,253442.60365937036
MnNbInPt,372636.23925003223
MnNbInRu,144891.244532042
MnNbIr2,608950.7432396904
MnNbNi2,602735.8075163601
MnNbNiAs,431028.96685499436
MnNbNiGe,372203.4727555261
MnNbNiSn,267217.621889097
MnNbO3,851313.5930953708
MnNbP,253704.13458332402
MnNbPd2,468397.6121089689
MnNbPt2,550444.0368396398
MnNbReGe,150736.67344703418
MnNbReSi,159854.892222516
MnNbRh2,568521.9520668935
MnNbRu2,635456.3843144828
MnNbSb,167251.61790911516
MnNbSbPd,382019.6323982115
MnNbSbPt,342357.05005011277
MnNbSbRh,331987.16858601745
MnNbSbRu,123130.9491949648
MnNbSi,86824.40244183705
MnNbSi2,433003.7370942642
MnNbSiAu,364754.2409112986
MnNbSiIr,339758.15170169546
MnNbSiMo,320706.48217423377
MnNbSiNi,391469.59498685936
MnNbSiPd,335431.10580655426
MnNbSiPt,336765.2581040565
MnNbSiRh,348065.52354395925
MnNbSiRu,344861.5377538425
MnNbSiTc,408016.52655759273
MnNbSiW,316642.1657396899
MnNbSnIr,243821.16965693855
MnNbSnPd,315523.6046182532
MnNbSnPt,327177.7164736736
MnNbSnRh,308404.59654144465
MnNbTc2,365410.58900893526
MnNbTcGe,153501.43532476533
MnNbTcSn,141278.33635518723
MnNbVAs,333421.3385587855
MnNbVGa,327574.7557870948
MnNbVGe,478774.0349737618
MnNbVSi,280029.30545386317
MnNbVSn,436115.32282708626
MnNbZnCo,171012.50879831612
MnNbZnIr,436968.0046071956
MnNbZnNi,81718.39178838188
MnNbZnOs,315082.6220438408
MnNbZnPd,405068.9216689968
MnNbZnPt,462030.0014444052
MnNbZnRh,439942.3361587024
MnNbZnRu,322153.8009760903
MnNbZnSi,237245.7042196386
MnNbZnTc,457925.13320416317
MnNi,1652350.8449247545
MnNi(BiO3)2,398724.60181248013
MnNi(PO4)2,316822.28071066004
MnNi2As,683658.092006341
MnNi2Ge,649980.4608048724
MnNi2Sb,554218.7228293248
MnNi2Sn,630510.4242388821
MnNi3,999442.1456273163
MnNi3O4,1288544.868209302
MnNi5(BO5)2,699752.8998826295
MnNi7O8,1137592.214920442
MnNiAs,730402.4702984978
MnNiAsIr,594079.6375876066
MnNiAsPd,611545.387297106
MnNiAsPt,627453.8615034469
MnNiAsRh,601152.4788848929
MnNiAsRu,578662.1921951604
MnNiGe,645260.4891266561
MnNiGeAu,585324.57525504
MnNiGeIr,553155.5264234092
MnNiGeMo,415803.2315917631
MnNiGePd,580071.0265976811
MnNiGePt,596299.7021535506
MnNiGeRh,558775.8722860273
MnNiGeRu,720874.9896131607
MnNiIr2,296454.4502898928
MnNiO2,1092261.1387732783
MnNiO3,952862.1982259217
MnNiO6,113461.85898218882
MnNiP,810606.1789940209
MnNiP2O9,277129.18761706643
MnNiPd2,835406.2633819693
MnNiPt2,580368.8894118565
MnNiRh2,338115.3864034504
MnNiSb,721527.4501425766
MnNiSb2,349712.74802029214
MnNiSbPd,533998.3901486032
MnNiSbPt,557224.3603307017
MnNiSbRh,554531.4280750861
MnNiSbRu,608372.7937715471
MnNiSn,604714.3153979277
MnNiSnAu,519007.7978515227
MnNiSnIr,525395.1991239777
MnNiSnPd,588924.8885218553
MnNiSnPt,562963.5647523358
MnNiSnRh,608677.2221450085
MnNiSnRu,704342.3602922702
MnNiTe,835797.6429062135
MnO,2074652.0418247408
MnO2,873606.8153397784
MnO2F,439769.66194345476
MnO3,222711.26919051076
MnO4,147281.8876416554
MnOF,1077931.9533839962
MnOsO3,1179134.9952705293
MnOsO6,287446.34750634816
MnP,603498.4281880233
MnP(HO)7,50405.13649500639
MnP2H2O7,366694.96616302343
MnP2H6O5,289590.9501377456
MnP2HO7,303114.99894387886
MnP2O7,230752.62084935926
MnP3C(NO7)2,258210.24180737115
MnP3H6NO7,173425.95927983706
MnP3NO9,342375.15728585434
MnP4H16(NO8)2,131951.68693446298
MnP4O11,198863.7663298059
MnP6(WO8)3,130095.08750404562
MnPH2CO6,412266.88716133236
MnPH2O5,430029.99478300876
MnPH5CO4,403245.6390476793
MnPH6NO5,390525.73999123217
MnPHO3,667586.2398929645
MnPHO5,333994.69294437417
MnPNO5,383055.0511864266
MnPO4,467078.03948415985
MnPO4F,241286.22994041827
MnPPd,766972.0369654605
MnPRh,723628.2522230125
MnPS3,439751.15406160895
MnPSe3,380013.78498896334
MnPb(SO4)2,290572.3347483238
MnPbN2,100566.74870637718
MnPbO3,501973.0161915003
MnPd,1325444.9654967557
MnPd2Au,654406.402159115
MnPd2Pb,549649.8736042765
MnPd2Pt,699653.0762955695
MnPd2Rh,619143.6432424411
MnPd3,744797.5678962867
MnPdAu2,328817.5248059489
MnPdO3,439231.75967322255
MnPdPbAu,503188.46383710206
MnPdPt2,577483.2610144095
MnPdPtPb,526293.9451846684
MnPt,1320324.1259139315
MnPt(PbO3)2,300882.4726078979
MnPt2,908646.8545732803
MnPt2Au,628339.5801132423
MnPt2Pb,567778.2349041041
MnPt2Rh,628749.037188904
MnPt2W,402853.3246990295
MnPt3,649537.7744539514
MnPtAu2,592031.5114200965
MnPtF6,493483.5814371102
MnPtN2,206623.240232564
MnPtO3,843806.98994085
MnPtO6,80971.40568039546
MnPtPb,566053.8675876579
MnRe(PbO3)2,340476.935295234
MnRe2Si,346744.33832417737
MnRe3B2,247085.91602170063
MnReB2,499838.1096390256
MnReO3,853513.0912930167
MnReO4,545869.4692802271
MnRePt,721591.6158691213
MnReSiNi,193191.88066964864
MnRh,1361400.4158175855
MnRh(PbO3)2,342871.3265999166
MnRh2Pb,680104.3525056645
MnRh3,379257.86838877795
MnRhO3,1080187.301316352
MnRhO6,136870.31032675103
MnRu(PbO3)2,460049.1138125039
MnRu2W,63531.52339579068
MnRu3,77367.22384551827
MnRuO3,695158.0018465018
MnRuO6,293560.00929901993
MnS,1042665.0887805371
MnS2,467034.6180643026
MnSN2O4F3,377512.49336128164
MnSO3,718608.02895601
MnSO4,651815.4883781201
MnSO6,61583.43300562539
MnSb,729984.4957628313
MnSb2F12,229251.9553061527
MnSb2Pb5O11,161635.1698701016
MnSb3(PO4)4,114948.99928607872
MnSb3(PO4)6,77989.87349401055
MnSb4,271027.1874939495
MnSb6(Pb2S7)2,73209.09450989342
MnSbIr,498171.7113765487
MnSbIrPd,515272.76268819155
MnSbO3,645150.2226113211
MnSbO4,475046.5739705958
MnSbO6,445925.37134434556
MnSbPd,603522.6301682814
MnSbPd2,555752.7581445766
MnSbPdAu,493115.80679912947
MnSbPdPt,525585.5938530425
MnSbPdRh,509634.457035737
MnSbPt,613931.561129328
MnSbPt2,543503.5360250273
MnSbPtAu,491849.6692138478
MnSbPtRh,508262.4735459535
MnSbRh,543403.6471725116
MnSbRh2,612575.8567270802
MnSbRhAu,533290.4502094622
MnSbRu2,616014.1301900937
MnSbS2Br,396640.9219287768
MnSbS2Cl,417260.1730660736
MnSbSe2Br,336098.61855353345
MnSbSe2I,336008.1267053647
MnSe,903795.2407649296
MnSe2,489574.60224258434
MnSe2O5,416578.57385645073
MnSe3,204533.507034987
MnSeO3,758955.741674131
MnSeO4,605301.6954025804
MnSi,406172.9310560742
MnSi(AgSe2)2,228372.05530938486
MnSi(AgTe2)2,184946.53935783886
MnSi2Mo,400152.2812332454
MnSi2Ni,217662.02760132955
MnSi2O5,601176.1686148662
MnSi2Pd,252621.33175934025
MnSi2Pd3,348704.9615329862
MnSi2Pt,201515.60204075332
MnSi7N10,212674.99155378804
MnSiAgPd,545195.6220030085
MnSiAgPt,568284.5805118526
MnSiAgRh,551774.0728233432
MnSiAs2,495499.9235019357
MnSiH12(OF)6,167643.04842915756
MnSiIr,523951.962305742
MnSiIr2,851660.7209916596
MnSiIrPd,505092.3148532631
MnSiIrPt,496463.20087246003
MnSiIrRh,481683.7569086605
MnSiMo,194561.75655613595
MnSiMo2,227436.5521994619
MnSiMoIr,340945.3425120627
MnSiMoPd,368938.6394929676
MnSiMoPt,326177.69932270545
MnSiMoRh,364373.9080984412
MnSiMoRu,304866.2031358131
MnSiMoW,154863.94625560188
MnSiN2,1063940.1785335618
MnSiNi,683112.2304744258
MnSiNi2,764393.8062983048
MnSiNiAu,557161.4740135493
MnSiNiIr,503048.8252085814
MnSiNiMo,361983.00895393017
MnSiNiOs,382523.32142517617
MnSiNiPd,527008.8391574624
MnSiNiPt,580538.0991158215
MnSiNiRh,571914.8926446756
MnSiNiRu,407343.3624653828
MnSiNiW,282877.0851718739
MnSiO3,888709.52457407
MnSiO6,356615.8149297623
MnSiOs,372946.00706199
MnSiOs2,328717.2310682086
MnSiP2,566680.714578356
MnSiPd,619558.1032935339
MnSiPd2,595530.0902927791
MnSiPdAu,533636.4656939071
MnSiPdPt,537878.2584844985
MnSiPdRh,541022.9699870799
MnSiPdRu,626465.9478037743
MnSiPt,571219.8232682818
MnSiPt2,584186.5962652822
MnSiPtAu,552747.4025349448
MnSiPtRh,532524.0214294754
MnSiRh,616497.5170692311
MnSiRh2,710941.1293852074
MnSiRhAu,540044.7767919336
MnSiRhW,367126.53222129075
MnSiRu,208936.4728161253
MnSiRu2,541579.3588696109
MnSiRuPt,397752.20508511586
MnSiRuRh,362802.0140582752
MnSiRuW,87668.84726346936
MnSiTc,366349.4348032012
MnSiTc2,338306.1851060744
MnSiTcIr,274221.2345250171
MnSiTcMo,127014.95804871316
MnSiTcNi,337815.5202057459
MnSiTcPd,450915.1791956547
MnSiTcPt,275745.10930754535
MnSiTcRh,415405.63650771196
MnSiTcRu,241529.09808786467
MnSiW,177805.21746583204
MnSn,905379.2005289238
MnSn(BO3)2,459011.838344845
MnSn(PbO3)2,215462.97617488162
MnSn2,347829.22816788463
MnSn2Pd,406475.1692209479
MnSn2Pt,419486.5410559714
MnSn2Rh,418659.7604296815
MnSn3,385948.67054387945
MnSn4H24C8(Se5N)2,59922.33815330576
MnSnAu,583103.5028070019
MnSnAu2,518673.62486599974
MnSnHgPd,451920.45520968473
MnSnIr,564671.0869073936
MnSnIr2,733485.1908847986
MnSnIrPd,516474.64170142135
MnSnIrPt,504474.53853564506
MnSnN2,166582.75464441426
MnSnO3,730608.5390399934
MnSnPd,565648.1434236198
MnSnPd2,564679.1634172876
MnSnPdAu,502805.7805416796
MnSnPdPt,520708.80290139484
MnSnPdRh,533805.8591919185
MnSnPdRu,586948.5260897261
MnSnPt,555330.8585778447
MnSnPt2,544976.973113701
MnSnPtAu,510235.80948933284
MnSnPtRh,525151.1590920234
MnSnRh,598350.1793894209
MnSnRh2,693799.3850822998
MnSnRhAu,507605.027295262
MnSnRu2,477206.77846895193
MnSnRuPt,572602.6437413284
MnSnTe2,378306.6978467814
MnTc2As,250122.57083831154
MnTc2Ge,309610.13625460607
MnTc2Sb,218951.1061897333
MnTcNiAs,710237.1569060691
MnTcNiGe,587325.0389132695
MnTcO3,1020766.3380119277
MnTcO6,195874.0333423774
MnTe,755138.5548856629
MnTe2,397559.8217323752
MnTe2O5,390687.07714887906
MnTeIr,630729.6676674039
MnTeMoO6,374572.7953703244
MnTeO3,675460.4637475022
MnTeO4,537838.9475033198
MnTeO6,97411.07271661283
MnTePd,659423.9147550644
MnTePd2,568118.7937233343
MnTePt,636471.1397645115
MnTePt2,550197.5591728147
MnTeRh,638671.8568207069
MnTeRh2,622154.5078194371
MnTl2As2S5,183848.08255945242
MnTl2GeTe4,180853.96009064507
MnTl2H12(SeO7)2,134806.38980806008
MnTl2H2OF5,255016.44595157218
MnTl2O4,453525.432444299
MnTl2P4(HO2)8,127868.67038009492
MnTl2SnTe4,174933.71252083743
MnTl3,357766.46330695075
MnTlCl3,364470.0641934977
MnTlCuSe2,399813.87874759827
MnTlF3,610435.4942106105
MnTlF4,446186.4033174001
MnTlH2OF4,360528.6685090317
MnTlI3,259143.05937015888
MnTlO3,587048.0389934003
MnTlPd2,547462.1427972214
MnTlPdPt,539677.7442215888
MnTlPt2,570669.6494351194
MnTlRh2,484270.2414036286
MnV(Co2Si)2,837776.2387200649
MnV(GaCu2)2,441545.65208941826
MnV(Ni2Sn)2,443488.8653030148
MnV(P2O7)2,139499.7224896678
MnV(PO4)2,363698.0571141631
MnV2(PO4)3,325518.4659857917
MnV2As,192496.6362786313
MnV2B,303857.2797448469
MnV2Co,370112.3854847101
MnV2Fe,221294.47870664668
MnV2Fe3(PO4)6,481533.36025025
MnV2Ga,179897.53475681643
MnV2Ge,252191.99227566356
MnV2Ir,174069.24569526204
MnV2Ni,102038.389279154
MnV2O4,1050902.7337859895
MnV2O6,416229.49055039766
MnV2P2(H4O7)2,200313.37537198825
MnV2Pt,257544.5854646768
MnV2Rh,178648.89611587216
MnV2Ru,122313.38720839824
MnV2Si,279538.40264240967
MnV2Sn,461096.06484471343
MnV2TeO7,457264.8151108345
MnV3(PO4)4,315317.3556480504
MnV3Co2(PO4)6,281437.3689329381
MnV3Cr2(PO4)6,329824.92982846795
MnV3O8,304111.1411146455
MnV3Sb2(PO4)6,191891.22105375884
MnV4CoO12,289718.43820353807
MnV4CrO12,325298.6781409193
MnV4CuO12,91600.30807281607
MnV4Fe(Pb2O9)2,161616.36627589935
MnV4FeO12,316150.02377576026
MnV4NiO12,255636.6923765644
MnV4O12,142830.0204467876
MnV5(PO4)6,286029.7108133345
MnV5H20NO22,94834.01058936857
MnV5O12,284755.81305676646
MnVAgO4,530155.9225910868
MnVAs,664671.6734296217
MnVAs2,373339.43364424276
MnVAsIr,494256.46645169944
MnVAsPd,312195.77881259826
MnVAsPt,324173.53941987874
MnVAsRh,425098.5833611124
MnVAsRu,177265.0582870885
MnVB,523381.77194013976
MnVBRu,184202.92117380133
MnVBiO5,419667.1557448563
MnVCoAs,388759.4935701151
MnVCoGe,306154.39933171833
MnVCoSb,344410.2524397073
MnVCoSi,343785.68735870696
MnVCoSn,209597.2755596499
MnVCrAs,115098.29279902451
MnVCrB,626941.2054535036
MnVCrGa,542093.8999121342
MnVCrGe,361180.0046102937
MnVCrSi,246486.77724262286
MnVCuO4,574030.1910497647
MnVCuSi,159398.02454385176
MnVFe2,891545.1188782759
MnVFeAs,504806.05726336874
MnVFeB,220206.05319429765
MnVFeGe,488066.2070554562
MnVFeSi,500992.42986472126
MnVGa5,241438.92581434164
MnVGaCo,320622.8423995135
MnVGaCu,69460.55640391514
MnVGaFe,811551.580450119
MnVGaIr,343565.25556067337
MnVGaMo,483664.178243064
MnVGaNi,211798.8920320133
MnVGaOs,460547.75349480944
MnVGaPd,388167.4437012426
MnVGaPt,343045.9829730433
MnVGaRe,344795.7074922553
MnVGaRh,352169.2378497312
MnVGaRu,482641.59098578413
MnVGaTc,461022.3266104812
MnVGaW,478775.0455437619
MnVGeIr,295559.5878866113
MnVGeMo,176998.65739159804
MnVGePd,227614.83055388075
MnVGePt,354903.07894151984
MnVGeRh,334253.0524554464
MnVGeRu,373344.4936634811
MnVH4O2F5,503779.54153508885
MnVHPbO5,417251.87273021846
MnVInPd,124820.33106470935
MnVInPt,176285.36816784527
MnVIr2,620037.0777268925
MnVMoAs,153648.34205640634
MnVN2,346083.0657245917
MnVNi,357293.06543985376
MnVNi2,375755.8943939784
MnVNiAs,342896.2857379214
MnVNiGe,361353.66679488955
MnVNiSb,329335.21206401737
MnVNiSn,318765.1080998414
MnVO3,1058845.1160998857
MnVO4,516659.2377891756
MnVOs2,627525.7666410911
MnVP2(O4F)2,209562.784898877
MnVPd2,244530.2149456124
MnVPt2,863435.6858472782
MnVRe2,330707.6244592079
MnVReGe,160106.78406178582
MnVReSi,130213.23407447999
MnVRh2,610937.9518233361
MnVRu2,690690.518755888
MnVS2,1040082.0087790757
MnVSb,178068.394183581
MnVSbO6,467746.9149754805
MnVSbPd,233772.66325568676
MnVSbPt,250831.09431092974
MnVSbRh,284236.56580703787
MnVSbRu,165148.65792267807
MnVSi2,283208.2471922767
MnVSiIr,382644.475405989
MnVSiMo,298788.846969039
MnVSiNi,380538.44702438096
MnVSiOs,313926.67414624325
MnVSiPd,345233.6131508992
MnVSiPt,384904.8386977012
MnVSiRh,391636.231837471
MnVSiRu,372028.77035250334
MnVSiTc,241115.93391207373
MnVSiW,230512.24886403471
MnVSnIr,178382.14271069373
MnVSnPt,289772.2229556914
MnVSnRh,316511.9244796121
MnVTc2,374863.75327217416
MnVTcGe,165559.24876992885
MnVTcSn,153722.41567223796
MnVTe2,167534.42622280528
MnVZnCo,195457.7538458302
MnVZnFe,382260.9405202243
MnVZnGa,178555.51422250245
MnVZnIr,487958.3615819454
MnVZnOs,340881.1945280295
MnVZnPd,73061.81683954663
MnVZnPt,331670.17349751486
MnVZnRh,498005.8400568453
MnVZnRu,345498.6574574371
MnVZnTc,494374.28343896044
MnWO3,799169.9684304204
MnWO4,669645.989830263
MnWO6,97596.96293278477
MnZn,829278.4722291639
MnZn(CrS2)4,613862.4225979319
MnZn(FeO2)4,1475887.5936630296
MnZn(GaCu2)2,323299.5216829532
MnZn(GaSe2)4,131110.44711838246
MnZn(GeO3)2,366556.526345368
MnZn(InS2)4,139250.8318493434
MnZn(Si2O5)2,230000.394216628
MnZn(SiO3)2,401979.6769832492
MnZn10(B4Rh9)2,82066.27000848071
MnZn13,136351.50252234322
MnZn2Au,565126.3658569877
MnZn2Co,97190.82543886629
MnZn2CrO6,490789.16358357936
MnZn2Ir,572601.5692243769
MnZn2N3,275005.2597064415
MnZn2Ni,625421.1547894157
MnZn2O4,369196.4127851709
MnZn2Pd,586306.2203613108
MnZn2Pt,581767.5427161392
MnZn2Rh,564072.3028027898
MnZn2Ru,662252.5525029859
MnZn2Si(HO3)2,345803.96920127276
MnZn2SnO6,273713.3764418784
MnZn3,473867.4754272077
MnZn3(CrSe2)8,447963.0342145631
MnZn3(FeO2)8,1313618.4521537602
MnZn3(MoO5)9,241669.3318135831
MnZn3F6,212536.5177319642
MnZn3S4,279886.4409413658
MnZn4O5,380006.0347343769
MnZn4S5,224959.52787029705
MnZn4Se5,195825.02002465545
MnZn5(BO5)2,153565.59920415378
MnZn5N4,210888.33102980276
MnZnAgPd,585455.0796888953
MnZnAgPt,583786.0824237777
MnZnAs2O7,317768.6638381135
MnZnAsO5,345306.3151962988
MnZnAsPd,542640.730481681
MnZnAsPt,532366.0196522998
MnZnAsRh,576547.7402484607
MnZnAu2,552197.990992862
MnZnBiO5,165835.8193759572
MnZnCdPd,550539.7382223107
MnZnCdPt,549093.7413025723
MnZnCdRh,550130.8964097017
MnZnCdTe3,237795.96633942387
MnZnCo2,135652.13903152864
MnZnCoAu,822192.4030964079
MnZnCoGe,710810.8947275929
MnZnCoIr,820262.5530189144
MnZnCoNi,822572.6075616135
MnZnCoPd,812474.5957311143
MnZnCoPt,887219.805747729
MnZnCoRh,820619.1056378277
MnZnCoSi,749855.04148047
MnZnCrPt,1141989.5430644793
MnZnCrSi,804180.7753387099
MnZnCuAu,594729.9562552982
MnZnCuIr,668936.7353835136
MnZnCuNi,686146.6629095725
MnZnCuPd,645419.4035821192
MnZnCuPt,623326.6244765412
MnZnCuRh,679814.8034055122
MnZnF4,389146.6750257946
MnZnF5,398510.0995601866
MnZnF6,301383.3635069491
MnZnFeIr,983306.008964505
MnZnFePd,1018272.4214441212
MnZnFePt,1059147.1225414753
MnZnFeRh,1090621.1889788054
MnZnFeSi,517006.48822357587
MnZnGaAu,530684.4963677222
MnZnGaCo,624398.2749542141
MnZnGaCu,558003.9510555963
MnZnGaFe,669957.4971468532
MnZnGaIr,549087.4972288986
MnZnGaNi,618265.7422417698
MnZnGaPd,566524.3542060584
MnZnGaPt,578607.4613879344
MnZnGaRh,563324.3004303806
MnZnGaRu,552908.4457383854
MnZnGaTc,599110.1901633947
MnZnGeIr,593419.6060633176
MnZnGeO4,558734.2565397859
MnZnGePd,557772.9086172953
MnZnGePt,551631.3093479191
MnZnGeRh,600721.6769470065
MnZnGeRu,493962.2379007208
MnZnHgPd,534819.6567054907
MnZnHgPt,538985.4550297946
MnZnInIr,530398.2458144679
MnZnInPd,528471.8134457059
MnZnInPt,538674.9276592679
MnZnInRh,537416.7917655222
MnZnIr2,539069.9963608827
MnZnIrPd,663144.0432081374
MnZnIrPt,626852.5873794593
MnZnN2,227504.42267023603
MnZnNi2,747349.0625965083
MnZnNiAs,561259.2306098307
MnZnNiAu,625332.0206065248
MnZnNiGe,572932.0128154666
MnZnNiIr,660564.9355735383
MnZnNiP2O9,289083.20685120014
MnZnNiPd,691699.4837114732
MnZnNiPt,693447.298109074
MnZnNiRh,758486.9306888995
MnZnNiRu,560767.035162888
MnZnO2,865614.1959596679
MnZnO3,570769.6125278107
MnZnP2O7,356011.33815833385
MnZnPO5,390412.21591349854
MnZnPd2,633753.6775460019
MnZnPdAu,585000.124463147
MnZnPdPt,628234.459664644
MnZnPdRh,706106.1250347627
MnZnPt,738914.9945455742
MnZnPt2,614236.5749668862
MnZnPtAu,579944.2846007282
MnZnPtRh,657051.4197303641
MnZnRh2,589217.3967244532
MnZnRhAu,611190.2282244742
MnZnS2,554784.7342950394
MnZnS4,98573.78916251897
MnZnSbPd,480299.95648889756
MnZnSbPt,481810.1292699481
MnZnSbRh,491923.61155815586
MnZnSe2,478227.98338765145
MnZnSe4,348378.6566498657
MnZnSiIr,288591.1720217689
MnZnSiNi,594742.1629447571
MnZnSiO5,314438.6573953572
MnZnSiOs,447825.4898182376
MnZnSiPd,543147.007500507
MnZnSiPt,540297.821332919
MnZnSiRh,443098.6842229
MnZnSiRu,465475.11965229287
MnZnSiTc,525693.6696021626
MnZnSnIr,556547.3094864534
MnZnSnPd,507052.26054274547
MnZnSnPt,504027.9640295038
MnZnSnRh,543830.7497509886
MnZnSnRu,483076.0389189299
MnZnTcNi,375714.9382458972
MnZnTe2,382169.45639644715
MnZnTe4,257405.5274612957
Mo(C2N3)3,90957.73103089762
Mo(NCl3)2,208267.44038204016
Mo(NO2)2,266046.78560979414
Mo(OsO2)2,219837.21666119885
Mo(PO3)4,77480.1338848341
Mo(PdO2)2,202966.5043207352
Mo(PtO2)2,200909.50534381883
Mo(RuO2)2,241469.3050265221
Mo(SI)2,58609.022806206565
Mo(WO2)2,285734.96949254494
Mo(WO4)2,118063.23564644146
Mo12PH13O40,78827.22950541927
Mo12PN3O61,207668.1306421046
Mo13O33,171267.0840750332
Mo2(CN2)3,85606.00572876539
Mo2(PO4)3,116704.18151040166
Mo2As2O5,186144.4909376836
Mo2Au2O5,118635.6881686798
Mo2AuO4,303040.02340602514
Mo2C4NO7,74838.38982423244
Mo2C4O9,237059.53790701428
Mo2Cl4O,291315.9912888212
Mo2HO6,74872.42106847781
Mo2Ir2O5,129118.17954851611
Mo2N2O7,185157.37591481343
Mo2NO7,53160.02612777492
Mo2O,316893.9368599853
Mo2P2O9,195964.07631291478
Mo2P3O11,211656.5385718354
Mo2P4O15,59861.94492205011
Mo2PO8,58769.181516564175
Mo2Pt2O5,54902.08120635863
Mo2Rh2O5,167949.51319214376
Mo2Ru2O5,412214.83111755736
Mo2S4N,138631.6650887693
Mo3(AsO4)4,54599.21560885672
Mo3(NO5)2,131590.21340258664
Mo3(PO4)4,172929.4454429885
Mo3As2O15,63531.430005860144
Mo3C7Br3NCl3O7,158035.0673426779
Mo3Cl7O4,215387.29720235287
Mo3I,133210.05904163112
Mo3O7,204890.2561409485
Mo3O8,115264.2120150564
Mo3P3O13,236171.17519311103
Mo3Se2ClO8,275683.0314775604
Mo4H2N2O13,164100.33870691637
Mo4O5,288363.80272546405
Mo4O9,312067.6929951815
Mo4P7O24,206236.7872478173
Mo4P9O32,68782.81647746604
Mo5(O4F)3,93430.06044526235
Mo5O14,68439.821738668
Mo6H2N2Cl14O,334115.60491958173
Mo6NO18,71261.25870052267
Mo7S8,68471.35756679348
MoAsO3,315667.61026139377
MoAsO5,92630.09704395616
MoBr2,122279.59028466181
MoBr3,157645.64163826554
MoBr3O,68572.6763511923
MoC4(O2F3)2,154847.4433793957
MoC8N4Cl7,54565.78560122499
MoCl2,100073.38939090984
MoCl3,198931.35760344702
MoCl3O,76832.72277166508
MoCl4,141918.76090541645
MoCl5,58943.622513603
MoF2,760731.0613682962
MoF3,663668.2325924879
MoF4,293078.5284226227
MoF5,112734.18730534034
MoH(ClO)2,69265.4061439145
MoHO3,157841.58584488544
MoHS2O9,61408.752057789316
MoI3,144940.91941007285
MoIrO3,389239.156344873
MoN2O3F2,248791.3605313031
MoN3(OF)3,357674.5850602851
MoO,92716.49379058658
MoO2,422764.32022119226
MoOsO3,499993.8986597818
MoP2H18(C3Cl)2,82076.28902363703
MoP2N2O9,166860.40616293642
MoP2O7,136717.36086558725
MoP2PbO8,116454.37081809345
MoPCl9,64654.19529406552
MoPO4,317033.5774714327
MoPO5,110413.96264567079
MoPb3,322900.00466319436
MoPbO2,474184.77135039493
MoPt3,152219.7950581058
MoPtO3,106721.40916286464
MoRhO3,363262.21770129894
MoRuO3,429900.49726813263
MoS6N,105014.98923005605
MoSO,140598.6211954438
MoSeN,77339.01655122847
MoWO3,636836.1372437433
N2,405699.27217487036
N2Cl,107176.07544004427
N2F,175059.90020714118
N4Cl,112299.9231871898
NF,358927.5752705568
NF2,188132.85443024666
NO,299365.9030573096
NO6,157945.32606719155
Na(CoO2)2,507337.0964924935
Na(CoO2)3,337817.5667089658
Na(CrS2)2,343083.9942323412
Na(Cu3O4)2,152797.86721622734
Na(Fe2O3)4,1528542.4918089383
Na(FeO2)2,1018497.7596857137
Na(FeO3)2,474254.65345580736
Na(FeSb3)4,71465.31955596965
Na(Mo2O3)2,291214.8326659751
Na(MoO2)3,54668.54085454293
Na(NO)2,104285.29205490262
Na(NO2)2,237232.20229899054
Na(NiO2)2,123624.19596011043
Na(OsO2)2,316033.60709828674
Na(ReO2)2,516259.52260771254
Na(RuO2)2,177183.3262338862
Na(SeO3)2,50810.11593392532
Na(SiO4)2,164299.62461869742
Na(TcO2)2,530254.9160914338
Na(VS2)2,199602.32709459987
Na(VSe2)2,173234.7777446881
Na(WO2)2,265472.1455908676
Na(WO3)2,77612.38256103211
Na10(WO3)13,115390.19828547828
Na10Fe4O9,462848.54888313933
Na11(WO3)13,125309.8188290862
Na11(WO3)16,108685.58698143785
Na11Mn13O32,557628.8090702443
Na11Mn24O48,786087.1302867277
Na11Mn2O8,282016.16450969165
Na11N7O16,88594.46231497827
Na11Ti10O21,133979.68678013675
Na11Ti8(PO4)12,64722.1676744206
Na12(CuO2)7,109775.79608008882
Na12Ca3Fe2(SiO3)12,112583.16294064319
Na13Zr7Si5P7O48,111999.4773649481
Na14(WO3)19,110761.11227231525
Na14Cu2O9,52016.77770470093
Na14Fe2O9,202277.60644659222
Na14Mn2O9,261097.6150087497
Na14Ni2O9,103317.29509760936
Na16(WO3)19,128274.37382094434
Na17(WO3)19,132375.93104967018
Na17(WO3)20,126006.72523541606
Na2(CoO2)3,463320.3527398085
Na2(NiO2)5,97846.07377980815
Na2(NiO2)7,68820.05162397547
Na2(WO3)3,101843.58286654392
Na22CaFe6P12(O8F)6,240220.375880384
Na2AcO4,241912.77904111517
Na2AgMoF6,159826.81564867153
Na2AgPdF6,57337.1968995446
Na2AgRuF6,56306.22120397652
Na2Al2(GeO4)3,120164.14923815563
Na2Al2(SiO4)3,128605.45944824562
Na2Al2Si3(HO5)2,66122.82676139758
Na2Al2Si3O14,125514.6590677966
Na2AlCr(P2O7)2,108851.82089680634
Na2AlFe(SiO3)4,214917.9592152666
Na2AlNiF7,150352.1998431402
Na2AsO8,102674.66753583639
Na2B4O11,162160.17806483174
Na2B4O17,160368.95495306625
Na2B5O11,212714.79719757868
Na2BH4N,178870.26812983368
Na2BiBPO7,50677.17905957773
Na2C,307197.100382311
Na2CO5,100128.36818625219
Na2CO6,211383.73200910375
Na2Ca2Zr2MnFeSi4O17F,220529.47443553965
Na2CaAl10(H3O10)2,172688.3892295587
Na2CaFe2(PO4)3,352057.9569165797
Na2CaMn3(SiO3)6,339715.2313064123
Na2CaMnAl2P2H2(O5F2)2,186861.84680111252
Na2CaP2O11,221365.82714888093
Na2Cd2Fe(PO4)3,189660.9881650769
Na2Cd3P4NClO14,101221.53458696423
Na2CdO2,75690.12118852515
Na2CdO3,231764.31917363242
Na2Co(SO6)2,268371.1871220526
Na2Co(Si2O5)2,130505.44751537677
Na2Co2O3,650743.3500301815
Na2Co2O5,101910.50553886549
Na2Co3O4,724503.2971301223
Na2Co5Mo4(ClO4)4,295954.83552458236
Na2Co6O7,872178.5081181746
Na2CoAsCO7,114832.85715077752
Na2CoBAsO7,58124.45062666925
Na2CoGeO4,264477.047893176
Na2CoH4(SeO5)2,105063.90318624105
Na2CoHgF6,56286.733605729474
Na2CoNiF7,394503.1171571883
Na2CoO3,303544.3149521506
Na2CoO4,110794.79864403914
Na2CoP2O7,118044.96903268195
Na2CoS2,279794.7363468153
Na2CoSiCO7,155734.82499101653
Na2Cr2H2O7,82313.6265821794
Na2Cr2O5,358760.947992538
Na2CrAgF6,178513.6439802697
Na2CrAsCO7,169049.0699153899
Na2CrAuF6,179821.343183615
Na2CrCl4,233819.32700667196
Na2CrF4,446850.98141440644
Na2CrH2F8,146442.65916869373
Na2CrH5C4O11,101263.67172324735
Na2CrHgF6,213969.53128346623
Na2CrN2,179030.86790509886
Na2CrNiF7,366133.6964718973
Na2CuAsCO7,114633.16051078548
Na2CuCSO7,57793.52815785709
Na2CuH2(SO4)2,51837.19976028686
Na2CuMoF6,184348.9084194135
Na2CuO2,64564.68043172536
Na2CuPCO7,128642.05676630125
Na2Fe(SO6)2,291971.9846947267
Na2Fe(Si2O5)3,173747.12570720175
Na2Fe2C4SO16,275544.2602319831
Na2Fe2F7,573947.3894144464
Na2Fe2Ni(PO4)3,455059.6086459326
Na2Fe2O5,708476.9372247009
Na2Fe2P2O8F,399328.8534213347
Na2Fe3(PO4)3,554196.8606298107
Na2Fe3S4,242503.6920845981
Na2Fe3SbO8,874899.2249610714
Na2Fe4O7,1158262.6808676163
Na2Fe7(PO4)6,624521.9166364399
Na2FeAgF6,290437.7206873857
Na2FeCSO7,225563.71863971412
Na2FeCl4,233479.1247957398
Na2FeNi2(PO4)3,398624.83265419846
Na2FeNiF7,497436.16728740593
Na2FeO2,503167.960282396
Na2FeO3,484621.5190474546
Na2FeO4,201809.04735760493
Na2FeP2(HO3)2,249773.76999602004
Na2FePCO7,302110.65926752484
Na2FeSiCO7,233712.21607991244
Na2FeSn(PO4)3,186175.59708299278
Na2GaNiF7,143922.2489649061
Na2GeO10,146494.59121693508
Na2GeO9,193244.71539876907
Na2H(CO2)2,81446.0646902569
Na2H12SO11,63901.31591008942
Na2H2WO4,115443.93440560866
Na2H6Ir,87970.16157291307
Na2HF4,103815.29414656539
Na2HfO4,186074.98262659943
Na2HgMoF6,83299.76259517996
Na2HgP6(NO9)2,88490.85439881583
Na2HgPdF6,91438.59664467636
Na2In2Mo5O16,155547.74735880183
Na2IrO4,98451.72677922626
Na2Li(NiO2)3,236955.11285081843
Na2Li2CoO4,318217.42472286255
Na2Li2FeO4,339530.9511740107
Na2Li2V3P2O13,99254.31091015889
Na2Li3CoO4,177175.6425280235
Na2Li3FeO4,434435.771133727
Na2Li4Co2C4SO16,174028.01428960366
Na2Li4Mn2C4SO16,280222.7892409264
Na2Li4Ni2C4SO16,118111.49258065826
Na2Li4Ti3Al(PO4)6,57949.15659638186
Na2Li5Ti3Fe(PO4)6,134462.23821600893
Na2LiAuF6,133320.46396072354
Na2LiCaVP2O9,95317.82373857219
Na2LiCrF6,232305.9084957928
Na2LiCuPCO7,60649.969221069616
Na2LiFeO4,265728.87216938566
Na2LiFePCO7,243783.0353339983
Na2LiMn(PO3)5,143778.46403454515
Na2LiMnF6,305090.96822968416
Na2LiMnPCO7,300544.07795970264
Na2LiNbF6,136138.6629712685
Na2LiNiF6,80034.45972131856
Na2LiPdF6,71223.63235699727
Na2LiRuF6,73214.31712132726
Na2LiTa,331977.485864659
Na2LiTiF6,73618.8325566868
Na2LiVF6,152162.80724578694
Na2LiVPO6,66175.26242858834
Na2Mg(CoO2)2,483179.6255062065
Na2Mg(CuO2)2,132608.02202454302
Na2Mg(FeO2)4,1084294.5226620098
Na2Mg(FeS2)2,349113.49500429665
Na2Mg(MoO3)2,266840.1912037348
Na2Mg(NiO2)2,300588.0703667518
Na2Mg(NiO2)5,194857.9272942693
Na2Mg2Fe2Se3(SO8)3,184062.2775432638
Na2MgCrF7,195706.50365271844
Na2MgFe2(PO4)3,369929.10377483995
Na2MgFe4O7,1006459.2437696145
Na2MgFeF7,324233.6863720972
Na2MgH4(SO4)2,114967.311517713
Na2MgMn2O4,420079.9926756221
Na2MgMn2O8,92564.41505326457
Na2MgMn4O8,746176.8364700758
Na2MgMnP2O7F3,174497.7117381547
Na2MgNb2O6,136612.65891496127
Na2MgSb2,58920.03337882915
Na2MgTi2O5,81949.00355447785
Na2MgTiO3,72460.11054927585
Na2MgV2(OF)4,110474.77480901634
Na2MgV2Cd2O8,87359.06592610077
Na2MgV4O10,148449.4176863873
Na2MgVF7,128295.15992754266
Na2MgW4O13,64434.98749476427
Na2Mn(H2N)4,344534.3778308983
Na2Mn(SO4)2,302545.2836169624
Na2Mn2Cd(PO4)3,346567.05160978186
Na2Mn2Fe(PO4)3,596303.5773165107
Na2Mn2O3,958336.2552384444
Na2Mn2O5,703772.5547669225
Na2Mn2S3,609365.6756684774
Na2Mn2Se3,533021.4512125405
Na2Mn2Si2O7,565656.3044724637
Na2Mn3(PO4)3,551712.844964515
Na2Mn3Cl8,448213.39621841715
Na2Mn3O7,610925.6617362676
Na2Mn3Te4,505765.3169034768
Na2MnAgF6,237806.12781751764
Na2MnAsCO7,221784.74906572874
Na2MnBAsO7,167745.5530275733
Na2MnBPO7,179290.63204547958
Na2MnBSO7,219477.2584599632
Na2MnCdFe(PO4)3,372427.9120496299
Na2MnCoNiO6,586117.5513654649
Na2MnF5,356689.1083391302
Na2MnFeF7,599383.2829633716
Na2MnH4(SO5)2,240587.25656897036
Na2MnH4(SeO5)2,222374.99329459452
Na2MnHgF6,277620.5147369921
Na2MnInSi2O9,83949.64056121779
Na2MnNiO4,733517.3279203319
Na2MnO2,688922.0722982165
Na2MnO3,448200.44273407257
Na2MnO4,104844.4248117983
Na2MnP2,300501.7643991805
Na2MnP2O7,317721.31775632285
Na2MnPCO7,237309.90249474155
Na2MnTlF6,205614.00643757152
Na2MnVF7,420539.5977236547
Na2Mo(HO2)2,116339.1192242751
Na2Mo2As3O16,89139.8612602636
Na2Mo2O5,190084.4246073556
Na2Mo3O13,183468.68282794382
Na2MoAuF6,154099.00536345638
Na2MoO2,128254.51702790389
Na2MoO6,105464.94200807477
Na2Nb2C8S4N3ClO19,131358.03282086065
Na2Nb2W2O13,63658.47392767171
Na2NbAgF6,85241.84176880587
Na2NbF6,77998.87996144134
Na2NbO3F5,110805.95738499188
Na2NbO4F5,191999.36756055042
Na2Ni(SO6)2,299337.5592514784
Na2Ni2(B4O7)3,104977.59060158275
Na2Ni3(P2O7)2,206423.24662525745
Na2Ni3O5,375919.3838995312
Na2Ni4Mo4(HO4)5,200110.4222179856
Na2NiAsCO7,57422.424921729995
Na2NiH4(SeO5)2,98000.66917332239
Na2NiH8(SO6)2,67500.51892200072
Na2NiHgF6,118970.32478404668
Na2NiP2(HO3)2,129680.3878211778
Na2NiPCO7,76272.9964900453
Na2NiTe,54478.32045996951
Na2Np2O5,425373.8279042061
Na2NpH2(CO3)3,91774.77694132092
Na2O9,260774.84955806175
Na2Os2O5,116170.96940862172
Na2OsO7,104458.909933552
Na2OsO8,101466.6481826704
Na2P2H3(SO2)2,122563.43932046549
Na2P2O13,140439.36856187918
Na2P2O7,108846.94473807201
Na2P2S2O7,77459.15411196642
Na2PRuCO7,59050.987058003004
Na2Pa2O5,131563.78351903902
Na2PdO6,154734.6719169123
Na2PdW6S2(NO3)2,352796.72992350237
Na2Pt(CO4)4,52542.12788723831
Na2Pt(ClO)6,135186.7774776246
Na2PtO6,199866.26849981846
Na2Pu2O5,496482.3023198963
Na2PuTe,620481.8217214579
Na2Re2O5,141133.17392040847
Na2Rh2O5,135548.0488413818
Na2RhS2O11,153692.49175123282
Na2RhW3(SO4)2,446444.50765106565
Na2Ru2O5,113380.34632104884
Na2RuAuF6,55327.354089851935
Na2RuO3,278575.7166058718
Na2RuO4,212971.47115685843
Na2RuO7,223977.57364899208
Na2SO14,86706.00988211087
Na2SO2,154575.742521336
Na2SO9,246002.85199419793
Na2Sb8S13O2,53939.614681913736
Na2SeO5,229296.04510697693
Na2SeO9,222385.04659612165
Na2Si4NiO10,88310.16729450905
Na2SiO8,63872.85602778979
Na2SnO6,159836.46946073993
Na2SrFe,208797.11195201124
Na2SrLiVP2O9,92265.72386406381
Na2Tc2O5,180196.03390449256
Na2Te(BrO)6,82678.05541009216
Na2TeO5,224992.17805588592
Na2TePH3O11,233624.4699136423
Na2TePO11,348703.779786819
Na2Th(SO6)3,185491.181783623
Na2Ti2As2O,77933.6313322951
Na2Ti2F7,185414.13077923429
Na2Ti2Si2H2O9,70788.37695884137
Na2Ti2Si2O11,78716.3595817818
Na2Ti3Mn(Si2O11)2,220948.68354135274
Na2TiCl4,119730.35944654052
Na2TiCr(PO4)3,115979.19441462267
Na2TiF5,90058.11860968077
Na2TiFe(PO4)3,195852.69142906216
Na2TiPCO7,59143.622974264
Na2TlCrF6,153156.98551148313
Na2TlVF6,99718.20367109176
Na2U(MoO4)3,75912.42527822065
Na2U2O5,202440.94069569051
Na2UBr6,66127.77203069293
Na2UCl6,69850.05110034274
Na2UF6,166495.46033703547
Na2UMo2H3O11,145839.01048612426
Na2UO3,92348.33090810142
Na2US3,134421.3803258177
Na2V(PO4)2,58934.43331726089
Na2V13O22,507223.0331655655
Na2V18O39,190971.06464479445
Na2V2(PO4)3,115423.57343626468
Na2V2F7,306815.89005487296
Na2V2O5,168847.99032372484
Na2V3(SeO)6,111385.81758696726
Na2V6O13,232058.64828273715
Na2V6O15,62367.031893617284
Na2VAgF6,116190.31935532393
Na2VAuF6,112298.08463339992
Na2VBAsO7,52952.19931916898
Na2VBPO7,56897.31074024354
Na2VCu3S4,105043.46433439119
Na2VF5,184584.64273471775
Na2VNiF7,299632.28360314784
Na2VO3,136958.20651288514
Na2VOF4,95778.15469979215
Na2VPCO7,118611.32763648275
Na2VS2O9,53696.727749460406
Na2VSiCO7,56445.857698277956
Na2W2O5,117570.65862411702
Na2W3SeO14,125605.27542020884
Na2WO12,113102.18665551381
Na2WO6,83724.23170607952
Na2Zn2P2O11,149659.03395760123
Na2ZnCl4O3,225276.269970803
Na2ZnFe(PO4)2,231348.27033890793
Na2ZnFe2(PO4)3,368996.5430590798
Na2ZnH3Cl4,102052.63252014063
Na2ZnPO12,314423.5998592115
Na2ZnSb2,58181.73404564309
Na2Zr(SiO4)2,107777.45736708885
Na2ZrCd(CO3)8,285429.28751593025
Na2ZrCo(P2O7)2,108830.38395383682
Na2ZrFeSi2O8F,251179.30315638773
Na2ZrNi(P2O7)2,73221.8250209927
Na2ZrP2O11,74854.40995950348
Na2ZrSi3O10,75094.31894412379
Na2ZrSi3O11,147465.64982015576
Na2ZrSi6O19,174750.036680011
Na3(CO3)2,51709.27526867848
Na3(CO4)2,99660.97291267272
Na3(CoO2)2,378601.3567178332
Na3(CoO2)4,328996.5988954923
Na3(CoO2)5,92196.3918275672
Na3(FeO3)2,531394.9781754515
Na3(FeS2)2,353871.5272763724
Na3(FeSe2)2,316109.9218301882
Na3(Mn2Te3)2,437054.73266830115
Na3(NiO2)2,232024.37786163177
Na3(VSe2)5,90572.1122163717
Na3(W2O3)2,452259.2810356849
Na3(W3O8)4,164198.53699258852
Na3(WO3)4,113794.68936369181
Na3Al3Ge3O16,94603.92340146349
Na3Al3Si3O14,112692.0883813892
Na3Al3Si3O16,101908.6161311429
Na3AuF6,115534.70216010709
Na3AuN2,163692.6937437282
Na3BP4PbO16,108491.83606322896
Na3C,125198.3636745013
Na3Ca2Fe5(SiO3)10,375363.98150780983
Na3Ca4TiSi4(O8F)2,69651.96433654628
Na3CaFe(SiO3)8,175663.82324065448
Na3CaFe4(SiO3)8,374001.1561343083
Na3CaMgCr3(SiO3)8,189207.46743712734
Na3CaTi3Fe5O16,704817.4909122761
Na3Cd(RhO2)8,55172.623302413056
Na3Cd2IrO6,124894.05433271923
Na3Co,146411.14269817233
Na3Co(BO3)2,134334.92562728503
Na3Co2(GeO4)3,124808.68695967553
Na3Co2CuH8S4O17,176044.6702517834
Na3Co2SbO6,282297.4729825874
Na3Co6Ag(P2O7)4,311247.6790792799
Na3CoAsCO7,167982.63930147112
Na3CoBAsO7,225219.2588884488
Na3CoBPO7,104194.27011068058
Na3CoBSO7,170992.17173856654
Na3CoC2ClO6,165161.3975306068
Na3CoN2,239275.6505649309
Na3CoO2,185106.70269556588
Na3CoO3,297229.89983181783
Na3CoPCO7,176881.17105894888
Na3CoSiBO7,62676.42881909267
Na3CoSiCO7,121753.16485187673
Na3Cr,394219.55931872036
Na3Cr(BO3)2,210466.604761021
Na3Cr2(PO4)3,227863.80841068784
Na3Cr2P2O8F3,246553.7562994595
Na3CrAsCO7,216680.01285278227
Na3CrC6O17,168196.13326881867
Na3CrCl6,114917.23991682565
Na3CrF6,201685.8960299143
Na3CrH14(C3O8)2,73832.29414652147
Na3CrO4,77006.1396415751
Na3CrPCO7,229732.72661974962
Na3CrSiBO7,120074.015647421
Na3CuAsCO7,56524.65060314095
Na3CuBAsO7,115936.45323819267
Na3CuBPO7,121393.7899029459
Na3CuBSO7,57162.279423316104
Na3CuF6,156949.50104807978
Na3CuPCO7,59181.10232420493
Na3CuSiCO7,113903.52596633285
Na3Fe,254463.13423100027
Na3Fe(BO3)2,333585.01616294315
Na3Fe(PO4)2,298381.55467369844
Na3Fe(SO4)3,203691.24099807834
Na3Fe2(GeO4)3,269610.19675350684
Na3Fe2(MoO4)3,291678.2253722634
Na3Fe2(PO4)3,367243.1905030834
Na3Fe2Mo5O16,268612.7569558741
Na3Fe2P(CO4)4,314458.0475144752
Na3Fe2P2O10F,334140.9634840055
Na3Fe2P2O8F3,409409.395695378
Na3Fe3(PO4)4,431670.96887731075
Na3Fe5(SiO3)10,385690.2988205733
Na3Fe5O8,1243135.0769143444
Na3Fe5O9,1076701.1140836733
Na3FeAsCO7,236164.01082407866
Na3FeBAsO7,279734.6075021931
Na3FeBPO7,295395.7949155588
Na3FeC6O17,111426.78487957027
Na3FeF6,391743.41846253024
Na3FeN2,445736.96899865684
Na3FeO3,485650.70647248137
Na3FeO4,239526.34944185175
Na3FePCO7,239578.33816968993
Na3FeS3,243462.45291054004
Na3FeSe3,217393.56778408767
Na3FeSiBO7,234437.52580983227
Na3FeSiCO7,296303.8269684998
Na3Ga3Ge3O16,94313.00616267226
Na3GaP6(NO4)6,86923.78209303798
Na3Ge3(MoO6)2,111305.71002788235
Na3GeMo3O19,225975.04996724246
Na3H12Ru2(C2O9)2,66058.86254705954
Na3H2OsO6,69182.53585454579
Na3H7(CO3)2,97066.21235209385
Na3HfF8,68175.36120117492
Na3InH3(SO4)3,88287.51210625646
Na3Li2Fe5(SiO3)10,419597.7892531913
Na3Li3Co2F12,383275.9480575401
Na3Li3Cr2F12,285189.3850156337
Na3Li3Fe2F12,473434.95777718595
Na3Li3Fe2P2(CO7)2,249795.1011651713
Na3Li3Mn2P2(CO7)2,307300.02558420226
Na3Li3N2,61657.32010326319
Na3Li3Ti2F12,91824.24717809825
Na3Li3V2F12,187596.11171535082
Na3Li4Mn5O9,828701.3694386742
Na3Li5Mn5O9,855273.9063351295
Na3Li6Mn5O9,821598.2741128824
Na3LiFe4(SiO3)8,418854.02412815025
Na3LiMn5O9,983821.1351446914
Na3LiMnBPO7,267682.7285539867
Na3Mg(CoO2)5,757550.0604001239
Na3Mg(CuO2)2,66465.58584146509
Na3Mg(NiO2)5,156140.82193910275
Na3Mg2V3O12,73063.200935818
Na3Mg4CrSi8(O11F)2,59159.740931898916
Na3MgCo2SbO6,285188.0050071652
Na3MgMn2SbO6,476181.2654857738
Na3MgMo(OF)3,123607.29819491043
Na3MgNi2SbO6,192540.37161857632
Na3MgTi2P2O10F,81552.43394011102
Na3MgVH6O7,96268.83693096894
Na3MgVO4,139688.4168014084
Na3Mn,349868.92091075034
Na3Mn(BO3)2,266942.420614626
Na3Mn2(GeO4)3,200875.56666547369
Na3Mn20O40,779788.5249434827
Na3Mn2CuH10S4O17,211091.4374675837
Na3Mn2O6,384888.9344913245
Na3Mn2P2(CO7)2,211842.1879163923
Na3Mn2V3O12,300755.9289815366
Na3Mn3O8,440105.9251878529
Na3Mn5(Ge3O10)2,478377.49530808436
Na3Mn5O12,533683.9646621528
Na3MnCoNiO6,655561.6000205482
Na3MnF6,321699.29920990666
Na3MnN2,448824.5578381411
Na3MnO3,371347.42826310534
Na3MnO4,154806.5875247397
Na3MnP8O23,82760.15394320496
Na3MnPCO7,302728.58908104396
Na3Mo,354410.76273758756
Na3Mo4P5O24,74664.55509659911
Na3MoF6,181333.56258650642
Na3MoO4,75741.85887982592
Na3N2O9,124316.39540218648
Na3NO2,278107.5050431561
Na3Nb,331425.4075893254
Na3Nb6O11,103229.57285677352
Na3NbF6,117201.58202598999
Na3Ni(BO3)2,66861.59901008646
Na3Ni2O5,90933.72416682338
Na3Ni5O8,419682.30931089557
Na3Ni7O12,285656.9811573742
Na3NiBAsO7,170511.2765415953
Na3NiF6,78922.84430842823
Na3NiN2,56910.891208026034
Na3NiO2,102872.23309196782
Na3NiO3,198368.09127164198
Na3Np,406961.52868739254
Na3NpO6,116680.04733248259
Na3Os,167501.4647188165
Na3OsO5,79866.51351428009
Na3P3N3O7,202802.06780430456
Na3PCO11,200940.6838488184
Na3PH3S2N3O8,70602.97752744066
Na3PO12,266412.89652918605
Na3Pd5F12,92207.42908954926
Na3PdF6,61751.03071091505
Na3Pu,434973.73961969564
Na3Re,300380.26819256437
Na3Ru,145956.91192677757
Na3RuF6,63367.8422503868
Na3RuO4,296842.54738086654
Na3SiNiCO7,60693.85767765234
Na3Sr4Cr5F26,259496.78297411313
Na3Ta,320753.27877511777
Na3TaF6,99640.32743868028
Na3Tc,278868.3632138225
Na3Te(AsO7)2,257455.77828733405
Na3Ti,125707.83729112697
Na3Ti2(PO4)3,71418.67394333251
Na3Ti2Mn3Si4(O8F)2,371071.1572878459
Na3Ti2O6,72122.625038996
Na3Ti4O8,175397.73840829774
Na3Ti8O16,92988.76792415784
Na3TiF6,69386.968995329
Na3TiFe3O8,796227.1405777975
Na3U2H28S10N9O44,66401.88545776835
Na3UF7,108387.73199668145
Na3UF8,61574.150062555316
Na3UO4,85999.20017207734
Na3V(BO3)2,131340.71066375182
Na3V(SO4)3,80726.31601120748
Na3V2(PO4)3,147649.67281311532
Na3V24O58,59949.74814484018
Na3V2O6,75194.89311908337
Na3V2P2O10F,83216.53417803528
Na3V2P2O8F3,161117.22816648486
Na3V3Cr2O12,229097.99729489457
Na3V3H6O7,135783.8717362656
Na3V5O10,338891.39814676787
Na3V6O13,266521.17838301597
Na3VBAsO7,110940.0829295475
Na3VF6,146543.3303913759
Na3VH11IO13,74543.22405776523
Na3VIO13,100468.29245165078
Na3VN2,195475.28080049736
Na3VO3,179391.20349240207
Na3VPCO7,174066.44210584922
Na3VSiBO7,58738.176422924196
Na3VSiCO7,117299.43116178366
Na3W,374798.73098421266
Na3W2(ClO)4,115717.65786572451
Na3WO4,70071.35753481636
Na3Zn3As3O16,115795.82536367788
Na3Zn3P3O16,127960.06408101045
Na3Zr,129854.7347962572
Na3Zr(SiO3)6,108598.68116469578
Na3Zr2O6,62186.62154077599
Na3Zr2Si2PO12,57123.92292429789
Na3Zr3Fe(PO4)6,87735.43058183829
Na3ZrF8,65210.67342757101
Na3ZrNi(PO4)3,71188.3005317475
Na4(CoO2)7,106909.0038828262
Na4(Fe2O3)5,1299140.2559285066
Na4(NiO2)5,193847.8645545832
Na4(NiO2)9,106881.7574585102
Na4Al3Cr(P2O7)4,55293.5770507111
Na4Al3Fe(SiO3)8,109574.06726385863
Na4Al3FeO8,220564.45102626077
Na4Al3Si3NO12,52276.23354196837
Na4Al3Si3NO15,59260.61278585795
Na4Al6ClO12,70377.48397826793
Na4AlCr3(P2O7)4,161144.69999105943
Na4AlFe3O8,624360.4333856914
Na4Ca4Ti4Si4O22F3,51991.39045981683
Na4Ca7MnSi12(HO9)4,59211.24979731957
Na4CaFe4(PO4)6,322828.84065146407
Na4Co(MoO4)3,93822.28346234883
Na4Co12P8H4O37,443365.81902671745
Na4Co2C4SO16,140185.4351156305
Na4Co2O5,465977.7229042945
Na4Co2P(CO4)4,242823.23320539106
Na4Co7(PO4)6,421333.8419956561
Na4Co9(MoO4)12,258019.84131058396
Na4CoO3,240964.24373896673
Na4CoO4,325770.7984453599
Na4Cr2(PO4)3,269379.7369732219
Na4Cr2As(CO4)4,160807.72695689002
Na4Cr2C4SO16,165214.3660645718
Na4CrH6ClO7,171198.0638895522
Na4CrO3,223822.0845814544
Na4CrO4,153145.42938279707
Na4Cu2C4SO16,111697.60243922466
Na4CuO3,77737.01593354231
Na4CuTe2O29,228484.91508480598
Na4Fe2C4SO16,271969.35592726315
Na4Fe2P(CO4)4,296563.5695637228
Na4Fe6O13,918800.3952046135
Na4FeNi(PO4)3,272306.51278515195
Na4FeO3,316051.05654561176
Na4FeO4,313358.3618268621
Na4FeO5,340120.70898852515
Na4Hf(S2O9)2,90767.61387061478
Na4HfC8O19,84501.525799321
Na4IrO4,234046.62941941564
Na4Li3(FeO4)2,300761.89020172076
Na4Li4MnFe3P4(O4F)4,378566.84367252147
Na4Li5(WO3)10,135147.95139813313
Na4Mg(CoO3)2,292952.7159370927
Na4Mg(CuO2)4,72504.09617337162
Na4Mg(Fe2O5)2,390831.9586093252
Na4Mg(FeO2)4,693620.1629943969
Na4Mg(FeO3)2,343426.1045257568
Na4Mg(Mo2O5)2,339617.92177517083
Na4Mg(MoO4)2,86203.87968199096
Na4Mg(Ni2O5)2,92455.10835133385
Na4Mg(NiO2)5,148261.41001432994
Na4Mg(NiO3)2,88571.46142828403
Na4Mg(WO4)2,91920.05165387265
Na4MgCr2O8,82669.09818030085
Na4MgFe(PO4)3,184188.14264678734
Na4MgMn2O6,459640.01569753664
Na4MgMn4O8,748383.8212115036
Na4MgTi2(GeO5)2,72154.69412306114
Na4MgTi2(SiO5)2,77591.0743838871
Na4MgTi3O8,96379.01767792035
Na4MgV2O6,225320.5009112004
Na4MgV4O10,237451.84742914533
Na4Mn2C4SO16,213151.18128480704
Na4Mn2O5,559262.7611863578
Na4Mn2P(CO4)4,240272.56238443425
Na4Mn3BO8,655152.9963862556
Na4Mn5O12,578386.1569761821
Na4Mn9O18,804800.805842366
Na4MnO3,403802.0882036099
Na4MnO4,235221.62917557472
Na4Ni2C4SO16,64061.422545150905
Na4Ni2O5,387589.53074501787
Na4Ni7(PO4)6,289007.18594798987
Na4NiO4,287724.2585494162
Na4Np4O11,327076.0332167323
Na4P2NO16,169765.92652690664
Na4P2O17,402658.0169034654
Na4Pu(MoO4)4,102319.85457909036
Na4Pu4O11,464848.45598079276
Na4RhW5O26,164837.61503275108
Na4RuN6O13,58943.93937312205
Na4Si5Sn2O17,50679.21833891928
Na4Ti5Mn4O18,403658.81345600076
Na4V2C4SO16,107324.72664505606
Na4V2O5,258732.46191952247
Na4V2P(CO4)4,132610.07047813875
Na4V3O8,162947.68346193794
Na4VO4,76446.40506676292
Na4W4O15,55719.34143148221
Na4WO5,145080.38508381209
Na4XeO12,214439.25607823793
Na4XeO14,173916.10252079583
Na4Zr2TiMnSi4(O8F)2,124643.40216457222
Na5(AsO9)2,175237.35428906392
Na5(CuO2)3,97767.22747960038
Na5(NiO2)6,201501.3120308354
Na5(NiO2)8,152285.1307612633
Na5(NiO2)9,135600.13466228463
Na5(SiO3)6,120631.39263926553
Na5(WO3)13,60044.9417312765
Na5(WO3)6,124814.20354738882
Na5Ag(TeO14)2,264253.7809350255
Na5Ca2Fe3(PO4)6,290765.1837972831
Na5CaAl5Fe(SiO3)12,58353.1937916399
Na5Co2As(CO4)4,178481.34876776594
Na5Co2P(CO4)4,186265.49121059861
Na5Co2S5,257459.44722497737
Na5CoCO5,99144.434923009
Na5CoO4,195345.22849997718
Na5CoSO2,110630.85992563433
Na5Cr2As(CO4)4,161408.7202621721
Na5Cr2P(CO4)4,164338.54947486793
Na5CrO4,189568.97395095794
Na5CrP2(O4F)2,128376.95038867902
Na5Cu7O13,55509.27054038627
Na5CuHO4,61346.56967966221
Na5CuO4,128957.33342630262
Na5Fe11O16,1333401.636960141
Na5Fe2P2(CO7)2,265982.2005733801
Na5Fe3Ag2(As2O7)4,215040.4108619777
Na5Fe3F14,453492.55599142966
Na5Fe6(SiO3)12,402127.42629358283
Na5FeO4,331315.04865546984
Na5LiFe2P2(CO7)2,239061.2447617544
Na5LiFe6(SiO3)12,417254.01384028717
Na5LiMn2P2(CO7)2,291895.7553333002
Na5Mg4Fe8(PO4)12,406989.62127586216
Na5MgReO6,107853.4048426915
Na5Mn11O24,662238.2353523719
Na5Mn2As(CO4)4,205547.65957391966
Na5Mn2P(CO4)4,236623.05980515716
Na5Mn2P2(CO7)2,262266.45631344337
Na5Mn3F14,374956.6905655441
Na5Mn4(SiO3)6,457626.55617069534
Na5Mn7O15,660476.0880610059
Na5Mn7O16,622039.4325653263
Na5MnHO4,291433.2419239262
Na5MnO4,269713.60889728577
Na5MnO5,123414.00702668517
Na5Ni2As(CO4)4,131014.70655281714
Na5Ni2P(CO4)4,110231.90760139789
Na5Ni2P2(CO7)2,97109.52205776282
Na5Ni9O16,269009.5459977069
Na5NiHO4,125168.14245310555
Na5NiSO2,56023.94729450081
Na5OsO6,65513.49049490594
Na5S3ClO12,64376.97793144422
Na5Sr2B10(CO13)2,89282.57072625853
Na5Te2AuO28,132549.4996065466
Na5Te2H36AuO28,107954.77172741124
Na5Ti12O24,98208.25675357966
Na5Ti16O32,71030.5556457801
Na5Ti3F14,91392.91431925722
Na5Ti3O8,52035.15459578136
Na5V2P(CO4)4,106526.57115729555
Na5V4(PO4)6,130982.50566147972
Na5V7O14,363650.87191101286
Na5VO4,123709.49668094046
Na5VP2O9,90698.66543859961
Na5WO5,58944.917572991726
Na5Zr2Si12O37,141218.92764737803
Na6(NiO2)7,207051.8413232454
Na6(WO3)7,128334.09414479228
Na6Al3Fe3(TeO6)4,296731.2996248741
Na6Al4Fe(Si4O13)2,63047.65917234427
Na6Ca3MnC6(O9F)2,103210.34621325551
Na6Co(SO4)4,78231.67239321001
Na6Co2As(CO4)4,187821.47470129924
Na6Co2B4SO16,56058.91496705413
Na6Co2P(CO4)4,191108.99201177436
Na6CoO4,178324.90958491288
Na6CoSe4,105232.82040652292
Na6Cr2As(CO4)4,184550.044668319
Na6Cr2B4PO16,80894.81659185456
Na6Cr2B4SO16,107252.00083904217
Na6Cr2C4SO16,211936.47821418557
Na6Cr2P(CO4)4,188910.50683418277
Na6Cu2As(CO4)4,82222.65710150065
Na6Cu2C4SO16,54631.767469202176
Na6Cu2P(CO4)4,83416.05547587007
Na6CuO4,61606.50598023394
Na6Fe(SO4)4,103530.6972286734
Na6Fe2As(CO4)4,227313.53573654598
Na6Fe2B4AsO16,180140.39724407368
Na6Fe2B4PO16,184102.14026151033
Na6Fe2B4SO16,209422.2387665813
Na6Fe2C4SO16,225046.43976131623
Na6Fe2P(CO4)4,222324.7519512532
Na6Fe3(PO4)4,300039.6923939416
Na6FeCl8,108500.80236865183
Na6FeS4,156516.29933372437
Na6FeSe4,138706.70959221045
Na6Li3Fe6(PO4)8,355714.288779594
Na6Mg(CoO3)2,259702.03610136514
Na6Mg(NiO3)2,173334.26798284327
Na6MgMo2(NO3)2,69323.4705906119
Na6MgV2(S3O)2,50661.04557434904
Na6MgV2(SO3)2,63926.98980725646
Na6Mn(SO4)4,138793.040650631
Na6Mn2As(CO4)4,237166.23379192202
Na6Mn2B4AsO16,134737.2485004986
Na6Mn2B4PO16,136586.58202477163
Na6Mn2B4SO16,165456.7008849695
Na6Mn2C4SO16,274477.79333222937
Na6Mn2P(CO4)4,252095.65091196098
Na6Mn3(PO4)4,373280.567017018
Na6Mn7Fe6(PO4)12,631068.272349246
Na6Mn7O10,991283.0073118699
Na6MnCl8,132391.39700883458
Na6MnNi3(SbO6)2,368089.76936986484
Na6MnO4,308133.40963283344
Na6MnS4,192360.46739096713
Na6MnSe4,169742.57961313849
Na6MnTe4,138283.33229308616
Na6Ni(SO4)4,57374.43018642026
Na6Ni2As(CO4)4,134714.33344034842
Na6Ni2C4SO16,110553.10100362127
Na6Ni2P(CO4)4,83347.25130747576
Na6NiO4,126167.04133160884
Na6Np2H10S4O25,60829.49673306454
Na6RuN4,77586.28923609012
Na6SiNi2(CO4)4,142545.37727052293
Na6Te(W3O23)2,76813.81697327275
Na6Te2H28RuO30,52945.60304058508
Na6Ti6O13,60720.1635327367
Na6TiMn(SiO3)6,117012.02152509427
Na6V2As(CO4)4,129378.6289275878
Na6V2B4SO16,53491.11504870841
Na6V2C4SO16,156990.88395633423
Na6V2O7,81251.25063243824
Na6V2P(CO4)4,132465.78200369873
Na6Zn3P4O19,128631.96319748933
Na6Zr2Si4O17,57612.19683534259
Na7(CoO3)2,309800.3490135036
Na7(CuO3)2,127829.11918795026
Na7(FeO4)2,267923.27553657955
Na7(NiO2)10,169365.32168268
Na7(WO3)12,90414.60777844877
Na7(WO3)13,79953.0419969572
Na7(WO3)8,132760.32284806445
Na7(WO3)9,116255.7402962093
Na7Co3O8,467785.43454160757
Na7Cr2O6,205461.65223429952
Na7Cr3Co(PO4)6,224192.02220731546
Na7Cr4(PO4)6,234555.91975102833
Na7Cr4P9O32,169871.33019116308
Na7Fe3O8,575600.045205617
Na7Fe4(PO4)6,365422.1923884861
Na7Fe4P9O32,280278.2016921283
Na7Fe7P6(O8F)3,465591.01561484503
Na7Mg7Fe5(PO4)12,260995.74557814767
Na7Mn10O24,584418.786872961
Na7Mn11O24,680056.1095004504
Na7Mn16O32,815558.2558056276
Na7Mn4Fe8(PO4)12,576163.2399417405
Na7Mn5P3H6O15F13,317247.28735475236
Na7Ni17O24,533811.1760482233
Na7Ti13O26,115008.78427663897
Na7V(W3O19)2,113326.74167113972
Na7V2O6,120905.99425808401
Na8(NiO2)9,213162.00726225847
Na8(WO3)19,59615.52679692047
Na8Al12SO28,65111.50730905609
Na8Bi5O14,63316.31779754945
Na8Co2O7,321653.4096682418
Na8Co5O14,352673.669178808
Na8CoO6,218573.96440532917
Na8Cu2O7,160919.18706550272
Na8Fe4O11,624471.8574933865
Na8Fe5O14,574863.8230002085
Na8Fe6P6(O8F3)3,420228.2025237249
Na8Fe7(PO4)8,419046.51596665184
Na8FeO6,175473.80262489378
Na8Li9(FeO4)4,357386.3994437103
Na8Mg(CoO4)2,209452.32964202898
Na8Mg(FeO4)2,307466.3795213654
Na8Mg(NiO4)2,210692.69547781878
Na8MgCr2O8,202433.79164680574
Na8MgMn2O8,273329.6622098142
Na8MgMo2(NO)4,53223.76537245897
Na8MgV2O8,66855.97274735605
Na8Mn4O11,497799.0527584559
Na8N3O,71745.74790807939
Na8Nb4Si16O53,93952.10015505744
Na8NiO6,167013.6938042524
Na8V2O7,152424.5914641907
Na8V4O11,204635.78065288896
Na8Zr3Si12SnO40,76275.28282722698
Na8Zr3Ti3Mn2Si8(O17F)2,102038.33418251276
Na9(WO3)13,105505.84291835151
Na9(WO3)16,88945.95840910652
Na9CaFe10(SiO3)20,405523.4412474343
Na9Cu2O7,114492.3869158372
Na9Fe10(SiO3)20,407552.4155226853
Na9Fe2P4HO18,221526.74633656815
Na9Fe3P8O29,210592.9452193717
Na9LiFe10(SiO3)20,416656.7855733878
Na9Mn15O32,714023.3149768615
Na9Mn21O40,859384.1145251697
NaAc2Bi,68241.22261089161
NaAc2Sb,54861.820961036
NaAcO3,57508.48635468444
NaAgI2O3,194706.30212989653
NaAgO3,111132.56607429987
NaAgSO5,136047.5176309126
NaAl(SO10)2,606442.6759179527
NaAl12Ga(S2O33)2,136098.72926411958
NaAl2H8(ClO2)4,112630.86271390195
NaAl5FeP4(H5O12)2,90214.4675924176
NaAl6Fe3Si6B3O30F,268679.0275479618
NaAlCr2(HO4)2,95664.02788507618
NaAlS2O19,331328.70364503824
NaAlSiO5,159780.3096074126
NaAsO6,200227.52546496008
NaB10H3Pb4O21,83479.7039254304
NaBO7,258931.19687352216
NaBe2N3F8,273212.20272543066
NaBe4SbO7,68774.55220023969
NaBeHCO5,156637.45486447582
NaBeO3,302770.01043749385
NaBeSi3O8,58396.40416539487
NaC2,176782.10924981989
NaCO3,149827.86968338946
NaCSCl3O4,93362.8965656216
NaCa2V3(CoO6)2,224665.0132079827
NaCa2V3(CuO6)2,75518.19779663041
NaCa3AlFe3(SiO3)8,244990.52051113534
NaCa3C2O7F3,92717.100577293
NaCa3Fe4(SiO3)8,318394.41576034407
NaCa3IrO6,131003.72612919786
NaCa3Mg3Fe(SiO3)8,102681.89314356845
NaCa3MgFe(Si2O7)2,145777.21248252818
NaCa3RuO6,211287.49503525093
NaCaAlFe(SiO3)4,167692.05813855052
NaCaAlOF6,70401.87562204922
NaCaB5(H7O4)3,75073.07107264258
NaCaCoTe,92029.61506407146
NaCaFe3(PO4)4,447105.8645740694
NaCaHfWO6,70403.74835199435
NaCaMg3Fe6(PO4)9,420857.64326892374
NaCaMgCr(SiO3)4,116005.25576209169
NaCaN3,558723.3728144872
NaCaNbWO6,142293.83437032328
NaCaP2NO10,157169.382557718
NaCaSb2O7,64707.97758615429
NaCaTiFe3O8,910516.4617095249
NaCaTiMnSi2O8F,255139.91634046801
NaCaZrFeSi2O8F,194709.7279002109
NaCaZrWO6,68889.34895257288
NaCdFe(PO4)2,290484.24518545484
NaCdIn4(PO4)6,54894.344323474324
NaCdO2,172177.76619344237
NaCdO3,126488.60262048476
NaCo(N2O3)4,164493.58264205884
NaCo(PO3)3,137974.96525966754
NaCo11O17,455521.9969997759
NaCo2(MoO5)2,261161.87731005272
NaCo2BiO6,475018.1984879523
NaCo2H3(SeO5)2,158683.02367567283
NaCo2O3,704223.7295279065
NaCo2P2O9,55692.23041566354
NaCo2P3O10,301481.44762016274
NaCo2Se2O7,270590.10265773424
NaCo3,796898.4574174397
NaCo3As3(HO6)2,120543.06462707397
NaCo3O4,894295.6533086571
NaCo3P3(HO6)2,396228.4417019425
NaCo3P3O13,191709.8313308925
NaCo4BiO12,557151.4184151278
NaCoAsCO7,60522.08976044652
NaCoBP2H4O11,222125.18933047212
NaCoCSO7,120998.03577413279
NaCoCu3Se4,99676.49368345203
NaCoF3,183786.0107457559
NaCoF4,236896.4833367578
NaCoH3(CO2)3,146696.12392457743
NaCoH4SO6F,142414.2858453411
NaCoN,172326.92737479313
NaCoO2,437369.4855871754
NaCoO3,712271.8212540657
NaCoP2HO7,207967.36673185052
NaCoPCO7,62795.24934203041
NaCoPO4,299392.0384484072
NaCoTe,281681.35309560143
NaCr(GeO3)2,243452.15094118094
NaCr(PS3)2,117832.69649308258
NaCr(SO4)2,180218.81461679487
NaCr(SiO3)2,265045.7286737124
NaCr(WO4)2,201323.99855267693
NaCr12Si8BrO28,616899.9110763299
NaCr12Si8ClO28,617195.2665856117
NaCr2FeO8,277688.26618300326
NaCr2O4,608619.6201290605
NaCr3O8,176369.53607450024
NaCr5Se8,467085.31657219375
NaCr6O11,728484.0481346013
NaCrAsCO7,115261.32385262298
NaCrCSO7,180477.31470752158
NaCrF4,403605.51493571105
NaCrF6,101423.44213234632
NaCrH12(SO4)2,110121.9057061697
NaCrH8(NF3)2,200906.45067984247
NaCrN,348302.2322143366
NaCrN2,176723.55900236018
NaCrO2,673563.704041127
NaCrO3,173708.0790183166
NaCrPCO7,123079.49388156315
NaCrS2,388893.5459867616
NaCrSe2,337376.1394998029
NaCrTe,583569.1135866817
NaCrTe2,320560.95280173403
NaCrTeAs,330298.55236340075
NaCu(IO2)2,71353.10264448922
NaCu2H3(SO5)2,98599.87901118641
NaCu2H3O10,89442.23539222892
NaCu3(RuO3)4,51019.79262183769
NaCu5Sb2As6(H9O17)2,51432.597375898775
NaCuF3,80829.45612116875
NaCuO2,138447.63841919895
NaFe(GeO3)2,399344.80394995515
NaFe(MoO4)2,268973.03482115915
NaFe(PO3)3,215176.83290738825
NaFe(SO)2,290451.6673055248
NaFe(SO4)2,319716.7334226301
NaFe(SeO3)2,355825.9596449911
NaFe(SeO4)2,298188.33802006807
NaFe(SiO3)2,435269.86039791664
NaFe(WO4)2,332073.7196553779
NaFe11O17,1355104.072092104
NaFe12O19,1520946.5903426236
NaFe2(MoO4)3,329087.5946617768
NaFe2(SiO3)4,381376.7088327081
NaFe2H3(SO4)2,402596.1366633846
NaFe2Mo2H3O10,337165.23950633546
NaFe2O3,1306637.0148059558
NaFe2PbF9,574512.9662594654
NaFe3(PO4)3,619271.3839395726
NaFe3H6(SO7)2,597473.9990239916
NaFe3O5,1440824.43498044
NaFe3P3O13,548973.9508502567
NaFe5O8,1476076.6596425015
NaFe6H12S4O29,555224.3087953831
NaFe7(PO4)6,524139.848588374
NaFe9H18(S3O22)2,579177.9743420713
NaFe9Si6B3H2O31,690034.628923127
NaFe9Si6B3H3O31,663332.0922089482
NaFeAs,113392.29515357375
NaFeBP2H3O10,271763.7701726469
NaFeBP2O11,457807.33015866554
NaFeBr4,239100.60800514845
NaFeCSO7,290856.7681582765
NaFeCl4,296064.1194572097
NaFeCuS2,419317.0205448444
NaFeCuSe2,367704.44201531686
NaFeF3,687747.5778583725
NaFeF4,661017.4532445231
NaFeH22C10(NO6)2,92014.07184873667
NaFeH4SO6F,279023.0121856621
NaFeH8(NF3)2,333892.14804155275
NaFeN,341233.0988589816
NaFeO2,1001094.8086689417
NaFeO3,792146.3790042348
NaFeP2O7,358631.89355537377
NaFePO4,482562.1984654489
NaFeS2,252661.67741932426
NaH4IO7,133241.06380815821
NaHN,186926.38947439066
NaHf2TiF11,82892.61978494273
NaHf2VF11,137287.5725836915
NaHfO3,136858.42033622248
NaHfSnWO6,69395.35103101385
NaHfTe2,60000.102356092946
NaHgH2Cl3,114786.4347167967
NaIO4,64142.584601393246
NaIn(C2O5)2,151012.3116615787
NaIn(GeO3)4,180637.21039442453
NaIn(WO3)2,142983.08892905648
NaLi(WO3)4,82224.08936126193
NaLi2CrF6,206894.27066911597
NaLi2FeF6,335388.6799768157
NaLi2FePCO7,255597.74285052554
NaLi2MnF6,271116.8164826062
NaLi2MnPCO7,312107.896638385
NaLi2MoF6,184926.5604438595
NaLi2NbF6,118371.95105956019
NaLi2RuF6,66697.60081833867
NaLi2TaF6,94947.7461019657
NaLi2TiF6,64577.483380668156
NaLi2VF6,134927.91101789536
NaLi3Fe4(SiO3)8,425242.3279431003
NaLi3Ti2Fe2(PO4)6,198213.7662118725
NaLi5Fe2P2(CO7)2,262465.3066748936
NaLi5Mn2P2(CO7)2,322413.99345274345
NaLi5Ti3Cr3(PO4)9,120338.14843536806
NaLi7Fe8(SiO3)16,426725.1797198823
NaLi9Fe10(SiO3)20,426859.2128688575
NaLiFe2(SiO3)4,420714.27433953196
NaLiMn2Fe4(PO4)6,621129.9660307522
NaLiMnP2O7,323901.7988233482
NaLiMnPCO7,246401.26310752612
NaLiMnS2,522090.30027475173
NaLiNb4O12,77761.4976849965
NaMg(CoO2)3,543202.7100066731
NaMg14CoO16,59662.32018946767
NaMg14Cr,101650.3918953587
NaMg14CrO16,88938.05121330477
NaMg14FeO16,147777.41992424335
NaMg14Mn,104343.00511761806
NaMg14MnO16,118207.49529394646
NaMg14V,78491.98252748136
NaMg14WO16,86780.19388049806
NaMg2Fe3P4(H9O13)2,182677.72215946318
NaMg30FeO32,74825.60364509255
NaMg30MnO32,59679.55854752111
NaMg3O4,112376.59735009019
NaMg3V3Cr3Si6B3H3O31,219264.66118706885
NaMg6Al3Si6(BO10)3,67059.15320490545
NaMg6Co,65779.361173067
NaMg6CoO8,118400.152908328
NaMg6Cr,221800.8928691116
NaMg6CrO8,176230.28324549968
NaMg6Fe,136747.98740011346
NaMg6FeO8,292252.02859878476
NaMg6Mn,203658.83759598876
NaMg6MnO8,233065.48995265298
NaMg6Mo,67128.7014769937
NaMg6Ti,97632.72914920162
NaMg6TiO8,58191.02320978901
NaMg6V,174331.36061290395
NaMg6WO8,167946.3520848613
NaMgCo2(MoO5)2,286859.3947879141
NaMgCoO2,212021.48804660913
NaMgCr2In(H2O5)2,80763.9762313089
NaMgCr3O8,264586.67300382175
NaMgFe(SO4)2,158709.53389350607
NaMgFe(SO4)3,194072.13095271244
NaMgFe(SeO4)2,221372.40252898858
NaMgFe5O8,987756.2779350887
NaMgFeO2,458526.9055367863
NaMgMn2O4,966534.1608579599
NaMgMn4O8,839816.8591447889
NaMgMnO2,527613.4869929223
NaMgMoO3,296141.25070495537
NaMgNiIO6,147243.74643804124
NaMgNiO2,134317.9745636711
NaMgRuO3,120271.31987245528
NaMgV2Bi3O10,64402.21360752786
NaMgV4O10,135864.84756247277
NaMgVO3,230603.82065805834
NaMn(HO)3,461930.1713968287
NaMn(PO3)3,272317.06519184716
NaMn(SiO3)2,350008.8481344062
NaMn10O20,791240.6309375516
NaMn16O32,837132.8453777679
NaMn2AlAu6,422899.6242178593
NaMn2BiO6,485298.3630451635
NaMn2FeAg(PO4)3,589978.9994643676
NaMn2Mo2H3O10,417629.136986687
NaMn2O4,819031.9089157701
NaMn2O6,476977.3610395496
NaMn2P2O9,383022.06584206474
NaMn2V3(PbO6)2,332143.5375632946
NaMn3Ag(PO4)3,547876.4788631878
NaMn3CuH24(SO6)4,250406.81759170938
NaMn3F10,718087.5009929647
NaMn3O6,799006.2396381802
NaMn3P3(HO6)2,618427.6977140219
NaMn3P3O13,417528.65814686386
NaMn3V4O12,792289.7041302465
NaMn4(AsO4)3,714757.996619561
NaMn4O8,743722.3437686135
NaMn6Al3H42(SO19)2,315526.4643942388
NaMn7O12,1219711.6950448218
NaMn8O16,809763.9455031105
NaMnAs,611320.1874954072
NaMnAsCO7,172492.3541359417
NaMnAsO4,520676.34866814775
NaMnAu2,564069.0802615422
NaMnBi,491216.34429887746
NaMnBiWO6,352951.197593411
NaMnCl3,399863.07725195546
NaMnCr(CN)6,135168.39705551122
NaMnCrF6,700350.8388755523
NaMnCuSe2,435276.0148701429
NaMnF3,781533.0460919716
NaMnF4,522629.60272298835
NaMnFe(PO4)2,604200.263974948
NaMnFe2(PO4)3,641993.6423954015
NaMnFeF6,745853.896850166
NaMnH2C3O7,261982.75742144365
NaMnH3(CO2)3,255198.49520621225
NaMnH6C3S3(NO)3,174202.92727241435
NaMnIO6,251369.7067264799
NaMnN,429017.2016453472
NaMnO2,836874.5944665303
NaMnO3,331340.36280933936
NaMnO4,189046.88117324226
NaMnP,258312.26945352368
NaMnP2O7,286109.061467253
NaMnPCO7,186759.1793915411
NaMnPO4,561642.639869866
NaMnPd2,669579.2100695694
NaMnPt2,659726.263398731
NaMnSb,502941.7749943131
NaMnSe2,372128.56814218557
NaMnTe,503274.1296637104
NaMnTe2,358213.0713754992
NaMnVO4,538302.0343312529
NaMo2(P2O7)2,161632.7740185741
NaMo2(PO4)3,156187.64939217514
NaMo2P2O9,238732.41644855446
NaMo2P3O13,86083.66882744797
NaMo3P3O13,270131.84364582895
NaMoAsO8,141475.7994013012
NaMoC2NO9,173863.30547530437
NaMoF6,73114.87566161243
NaMoO3,94605.80828762818
NaNb2O4,96480.99151249923
NaNb4(PO4)6,54692.64044559511
NaNb7V2O14,125730.74262671712
NaNbAs2,143335.61241841866
NaNbFe(PO4)3,187845.23529516763
NaNbInWO6,66551.9246809506
NaNbO2F,143929.30188972084
NaNbSnWO6,140053.7366308398
NaNbTe2,191822.10571030655
NaNbWO7,126751.05826864344
NaNi2(MoO5)2,137401.46907589986
NaNi2BiO6,164703.7251632529
NaNi2H3(SO5)2,182348.4426144402
NaNi2Mo2H3O10,178976.79473921264
NaNi2O3,460077.4502391316
NaNi2P2O9,127493.13966831489
NaNi2P3O10,206841.91701195913
NaNi3,248247.0290008386
NaNi3O4,597080.3250606809
NaNi4F10,379514.23202460207
NaNiAsO4,200616.2981085292
NaNiBP2O11,377072.74362793355
NaNiF3,341345.42259455
NaNiH4SO6F,146279.7926286773
NaNiO2,236369.35652175313
NaNiO3,487018.39434640825
NaNiP2HO7,142642.84471112673
NaNiTe,54891.77565399734
NaNp(HO2)2,199748.22980712703
NaNp2O4,536673.4500455078
NaNp3,1245423.7694098544
NaNpAs,590620.2879936477
NaNpAs2,344004.92706906336
NaNpAu2,462988.6409766552
NaNpBi2,348151.66343516734
NaNpCO5,168344.47498485088
NaNpO3,269256.0227102737
NaNpPd2,466010.4409972312
NaNpRh2,440256.9825915437
NaNpSn2,368911.28960054676
NaNpTe2,333881.1249599626
NaO2,216277.23137406743
NaO8,178758.53266825745
NaP2W7O25,55817.88428872306
NaP4(RuO7)2,104752.7386232256
NaP4(W3O11)4,52556.50003048942
NaPF3,85784.4017869747
NaPH12(W3O10)4,94241.16108331578
NaPHO3,98134.92767160658
NaPO4,178448.53026043618
NaPO6,272547.22061762767
NaPa2O4,229070.6290898388
NaPaAs,188793.07719875377
NaPaAu2,50562.96701907094
NaPaPt,219561.70068636074
NaPaSn2,55583.267087558226
NaPaTe2,160173.15083928767
NaPdF3,59238.86944811684
NaPdO2,188329.37429938323
NaPtO3,150553.03643167234
NaPu,237077.03366991904
NaPu2As,1266688.3459648364
NaPu2O4,698727.315071059
NaPu2Sb,1118557.0944816486
NaPu2Te,1136002.0946780865
NaPuAs,695464.4273034973
NaPuAs2,536884.9943955102
NaPuAu2,614208.8769296088
NaPuBi2,468170.60049513174
NaPuF4,584053.58275731
NaPuGa2,577970.5509494419
NaPuGe,561800.3819789743
NaPuGe2,563228.6066390674
NaPuHg2,556600.4066993989
NaPuIn2,500763.35951361735
NaPuO3,396100.94540724275
NaPuPb2,486112.5123969699
NaPuPd2,612562.8543114767
NaPuPt,658554.7295379401
NaPuPt2,563364.7849157688
NaPuSb,654855.0271600184
NaPuSb2,484933.8849784774
NaPuTe,698991.469868101
NaPuTe2,415975.2664848901
NaPuTl2,494873.5063548917
NaRe(SO6)2,72117.0720411845
NaRh(N2O3)4,237726.44328224682
NaRhO3,71243.43356879028
NaRu3,129293.00831495713
NaRuO2,210331.2429907117
NaSb(OF2)2,145221.6395986949
NaSbO12,145594.07105496383
NaSbO7,129694.28453164853
NaSbWO7,129867.31746069148
NaSeNO6,84905.06470099807
NaSi2O5,73470.09033654949
NaSi2O7,221258.19396355443
NaSr12Ni7O23,100222.46259531433
NaSr2FeO6,366336.76002775546
NaSr2HfO6,193791.285366515
NaSr2IrO6,139747.67249197623
NaSr2OsO6,66862.80188258768
NaSr2PtO6,198578.9274227984
NaSr2RhO6,140585.980299
NaSr2RuO6,70572.95494010225
NaSr2TaO6,132699.3662884367
NaSr2TiO6,206197.35608772692
NaSr2ZrO6,191347.6528614923
NaSr3IrO6,120518.64511293745
NaSr3RuO6,181228.0350670492
NaSr9Fe5(MoO6)5,420061.17046514497
NaSrCoBiO6,339797.8249377274
NaSrCoTe,84391.51525278529
NaSrCrF6,252057.03686354312
NaSrFeBiO6,396249.17871650826
NaSrFeF6,393284.9938718185
NaSrHfWO6,69338.2869141387
NaSrMnBiO6,230594.5403189491
NaSrNb2,101834.0203143329
NaSrRe2,503542.5399547994
NaSrSnWO6,69890.29273538769
NaSrTiF6,66763.33959470276
NaSrVF6,134764.23614894674
NaSrZrWO6,67924.36383595764
NaTaTe2,188687.17964138451
NaTaWO7,128452.79007371402
NaTc2N5OF12,358707.9150898336
NaThO3,115889.91979489349
NaThTe,104838.81107177974
NaThTe2,60208.70712127945
NaTi(SiO3)2,86536.66731418727
NaTi2O6,86823.97891839435
NaTi2SiO9,191819.52534213712
NaTi3,117485.21900677314
NaTi3F10,139673.2807238662
NaTi3F7,262722.37703435484
NaTi3FeO8,310465.7679118084
NaTi3Nb(CuO4)3,131142.79895832096
NaTi3O6,82723.3582490197
NaTi3P3O13,72901.6920553875
NaTi4(CuO4)3,90427.47909985919
NaTi4O8,60236.110895396865
NaTi8Cu6BiO24,133623.3476639799
NaTiAs,281048.4676216908
NaTiAu2,81069.84430908157
NaTiBi2,165782.68137722882
NaTiF3,239260.62810906366
NaTiF4,121026.66680095223
NaTiFeO4,613747.0779389598
NaTiO3,141303.06281080592
NaTiP2O7,68838.15096342337
NaTiPt,159073.68081580495
NaTiS2,112558.97524220034
NaTiSb,234772.78871977943
NaTiSn2,155378.85368196297
NaTiTe,308277.0068224964
NaTiTe2,140442.51329824197
NaTiVS4,131050.26119513133
NaTl(NF3)2,213742.27879091533
NaU2Cl6,303536.8299477005
NaU2F9,220303.04355015975
NaU2O4,373425.2814997397
NaU3O8,161154.2221623202
NaUAs2,114505.58942442709
NaUAu2,301262.6113436377
NaUF6,57098.67471294568
NaUIr2,146123.95280902472
NaUO3,130986.17959806428
NaUPt2,274812.84625232697
NaURh2,258542.3001054807
NaUSb2,182877.54784258732
NaUTe2,251021.69280787607
NaUVO7,114836.96682881872
NaV(GeO3)2,158200.87870307622
NaV(SO4)2,130014.22110733678
NaV(SiO3)2,173359.2655480221
NaV10O15,653449.1439861917
NaV13O18,751016.3907447633
NaV2(PO4)3,82236.65408259195
NaV2(SO)4,135880.9131311191
NaV2O4,353201.1837570346
NaV2O4F,172667.69853405477
NaV2O5,89541.87899756432
NaV2P2O9,159719.63600699886
NaV3(FeO4)3,538518.2583351874
NaV3(PO4)3,289233.7967745719
NaV3F10,194003.1377127332
NaV3F7,565412.7288583912
NaV3Fe2CuO12,412206.13355559
NaV3H6(SO7)2,234189.36903930595
NaV3O6,320374.26615070633
NaV3P3O13,184316.78592811344
NaV4Cd3O12,125696.43895227276
NaV5MoO15,63917.7486883995
NaV5O10,289183.29946794367
NaV5O8,576289.3598440118
NaV6O11,422052.78031219094
NaV6O13,196641.7631073497
NaV6O14,94848.07315694533
NaVAs2,347361.3620700633
NaVAsCO7,54597.279835350404
NaVAsO5,99139.50604862535
NaVBP2H3O10,108174.0412208994
NaVF3,450511.897169692
NaVF4,262842.98707557155
NaVH8(NF3)2,117391.55237682014
NaVO2,436798.27893753094
NaVP2O7,140356.54800844326
NaVPO4F,167398.4096053513
NaVPO5,102243.92681434071
NaVS2,255350.18322115098
NaVSe2,222766.53218740493
NaVTe2,234651.10620803165
NaW(ClO)2,77057.16171287102
NaWO2,409570.04081436666
NaZn2P3O19,65165.96391631698
NaZn2Se2O7,52222.14474498857
NaZn4H6SClO16,143974.42584509222
NaZnBP2O9,92404.24574442915
NaZnFe(PO4)2,311766.6526526849
NaZr2CoF11,136652.59453705366
NaZr2FeF11,180785.4471911358
NaZr2MnF11,221468.73621097518
NaZr2NiF11,92242.36925771064
NaZr2O6,87995.94756385683
NaZr2PdF11,86341.18285748233
NaZr2TiF11,89066.03533948405
NaZr2VF11,134766.8169493494
NaZrO3,133653.91480156739
NaZrPt,69679.71695272658
NaZrSnWO6,67914.017665703
NaZrTe2,102320.30349143069
Nb(AlFe)2,584758.0044513956
Nb(C2N3)3,68740.30452380297
Nb(FeGe)6,631282.9763584968
Nb(GaNi4)3,95400.06235510625
Nb(H2Se)2,51367.6316155578
Nb(NCl3)2,179141.67635068833
Nb(NF4)3,62453.38673040384
Nb(NiO2)2,362332.9348663876
Nb(OsO2)2,106929.86543238694
Nb(PdO2)2,308424.67956296704
Nb(PtO2)2,68528.13863818902
Nb(ReO2)2,129475.54944228767
Nb(RhO2)2,100575.61082858646
Nb(RuO2)2,113372.3958120718
Nb(SO4)2,61867.62593034287
Nb(TcO2)2,330219.77941794234
Nb(WO2)2,125046.85487432819
Nb2(CN2)3,107610.1480967926
Nb2(CrSi)3,182326.30604551992
Nb2(VSi)3,78276.02004482427
Nb2AgO4,55736.64579141943
Nb2Al2O5,245431.22924050243
Nb2AlFe,312544.0147582801
Nb2AlPd,60609.03931370397
Nb2AlPt,50822.92527535726
Nb2AlRh,82272.23491704966
Nb2As2O5,120452.91507292783
Nb2B2O5,100211.97010800282
Nb2Br5,110811.55327643458
Nb2Cd2O5,106762.00385100453
Nb2Co12P7,131202.79818516242
Nb2Co2O5,76403.2561462464
Nb2Co2O9,126223.38119216854
Nb2Co4O9,556585.5940514056
Nb2Co4P3,145877.63097172917
Nb2CoGe,220917.31027878233
Nb2CoO4,285657.27196839993
Nb2CoO6,271673.9551262148
Nb2CoOs,229443.62946020026
Nb2CoRe,245970.6985254695
Nb2CoRh,108954.23433781123
Nb2CoRu,266782.7938810344
Nb2CoS4,131726.04488606678
Nb2CoSi,233611.11842999945
Nb2CoTc,243873.4663222554
Nb2Cr2O5,853583.2818158302
Nb2Cr4Si5,134055.2336207335
Nb2CrIr,99055.91372011956
Nb2CrN3,145405.58237704472
Nb2CrO4,450302.5711165316
Nb2CrPt,148353.3635625342
Nb2CrRh,115520.22744803595
Nb2CrSe4,170777.1628528292
Nb2CrSi,114022.75124615985
Nb2Cu2O5,67320.2107590153
Nb2CuO6,91001.99226168514
Nb2Fe,419580.6250169677
Nb2Fe2O5,770219.9993593264
Nb2Fe4O9,841041.9179446616
Nb2FeAs,284327.5712366321
Nb2FeB2,305999.783519924
Nb2FeCo,432522.99095448613
Nb2FeCo3,304439.74876749015
Nb2FeGe,279281.46696911287
Nb2FeIr,299774.04442539124
Nb2FeO4,410235.3228114973
Nb2FeO6,343782.17204284656
Nb2FeOs,156172.69869655592
Nb2FePt,211691.5070841373
Nb2FeRh,144095.17550695786
Nb2FeRu,280347.78748761886
Nb2FeS4,186664.0537095841
Nb2FeSi,304353.3987744322
Nb2FeTc,168145.38517051123
Nb2Ga2O5,120100.66541401774
Nb2GaCo3,720449.7274429448
Nb2GaFe,317392.3100605248
Nb2GaGe2,53890.521701325255
Nb2GaPd,51306.610017327635
Nb2GaRh,63471.70731512934
Nb2Ge2O5,84383.51841332181
Nb2GeRh,54087.85415002254
Nb2Hg2O5,90028.95318980623
Nb2In2O5,143863.0133235784
Nb2InO4,91695.08696008069
Nb2Ir2O5,132808.92629310238
Nb2Mo2O5,187202.3692986755
Nb2MoO4,286272.42698332283
Nb2Ni2O5,271964.5666698456
Nb2Ni3Ge,223016.63088145736
Nb2NiO6,183782.96634033066
Nb2NiPt,51866.52785599289
Nb2O3,129329.40599469282
Nb2Os2O5,95876.65968099155
Nb2P2O9,108317.10466490246
Nb2Pd2O5,91029.25467388365
Nb2Pt2O5,56606.60191455856
Nb2ReO8,57940.85435199821
Nb2Rh2O5,157198.59758210706
Nb2Ru2O5,235355.591351526
Nb2Sb2O5,155798.15214618767
Nb2SbO6,76096.7366873789
Nb2Si2O5,88749.12864599405
Nb2Sn2O5,164122.19811736027
Nb2SnRh,86944.6639508146
Nb2Tc2O5,312883.20745739737
Nb2Te2O5,100004.25890754905
Nb2TeAs,61698.44196471027
Nb2Tl2O5,120267.92938949504
Nb2V2O5,519565.9832578786
Nb2V4Si5,56340.33628503662
Nb2VCo,104848.49928397634
Nb2VGe,64875.96574776223
Nb2VSi,61907.34412114889
Nb2VZn2O8,179928.5216897408
Nb2W2O5,103629.287530008
Nb2Zn2BiO8,54986.67880101248
Nb2Zn2CoO8,182242.3236986288
Nb2Zn2CrO8,239318.9065190403
Nb2Zn2CuO8,60933.95093106106
Nb2Zn2FeO8,239902.9926212293
Nb2Zn2NiO8,123205.45078547046
Nb2Zn2O5,277746.8772799436
Nb2Zn2SbO8,55686.61382700452
Nb2Zn2WO8,117690.28565971389
Nb2ZnRh,158784.9099508917
Nb3(Fe10B3)2,1006975.7852320252
Nb3AlV3Sn,200355.60239578577
Nb3Co3C,153628.08626211682
Nb3Co8Si,196870.73810328293
Nb3CoSe6,103615.44848655138
Nb3Cr,197688.27530023875
Nb3Cr(PO4)6,56385.61243155918
Nb3CrS6,158939.9544236374
Nb3CrSe6,138036.74351974938
Nb3Fe,164994.2926418106
Nb3Fe(BiO3)6,117463.32467860522
Nb3Fe(PO4)6,93642.68604788328
Nb3FeS6,175718.69066811446
Nb3FeSe6,154224.73507732066
Nb3MoSe8,80270.28625742531
Nb3N2Cl7O5,84731.64896007245
Nb3Ni(PO4)6,56917.0456486348
Nb3NiS6,82104.77811510704
Nb3P6WO24,54568.364011156504
Nb3SiNi8,71392.56163630034
Nb3SiO10,56864.489210926164
Nb3V3Ge2,129994.58675381998
Nb3V3Si2,121480.09764902662
Nb3VF6,199782.2367369861
Nb3VS6,105349.65002548248
Nb3WS8,98463.6721064732
Nb3WSe8,80679.10618015288
Nb3ZnFe3(O6F)2,518315.3340279565
Nb4AgS8,60015.702888062915
Nb4Co(CS2)2,60446.56458716782
Nb4Cr(CS2)2,156211.88475524093
Nb4Cr7Si8,74543.00371767758
Nb4CrS8,92692.74786673463
Nb4CrSe8,128042.75414233477
Nb4Fe(CS2)2,166617.77360359873
Nb4Fe3Si5,166647.86821347327
Nb4FeSe8,105941.93553918335
Nb4NiSe8,56143.416731050194
Nb4O5,88730.16752643188
Nb4Tl4O13,58547.67532136974
Nb4VSe8,68767.8321881659
Nb5Cr3Se20,110832.76333881542
Nb5S8,62679.49189641345
Nb5V5Si6,76980.26266791335
Nb6Co7,67180.84276676009
Nb6Fe16Si7,105272.86458299
Nb9Fe3Ge2,158125.50858722455
NbAgWO7,69411.50107171657
NbAl2Au,88551.99657290638
NbAl2Co,88070.27594235822
NbAl2Cr,145085.4909304811
NbAl2Fe,148788.5044059237
NbAl2Ir,341976.6662367025
NbAl2Ni,87693.38102777845
NbAl2Ni9,50043.06110086452
NbAl2Os,229594.03162308768
NbAl2Pd,139443.32767047704
NbAl2Pt,199199.0558195482
NbAl2Re,105183.99749478984
NbAl2Rh,335698.34121901257
NbAl2Ru,227734.7958571809
NbAl2Tc,92062.33181132046
NbAl2V,141471.46612963165
NbAlAu2,66607.26404577446
NbAlCo,72382.46109138822
NbAlCo2,196527.38266610773
NbAlCo4,243287.70911836752
NbAlCoIr,314251.2255211918
NbAlCoMo,90973.28486238945
NbAlCoNi,141456.57743085982
NbAlCoOs,272878.3469499591
NbAlCoPd,82723.49864623338
NbAlCoPt,106104.13857440036
NbAlCoRh,319116.3609201146
NbAlCoRu,300794.1756443955
NbAlCr2,571613.4526525675
NbAlCrCo,174291.88818659293
NbAlCrFe,342625.5445623797
NbAlCrIr,423145.37065208214
NbAlCrMo,300200.5151005875
NbAlCrOs,313633.50676933874
NbAlCrPt,275140.9504361586
NbAlCrRe,447379.7912654456
NbAlCrRh,423365.3434705358
NbAlCrRu,315068.534163452
NbAlCrTc,452920.4562448849
NbAlFe,331336.65979247325
NbAlFeAu,211363.59119774876
NbAlFeCo,518751.3423223889
NbAlFeCu,183140.40725066705
NbAlFeIr,311431.1201296839
NbAlFeMo,288163.86975646677
NbAlFeNi,341339.19953516364
NbAlFeOs,277476.83069020795
NbAlFePd,292070.6065908228
NbAlFePt,305120.47883618344
NbAlFeRe,146767.26525666515
NbAlFeRh,319532.63500902324
NbAlFeRu,298040.7919108335
NbAlFeTc,335615.73723227973
NbAlNiOs,154161.89521209302
NbAlNiRu,90040.6841838602
NbAlO3,181012.71805657033
NbAlVCo,362269.61267728277
NbAlVCr,159812.0373221488
NbAlVFe,490577.25758488296
NbAsO3,210224.98301528842
NbAsPd2,63592.881080500825
NbAsPt,64613.470020562934
NbAsRu2,237941.95205452872
NbBO3,165968.77733260684
NbBRh3,130043.42947512805
NbBRu,165146.44793838586
NbBiRh,142153.81206505175
NbBr2,331248.0564089554
NbBr3,208468.97713013962
NbCdPt,67512.2759601316
NbCl2,382989.9175006383
NbCl3,248431.18560980904
NbCo,557014.3435462278
NbCo2,128625.91928217237
NbCo2As,61417.43551887976
NbCo2Ge,266932.2721041746
NbCo2Pd,96937.64691442736
NbCo2Sb,92625.72254310589
NbCo2Si,222317.1592476488
NbCo3,307893.6242187751
NbCo3O8,143071.9664642086
NbCoAsPd,130854.94901409275
NbCoAsPt,101289.42943644583
NbCoAsRh,123665.1818874718
NbCoAsRu,233225.10364139537
NbCoGeIr,109962.23688381347
NbCoGeOs,316204.22491345234
NbCoGePd,59598.86384469411
NbCoGeRh,114309.12058110672
NbCoIr2,303108.3561942228
NbCoO3,254414.9167905564
NbCoReGe,157251.884279364
NbCoReSi,162486.25831384622
NbCoRh2,110502.17793638751
NbCoSbPd,52860.46141002566
NbCoSbRh,98566.89302445576
NbCoSbRu,216499.562026112
NbCoSiIr,116322.36146407046
NbCoSiOs,326522.4399040009
NbCoSiPd,56595.49867513242
NbCoSiPt,89870.71439333647
NbCoSiRh,118258.0881055354
NbCoSiRu,178132.63430454882
NbCoSiTc,273222.0649078643
NbCoSnIr,200581.14646714085
NbCoSnOs,291431.35040136264
NbCoSnPt,76526.94543044218
NbCoSnRh,199530.05736111142
NbCoSnRu,295348.673712151
NbCoTcAs,308099.6978096994
NbCoTcGe,159534.65502597825
NbCoTcSb,288414.7024269122
NbCoTcSn,146468.44174151137
NbCr(SnO3)2,215611.3129027155
NbCr2Fe3(PO4)6,448897.01747730246
NbCr2Ge,489884.8239904486
NbCr2Si,255671.77790537648
NbCr3(AgS4)2,306036.6729475595
NbCr3(CuS4)2,328964.99898230005
NbCr3S8,286379.92343744275
NbCrAs2,298090.5056765705
NbCrAsIr,510779.500474519
NbCrAsPd,412136.0707815926
NbCrAsPt,425024.1833918421
NbCrAsRh,508514.48128534865
NbCrCoSi,426484.47323956667
NbCrF6,364782.10801672103
NbCrFeGe,172986.1077394608
NbCrFeSi,248554.62707866533
NbCrGaCo,170058.92906030046
NbCrGaFe,339753.62365489296
NbCrGaIr,410329.44145863183
NbCrGaOs,310972.3021642154
NbCrGaPd,264367.85576166667
NbCrGaPt,271573.66074563074
NbCrGaRe,442944.8919786697
NbCrGaRh,408529.5921061738
NbCrGaRu,314694.89490781934
NbCrGaTc,447308.2116959406
NbCrGeIr,293775.8131357256
NbCrGeOs,151919.0788175849
NbCrGePd,386615.57148412726
NbCrGePt,438278.87675419776
NbCrGeRh,283011.9640852306
NbCrGeRu,157214.1105097438
NbCrInIr,141770.92636311273
NbCrInRh,144425.18598143198
NbCrN2,208020.88661228088
NbCrN3,291908.578884449
NbCrNiAs,342752.91328292916
NbCrNiGe,210329.2058542608
NbCrO3,721792.3632811345
NbCrO4,420381.82095756364
NbCrP,325599.028595882
NbCrPd2,451346.6944669642
NbCrPt2,446740.8218212402
NbCrReSi,314799.41100154404
NbCrRh2,692894.6179233806
NbCrRu2,475193.55641637946
NbCrSbPt,377242.5113412198
NbCrSe5,161950.18462484874
NbCrSiIr,300712.9876295075
NbCrSiMo,436648.929446937
NbCrSiNi,419435.366632431
NbCrSiOs,152308.77561342542
NbCrSiPd,200997.89710493176
NbCrSiPt,222064.76115175575
NbCrSiRh,295240.73391633417
NbCrSiRu,406579.40358315397
NbCrSiTc,324171.1755182556
NbCrSnPt,405427.95037608687
NbCrSnRu,144031.22933019925
NbCrTcAs,118363.15709731067
NbCrTcGe,310624.08660142316
NbCrTcSn,281526.5683955528
NbCuO3F,125486.18803555348
NbCuSnPd,52503.13117164299
NbCuSnPt,67841.8375864107
NbF2,634243.2153346915
NbF3,410504.73584976915
NbF4,115235.33033385279
NbFe,314459.5773006254
NbFe(PO4)2,296595.0345525913
NbFe(PbO3)2,348354.3686945991
NbFe2,439194.35567927867
NbFe2As,347213.04604350677
NbFe2Co,1006019.8055151893
NbFe2Ge,317379.15342556924
NbFe2Ir,753318.0757877607
NbFe2Pt,782284.9749488896
NbFe2Rh,743467.0682164526
NbFe2Sb,315080.07197869796
NbFe2Si,414161.53852200124
NbFe2Sn,162535.2958602302
NbFe3,925916.4215959354
NbFe3(PO4)6,206500.4768918834
NbFe3Co2(PO4)6,427780.70328315854
NbFe3Ni2(PO4)6,393390.72743468604
NbFe5(PO4)6,465874.9362074223
NbFe7(PO4)12,428094.16073061945
NbFeAs2,210601.2715868093
NbFeAsIr,337935.2352430692
NbFeAsPd,326631.1298210306
NbFeAsPt,289543.7295173091
NbFeAsRh,320152.03085932916
NbFeAsRu,305309.1378444418
NbFeB,280650.6279975119
NbFeCoAs,456856.44485519803
NbFeCoGe,410635.85089644714
NbFeCoSb,378017.40664032113
NbFeCoSi,471210.86056895443
NbFeCoSn,317815.903701035
NbFeCuSi,150107.3273595859
NbFeF6,288055.4365352775
NbFeGe,193024.4125877428
NbFeGeIr,343010.7470123003
NbFeGeOs,155327.26605915648
NbFeGePd,270133.9783856126
NbFeGePt,278963.4715220284
NbFeGeRh,350247.2774782061
NbFeGeRu,157002.69409551602
NbFeIr2,451879.70945542335
NbFeNi(O2F)2,511079.2211413041
NbFeNi2,266736.60268514545
NbFeNiAs,328575.93078792933
NbFeNiGe,309384.0488704711
NbFeNiSn,221941.20871920726
NbFeO3,494174.716230348
NbFeO4,651415.2126944145
NbFePd2,246545.79857268784
NbFePt2,166361.96059887242
NbFeRh2,394161.2693666791
NbFeRu2,736650.8255575947
NbFeSbPt,225631.8784234307
NbFeSbRh,280330.68373297254
NbFeSbRu,283101.3237999456
NbFeSe5,147497.27916650474
NbFeSi,187781.95498750004
NbFeSi2,324244.8357391796
NbFeSiIr,349675.3569376759
NbFeSiMo,158478.0272028871
NbFeSiNi,304080.9256965629
NbFeSiOs,155500.07657705116
NbFeSiPd,273356.20677621523
NbFeSiPt,283539.5399332555
NbFeSiRh,358703.06917223806
NbFeSiRu,354501.54214210104
NbFeSiTc,270584.7002239539
NbFeSn,172011.43286675215
NbFeSnIr,281785.5378865032
NbFeSnOs,147943.8101241158
NbFeSnPd,211352.54988361095
NbFeSnPt,242815.46457667192
NbFeSnRh,282649.48064488923
NbFeSnRu,147220.92650076715
NbFeTc2,502405.76737079024
NbFeTcAs,142559.7194160416
NbFeTcSb,137267.6924934688
NbFeTe,129923.95895335311
NbFeTe2,176097.83208519322
NbGa2Ir,319913.1151061321
NbGa2Ni,101058.81111748345
NbGa2Pd,148909.83632885147
NbGa2Pt,191337.80382822343
NbGa2Rh,318400.1696480848
NbGa2Ru,185957.1553313294
NbGaCo,112194.12209814902
NbGaCo2,58804.10532668046
NbGaCoIr,158209.463132541
NbGaCoNi,135083.7970757771
NbGaCoOs,160149.76102823467
NbGaCoPd,175694.15018162943
NbGaCoPt,102253.05522273264
NbGaCoRh,316221.1541131268
NbGaCoRu,162221.68554393714
NbGaFeCo,533310.433105066
NbGaFeCu,204820.64265717004
NbGaFeIr,318573.32705420844
NbGaFeNi,343564.76071707363
NbGaFePd,304917.4691815001
NbGaFePt,315182.02450780943
NbGaFeRe,146706.17310523108
NbGaFeRh,325463.1849379583
NbGaFeRu,298855.2938465523
NbGaFeTc,145948.3025512539
NbGaO3,51358.01822733179
NbGaRh,58399.73645466807
NbGe2Ru,232353.0707684636
NbGePd,96787.71698840422
NbGePt,139723.53135007428
NbH2N2OF5,105159.90510643074
NbI2,266607.2097102066
NbI3,73676.13710775852
NbInCo2,319429.1585933042
NbInCoIr,292703.42140672397
NbInCoNi,147480.3777211474
NbInCoPd,162350.33207114474
NbInCoRh,291951.32661826274
NbInCoRu,149478.79143571496
NbInFeCo,169026.3955744621
NbInFeIr,165352.74271896514
NbInFeNi,278110.0005900369
NbInFePd,244517.19315926082
NbInFePt,271629.8658459073
NbInFeRh,159268.7306199797
NbInRh,98984.19299454751
NbInRu,81693.41473712059
NbIrO3,301028.1021793975
NbMoO3,527241.1942203013
NbMoO4,389847.99953304813
NbMoSe4,60604.63417567523
NbNCl6,150612.5066451689
NbNi11(BO5)4,556526.5694009789
NbNi2,265997.8246084109
NbNi2BO6,381118.87931814184
NbNi3(PO4)4,160088.2783119488
NbNi5(PO4)6,267561.67112130095
NbNiAs,65442.80809063776
NbNiGeRu,104453.54389479238
NbNiO3,339526.3963355371
NbNiSb,162431.26728932039
NbNiSnRu,147611.54955511255
NbO3,201000.35091845342
NbOF2,147246.44268689535
NbOsO3,367665.12335739215
NbP2,55647.324100622776
NbP2O7,61371.08713439995
NbP6(WO8)3,91874.20113922757
NbPHO5,157101.34005403728
NbPdO3,154087.44071815978
NbPtO3,230490.50286054338
NbReO3,547739.8300209828
NbRhO3,277824.7024214741
NbRuO3,315159.36584150017
NbSBr,66837.29148656588
NbSI,58332.77990841601
NbSbO3,218828.71047920882
NbSbPd,226512.47812668292
NbSbPd2,55334.05910427945
NbSbPt,120505.90094353969
NbSbRh,67527.83668977606
NbSbRu2,243401.19231060552
NbSeBr,63425.39484765118
NbSeI,56538.9507373636
NbSeS,123048.44185233442
NbSiNi,96866.16597342104
NbSiNiRu,111630.2996415002
NbSiO3,277840.2050044311
NbSiPt,61542.47785631878
NbSiRu2,87339.66253836537
NbSiTcNi,101470.32548766005
NbSnPd,53489.02336763407
NbSnPt,70930.13232229657
NbTcNiSb,134480.18594187454
NbTcO3,478900.3493979516
NbTeO3,198735.75453264778
NbTePd,65382.1456465888
NbV2As,166748.03629072898
NbV2Fe3(PO4)6,420514.4900746401
NbV2Ge,90911.61003022773
NbV2O4,764095.9928295999
NbV2O7,52347.22176024727
NbV2Sb,292438.7556565774
NbV2Si,81602.94853857192
NbV2Sn,157513.70801299514
NbV3Cr2(PO4)6,283357.16829560784
NbV3F6,250137.65115475352
NbV3Fe2(PO4)6,279729.2648937494
NbV3O8,253606.5334867024
NbV5(PO4)6,212432.5327850402
NbVCN,97094.15032370194
NbVCoGe,198149.39801775594
NbVCoSi,179823.86194759677
NbVCrAs,401172.5481110931
NbVCrGa,162772.51025836548
NbVCrGe,318762.7515088414
NbVCrSi,166709.1883498784
NbVF6,386088.71437388106
NbVFeGe,332410.4254805539
NbVFeSi,315233.4930668663
NbVGa2,166590.39121335835
NbVGaCo,410852.3406560946
NbVGaFe,485726.44596364285
NbVH4,109649.78125716934
NbVO3,588979.9153914971
NbVO4,269456.3706090851
NbWO3,530711.5399158862
NbZn(PbO3)2,66590.6070904273
NbZn2O4,107659.57711531223
NbZn2Pt,178761.7656408159
NbZnCoCu,149195.61019865
NbZnCoIr,161530.24912634172
NbZnCoNi,100573.65592770863
NbZnCoPd,190290.37574814924
NbZnCoPt,153175.84205788828
NbZnCoRh,145181.25498406202
NbZnCoSi,233297.46430854933
NbZnCoTc,55713.21009678589
NbZnCrIr,312624.4519962268
NbZnCrOs,457357.21499466995
NbZnCrPt,400720.616166042
NbZnCrRh,325647.85407152044
NbZnCrRu,462187.3508677148
NbZnFe2,154799.8920381514
NbZnFeIr,300936.4886355376
NbZnFeNi,148172.79182672116
NbZnFeOs,142176.1263406016
NbZnFePd,164968.19298336108
NbZnFePt,319148.80796019064
NbZnFeRu,136353.52633945295
NbZnIr,79461.00699363224
NbZnO3,152743.50334336396
NbZnRh,208531.0937334869
Ni,187405.21719693384
Ni(AgO)2,234561.0032703394
Ni(AsO2)2,194953.79523374443
Ni(AsO3)2,210695.78986551153
Ni(AuF4)2,135237.33271414635
Ni(BO2)2,349585.5012995163
Ni(Bi3O5)4,69275.09806207415
Ni(BiO2)2,176507.49835502807
Ni(C2N3)3,103328.63886635673
Ni(CO)6,89484.54027446907
Ni(CO3)2,229623.362369053
Ni(ClO)2,203750.4017810533
Ni(ClO3)2,84995.20081673497
Ni(ClO4)2,141113.28856099834
Ni(GeO3)2,259057.02726434256
Ni(HO)2,420150.4676710186
Ni(IO3)2,127893.17222040033
Ni(NF2)2,558547.6541363767
Ni(NO2)4,139427.5877904611
Ni(NO3)2,193665.42054045817
Ni(O2F)2,381676.70668240706
Ni(OsO2)2,350789.23341356165
Ni(PO3)2,183453.59769479424
Ni(PO3)3,98900.34988979175
Ni(PO3)4,127407.01167721949
Ni(PO5)2,525894.5912859414
Ni(PbO2)2,141652.38081791755
Ni(PdO2)2,92149.49591169479
Ni(Pt3O4)4,62885.66523955756
Ni(PtO2)2,109806.54345171555
Ni(PtO2)3,163230.1529448295
Ni(RhO2)2,239784.8513790237
Ni(RuO2)2,486711.1131280382
Ni(SO4)2,236058.98621368123
Ni(SO6)2,119977.5942901795
Ni(SbO2)2,182082.4485314226
Ni(SbO3)2,184553.94111256688
Ni(SnO2)2,110543.91616526237
Ni(TeO2)2,88581.8834557431
Ni(WO2)2,221933.04586944546
Ni15Cl16,306137.58066600555
Ni15O16,862033.9954360577
Ni17(As3O16)2,550721.8492794799
Ni17(AsO4)12,337004.1696685312
Ni2(CN2)3,180353.90498677612
Ni2(PO3)5,157500.18669877725
Ni2(SO4)3,171088.0331442002
Ni2Ag2O5,59298.675809649365
Ni2Ag3O4,209022.21834652763
Ni2AgO4,124450.24232163194
Ni2As2O5,358937.68086276564
Ni2As2O7,294879.20127611747
Ni2AsO4,421047.0261023789
Ni2Au2O5,188147.63070015504
Ni2AuO4,126846.80374893645
Ni2B2O5,511096.66084062983
Ni2BO4,496634.9472245606
Ni2Bi2O5,332090.1470632906
Ni2BiO4,362794.2164909909
Ni2Ge2O5,353464.769234627
Ni2GeMo,89342.95677559439
Ni2GeO4,536596.7211836
Ni2GeRu,157441.2366593781
Ni2H,164653.52410281988
Ni2Hg2O5,376225.45520271425
Ni2Hg2OF6,274353.02579326637
Ni2Hg2SF6,245386.38909552066
Ni2HgO4,232288.92530655002
Ni2Ir2O5,533680.2732405578
Ni2IrO4,303153.46664100594
Ni2Mo2O5,543168.7090126947
Ni2Mo3O8,250493.75795831226
Ni2MoO4,246491.36930954017
Ni2O,572123.2327132163
Ni2O3,627126.6287401468
Ni2Os2O5,329213.227552604
Ni2P2(SeS)3,175283.42006270657
Ni2P2O7,327065.01363275386
Ni2P3O10,162155.4344777226
Ni2P3O11,347771.38582235976
Ni2Pb2O5,318235.3032835388
Ni2Pd2O5,331798.70275218633
Ni2Pt2O5,323208.5986495019
Ni2Rh2O5,438015.30556370085
Ni2Ru2O5,715383.428497322
Ni2S3(NO6)2,392420.3396973689
Ni2Sb2O5,265486.75648541295
Ni2Sb2O7,292767.6043864991
Ni2Sn2O5,344062.4996851552
Ni2SnO4,464473.8783698406
Ni2SnRu,155913.55452207132
Ni2Te2O5,386640.4347436505
Ni2Te3O8,208297.09634886918
Ni2W2O5,362473.86727028375
Ni3(AsO4)2,405297.1866725653
Ni3(AsO4)4,277193.6098287625
Ni3(BO3)2,564847.8247298199
Ni3(BiO2)10,178741.10906535853
Ni3(P2O7)2,260093.57434632725
Ni3(PO4)2,385434.73573972913
Ni3(PO4)4,324682.1461039345
Ni3Ag,249044.21641736734
Ni3Au,281332.3525277026
Ni3B7IO13,257203.82216671976
Ni3BO5,574143.0445334575
Ni3Bi,53899.34294959932
Ni3Cl4,303792.59483068885
Ni3F2,317413.9305477362
Ni3H,324282.7874604397
Ni3H2Se3O10,262100.6649292454
Ni3H6SO3,157304.13495691185
Ni3Hg,169103.80602204276
Ni3Mo2P,52686.78289728383
Ni3Mo2SeO11,280558.7035081303
Ni3O4,521712.0515971606
Ni3OF5,633890.9446718077
Ni3P2(HO)16,197101.25922746892
Ni3P3O11,227603.15057893607
Ni3P4(NO8)2,275739.9209847744
Ni3Pt,454953.6455867227
Ni3Rh,716923.1103057793
Ni3S,263566.8109027634
Ni3Sb(PO4)4,163085.85877820614
Ni3Se,76874.51605996449
Ni3Sn(PO4)4,130453.92823567353
Ni3SnH12(OF)6,51685.04340079778
Ni3TeMo2O11,274196.63678685523
Ni3TeO6,539859.6842136241
Ni4(BiO2)9,130046.89875025954
Ni4(PO4)3,323706.97649727657
Ni4Ge,235678.68868977248
Ni4GePt5,249140.10809303136
Ni4Mo4O19,309062.1868886049
Ni4N,200343.19376164666
Ni4O,417716.35220558406
Ni4O11,253977.12007431386
Ni4O3,791732.8197170296
Ni4P2O9,435304.92935983464
Ni4P4O15,205461.52399625606
Ni4P7O24,258942.93427847067
Ni4Ru,268782.8367645815
Ni5(P3O11)2,200989.0683501551
Ni5(TeO6)2,333440.2848473444
Ni5(TeO6)3,50580.33971467873
Ni5B2SbO10,499435.406279814
Ni5Cl6,297395.0090312574
Ni5Ge(BO5)2,537288.4103732412
Ni5O4,809682.011760119
Ni5O6,711376.6582129278
Ni5P4(O8F)2,340293.32418855664
Ni5Sb(PO4)6,186276.35050356243
Ni5Se4(BrO6)2,280707.4170307021
Ni5Te(PO4)6,189339.09706833703
Ni6Cl7,302116.5704187662
Ni6O7,739857.5405147069
Ni6OF11,587601.1755909802
Ni6P7O24,262809.9751506621
Ni7(P2O7)4,265971.4036691772
Ni7(PO4)6,231225.0716035005
Ni7Te6(ClO9)2,270891.2775028783
Ni8B3SbO15,557704.9739039184
Ni9O10,816225.3956660759
NiAg(PO3)3,96655.00165468415
NiAg2Sn3S8,62345.82889234712
NiAgF3,248876.9642689172
NiAgO2,202078.87727803056
NiAgO3,339542.83039413247
NiAs2O7,245425.0756368132
NiAs3NF18,119276.69367075604
NiAsO3,189784.33413302802
NiAsO4,126284.34879059064
NiAuO2,201515.53529648785
NiB4O7,208921.19803514727
NiBO3,736817.0274879705
NiBi4O7,106371.46025998102
NiBiAsO5,180431.21754136766
NiBiO3,176190.8328407108
NiBiPO5,188753.78385501218
NiBr,208526.3368986412
NiBr3,159538.9324034151
NiBrO,329023.48140206136
NiC4,198139.04417068016
NiCO3,419361.44471543236
NiCl,261473.78207698526
NiCl2,317222.8533758841
NiCl3,234676.4540525629
NiF,498187.3451185856
NiF2,574421.1049140624
NiF3,728767.7420169483
NiF4,245074.48530617406
NiGe2O3,187771.10198300934
NiGeH12(OF)6,68812.38074301263
NiGeIr2,165640.51773326183
NiGeMoPd,65810.20597241871
NiGeMoPt,52715.059220547766
NiGeN2,311226.720886103
NiGeO2,287614.4554731368
NiGeO3,285449.2555596429
NiGeRh2,71023.40067447054
NiGeRuPt,51966.33662983219
NiH10(SeO5)2,64766.78866112219
NiH12(BrO7)2,73694.57003969674
NiH12(C2O5)2,102888.55503326257
NiH12(ClO3)2,100847.32551971378
NiH12(N3O2)2,105062.81508476408
NiH12(SO7)2,101063.10829965469
NiH12C2(SN3)2,76950.80049915337
NiH12C4(N2O3)2,81353.77612351684
NiH12S2(NO5)2,82381.65611439364
NiH12SO9,91971.94405662213
NiH14C10(N4O)2,52546.244605595544
NiH14C3NCl3O2,134247.10864234628
NiH15IO12,121096.4422414428
NiH20S2(NO7)2,51084.07597919433
NiH20Se2(NO7)2,112296.17268493677
NiH2SO5,224293.9704721272
NiH2SeO5,206715.93961787663
NiH3C5NO6,95105.94363675627
NiH4(IO4)2,109119.03180736472
NiH6(BrN)2,131287.42875365927
NiH6(CO3)2,142819.80752820746
NiH6(NCl)2,140932.25312887767
NiH6(NO3)2,91896.90048109966
NiH6(SO6)2,102089.23857772657
NiH6C2(NO2)2,132227.92626569595
NiH6S2(NO4)2,51102.412648568505
NiH7C3NO6,96348.1823560707
NiH8(ClO2)2,122308.31768288068
NiH8(IO5)2,90795.64924697188
NiH8C4(NO2)3,125314.9143869254
NiH8C4(NO3)2,56595.92255914573
NiHO2,292123.85653571447
NiHgO3,307575.7587883934
NiI,79655.77663622359
NiI2,104546.31395000267
NiI3,90144.38052899962
NiIrO3,175365.1093206749
NiMoO3,345361.250088974
NiMoO4,274167.1465657185
NiMoP2O9,102359.82137390306
NiNCl3,381721.054094316
NiO,1015226.4056068787
NiO2,208319.16166084274
NiO2F,241360.73017272874
NiO3,354413.0718773695
NiOF,757276.6740719008
NiOF2,334956.9621427325
NiP2(H8O5)2,77272.11569615903
NiP2(NO4)2,258368.13687978295
NiP2N2(O6F)2,144209.57781297993
NiP2O7,191521.86947149245
NiP2WO9,102186.53035103333
NiP4H16(NO8)2,54396.5522665766
NiP4N2O19,67627.69701401886
NiP4O11,86889.12337904172
NiP6(N2O11)2,164615.34455419186
NiP6(WO8)3,75947.13857919317
NiPC5O2,84379.63427080864
NiPH15O11,84186.8707994972
NiPH16NO10,83903.31542011572
NiPH6NO5,166995.49410467187
NiPNO10,194994.4237401659
NiPNO5,165637.5838625156
NiPO4,304012.8554168565
NiPO4F,318822.1045603721
NiPS3,191444.2666236696
NiPbF6,193215.65072021226
NiPbO3,308332.1989403287
NiPd,433276.8827767478
NiPd3,267035.00831565185
NiPdO3,728926.4775289006
NiPt,357210.14385238243
NiPt(CN)6,65141.020318085735
NiPt3,214323.13952396414
NiPtF6,211206.29961337775
NiPtO3,354309.5437154259
NiRhF6,300503.8413592538
NiRhO3,521771.4759371709
NiRuO3,587329.559838291
NiS2(NO7)2,91940.17697162337
NiS2O9,78524.1922952706
NiSO4,297131.10895818117
NiSO8,543802.1145987306
NiSO9,237623.929244739
NiSb(PO4)2,116606.95468415777
NiSb3(PO4)6,58655.00278243479
NiSbO3,175934.21742811176
NiSbP2O9,52284.91829925914
NiSe2O5,181022.41496148583
NiSeO3,343614.4031422405
NiSeO5,204889.41849087147
NiSn(ClO)6,155305.2887530169
NiSn2(OF)6,203584.6837027437
NiSn2H12(OF)6,73903.65374908963
NiSn2O3,72233.68766533751
NiSn3(PO4)4,57211.21065254888
NiSnH12(OF)6,75814.61454175058
NiSnO2,107933.39565725521
NiSnO3,243516.61014138063
NiSnPdRu,91800.5074444454
NiSnRh2,80694.91479876809
NiSnRuPt,92851.80889634529
NiTeO3,258812.08406662004
NiTeO4,227984.79347310745
NiTeP2O9,105322.86754453504
NiWO3,423384.33881950617
NiWO4,290938.99746877013
Np(Al2Fe)4,264394.6923158768
Np(CoGe)2,147495.29743736165
Np(CoSi)2,199880.0907840158
Np(CrSi)2,217180.75392272405
Np(FeGe)2,338551.3512259924
Np(FeSi)2,71470.49453787689
Np(GePd)2,401042.88660581416
Np(IO3)4,110936.31030289474
Np(MoO4)2,156691.1735135119
Np(NiGe)2,441347.4293474451
Np(OF)2,275708.7511608234
Np(OsO2)2,494230.3338842535
Np(PS3)4,67250.30693673663
Np(PbO2)2,213942.87235666375
Np(PdO2)2,132454.42032979673
Np(PtO2)2,263680.40028356196
Np(ReO2)2,684105.4721715372
Np(RhO2)2,495884.35435381863
Np(RuO2)2,417473.6481989765
Np(SbO2)2,299199.2023327525
Np(SiAu)2,399357.29898182285
Np(SiIr)2,392187.77975800715
Np(SiNi)2,466499.9077514766
Np(SiO2)2,475659.262312369
Np(SiOs)2,372772.33442174556
Np(SiPd)2,411906.3325451707
Np(SiPt)2,407168.77723470435
Np(SiRu)2,399788.680790291
Np(SnO2)2,385594.48911865597
Np(TcO2)2,690833.2992120071
Np(TeO2)2,256465.57673753062
Np(WO2)2,324551.80520011426
Np(WO4)2,150133.0779798034
Np2Ag2O5,477610.499154466
Np2AgO4,524154.1887283472
Np2Al2O5,575250.6545001715
Np2AlAs,931818.1620313079
Np2AlO4,743767.579303038
Np2As2O5,457448.9481000529
Np2AsIr,882619.850796132
Np2AsO4,714606.894395125
Np2AsPd,1032522.0595299321
Np2AsPt,960641.5499285221
Np2AsRh,882886.0506059579
Np2AsRu,791262.4204392544
Np2Au2O5,438879.2186593248
Np2AuO4,501784.9685605261
Np2B2O5,537546.1942883967
Np2BO4,849119.9759433791
Np2Be2O5,595629.7987071894
Np2BeO4,705878.1718169849
Np2Bi2O5,289581.1324308956
Np2BiAs,750120.6916024714
Np2BiO4,496617.7771864775
Np2BiSb,716501.7190245208
Np2BiTe,769368.5983381798
Np2Cd2O5,358217.7404616729
Np2CdO4,619587.0049223606
Np2Co(O4F5)2,373674.71962692833
Np2Co2O5,414094.0148899237
Np2CoH8F10,230982.21778028173
Np2CoO4,422475.1882548548
Np2Cr2O5,1087696.6319505502
Np2CrO4,984175.5271177925
Np2Cu2O5,479265.7217660831
Np2CuAs,1108454.065383855
Np2CuO4,573932.1495136153
Np2Fe2O5,1284122.3133627118
Np2Ga2O5,513892.62937472994
Np2GaAs,937636.1159543238
Np2GaIr,843976.4704726508
Np2GaO4,722288.5348279338
Np2GaPt,862453.3395943008
Np2GaTe,884863.4869242958
Np2Ge2O5,521095.43736338016
Np2GeAs,791609.902527204
Np2GeAu,910688.7300875536
Np2GeO4,613811.6229616464
Np2GePd,887928.873045402
Np2GePt,855299.7719951025
Np2GeSb,824664.0029169016
Np2GeTe,782588.2182639547
Np2Hg2O5,448823.09853559756
Np2HgO4,410070.2468483245
Np2I2O,392168.677265622
Np2In2O5,335298.4145427939
Np2InO4,597144.806807896
Np2InPd2,670073.9915920593
Np2InPt2,640016.9757401965
Np2InRh2,629704.1238644092
Np2Ir2O5,546004.175283762
Np2IrAu,922435.7506102506
Np2IrO4,396539.23757222784
Np2IrPd,948629.2570766615
Np2IrPt,912774.3387717652
Np2IrRh,881526.7632488107
Np2IrRu,819438.3449043772
Np2Mn2O5,1087687.3189892592
Np2MnO4,1056495.6463160994
Np2Mo2O5,567662.2291172277
Np2MoO4,822174.0024569728
Np2Nb2O5,567552.7062226979
Np2NbO4,700796.6419748479
Np2Ni2O5,155600.50860896488
Np2NiAs,1037567.9162654526
Np2NiIr,926822.9525119385
Np2O,1339122.7386696795
Np2O3,916491.7541736632
Np2O5,331219.7962291098
Np2Os2O5,473341.6307527035
Np2OsPt,853236.2374595042
Np2Pa2O5,625892.8335090484
Np2PaPt,903363.1217622607
Np2Pb2O5,541941.2523318705
Np2Pd2O5,630193.1268616872
Np2PdPt,944860.5830630169
Np2PdRh,971741.3320194347
Np2Pt2O5,426181.9475493289
Np2PtAu,944733.1709732766
Np2PtRh,936675.9897889348
Np2Re2O5,330781.8838545741
Np2Re3Si5,373798.9813892152
Np2Rh2O5,634093.9225788035
Np2Ru2O5,556107.7910529122
Np2RuPt,864494.7877307081
Np2S,1101203.1892213954
Np2S3,643743.597099343
Np2S5,402343.72135011916
Np2SO2,808115.0529163873
Np2Sb2O5,470378.39426637685
Np2SbAs,780144.071141302
Np2SbTe,787731.6568537097
Np2Se2O,582648.471073287
Np2Se3,308497.9054417555
Np2Si2O5,528740.8949153083
Np2Si3,631797.059903358
Np2Si4Mo3,420110.5965000421
Np2Si4Tc3,415579.3032652684
Np2SiAs,797513.2427260595
Np2SiGe,936328.838159527
Np2SiIr,801093.045866283
Np2SiPt,881054.5286362864
Np2SiRh,835615.4121509116
Np2SiTe,796262.0852321453
Np2Sn2O5,492051.11879965523
Np2SnAs,816529.8007061463
Np2SnSb,807168.9195879756
Np2SnTe,728860.9380236159
Np2Ta2O5,550714.7837120001
Np2Tc2O5,611767.2024299017
Np2TcPt,768188.7659205669
Np2Te2As,56512.03635414566
Np2Te2O5,476998.54577473574
Np2TeAs,859612.3995659958
Np2TeAu,1000040.2108167738
Np2TeIr,896856.0920026286
Np2TePd,988821.4783356433
Np2TePt,962242.1968033981
Np2TeRh,895378.8477226538
Np2Ti2O5,646022.6940781717
Np2Tl2O5,436609.83497864427
Np2UIr,256192.30459729498
Np2V2O5,1025185.0723290549
Np2W2O5,627505.7269540322
Np2Zn2O5,516497.5953861951
Np2ZnAs,994682.0333838578
Np3As,635351.6449144427
Np3As4,545823.4454722936
Np3Au,221522.86896889008
Np3B,123609.17492237585
Np3Br2,980878.904605477
Np3Cd,1247341.2391323762
Np3Cl2,1049007.6091886566
Np3F2,1279190.3700222145
Np3H,121401.15480947158
Np3HF12,353674.17656096263
Np3Hg,1269637.7439935966
Np3Ir,268838.2124701728
Np3N2,1260599.4897225706
Np3O,1418607.4129756102
Np3P,361815.27167901065
Np3Pt,403054.8165229918
Np3S,578089.6897808171
Np3S5,622211.8974298253
Np3Se,825430.9093810726
Np3Se4,711314.4037836476
Np3Si,312282.2587410953
Np3Si2,1037444.7104398345
Np3Te4,600794.2927361133
Np4Ge6Ru7,343743.9259214132
Np4Ti4O11,670125.3490508182
Np5Ge3,1134769.92216911
Np5Ge4,955416.6391981605
NpAg3,460625.44150949595
NpAgAs,634058.8965225143
NpAgAs2,401155.0060732565
NpAgAu2,470731.49532195483
NpAgO3,257978.02289856787
NpAgPd2,499939.9069567494
NpAgPt,404265.2531188539
NpAgRh2,431024.66642707976
NpAgSeO5,170178.21697119862
NpAl,267754.84365128365
NpAl2,681609.1532535786
NpAl2Ir,513910.8567696517
NpAl2Pd5,264083.08223471453
NpAl2Pt,606630.2634136921
NpAl2Rh,528118.3609515716
NpAl3,472658.77332209324
NpAl3Pd2,342020.71995057183
NpAl4,426022.9220071213
NpAlAs2,407990.21785611025
NpAlAu2,450706.33819038875
NpAlGa2,477901.6645230203
NpAlIr,560672.9334144817
NpAlNi2,472757.468137117
NpAlO3,694500.8334714697
NpAlPt,562277.1469326749
NpAlTe2,345902.37546938896
NpAs,757584.449296587
NpAs2,440705.84984882316
NpAs2Ir,615660.9175693316
NpAs2Pd,454571.4875307396
NpAs2Pt,485783.7627475708
NpAs2Rh,602363.5915465334
NpAs2Ru,630655.3148604041
NpAs2W,384659.26891870855
NpAs3,374513.02748534176
NpAsAu,618008.8116142686
NpAsAu2,420624.1706752272
NpAsIr,429518.6119097515
NpAsO3,384651.899399338
NpAsPd,558335.3060765092
NpAsPt,563559.7432186471
NpAsPt2,403128.97788895125
NpAsRh,472476.11970003427
NpAsRu2,545153.3716777714
NpAsS,563638.6334050867
NpAsSe,513574.8417372635
NpAu,933434.1727473403
NpAu3,439751.76406319893
NpAuO3,377324.72937497986
NpB12,272813.0031723955
NpB2,403549.2731539076
NpB6,550707.1316062722
NpBO3,795505.4656074895
NpBe13,283302.54595402285
NpBeIr2,437916.98149870813
NpBeO3,495034.88438147726
NpBePt2,431469.12679183
NpBeRh2,482853.75873769616
NpBeRu2,393448.21176173945
NpBi3,323995.69288549153
NpBiIr,393456.94291668764
NpBiO3,382427.3674670928
NpBiPd2,448133.1082027439
NpBiPt,467555.2995205369
NpBr,874187.1027103387
NpBr2,451711.93744948955
NpBr3,349865.2949929118
NpCd,697442.7967853721
NpCdAs2,375968.33202396915
NpCdAu2,457208.79286594555
NpCdO3,385901.2352364497
NpCdPd2,461617.3413099869
NpCdPt,538125.643484115
NpCdPt2,407983.81512334885
NpCdTe2,348821.4472314765
NpCl,964559.71181512
NpCl2,537442.3570666312
NpCl3,439365.54581271356
NpCl4,213666.46906520452
NpCo(N3O4)2,65279.415095212535
NpCo2Ge,144215.532566121
NpCoAs,579226.8859760052
NpCoGe,378863.2831747157
NpCoO3,468078.23996040336
NpCoPt,429628.56275922677
NpCoSb,577969.2097182495
NpCoSi,505759.71522526693
NpCoSn,307110.718145206
NpCoTe,596581.173146819
NpCrO3,1048839.864021295
NpCrRh2,132864.35269778242
NpCrTe2,51759.41931172526
NpCuO3,643520.0926962767
NpCuPO,524464.3865450915
NpCuPt,568267.4283807408
NpCuSe2,433886.6395607359
NpCuTe2,373836.4349367699
NpF,1229504.761035357
NpF2,821580.1352143848
NpF3,806169.0708432058
NpF4,384168.4568315933
NpF5,203014.6689905251
NpF6,87366.42476030698
NpFe2Ge,138076.91681709536
NpFeAs,728545.3071062284
NpFeGe,198997.0481982299
NpFeO3,1078921.127567885
NpFeTe2,689914.9367248091
NpGa,712718.2620551718
NpGa2,624237.3465011009
NpGa2Ir,473738.2327733212
NpGa2Pd,557385.9929570595
NpGa2Pt,534263.8371521651
NpGa2Rh,503566.4774226921
NpGa2Ru,411675.2097878422
NpGa3,474583.8148674908
NpGa5Co,282512.7103794733
NpGa5Ni,284014.9621788702
NpGa5Rh,271390.45834289613
NpGaAs2,373344.8783191797
NpGaIr,536780.4253208004
NpGaIr2,368813.90406150144
NpGaO3,575258.9693466822
NpGaPd2,483008.0975061809
NpGaPt,590744.2997680607
NpGaRh,578562.1059948548
NpGaRh2,481873.2406079748
NpGaTe2,340371.2917218511
NpGe,919865.4984100015
NpGe2Pt,546241.4198282367
NpGe3,421069.4957023752
NpGeAs2,363819.794361769
NpGeIr,518610.74344665935
NpGeO2,550202.9723577537
NpGeO3,576553.3710417964
NpGePd2,458070.99548120314
NpGePt,448163.22355046426
NpGeTe2,429591.6630194
NpH2,1050564.803047418
NpH3,1056095.8607532023
NpHgO3,357865.3016255633
NpHgPd2,465969.45013139077
NpHgPt,542345.2338295397
NpHgTe2,285627.00042784715
NpI,783725.5653317359
NpI2,425842.2036594544
NpI3,274475.76629282685
NpIO,482202.0259524582
NpIO5,188998.2131842665
NpIn3,412667.5708426343
NpInAs2,376835.1891882945
NpInIr,507538.5387436653
NpInO3,526221.2448003378
NpInPd2,466860.3676439562
NpInPt,544677.7858813389
NpInRh2,399455.60452034516
NpIr,686888.9497965529
NpIrO3,544205.8018373718
NpIrPd2,385049.8622003101
NpIrPt,403255.69426276727
NpMnO3,1250871.0465414634
NpMnO6,178988.125526344
NpMnTe,293820.7304688638
NpMnTe2,773327.6637373638
NpMoAs2,383996.69803728303
NpMoO3,423544.3761559827
NpN,1165638.0519260862
NpN2,223695.66212678584
NpNbAs2,256913.12966623655
NpNbO3,590485.0735923597
NpNbSi2,214968.7334785782
NpNbTe2,402298.9837293944
NpNi(OF2)3,309715.8775858557
NpNiGe,502453.3891767629
NpNiO3,814695.070258976
NpNiSn,548116.5512393147
NpNiTe,650710.8105769207
NpO,1295901.167808503
NpO2,686983.8626896382
NpO3,244763.86121435423
NpOsO3,391306.4088929985
NpP,810395.5305652333
NpP3,376048.90683588426
NpPH3CO5,66441.58999432037
NpPO4F,293864.24653761956
NpPS4,262254.9053054584
NpPa2As,534465.8704070322
NpPa2O4,447081.79891265166
NpPa2Ru,532225.6101198362
NpPa2Si,514825.8222522123
NpPaAs2,600250.0348377
NpPaAu2,619503.1819428587
NpPaGa2,523379.7028000631
NpPaGe2,449825.07191715715
NpPaIr,538266.0945624904
NpPaIr2,498424.2716354345
NpPaO3,637121.8195105561
NpPaPd2,587845.0536053461
NpPaPt,553254.0546867654
NpPaPt2,559290.8017850382
NpPaRu2,428092.45300760627
NpPaSb2,516626.55910392187
NpPaSi2,439671.39350276894
NpPaTe2,636865.6441725565
NpPbO3,346189.06461166235
NpPd,983189.9581145595
NpPd2Au,497513.2151569146
NpPd2Pb,452618.16728596744
NpPd2Pt,464625.1834748909
NpPd3,449757.60887690104
NpPdAu2,450812.36144816387
NpPdO3,337635.6744660062
NpPdPt,508032.2469792479
NpPt,832297.1977304737
NpPt2Pb,417181.38804795773
NpPtO3,327018.484254011
NpPtPb,404817.5276229052
NpPtRh,463880.6889497314
NpReO3,729587.9136439069
NpRh,836152.2967984732
NpRh2Pb,403005.54455718317
NpRhO3,529974.5812950463
NpRuO3,614825.3140522155
NpS,959551.2888000389
NpS3,395203.72572275245
NpSO,554919.2707103451
NpSb,766187.3805783452
NpSb2Rh,534066.3131928431
NpSb3,337342.81865126756
NpSbAs2,404644.8539594413
NpSbIr,398462.62693329866
NpSbO3,409731.311946752
NpSbPd2,235627.27653434506
NpSbPt,515419.4285102565
NpSbRh,405177.1921961748
NpSbTe,424919.044773473
NpSbTe2,455224.855442111
NpSe,851016.6724500761
NpSe3,386031.14000003826
NpSeO,538339.7714808867
NpSi,923115.4337420876
NpSi2,648187.5900797927
NpSi2Ir,635008.9190326601
NpSi2Mo,283857.80687462946
NpSi2Ni,550649.9217717064
NpSi2Pt,590148.3600597872
NpSi2Rh,619788.8346218222
NpSi2Ru,522730.5813209892
NpSi2Tc,410620.868011509
NpSi3,437707.3684984698
NpSiIr,519413.14495203027
NpSiO3,736665.126614441
NpSiPt,466340.2595585333
NpSiRu2,437638.7360650609
NpSiTc2,337162.333418082
NpSn,843951.8398255036
NpSn3,394915.3775539242
NpSnAs2,335221.46993103187
NpSnAu2,412145.95872842893
NpSnIr,507942.50599801075
NpSnO3,580035.9809684169
NpSnPd2,461084.51579851186
NpSnPt,402296.37737998884
NpSnPt2,425826.7262052467
NpSnRh2,414845.0771244755
NpSnTe2,396783.8095721203
NpTa2O4,436349.38976699515
NpTaAs2,254591.0822820148
NpTaO3,582765.5159383507
NpTaSi2,220837.68269376393
NpTaTe2,405906.7830310968
NpTc2Ge,304594.1327042447
NpTc2Sb,304953.3016985041
NpTcAs2,484051.1575144399
NpTcO3,300824.5713680155
NpTe,770938.8320490955
NpTe2,442305.77337255195
NpTe2As,484558.73927568924
NpTe2Au,353659.81590326276
NpTe2Pd,337595.07407168334
NpTe2Rh,467431.52243339026
NpTe3,320418.17601482983
NpTeAs,441600.0987155449
NpTeIr,506894.71465619
NpTeO3,335693.0340573424
NpTePd,573785.4837994451
NpTePt,491849.86798767996
NpTi2As,598031.1708835303
NpTi2Ge,639665.937044437
NpTi2O4,279636.6518843818
NpTi2Rh,461267.7548731216
NpTi2Sb,600128.5661562791
NpTi2Si,618481.2262739722
NpTi2Sn,599269.9752171652
NpTi2Te,564274.2968017318
NpTi3,614166.5606292823
NpTiAs,783969.4286137403
NpTiAs2,565800.8877761954
NpTiAu2,648946.643741261
NpTiGa2,571850.472217209
NpTiO3,643463.4839207234
NpTiPt,735912.0126959172
NpTiSb2,516855.5052299034
NpTiSi2,400634.97046237736
NpTl2F6,179227.3377421985
NpTl2O4,311713.55698988587
NpTlO3,350727.284901533
NpTlPd2,461366.28009549907
NpTlPt,532061.226098581
NpTlPt2,401650.38783897005
NpTlTe2,313276.26942762884
NpU2O4,780149.5554330167
NpUAs2,745616.032124921
NpUO3,635452.4292309291
NpUPt,439950.50320882513
NpUSb2,627995.0864345585
NpUSi2,794577.3205466819
NpUTe2,748754.2123925656
NpV2O4,905608.58073158
NpV2Si,465622.6406191461
NpV4O12,101476.51535909691
NpVAs2,256227.5228099261
NpVO3,917734.6006440758
NpVRh2,528856.4339632445
NpVSi2,158023.53643454338
NpWO3,433227.27349687566
NpZn(OF2)3,147200.33395253716
NpZn2O4,312328.4467207102
NpZn2Pt,445787.21157223475
NpZnAs2,393900.61635361525
NpZnAu2,470827.3008734594
NpZnIr,546650.3198332251
NpZnO3,421348.5618463417
NpZnPt,590443.2574096927
NpZnTe2,320305.567330405
O2,501005.8418758433
OF,983397.4573622197
OF3,180685.37589459488
Os(PbO2)2,54727.935185384325
Os(RuO2)2,112426.58941305353
Os2AuO4,310579.1042144167
Os2Pd2O5,140040.26601381294
Os2Rh2O5,215866.41388695303
Os2Ru2O5,451418.3327478806
Os2W2O5,133548.85887880097
Os4SeS11Cl8,57365.63270834107
OsAu3,158867.3855285645
OsCl3,106843.5996778666
OsCl4,151979.6288433711
OsClF8,157279.72255358828
OsF3,1113101.2257683533
OsF6,236373.53853874878
OsN2,410548.40171330125
OsOF5,116247.59105217402
OsPbO3,125429.42734548345
OsRhO3,265051.3348803485
OsRuO3,457482.2122359412
OsWO3,502459.83234831283
P,229362.36702136236
P(NO2)2,198867.97977686021
P2N3O8,83060.71602803514
P2PbO7,62679.34326795642
P2PbO8,86635.19638481368
P2W2O9,194080.83190411265
P2WO7,132443.77594902634
P3(WO6)2,115014.95280949087
P3N3O14,63728.44265752966
P3RuO9,59582.90960507613
P4H3(WO8)2,91934.58616156844
P4W3O14,323248.1799775197
P4WO12,73190.9178863277
P6N7ClO19,189654.74281885484
PN2O4F,165915.14020090798
PNF6,163623.86582656944
PNO3,224060.3988660918
PO4,259698.33405400533
PPbW,301352.8728537392
PPtN5ClO6,96129.0242440256
PSe3N2O,52211.63061735731
PWO2,426926.87757862295
PWO4,336083.92006136465
PWO4F,186264.2489779328
PWO5,84563.90762001378
Pa(PbO2)2,69638.0942687227
Pa(PdO2)2,281533.23278196703
Pa(PtO2)2,448708.671688698
Pa(ReO2)2,393488.3968839621
Pa(RhO2)2,203887.26217478086
Pa(RuO2)2,95184.90485441209
Pa(SbO2)2,142737.88066748373
Pa(SiO2)2,89262.34329162461
Pa(SnO2)2,72803.45423011697
Pa(TcO2)2,286463.0590704141
Pa(TeO2)2,70877.07906666542
Pa(WO2)2,88442.35483718067
Pa2Ag2O5,79728.9959607873
Pa2AgAs,227368.8304875724
Pa2AgO4,135336.1276901642
Pa2Al2O5,167110.30446109117
Pa2AlO4,202131.52504859713
Pa2AlPt,196413.03867217447
Pa2As2O5,85669.9209666824
Pa2AsAu,271632.5505137682
Pa2AsIr,166163.16669458136
Pa2AsO4,133712.52830270698
Pa2AsPd,315743.2466889186
Pa2AsPt,308740.89401023544
Pa2AsRh,196673.31927836745
Pa2AuO4,113054.41520450593
Pa2BO4,308225.0869746961
Pa2Be2O5,91487.39267560383
Pa2BeO4,196844.43905846376
Pa2BiO4,131003.72904290319
Pa2BiPt,344115.27780937654
Pa2BiTe,269573.53926204046
Pa2Cd2O5,77154.99114217231
Pa2CdO4,131434.24551595224
Pa2CdTe,103476.61188167676
Pa2CoAs,93865.58789450541
Pa2CoAu,58654.1893124981
Pa2CoO4,264618.82781553565
Pa2Cr2O5,592801.8646175298
Pa2CrO4,566878.908429132
Pa2Cu2O5,89355.58438266123
Pa2CuAs,211583.94748291958
Pa2CuGe,167029.2788376425
Pa2CuO4,138663.5486873325
Pa2FeTc,52245.6501425167
Pa2GaGe,186716.363555984
Pa2GaO4,203332.1681186135
Pa2GaSi,135706.27704368936
Pa2GeAu,287747.7213763832
Pa2GeO4,112463.01752187844
Pa2GePd,294081.6996117341
Pa2GeRh,84716.09130947173
Pa2Hg2O5,72373.7914731641
Pa2HgO4,130291.5694805461
Pa2HgTe,125718.82469739708
Pa2InAs,78881.75235323167
Pa2InO4,197076.37461337278
Pa2InSb,87116.09025601472
Pa2Ir2O5,195441.22167313617
Pa2IrO4,236917.50218123326
Pa2Mn2O5,751120.4451020156
Pa2MnO4,635587.2497471579
Pa2Mo2O5,185079.23472050834
Pa2MoO4,428422.05503991566
Pa2Nb2O5,306271.79669123556
Pa2NbO4,111822.1512890061
Pa2Ni2O5,422762.09634984605
Pa2O3,375740.2641587483
Pa2Os2O5,84324.21360051374
Pa2Pb2O5,226673.865144024
Pa2Pd2O5,106699.88159660372
Pa2Pt2O5,120332.90989932016
Pa2PtPb,304364.46921453846
Pa2Re2O5,53129.722906957766
Pa2Rh2O5,183322.174503439
Pa2Ru2O5,238854.72592498438
Pa2S3,141108.29296883912
Pa2Sb2O5,122941.29121775796
Pa2SbAu,273085.1207764804
Pa2SbIr,135888.10065261956
Pa2SbPb,92029.107861464
Pa2SbPt,314911.5788607107
Pa2SbRh,210130.91747889726
Pa2SbTe,243977.71276431906
Pa2Si2O5,190958.09630190776
Pa2SiGe,50722.69828229425
Pa2SiPd,250929.39915413017
Pa2SiPt,204892.34471105796
Pa2Sn2O5,65807.83010827159
Pa2SnAu,355770.98975652736
Pa2SnPd,330760.3174492898
Pa2SnPt,292311.72413315874
Pa2Ta2O5,114889.6018937412
Pa2Tc2O5,271668.0029564753
Pa2Te2O5,167258.68839555903
Pa2TeAs,107057.75914215304
Pa2TeIr,168377.7874423902
Pa2TePb,186138.6234665591
Pa2TePd,181579.5102658939
Pa2TePt,327395.1976435284
Pa2TeRh,252917.75340746352
Pa2Ti2O5,329865.09768434026
Pa2Tl2O5,116533.94950781563
Pa2TlPt,192800.58792508778
Pa2TlTe,128111.61375969081
Pa2V2O5,571345.2326215933
Pa2W2O5,134133.5458293485
Pa2Zn2O5,145575.21901246993
Pa3Cl2,80056.85581151719
Pa3Sb4,131110.27024243205
Pa4Cu4O11,77766.10292778068
PaAgAs,122786.50169639896
PaAgAu2,51327.04200728365
PaAgPt,105475.12678486017
PaAgTe2,68307.1178163279
PaAl2Ir,189597.05496698682
PaAl2Os,66489.28798422337
PaAl2Pd,75462.64137448977
PaAl2Pt,162713.8560837529
PaAl2Rh,182732.12058318796
PaAl2Ru,68182.29224205752
PaAlO3,338777.3979478276
PaAlTe2,175733.44209599923
PaAs,69120.80316659478
PaAs2Pb,95239.03356916836
PaAsAu,113083.88148347296
PaAsIr,72128.09238220188
PaAsO3,145827.97397333686
PaAsRh,120871.15308778692
PaAsRu2,239827.81544026578
PaBO3,342085.27595030563
PaBe2Pt,91955.11756609356
PaBeO3,195418.9336080711
PaBiAs,58540.20211925972
PaBiAs2,150503.54171507267
PaBiAu,100208.95836576873
PaBiIr,69065.90014955653
PaBiO3,82843.15946790722
PaBiTe2,138526.77910832674
PaBr,244340.76033033902
PaBr2,216606.76664288883
PaBr3,177540.8682372394
PaBr4,57440.66597184445
PaCdO3,119844.75442307888
PaCdPt,129040.76309767216
PaCdTe2,85958.20569726395
PaCl,210807.31524882288
PaCl2,254386.00154242446
PaCl3,218241.97856713342
PaCo2As,205099.62696455314
PaCo2Bi,189239.05830108334
PaCo2Ir,158931.3232522105
PaCo2Sb,204991.58393891138
PaCo2Si,233859.61044427735
PaCo3,167231.91401541085
PaCoAs,68450.83387047487
PaCoAs2,256492.4520495035
PaCoBi,87404.5167220924
PaCoGe2,280462.07372412266
PaCoIr,70519.46302118099
PaCoIr2,232195.40441215114
PaCoO3,222924.11671935843
PaCoPt2,175635.89562497128
PaCoRh2,117274.555776877
PaCoRu2,297051.82549171284
PaCoSb,87227.748483125
PaCoSi2,301749.81996636884
PaCr2Si,211281.01045427902
PaCrAs,296132.17910966877
PaCrAs2,466973.13598766347
PaCrAu2,569230.1464406213
PaCrO3,650529.6653701405
PaCrPd2,455004.00340305927
PaCrPt,439454.1806695798
PaCrPt2,561641.4548069076
PaCrRu2,555771.171815693
PaCrSb,275062.7131227161
PaCrSi,116184.80021425363
PaCrTe2,509954.0185116092
PaCuAs,78899.4504948234
PaCuIr,68548.82356378977
PaCuPt,161851.82795381697
PaCuSb,80199.47119930753
PaF,382937.45389484963
PaF2,383899.26045832306
PaF3,393433.0613895089
PaFe,52665.17494546648
PaFe2As,368337.09500364144
PaFe2Ge,180895.53865284912
PaFe2Ir,566246.9604608541
PaFe2Pd,365350.2750303528
PaFe2Pt,428777.0301975668
PaFe2Rh,505270.9451034129
PaFe2Sb,327931.9077084342
PaFe2Si,190390.98380008482
PaFe2Sn,178339.46500409784
PaFe3,731863.401699655
PaFeAs2,374166.44533471606
PaFeGe,111888.71670560013
PaFeGe2,249361.35672977025
PaFeIr2,418624.0399308265
PaFeO3,699475.8422283047
PaFePd2,273302.1608319163
PaFePt,212335.5361447763
PaFeRh2,350860.80196163105
PaFeRu2,505810.33841960964
PaFeSi,107402.43633359761
PaFeSi2,276163.555097525
PaFeTe2,278290.47529368795
PaGa2Co,154194.24880261815
PaGa2Pt,122716.6110551084
PaGaAs,80387.52485263236
PaGaTe,91369.88157189882
PaGaTe2,173232.44458831736
PaGeAs2,99203.54868637331
PaGeAu,108258.77566451326
PaGeO3,118076.10530083318
PaGePd,74886.44424564406
PaGeTe2,223325.0752805528
PaH3,417619.4652084738
PaHgAs,155356.60915762294
PaHgPd,133114.42344578778
PaHgPt,132484.4945195208
PaHgTe,187111.20007930984
PaHgTe2,82771.60046632431
PaI,81529.78786877646
PaI2,179464.7230396865
PaI3,115221.75063710459
PaIn2Pd,95505.32429061296
PaIn2Pt,104676.76522604498
PaIn3,66946.90726660636
PaInAs,102861.87510932224
PaInTe2,163241.73006292857
PaIrO3,249279.0744252593
PaMn2Al,275597.8617906547
PaMn2Ga,295463.03321708855
PaMn2Ge,120747.17128666463
PaMn2Ir,808339.9036371174
PaMn2Pt,679324.3434498289
PaMn2Rh,677239.252376172
PaMn2Si,59932.486277774035
PaMn2Sn,120972.5648778111
PaMnAs,161903.0965404932
PaMnAs2,444237.54559856444
PaMnGe,290962.36049601843
PaMnIr,495747.9519728553
PaMnIr2,603622.9527272971
PaMnNi2,451626.77074119914
PaMnO3,782363.4808144392
PaMnPt,434821.36150222196
PaMnRu2,617167.4135379395
PaMnSb,142314.24216844983
PaMnSb2,348060.4286345252
PaMnSi,284183.6903299736
PaMnSi2,200191.39162218012
PaMnSn,259188.7488363228
PaMoO3,407973.6901561483
PaNbGa2,230456.11741561128
PaNbO3,387740.21644785075
PaNbTe2,59415.956703276686
PaNiAs,66355.42501478358
PaNiHg,59718.59659809431
PaNiO3,111168.47614716573
PaO,57686.33732849267
PaO2,202974.35485656135
PaO3,222362.26148990027
PaOsO3,327918.93936834304
PaPbAu2,81616.5624116438
PaPbO3,106271.18880869012
PaPdO3,126061.3348826984
PaPtAu,69592.37560885496
PaPtO3,184002.77004434585
PaPtPb,108322.3858752949
PaReO3,427731.9299686672
PaRhAu,58359.96732812052
PaRhO3,223086.9526598776
PaRuO3,263591.51519385976
PaS,88353.28285395303
PaSb2Pb,82339.6294236109
PaSbAs,97461.25217614083
PaSbAs2,145356.26753807493
PaSbAu,105197.07280270949
PaSbO3,82402.44063214434
PaSbRu2,239830.7762691074
PaSbTe2,134712.30790781745
PaSe,142772.51877987265
PaSi2Ir,120223.96858065337
PaSi2Rh,110905.40259485402
PaSiAs2,96814.85071324435
PaSiAu,248018.4821468456
PaSiNi,122206.22392660301
PaSiO3,400497.1726558639
PaSiPd,141484.50375133354
PaSiTe2,227567.46547908202
PaSn,58497.34313385716
PaSn2Au,58051.766859243566
PaSn2Pd,76073.7887512339
PaSn2Pt,78076.61645112984
PaSn2Rh,129799.50363376617
PaSnAs,67341.46692268149
PaSnAs2,96955.85711626968
PaSnO3,113766.16989656996
PaSnPd,122285.99325739115
PaSnPt,72380.74779392654
PaSnRu2,63535.60716499288
PaSnSb2,83014.4250727921
PaSnTe2,219437.5455629917
PaTaGa2,227852.0978550803
PaTaO3,337426.0105757069
PaTcIr2,255493.49341603118
PaTcO3,299216.15389681875
PaTcRh2,243340.09034727
PaTcTe2,357994.32902199787
PaTe,163452.14584597765
PaTe2As,118021.42764244268
PaTe2Mo,173970.95811444148
PaTe2Pb,210676.68092350475
PaTe2Pd,74087.24504598873
PaTe2Rh,90925.05091651017
PaTe2Ru,238387.98162863115
PaTe3,73091.59078692374
PaTeAs2,136285.11727428628
PaTePb,53572.805599730666
PaTePd,103067.95666417095
PaTePt,92492.70648195098
PaTeRu2,300082.61005991854
PaTiAl2,278319.8898729288
PaTiAs,226705.2256416615
PaTiAs2,120427.00620956569
PaTiAu2,309629.63959677774
PaTiBi2,92991.48740196857
PaTiFe2,160328.8051614236
PaTiIr,154227.56608592113
PaTiMn2,109083.53348522537
PaTiO3,214410.5842674181
PaTiPd2,265482.55686116515
PaTiPt,337196.91288782435
PaTiSb2,99534.26705709827
PaTiSi,224396.15045433983
PaTiSi2,231645.61979622688
PaTlIr,81320.30665156562
PaTlTe2,158583.139776999
PaV2O4,596996.4642495717
PaVAs,84345.07654463513
PaVAu2,458750.3623687801
PaVGe2,141087.60744086758
PaVIr,166996.95248151108
PaVNi2,501252.27354122803
PaVO3,529602.6536358332
PaVPd2,469158.9696899431
PaVPt,256187.0924908823
PaVSi2,134037.30715544758
PaVTe2,91390.82480331158
PaWO3,441069.5456384244
PaZn2O4,100963.95217359753
PaZnAs,77228.32938730277
PaZnO3,132426.78032864333
PaZnTe2,88737.04451757314
Pb(CO3)2,122354.16871101008
Pb(NF3)2,270406.62215706904
Pb(WO2)2,504448.22943863476
Pb3(SO6)2,231745.67392811814
Pb7O16,107937.37884927983
PbC2S2(BrN2)2,60222.35921176514
PbCI3N2,67952.83289412048
PbCS(BrN)2,81611.37944511001
PbWO2,322550.1691619108
Pd,225228.90718439626
Pd(RhO2)2,222439.60734761262
Pd(RuO2)2,55284.960361512305
Pd2Ru2O5,92668.31748598706
Pd2W2O5,52385.45283726593
Pd3N,417399.0601126284
Pd3Pt,60721.00291772898
Pd3Rh,413069.04036434577
Pd5(N9Cl5)2,290567.10852549685
Pd7O8,85072.30771545717
PdAuO2,128225.85757904415
PdN4Cl2O,169311.34592931689
PdPt3F6,57886.75966617968
PdPtF6,193872.66447328325
PdRhN5Cl5O,54333.9575569415
PdRhO3,299014.6619192413
Pt(IN)2,160023.8958965323
Pt(NCl)2,70858.75187325747
Pt(NO2)2,221437.58913137295
Pt(RhO2)2,177995.06508362512
Pt(S3N)2,163171.4725362119
Pt2CN4O7,72409.76786580928
Pt2W2O5,57846.10216739218
Pt3Rh,318016.78671711526
Pt3S3NO14,109054.28559221374
Pt4(O3F8)3,169474.22407786342
Pt4O11,68613.90744742767
PtCl4,126732.87423807498
PtCl4O5,153675.76080413235
PtF3,446247.8021611265
PtF6,248336.77826779167
PtN3O4,60756.60442121424
PtN4Cl5O,113922.77532741953
PtO3,64216.99429558321
PtO6,198623.2431629488
PtRhBr6N5Cl,66588.8413429954
PtWO3,84281.81523470611
PtXeF11,59241.04451646768
Pu,381412.69616951904
Pu(AlGa)2,537272.7078157658
Pu(BIr)4,402099.41596403235
Pu(CoSi)2,679071.9169251377
Pu(CuSi)2,581989.411105668
Pu(IO3)4,148934.09017628722
Pu(Mg4Al3)4,93473.38543371162
Pu(ReO2)2,195015.67720869166
Pu(RhO2)2,139082.99943639178
Pu(RuO2)2,554282.6361973063
Pu(SbO2)2,379795.34642186353
Pu(SeO3)2,292852.21379106346
Pu(SiAu)2,522350.1953577723
Pu(SiIr)2,550717.046883266
Pu(SiNi)2,707173.1496102256
Pu(SiO2)2,682265.1489707348
Pu(SiOs)2,554645.3160136822
Pu(SiPd)2,561094.581461637
Pu(SiPt)2,564075.2269578667
Pu(SiRh)2,607399.2222524717
Pu(SiRu)2,568657.3597325288
Pu(SnO2)2,376020.7610216014
Pu(TcO2)2,793303.9280579091
Pu(TeO3)2,281053.4724823381
Pu(WO2)2,394329.87043394713
Pu2(SiPt)3,246721.23186631486
Pu2Ag2O5,497504.4212724872
Pu2AgAs,1226667.8973335752
Pu2AgAu,1176965.6830762238
Pu2AgGe,1212494.5243297983
Pu2AgIr,1257206.7451906363
Pu2AgO4,687748.4987148632
Pu2AgPd,1275478.5061351454
Pu2AgPt,1279816.770286946
Pu2AgRh,1287191.4909346136
Pu2AgSb,1114028.9851586432
Pu2AgSn,1094602.8552693275
Pu2AgTe,1191875.2875069387
Pu2Al2O5,782954.6060486671
Pu2AlAs,1184871.1496136412
Pu2AlAu,1126278.8085468847
Pu2AlBi,1071707.6949353858
Pu2AlGa,1174550.519119614
Pu2AlGe,1157384.6835624645
Pu2AlHg,1100226.7399428138
Pu2AlIn,1091435.8035993848
Pu2AlIr,1208447.095465283
Pu2AlO4,947703.871671567
Pu2AlPb,1063647.2524418978
Pu2AlPd,1183395.5480055343
Pu2AlPt,1237027.8464046416
Pu2AlRh,1231822.012526603
Pu2AlSb,1091500.8628894074
Pu2AlSi,1174724.4278460431
Pu2AlSn,1082475.453385379
Pu2AlTe,1087842.5752543623
Pu2AlZn,1204662.410505747
Pu2As2O5,395950.86852120835
Pu2AsAu,1199420.674019084
Pu2AsO4,862301.0671567714
Pu2AsPb,1063193.3596672695
Pu2Au2O5,475156.820175523
Pu2AuO4,686988.2770715106
Pu2B2O5,501410.02293759387
Pu2B6Os,871659.8192654308
Pu2B6Ru,894265.1886894463
Pu2BAs,1289798.095977675
Pu2BO4,1101237.4932755267
Pu2BPt,1187028.9382415733
Pu2Be2O5,796399.8128989844
Pu2BeAs,1328934.7396747628
Pu2BeGe,1297794.1306235942
Pu2BeO4,979679.0268410145
Pu2BeSb,1201463.6284327658
Pu2BeTe,1200116.0520573612
Pu2Bi2O5,530501.9107031971
Pu2BiAs,971179.3397574147
Pu2BiAu,1065278.7064928578
Pu2BiO4,793308.2286521739
Pu2BiPb,1003516.1569808549
Pu2BiRh,998821.6149131515
Pu2BiSb,941917.1309678089
Pu2BiTe,920814.1678302108
Pu2Br2O,565187.8173620787
Pu2C3,1249268.1470832657
Pu2Cd2O5,484714.3610638673
Pu2CdAs,1264393.8054217438
Pu2CdAu,1105889.5346732757
Pu2CdBi,1115395.3561569632
Pu2CdGa,1166153.221518769
Pu2CdGe,1186680.03040808
Pu2CdIn,1073485.6242318286
Pu2CdO4,784582.3191641697
Pu2CdPb,1054773.045965706
Pu2CdPd,1215620.9715922147
Pu2CdPt,1089864.66253885
Pu2CdSb,1161539.1308529822
Pu2CdSi,1213546.762069273
Pu2CdSn,1090208.8608851186
Pu2CdTe,1178984.210932424
Pu2Cl2O,632924.9854995216
Pu2CoGe,1046826.0122158017
Pu2CoO4,598036.9680056187
Pu2CoPt,1283910.7302364772
Pu2CrO4,1162836.379518609
Pu2CrPt,895976.1656674908
Pu2CrTe,767584.5110630412
Pu2Cu2O5,499705.7547225061
Pu2CuAs,1319488.8233174835
Pu2CuAu,1208624.9163277426
Pu2CuGe,1221759.8677433957
Pu2CuIr,1234970.7472532028
Pu2CuO4,748374.8203797267
Pu2CuPd,1295841.519685692
Pu2CuSi,1270796.1666077222
Pu2CuSn,1109261.7920175006
Pu2FeAs,1017399.3876971968
Pu2FeGe,943326.0172586344
Pu2FeO4,1174910.6967619543
Pu2FeSi,983105.5692489904
Pu2Ga2O5,473553.6627986155
Pu2GaAg,1142823.4073019745
Pu2GaAs,1210137.4174472555
Pu2GaAu,1115307.0866347656
Pu2GaBi,1080875.11030267
Pu2GaCu,1246458.0438952227
Pu2GaFe,1016140.7784166716
Pu2GaHg,1098551.7775374022
Pu2GaNi,1245591.4897907
Pu2GaO4,930529.9729884841
Pu2GaPb,1060581.7542100092
Pu2GaPd,1151571.468348074
Pu2GaRh,1124212.204201841
Pu2GaSb,1112090.4410866087
Pu2GaSi,1186814.390926902
Pu2GaSn,1087671.4084326332
Pu2GaTe,1113488.9142200768
Pu2Ge2O5,508145.6982391572
Pu2GeAu,1171302.9638177664
Pu2GeBi,1057021.8486958435
Pu2GeO4,774942.4435682257
Pu2GeOs,1068305.0071870452
Pu2GePt,1071873.4075765132
Pu2GeRh,1154829.060758816
Pu2GeRu,1058372.9381957913
Pu2GeTe,988562.5845052877
Pu2Hf2O5,819898.8100879176
Pu2HfO4,978496.4470548773
Pu2Hg2O5,484985.8312711057
Pu2HgAs,1212968.0434865516
Pu2HgAu,1078059.1283570977
Pu2HgBi,1080494.4950378858
Pu2HgGe,1128850.2620691634
Pu2HgO4,746330.2884036782
Pu2HgPb,1029575.1385421943
Pu2HgRh,1101551.3320577731
Pu2HgSb,1119019.0659472868
Pu2HgTe,1137612.9281933845
Pu2I2O,473092.78015753394
Pu2In2O5,455853.8047102146
Pu2InAs,1133083.1390115255
Pu2InBi,1038604.2301534214
Pu2InGa,1087706.0371900245
Pu2InGe,1102746.2563489538
Pu2InNi2,993553.2331273088
Pu2InO4,757190.8028373244
Pu2InPb,1026279.6260694149
Pu2InPd,1104747.077627246
Pu2InPd2,897101.4937621556
Pu2InPt2,868991.0529470909
Pu2InRh,1129009.147793518
Pu2InRh2,862677.7875218551
Pu2InSb,1059695.1870287692
Pu2InSi,1124736.4203734328
Pu2InSn,1047579.4816141655
Pu2InTe,1055223.497569104
Pu2Ir2O5,776196.2405855588
Pu2IrAu,1237896.0961584079
Pu2IrO4,1073375.0348282352
Pu2IrPd,1287601.4717591999
Pu2IrPt,1243079.3287851545
Pu2Mg2O5,684762.0586814783
Pu2MgAs,1244095.233973541
Pu2MgAu,1077675.3973600678
Pu2MgBi,1088894.9246281092
Pu2MgGa,1126193.6350730238
Pu2MgGe,1177497.904323773
Pu2MgIr,1119204.5024428074
Pu2MgO4,864664.9829212981
Pu2MgPt,1128129.2195569817
Pu2MgSb,1129682.543022822
Pu2MgSi,1198696.9593822295
Pu2MgSn,1067963.072791972
Pu2MgTe,1156361.1106116497
Pu2Mn2O5,1243863.3677659673
Pu2MnGa,932153.2322118714
Pu2MnGe,817099.8912601091
Pu2MnO4,1234693.5920058016
Pu2MnPt,899445.6234417704
Pu2MnSb,789233.6977460837
Pu2MnSi,862183.4309036521
Pu2Mo2O5,758678.4670604051
Pu2MoO4,1014375.0656626421
Pu2NbO4,1039368.6195350657
Pu2Ni17,445562.44262141705
Pu2Ni2Sn,963109.7404591466
Pu2NiAs,1258511.6365609136
Pu2NiAu,1240679.6318899326
Pu2NiBi,1049385.529979382
Pu2NiIr,1239947.3921318396
Pu2NiPd,1307512.138396684
Pu2NiPt,1254752.604670977
Pu2NiSb,1119512.1837866437
Pu2NiTe,1196148.5789523015
Pu2O3,1149150.074966318
Pu2OF,1039247.9477078982
Pu2OsAu,1108501.572247898
Pu2OsO4,649074.477134544
Pu2PaAs,1309938.0629889597
Pu2PaAu,1348506.1545089828
Pu2PaGa,1285443.6481986141
Pu2PaGe,1351835.6970454475
Pu2PaO4,824340.9664688681
Pu2PaSb,1206428.9902036889
Pu2PaSi,1369740.7139674919
Pu2PaSn,1181684.2351651618
Pu2PaTe,1199745.2557906685
Pu2PbO4,719485.1817672802
Pu2Pd2O5,382513.26280126703
Pu2PdAu,1216469.3548878578
Pu2PdPb,982389.4270539111
Pu2PdPt,1315859.5851781215
Pu2PdRu,1155223.8645342453
Pu2Pt,1392809.4384421986
Pu2Pt2O5,680158.7826407838
Pu2PtAu,1174803.9697776877
Pu2PtPb,989868.241815696
Pu2PtRh,1263063.684978145
Pu2Re2O5,827763.1727269271
Pu2ReB6,852144.8008599686
Pu2Rh2O5,664668.867798765
Pu2RhAu,1168921.7931878867
Pu2RhPb,1016396.7778626143
Pu2Ru2O5,848141.5283762129
Pu2RuAu,1211146.3847289078
Pu2S,1383128.3953564838
Pu2S3,724638.9896378203
Pu2SO2,998180.0152499733
Pu2Sb2O5,647898.8255668248
Pu2SbAs,986966.5587290026
Pu2SbAu,1087761.8653921487
Pu2SbOs,915549.9058286382
Pu2SbPb,1007496.6598250724
Pu2SbPd,1082532.211629296
Pu2SbPt,1047486.8981861811
Pu2SbRh,1013638.2362337668
Pu2SbTe,944537.0777781955
Pu2SbTe2,581124.2016892222
Pu2Si2O5,516804.41040621744
Pu2Si4Tc3,568259.6376152331
Pu2SiAg,1185519.50214622
Pu2SiAs,1149670.1238439719
Pu2SiAu,1121869.3831985171
Pu2SiBi,1073826.7488281354
Pu2SiGe,1195031.8719770096
Pu2SiHg,1165203.053065157
Pu2SiNi,1210337.722941424
Pu2SiOs,1088972.118631867
Pu2SiPb,1085212.3136855746
Pu2SiPd,1149336.5106142012
Pu2SiPt,1187580.0414007963
Pu2SiSb,1097344.0620874732
Pu2SiSn,1104716.764268791
Pu2SiTc,1068027.5161832285
Pu2SiTe,996421.1828079167
Pu2Sn3,782859.5226091
Pu2SnAs,1083666.5436159074
Pu2SnBi,1011617.3483864347
Pu2SnGe,1082336.2983898802
Pu2SnHg,1055598.3703919481
Pu2SnIr,1016816.7501908719
Pu2SnPb,1013375.2550376825
Pu2SnPd2,884158.1869074972
Pu2SnPt2,847668.0971456835
Pu2SnSb,1029079.6083573134
Pu2SnTe,942578.7167384542
Pu2Ta2O5,805915.4152201898
Pu2Tc2O5,822864.1510211863
Pu2TcAs,969634.6475156517
Pu2TcB6,859367.4064107619
Pu2TcGe,1036592.3242379745
Pu2TcTe,894724.3929797095
Pu2Te2O5,645083.5139130929
Pu2Te3,614458.0237273659
Pu2TeAs,1031335.8136589444
Pu2TeAu,1167161.0954139538
Pu2TeIr,1081750.846286792
Pu2TeO2,908326.9122897502
Pu2TeOs,1001912.4980974916
Pu2TePd,1154127.0504274154
Pu2TeRh,1043439.7802018974
Pu2TeRu,990630.9003952845
Pu2Th2O5,613860.8975781292
Pu2ThAs,1168689.8429248245
Pu2ThGe,1225454.2940511655
Pu2ThIr,1185994.781473435
Pu2ThRh,1202933.5046940902
Pu2ThSb,1094815.3418405224
Pu2ThSn,1094652.0379641699
Pu2ThTe,1069896.6242866248
Pu2TiAs,1224235.307604718
Pu2Tl2O5,445630.09061974165
Pu2TlAs,1127905.9564612163
Pu2TlBi,1031668.761565391
Pu2TlGa,1085723.252340007
Pu2TlGe,1091102.3545759122
Pu2TlHg,1032363.2454966858
Pu2TlIr,1034580.0643505148
Pu2TlPb,1020126.7501869283
Pu2TlPd,1088653.1785512618
Pu2TlRh,1028659.1287909554
Pu2TlSb,1049375.2756599244
Pu2TlSi,1117101.5551944412
Pu2TlSn,1038428.553316239
Pu2TlTe,1054524.7969229904
Pu2U2O5,1094518.5948356807
Pu2UAs,1425429.681947417
Pu2VAs,932553.1962908084
Pu2W2O5,809059.811323932
Pu2Zn17,333383.917778857
Pu2Zn2O5,668655.6827190993
Pu2ZnAs,1312087.618980921
Pu2ZnAu,1143038.8813841385
Pu2ZnBi,1148641.7759739002
Pu2ZnGa,1213182.6057021145
Pu2ZnGe,1274180.506648972
Pu2ZnHg,1125707.1198278107
Pu2ZnIn,1109834.5158723064
Pu2ZnIr,1255140.4648112112
Pu2ZnPb,1092021.110236946
Pu2ZnPd,1203135.196200395
Pu2ZnPt,1181262.9403443788
Pu2ZnRh,1281338.1766046386
Pu2ZnSb,1201230.4069482964
Pu2ZnSi,1286522.483061372
Pu2ZnSn,1131715.6445544292
Pu2ZnTe,1205356.120941101
Pu2Zr2O5,798098.784625605
Pu2ZrAs,1143396.901578524
Pu2ZrIr,1158808.7336647902
Pu2ZrPt,1223405.153278172
Pu3Al,1621310.2988096655
Pu3Al2,1361690.4461085477
Pu3As,1725684.6272627772
Pu3Au,1673189.2789995517
Pu3Br,1652620.4410505418
Pu3Br2,1202731.870812087
Pu3Cl,1766559.146775465
Pu3Cl2,1335889.5789779231
Pu3F,1705548.4102722283
Pu3F2,1689904.993137581
Pu3Ga,1135073.8979133633
Pu3Ge,1696117.7460737217
Pu3I,1592574.4566091406
Pu3I2,1046421.2129195553
Pu3In,1524678.5273991951
Pu3Ir,1755816.4859732168
Pu3Mg,1589225.334117486
Pu3N2,1710916.5161808673
Pu3O,1928962.2621265817
Pu3O2,1749913.1597685544
Pu3P,1777160.310002955
Pu3Pb,1537649.4608210875
Pu3Pd,1762784.4622367194
Pu3Pd4,1015035.6996080001
Pu3Pd5,919721.8935076558
Pu3Pt,1777841.1093982374
Pu3S,1783158.0322678552
Pu3S2,1495139.8256187951
Pu3Sb,1595824.079815832
Pu3Se,1725585.6780338294
Pu3Se4,855569.7590106019
Pu3Si,1713659.53875366
Pu3Si2,1383393.9723139922
Pu3Sn,1585149.540524426
Pu3Te,1597737.8893796646
Pu3Th,1431923.3021580684
Pu3Zn,1685161.456839544
Pu4Al4O11,876392.3297602247
Pu4Ga4O11,798205.0349208546
Pu4Hf4O11,823840.7182598492
Pu4Mn,271370.2786937108
Pu4Mn4O11,1429861.4677244085
Pu4Sb3,1050510.8608139458
Pu4Zr,173547.6183948825
Pu5Ir3,1420843.579256416
Pu5Os3,1343241.9311112086
Pu5Pt3,1385420.4615447768
Pu5Rh3,1383686.0298605212
Pu5Ru3,1374025.6832896383
Pu5Si3,1475280.1913495753
PuAg2Sb,603241.670029146
PuAg2Sn,614200.4944233621
PuAg3,577368.6519566573
PuAgAs,759886.5425744916
PuAgAs2,621465.0338839974
PuAgAu2,314495.240441778
PuAgBi2,523547.5364672201
PuAgGe,641775.8417578412
PuAgGe2,629011.7707806336
PuAgO3,392717.82312129723
PuAgPd2,696664.7516389539
PuAgPt,689655.4701445822
PuAgRh2,609529.2939545846
PuAgSb2,545891.1800953663
PuAl,1181754.6845126725
PuAl2,865541.4592240748
PuAl2Ag,670796.3499092325
PuAl2Au,695455.38248679
PuAl2Cd,665137.6743689589
PuAl2Cr,268542.2809921013
PuAl2Ga,664151.3821180365
PuAl2In,652568.992405511
PuAl2Ir,678013.5335300864
PuAl2Ni,811558.8053326065
PuAl2Os,591532.383419657
PuAl2Pd5,353684.7152043242
PuAl2Rh,676171.7363866629
PuAl2Ru,582013.9923945225
PuAl2Tc,506587.5297132775
PuAl2V,291987.76082224975
PuAl3,658280.3652214126
PuAl3Pd2,459356.16083348286
PuAl4,547762.7945939304
PuAlAs,772641.5025934951
PuAlAs2,595748.6611431296
PuAlAu2,623123.0754633121
PuAlCo,809186.8302125223
PuAlCu2,692513.6313270978
PuAlGa2,666439.9200796454
PuAlGe,796346.9704871053
PuAlGe2,633239.6624722357
PuAlIn2,560292.5003164603
PuAlIr,739702.8012289347
PuAlNi,905463.1468972968
PuAlO3,771102.9290989102
PuAlOs2,524508.7549704807
PuAlPd2,686030.941065421
PuAlPt,741852.4116714374
PuAlSb2,517172.97532722825
PuAlSi,835311.6024280173
PuAlSi2,690196.548601279
PuAlSn,736329.5794272631
PuAlSn2,545341.6522837991
PuAlTc2,503183.84574796533
PuAlTe2,433215.2968301922
PuAs,923184.3302660661
PuAs2Ir,801941.0492841433
PuAs2Os,744970.020572586
PuAs2Pt,723590.983796059
PuAs2Rh,780409.357679156
PuAs2Ru,778010.1455377556
PuAs2W,532518.5991630371
PuAs3,538004.3772205816
PuAsAu,662070.913073305
PuAsIr,649561.4131403815
PuAsO3,582828.9681298514
PuAsO4,565530.0448590748
PuAsPd,683998.2291344224
PuAsPt,685654.755589175
PuAsPt2,579656.9294367362
PuAsRh,642682.0037673214
PuAsRu,564966.4117815585
PuAu,1106234.9177361657
PuAu3,597304.6989329085
PuAuO3,518722.64909829746
PuB12,382706.7832016311
PuB2,1107040.8404747422
PuB2Ir3,586856.3568569117
PuB2Os,797343.4429138866
PuB2Rh3,634351.4789864048
PuB2Ru,809512.7662386902
PuB3,1018295.5258722034
PuB4,899964.9497482016
PuB4Mo,711604.8297025008
PuB4Os,703722.3873711319
PuB4Ru,708746.3123557856
PuB4W,701025.1386477987
PuB6,732699.1325030357
PuBO3,1018173.7706888842
PuBe13,396097.36908695503
PuBe2Ir,666643.4647754345
PuBe2Pt,714451.4312298513
PuBeAs,977986.3953269819
PuBeAs2,637433.4746364803
PuBeGe,952466.5107332167
PuBeIr2,622193.6515384864
PuBeO3,804818.3138302544
PuBePd2,720097.1349073066
PuBePt,846368.0872534928
PuBePt2,642736.100523537
PuBeSb,862779.2715633126
PuBeSn,828129.8670957657
PuBeTe,819705.2632097212
PuBeTe2,502145.74925254186
PuBi,956752.8798455491
PuBi2Pb,449117.4779729004
PuBi3,440529.02142312407
PuBiAs,618099.64262189
PuBiIr,585419.8700213794
PuBiO3,561690.6788807223
PuBiPd2,308986.05168876227
PuBiPt,587701.5437757055
PuBiRh,579209.4451092244
PuBiSb2,479678.34833532857
PuBiTe,517211.493521549
PuBr,1139960.5286649712
PuBr2,516950.48314192635
PuBr3,436529.53308061435
PuBrO,750491.6921229401
PuC2,1083690.6040305537
PuCd,1100895.9567338128
PuCd2Au,613571.4206820512
PuCd2In,581072.4736670997
PuCd2Pd,661666.4314777026
PuCd2Pt,634211.3800265442
PuCd2Sn,583125.8994546196
PuCdAs,768579.7288099525
PuCdAu2,603725.5832603609
PuCdBi2,504128.1730651694
PuCdGe,738354.8574610251
PuCdHg2,548106.5579125613
PuCdIn2,560372.7089264673
PuCdIr,662118.3436859441
PuCdO3,501605.7853359946
PuCdPt,684787.2401116441
PuCdRh2,581053.7128391494
PuCdRu2,474537.2871754623
PuCdSi,758594.35787019
PuCdTe2,457637.3785542427
PuCl,1239205.9591871102
PuCl2,605800.7278973499
PuCl3,546326.3795164359
PuClO,834398.672492204
PuCo2,824487.1922399349
PuCoAs,670006.7365271933
PuCoBi,550697.7704569021
PuCoGe,578141.792932204
PuCoH24C4N6O13,59213.516004217214
PuCoO3,711469.1201970973
PuCoPt,655086.3313926881
PuCoSb,584257.0754297135
PuCoSi,653681.8571743192
PuCoSn,729161.8075381854
PuCoTe,714049.4442795314
PuCrAs,306465.22892359906
PuCrAs2,1024267.6873358963
PuCrO3,1160424.4764873036
PuCu2,1031013.7243586639
PuCu2As,738684.0092779725
PuCu2Au,704630.2574946901
PuCu2Te,692447.3302968763
PuCuGe,755334.3427634295
PuCuO3,368519.3119897903
PuCuPt,801865.8243361306
PuCuTe,765311.5064438472
PuCuTe2,495074.44091742975
PuF,1619565.5188662247
PuF2,961968.3475268753
PuF3,1024699.6142361076
PuF4,496665.2701829462
PuFeC2,778878.484525485
PuFeO3,1549811.2492493268
PuFeSi,566349.4421871847
PuFeTe,579377.1432901559
PuGa,1168138.596759236
PuGa2,873080.4039526382
PuGa2Ag,622882.6422909609
PuGa2Bi,590987.5954744734
PuGa2Hg,623645.4021437906
PuGa2Ir,681079.7726352506
PuGa2Ni,780666.719615871
PuGa2Pb,586816.2838307865
PuGa2Pd,719417.7047255869
PuGa2Pt,705727.1206338577
PuGa2Rh,695049.5212760107
PuGa2Ru,596219.3940870699
PuGa2Sn,617291.4300524166
PuGa2Tc,487609.76134830026
PuGa3,660556.2733872759
PuGa4,543221.8605355198
PuGa6,376484.05162194994
PuGaAs,741717.4576543865
PuGaAs2,565425.910491484
PuGaCo,818926.8728174418
PuGaGe,787799.5138501934
PuGaHg,625949.5501163732
PuGaHg2,545327.494825332
PuGaIr2,571079.5195207963
PuGaNi,899748.7118275011
PuGaO3,759407.5158692438
PuGaPd2,645089.7963005875
PuGaPt,788326.0338622408
PuGaRh,824634.170393055
PuGaSb2,498404.649813336
PuGaSi,842691.8341539394
PuGaSn,709135.9741974301
PuGaSn2,533370.9030577248
PuGaTe,608423.5562258359
PuGaTe2,421306.7184187273
PuGe,1127801.4531399368
PuGe2,784514.9773849308
PuGe2Bi,532481.1056585467
PuGe2Os,638479.4422521427
PuGe2Pt,717701.6594411753
PuGe2Ru,640158.8860192064
PuGe3,613149.6966087911
PuGeAs,716390.7155040944
PuGeAs2,551316.9098204265
PuGeAu,653851.9050883602
PuGeBi,627868.5155547506
PuGeIr,781753.1379967106
PuGeO3,728602.7230934281
PuGePd,669268.8888619236
PuGePt,655975.0285066433
PuGeRh,790716.3923426555
PuGeSb,638370.8528926634
PuGeTe,658616.5960389975
PuGeTe2,509075.2095007126
PuH,1771479.3805790397
PuH16C3N4O11,54504.60089938651
PuH2,1400712.6976434258
PuH3,1310309.0830356386
PuHf2As,790043.8631944915
PuHf2Pd,809922.163919403
PuHf2Sb,724249.9681252311
PuHf2Si,733562.1837469492
PuHf3,619129.3382021717
PuHfAl2,637006.0932889046
PuHfAs,859337.3634202166
PuHfAs2,661163.0055008972
PuHfAu2,656667.7087520204
PuHfGe,782513.7670125462
PuHfIn2,577014.4509633183
PuHfIr,829460.1808514328
PuHfO3,793498.4335686419
PuHfOs,791192.5513352244
PuHfPd2,694550.6185394004
PuHfPt,738657.6523497633
PuHfSb2,594569.9406547158
PuHfSi,774278.7208794942
PuHfSi2,638815.3224291279
PuHfSn2,579890.6548750302
PuHfTe2,552940.3926333941
PuHg,1041447.3640971428
PuHg2As,531605.2784010515
PuHg2Pb,522926.71641918505
PuHg3,549889.5803838742
PuHgAs,704760.2183528151
PuHgAu2,313915.93170720764
PuHgBi,478729.17845956434
PuHgGe,713134.0894822495
PuHgIr,664120.9758261506
PuHgO3,489060.27146909793
PuHgPd2,635497.5431827061
PuHgPt,671991.3710979009
PuHgTe2,402347.6908527435
PuI,964832.5896015969
PuI2,419880.5045295819
PuI3,337099.3803751675
PuIO,609363.7687691117
PuIn,1049030.9960285963
PuIn2Ag,574212.31747833
PuIn2Bi,527791.2555135038
PuIn2Ga,548607.8859635288
PuIn2Ir,578625.3610635259
PuIn2Pb,508699.3568336427
PuIn2Pt,611173.5138996503
PuIn2Rh,582079.7115325634
PuIn2Sb,535172.6794231411
PuIn3,543691.5090591854
PuInAg2,608534.0207539046
PuInAs,747933.0633104489
PuInAu2,570432.8227100039
PuInBi2,463041.8686301809
PuInGa,800258.2875134079
PuInGe,721917.436879207
PuInGe2,591103.4605552574
PuInHg2,525628.0459994938
PuInIr,674958.4596148566
PuInO3,650132.3666771136
PuInPd2,642060.1387976033
PuInPt,683529.6673955674
PuInPt2,587969.1673409474
PuInRh,739071.9639006612
PuInSb2,492846.3383668109
PuInSi,765792.7079973248
PuInTe2,405715.34936639294
PuIr,1126842.5934075247
PuIr2,816478.1405640608
PuIrAu,608103.8269630917
PuIrAu2,598690.7306692712
PuIrO3,750641.1604404983
PuIrPb,672856.8640692119
PuIrPd,664112.5102120101
PuIrPt,589553.3961315858
PuIrRh,609477.1101936634
PuMg,1089235.406436296
PuMg2Au,621808.9447133226
PuMg2In,586098.1474216414
PuMg2Pt,643936.0507086556
PuMg3,564490.2656136589
PuMgAl2,623263.2742210475
PuMgAs,809921.4655023939
PuMgAs2,550976.3578732902
PuMgAu2,619623.9931026
PuMgBi2,495377.75985953823
PuMgGe,739708.6347478875
PuMgIr,687329.3778007776
PuMgIr2,549692.5554910615
PuMgO3,608817.4428673029
PuMgPb2,493097.87608854007
PuMgPt,716718.8844129447
PuMgSb,722706.1634646638
PuMgSb2,506696.6546605894
PuMgSi,771478.3060852849
PuMgSi2,625557.1743101061
PuMgSn,663979.4663295333
PuMgSn2,522189.2220331446
PuMgTe,644539.0835105435
PuMgTe2,486187.42831809714
PuMnAl2,308576.55165820965
PuMnGe,390220.97729305754
PuMnO3,1308886.250118948
PuMnSb,297536.39502814156
PuMnSb2,210627.31063223036
PuMnSn,176755.58601644766
PuMoAs2,535869.5494275673
PuMoO3,846537.5827049715
PuN,1530413.178354586
PuN2,457522.64152592263
PuNb2Pt,759253.5531183189
PuNbAl2,537551.395935746
PuNbAs,619336.3699620082
PuNbAs2,484200.77977305086
PuNbO3,799528.9337921304
PuNbSb2,429814.5219957098
PuNbSi2,495039.6132109466
PuNbTe2,502236.9474426424
PuNi,1357844.4457122236
PuNi3,729925.0819736248
PuNi4,325336.8168744962
PuNi5,382296.9527810129
PuNiAs,776452.4311388382
PuNiBi,668153.9288157162
PuNiGe,693066.9931885425
PuNiO3,999499.5117555244
PuNiPt,700392.5915939134
PuNiSb2,648177.4338908349
PuNiSn,616802.5798492951
PuNiTe,761749.9285518061
PuNiTe2,540206.4590530869
PuNpAs,1327496.0847774968
PuNpAs2,958668.5260355631
PuNpAu2,1025095.0861427166
PuNpB4,875651.4911776526
PuNpBi2,805879.9507861023
PuNpIr,1194789.2054534547
PuNpIr2,994743.7666264864
PuNpO3,889868.0933606452
PuNpPd2,1199330.8517782984
PuNpPt,1213904.2747288141
PuNpPt2,1088415.4807330265
PuNpRh2,1077335.1057790222
PuNpSb2,834434.1402876325
PuNpSi2,1084422.501030657
PuNpTe2,939143.882988181
PuO,1650722.2049644869
PuO2,809197.2133801637
PuO3,453814.79875394923
PuOF,1039511.657915706
PuOsO3,667077.1969798303
PuP,1017172.4618091757
PuP3,590742.5394777727
PuPa2Al,628278.4745014291
PuPa2As,693809.3690428716
PuPa2Au,740118.0129932391
PuPa2Sn,697737.889969349
PuPaAl2,625781.9480091173
PuPaAs,948687.2360872212
PuPaAs2,712375.4823627061
PuPaAu2,701382.7026947353
PuPaGa2,611608.4170316411
PuPaIr,752196.653614478
PuPaO3,711359.2885332087
PuPaO4,578038.6594099796
PuPaPd2,717488.593630881
PuPaPt,719789.8162829902
PuPaRh,679510.4515740185
PuPaSb2,608564.675350311
PuPaSi2,595545.339116367
PuPaTe2,725521.1763019216
PuPb,985390.0023978273
PuPb2Au,529730.8824889807
PuPb3,478598.3522468161
PuPbAu2,553195.1344217879
PuPbO3,462268.0354659899
PuPd,1151385.2519158595
PuPd2Pb,613041.3700944434
PuPd3,340585.20039909106
PuPdO3,465667.69751015585
PuPdPb2,567542.9423895417
PuPdPt,704139.7740016836
PuPdPt2,590735.0374296089
PuPt,1109876.0476709588
PuPt2,840401.5201034595
PuPt2Pb,573443.0585886352
PuPt3,559030.9010015698
PuPt5,399542.438821257
PuPtAu,699845.7065204816
PuPtO3,716761.0763971392
PuPtPb,584504.5825641612
PuPtRh,675350.5244647965
PuPtRh2,558188.4441807905
PuReB2,796816.6057352633
PuReB4,659632.1440369955
PuReGe2,553724.31191846
PuReO3,774002.5060863247
PuRh,1166151.8178607111
PuRh2,829667.7518077987
PuRh3C,623471.0148139556
PuRhAu,672928.5267046505
PuRhAu2,609294.7929641223
PuRhO3,616297.016303605
PuRu,1049657.32772308
PuRuO3,760893.5938508486
PuS,1223276.7260523608
PuS2,751550.9979267998
PuS3,551362.9553967804
PuSb,909528.9669270893
PuSb2As,561226.4354451742
PuSb2Ir,696672.4681672623
PuSb2Pb,461403.0909538286
PuSb2Rh,669695.9304601165
PuSb2Ru,689896.5238464768
PuSb2Te,515206.21618685324
PuSb3,453435.7535316127
PuSbAs,645752.5524746666
PuSbAs2,535956.2374084538
PuSbIr,615614.3952700798
PuSbO3,428677.3775261816
PuSbOs,680990.2866317503
PuSbPd,555919.2380295431
PuSbPd2,322601.90611733677
PuSbPt,619518.3793724698
PuSbPt2,564380.4931409254
PuSbRu2,619693.2288718252
PuSbTe,533757.9974392438
PuSbTe2,530290.6163939505
PuSe,1098725.4954620325
PuSe2,666134.9040294542
PuSe3,476106.70193632785
PuSi,1229712.1349337357
PuSi2,916714.3086181728
PuSi2Ag,668806.9945935329
PuSi2Au,686644.860077701
PuSi2Ir,794614.4684188227
PuSi2Os,701209.4559245551
PuSi2Pd,749889.5831890717
PuSi2Pt,787163.4794250142
PuSi2Rh,799188.2312515593
PuSi2Ru,705318.2351892712
PuSi2Tc,600962.9131284854
PuSi2W,506333.6593835391
PuSi3,690153.5251228253
PuSiAg,688074.9395493793
PuSiAs,743618.9207590668
PuSiAs2,573616.1170517043
PuSiAu,704743.0493860083
PuSiAu2,611449.2483793551
PuSiGe,811818.2985459502
PuSiHg,761294.5576100305
PuSiIr,787411.2795450515
PuSiO3,732339.7519129848
PuSiPd,698261.3787852094
PuSiPd2,693843.551540666
PuSiPt,672757.110753148
PuSiRh,825799.1960852854
PuSiRu2,600693.7870905139
PuSiSb,701847.0971841833
PuSiSn,738099.566967774
PuSiTc2,526849.1296863954
PuSiTe,661662.4912617167
PuSiTe2,526095.9720001672
PuSn,1029767.1538162506
PuSn2As,527529.7989391322
PuSn2Bi,483320.1698620045
PuSn2Pb,473415.01532027207
PuSn2Pd,612879.9210198006
PuSn2Sb,490582.763070086
PuSn2Te,514125.84314164426
PuSn3,531119.3771583531
PuSnAs,627165.8223529865
PuSnAu2,565316.9363424747
PuSnBi2,466606.93890090677
PuSnGe,697067.3173553074
PuSnGe2,579949.9282474178
PuSnHg,625327.5126448141
PuSnIr,699885.9897570052
PuSnO3,478315.258652332
PuSnOs,665243.4204360252
PuSnPd,598094.2425977786
PuSnPd2,636773.223232436
PuSnPt,588422.1550928463
PuSnPt2,594452.7528903951
PuSnRh,713772.2860151759
PuSnSb2,467304.9736774977
PuSnTe2,471258.92379415646
PuTa2O4,618874.2630371611
PuTaAs2,559084.1184972419
PuTaO3,826613.1486892017
PuTaSb2,490626.9074028004
PuTaSi2,546250.746175017
PuTaTe2,506110.0654996055
PuTcAs2,625545.2033544957
PuTcB2,795989.0634125583
PuTcB4,645310.9870193434
PuTcO3,886316.3689305512
PuTcSb2,555247.3491845661
PuTcSn2,503470.1916348813
PuTcTe2,710880.9943105009
PuTe,880598.3407194745
PuTe2,544289.8526772519
PuTe2As,561517.1785140068
PuTe2Au,453637.7685415985
PuTe2Ir,646720.7752619456
PuTe2Mo,617668.090949057
PuTe2Pd,491448.58271053154
PuTe2Pt,530105.2564369579
PuTe2Rh,603591.8880408902
PuTe2Ru,736283.4842254209
PuTe3,420342.4548920796
PuTeAs,573942.035846086
PuTeAs2,577549.7923710147
PuTeAu,663243.9233247963
PuTeIr,638749.9462839304
PuTeO3,557283.8364207173
PuTeOs,600942.8361407852
PuTePd,682047.2194507865
PuTePd2,647819.9247497913
PuTePt,683540.4919830537
PuTePt2,549670.3354298695
PuTeRh2,515840.19805815135
PuTeRu2,409958.3355786212
PuTh2As,663159.4343076493
PuTh2Au,636281.2086574073
PuTh2Bi,590940.6698553265
PuTh2Ge,628633.6907354075
PuTh2O4,454994.06121389306
PuTh2Pb,566888.4949591961
PuTh2Sb,606026.8576246402
PuTh2Sn,562656.2643898975
PuThAl2,539327.7223056377
PuThAs,727656.9520088212
PuThAs2,575286.0454012923
PuThBi2,472975.01442952134
PuThGa2,558864.6679441443
PuThGe,692618.1406053883
PuThGe2,587108.7910531863
PuThIn2,493774.2433977084
PuThIr,747393.7040130431
PuThO3,537458.5016511972
PuThOs,691643.6031780792
PuThPd2,645969.094224507
PuThSb2,492314.11420935945
PuThSi,726914.1829952036
PuThSn2,528262.376691031
PuThTe,702948.2632923435
PuThTe2,573843.9527020785
PuThTl2,519396.91960084665
PuTi2Bi,817010.9488961352
PuTi2Ga,903730.8612257744
PuTi2In,826891.3479251761
PuTi2O4,650061.6965774996
PuTi2Pd,953709.5974914746
PuTi2Sb,837333.2004001822
PuTi2Si,894447.6933037525
PuTi2Sn,825287.1145263048
PuTiAl2,711031.2725274205
PuTiAs,969642.8037084866
PuTiAs2,744620.7435779016
PuTiAu2,794938.8233342257
PuTiGa2,758353.6297865479
PuTiGe,934666.8179265982
PuTiIr,948287.330114307
PuTiO3,810672.4357488574
PuTiPd2,847481.8362827509
PuTiPt,960155.8359654086
PuTiSb2,646197.6185538091
PuTiSi,878285.1260647114
PuTiTe2,382232.0868120447
PuTiZn2,846455.8912277649
PuTl,992875.7133604282
PuTl2Au,545078.356349738
PuTl2O4,390564.44910199795
PuTl2Pt,575608.8871664692
PuTlAs,656691.606410187
PuTlAs2,512251.6609918068
PuTlBi2,447795.6514018556
PuTlGe,691160.1239090655
PuTlIr,654444.095638786
PuTlO3,467584.2047426632
PuTlPd2,632884.5260865273
PuTlPt,671414.0190804403
PuTlPt2,570342.8356214418
PuTlRh,684371.5434213723
PuTlSb2,457169.0325678505
PuTlSn2,507773.3756218651
PuTlTe,564407.2814439904
PuU2As,351817.75355824764
PuU2O4,861154.6436246581
PuU2Si,317949.8586065359
PuUAs2,857734.447385825
PuUAu2,898309.7000942779
PuUC2,816884.9329233693
PuUC3,747542.8227767778
PuUGa2,900593.644129132
PuUGe2,929308.9834345027
PuUIr,1042446.7544281395
PuUN2,795916.4744652144
PuUO3,867772.7743273262
PuUPd2,965376.4876180883
PuUPt,849777.6192990798
PuUPt2,370577.90006932284
PuURh,690844.612903033
PuUSb2,717488.3633484277
PuUSi2,946883.738069496
PuUTe2,833462.1532066914
PuVAs,648215.6141716674
PuVAs2,869857.6056569682
PuVO3,983860.3053398136
PuVPt,831454.3112101867
PuVSb2,737882.4710443096
PuVSi2,331508.2731837299
PuWC2,760561.3019777612
PuWO3,792278.3412370835
PuZn,800510.4238600954
PuZn2,901985.5196746032
PuZn2Ag,694243.4195987694
PuZn2Au,678303.255934934
PuZn2Bi,595118.4982967443
PuZn2Hg,665379.410956029
PuZn2In,641727.0867158646
PuZn2Ir,672097.8083138645
PuZn2O4,417269.3020567888
PuZn2Sb,620282.0939174715
PuZn2Sn,677628.0214657399
PuZn2Te,619773.0984107086
PuZn3,693250.2910526247
PuZn5,510078.07024126156
PuZnAs,798510.703207313
PuZnAs2,627934.6227288222
PuZnAu2,624479.3585858084
PuZnBi,711983.1744062217
PuZnGe,824953.2318513771
PuZnHg2,568282.6632797597
PuZnIn2,570686.0607573085
PuZnIr,761010.8065068756
PuZnO3,560568.6683709559
PuZnPt,800109.8403094932
PuZnSb,558367.1004508816
PuZnSi,854799.421606303
PuZnSi2,681117.396397106
PuZnSn,729338.8685468214
PuZnTe,612535.815711329
PuZnTe2,447691.1295624497
PuZr,1035580.1113010356
PuZr2Al,656861.996184362
PuZr2Ga,681429.7185014245
PuZr2O4,534364.8999553589
PuZr2Pd,763479.6317238841
PuZr2Sb,719803.827892191
PuZr2Sn,631999.4819148908
PuZr2Te,779214.0288266266
PuZr4C5,255456.81143905703
PuZrAl2,641336.6904686531
PuZrAs,822371.2795416339
PuZrAs2,660684.0696509186
PuZrAu2,674331.8646033301
PuZrGa2,655863.1607637556
PuZrGe,787805.370684216
PuZrIn2,578810.8158189232
PuZrIr,844738.411374956
PuZrO3,781000.2645497866
PuZrOs,734339.9697654886
PuZrPd2,719812.8966796341
PuZrPt,749835.6322331306
PuZrPt2,671528.403795469
PuZrSb2,593983.084437391
PuZrSi,764667.7126651556
PuZrSi2,642554.3744183197
PuZrSn2,581254.8048641125
PuZrTe2,512917.0043067787
PuZrZn2,754516.7789965082
Rb(CrS2)2,296092.55823649076
Rb(CuO5)2,130210.24197161243
Rb(FeAs)2,208292.94592575473
Rb(IrO2)6,162557.59732271757
Rb(ReO2)2,455170.68613840395
Rb(RuO2)2,238319.0341230736
Rb(TcO2)2,461220.65375388536
Rb(USe3)2,135615.96063533777
Rb(WCl3)3,70539.65410420802
Rb(WO2)2,276551.4335606997
Rb(WO3)2,64168.05640099531
Rb17Fe5O16,294937.67550668103
Rb2(TeO4)3,132062.6846387352
Rb2AcO4,170664.3596681644
Rb2AgMoBr6,84560.73747670911
Rb2AgMoCl6,98522.30833644269
Rb2AgMoF6,160332.0646779496
Rb2AgMoI6,68869.16665541654
Rb2AgPdF6,57014.057585355826
Rb2AgRuF6,52592.585942997706
Rb2Be2Cd(O3F4)2,362725.274760943
Rb2Be2Co(O3F4)2,357819.8189169521
Rb2Be2Cu(O3F4)2,343547.7268184724
Rb2Be2Zn(O3F4)2,373580.8167184766
Rb2Be3Ni2F12,141825.38020057886
Rb2BeNi2F14,195205.56311037365
Rb2Co(SO7)2,297449.8587307153
Rb2Co2(MoO4)3,77646.42909977087
Rb2Co2O5,149015.6600443543
Rb2CoBr4,109674.07795992798
Rb2CoCl4,129887.08021349418
Rb2CoF6,72498.90418366324
Rb2CoHgF6,54692.183509684604
Rb2CoI4,89323.08966461742
Rb2CoO3,250207.43183644602
Rb2CoO4,75467.86710649922
Rb2CoP4(HO2)8,80233.45924429857
Rb2CoS2,197679.9007484548
Rb2Cr(BrCl)2,166290.51437719725
Rb2Cr(ICl)2,109214.18194115117
Rb2Cr2As2O9,248627.4156187938
Rb2Cr2O5,384734.74837571906
Rb2CrAgF6,164521.96552553587
Rb2CrAuF6,160622.7017239218
Rb2CrBrCl3,170787.41430302663
Rb2CrCl4,182212.82973375265
Rb2CrF5,232657.5911551633
Rb2CrF6,130162.5552684486
Rb2CrHgF6,163498.58427657065
Rb2Cu(Cl2O)2,117292.23025406979
Rb2Cu(ClF)2,53511.12417593803
Rb2Cu4H5(SO5)4,55512.68541906212
Rb2CuF4,79511.51304306227
Rb2CuF6,62854.46947634194
Rb2CuMoBr6,91806.51857561088
Rb2CuMoCl6,108680.09402534897
Rb2CuMoI6,74075.69692480916
Rb2CuRuF6,60136.36868652808
Rb2Fe2O3,467752.5322199366
Rb2Fe2O5,672792.2167302133
Rb2Fe4O7,1054153.4630355872
Rb2FeAuF6,263957.79283808864
Rb2FeCuF6,307305.0155449244
Rb2FeF4,308227.37054757524
Rb2FeF5,381389.1140848658
Rb2FeH2Br5O,156868.2453441056
Rb2FeI4,116526.49226757772
Rb2FeO4,148155.0189162966
Rb2FeOF5,318863.1800650274
Rb2HfO4,128078.52891204412
Rb2HgMoF6,77193.54155976446
Rb2HgPdF6,95388.45486785426
Rb2HgRuF6,81265.58550639205
Rb2IrF6,69731.21731096802
Rb2IrO4,68317.10088492018
Rb2Li(OsO3)2,55234.75066055023
Rb2LiAuF6,117061.48517064503
Rb2LiFeF6,353652.64714341937
Rb2LiMn3F12,435835.54628533445
Rb2LiMnF6,255682.83799578442
Rb2LiMoBr6,88582.80286180321
Rb2LiMoCl6,105680.25523162013
Rb2LiMoF6,181116.56781190162
Rb2LiMoI6,70218.13685301109
Rb2LiNbF6,118990.16891590718
Rb2LiNiF6,65672.80471643756
Rb2LiPdF6,61490.874547732725
Rb2LiPu(Cl2O)2,100816.15433500396
Rb2LiRuF6,59274.504571992176
Rb2LiTaBr6,58868.459060854584
Rb2LiTaCl6,70210.2669351547
Rb2LiTaF6,119764.75935386888
Rb2LiTiF6,62686.59877058977
Rb2LiV(PO4)2,82391.10613569831
Rb2LiVCl6,71589.20309713125
Rb2LiVF6,127712.57240865237
Rb2Mg(FeO2)2,400383.73585836554
Rb2Mg(FeS2)2,186007.21080149556
Rb2MgCu4H5(SO5)4,61664.65767711665
Rb2MgFe4O7,313986.730689836
Rb2MgMo2P2(ClO5)2,111412.32253129699
Rb2MgNi2W2(OF)6,58280.887403807
Rb2MgTi2Zn2(OF5)2,62137.040407041364
Rb2Mn(PS3)2,160406.96095383665
Rb2Mn(TeS3)2,140567.70084643725
Rb2Mn2O5,433457.79736917716
Rb2Mn3Se4,533781.872090335
Rb2Mn3Te4,436931.0692193105
Rb2MnAgF6,219692.86963870918
Rb2MnAuF6,214668.5375606969
Rb2MnBi2,176279.42034340528
Rb2MnCl4,224206.80281913662
Rb2MnCl6,115723.0562444086
Rb2MnF4,376138.4573352274
Rb2MnF5,273970.99926561606
Rb2MnF6,202055.59067982069
Rb2MnH12(SeO7)2,113294.59064781912
Rb2MnH2OF5,257182.3626261632
Rb2MnHgF6,262097.59639417133
Rb2MnI4,143858.83982950498
Rb2MnO4,74180.86335471037
Rb2MnP2,147943.45767518057
Rb2MnP2H3(O4F)2,155152.67483247485
Rb2MnS2,309656.31115081324
Rb2MnSb2,187609.71603925084
Rb2MnSe2,275569.3773679547
Rb2MnTe2,229966.87386201078
Rb2MnTlF6,192303.7862792935
Rb2MnV2(ClO3)2,162728.05383841207
Rb2MnV2O7,217042.16325177407
Rb2Mo2O5,202782.56168515648
Rb2Mo3O11,61777.347311192054
Rb2MoAuF6,146825.7224741882
Rb2MoBr6,63278.84214234074
Rb2Na2IrO4,185357.56864053212
Rb2Na2MgTi2O6,79394.30612805192
Rb2Na4Co2O5,264871.42305835884
Rb2NaAuCl6,59171.69845786073
Rb2NaAuF6,105403.35406404332
Rb2NaCr(CN)6,93587.09100491488
Rb2NaCrCl6,102028.56359082053
Rb2NaCrF6,196122.28252471032
Rb2NaCuF6,118063.99140562314
Rb2NaFeF6,321403.868147449
Rb2NaMn(CN)6,64039.59590455181
Rb2NaMn3F12,452624.574990981
Rb2NaMnF6,233159.0742770465
Rb2NaMnO4,135438.9603381208
Rb2NaMoBr6,81991.81705431802
Rb2NaMoCl6,97226.95462303374
Rb2NaMoF6,181983.56033527854
Rb2NaMoI6,65139.47556311707
Rb2NaNbF6,107246.27299426694
Rb2NaNiF6,68147.64537819815
Rb2NaPdF6,55478.2918952075
Rb2NaRuF6,56890.480859693096
Rb2NaTaBr6,54519.5840546885
Rb2NaTaCl6,64455.61384161731
Rb2NaTaF6,108099.54623677678
Rb2NaTiF6,64294.51323472896
Rb2NaVCl6,67397.03403888617
Rb2NaVF6,131433.9117601974
Rb2Nb2O5,70289.26772374187
Rb2NbAgF6,98075.99232383729
Rb2NbCuF6,110485.15648081678
Rb2NbF6,66908.48155459992
Rb2NbO4,66274.26487818643
Rb2NbTlF6,85740.95273521467
Rb2Ni(PS3)2,64849.36127969129
Rb2Ni2O3,258328.6692202502
Rb2Ni2O5,313628.8216844901
Rb2NiF4,169439.646327819
Rb2NiO2,166554.19288493993
Rb2NiO4,436297.6023465148
Rb2NiP4(HO2)8,54261.02783451115
Rb2Np2O5,325220.0228925536
Rb2NpO4,73055.60017470505
Rb2Os2O5,90847.45219939532
Rb2OsO4,137496.73157717317
Rb2PH3SO8,67110.7967893576
Rb2PSO8,121435.14081734946
Rb2Pa2O5,103529.56519208635
Rb2PaO4,59918.90853002728
Rb2Pt2O5,59058.202693324594
Rb2Pu2O5,438075.61491166224
Rb2PuCl5,189506.64715609344
Rb2PuCl6,133173.22380468706
Rb2PuO4,133351.9876397666
Rb2ReF6,188056.2173717099
Rb2Rh2O5,100298.9032004585
Rb2RhF6,70624.7367610793
Rb2RuAuF6,51631.241984885084
Rb2RuO4,136321.4426173901
Rb2S2O7,94067.24842299489
Rb2Ta2O5,207712.85533358282
Rb2TaAgBr6,55659.984056687965
Rb2TaAgCl6,64889.64469735113
Rb2TaCuBr6,60725.644355499135
Rb2TaCuCl6,71642.62315993987
Rb2TaCuF6,104638.74043701729
Rb2TaTlF6,83859.40886690714
Rb2TcCl6,110833.84213880607
Rb2TcI6,73982.45195650369
Rb2Ti2O5,83505.19554048147
Rb2TiAgF6,52560.535388274024
Rb2TiCr2(MoO4)6,89651.27167547603
Rb2TiFe2(MoO4)6,151689.3302594206
Rb2TiSi3O10,76034.55509479377
Rb2TlCrF6,144071.11010588653
Rb2TlFeF6,249161.6658582113
Rb2TlMoF6,131803.49774288153
Rb2TlVF6,93655.73481034722
Rb2U2O5,207018.96931308278
Rb2U6Pt4Se17,143643.65479161422
Rb2UBr5,98861.12297323275
Rb2UBr6,54172.750645375854
Rb2UCl5,113910.61413392724
Rb2UF6,127792.67978593308
Rb2UH2(SeO5)2,57272.314418784605
Rb2UTe3,74990.43774576369
Rb2V2O5,146315.60234011943
Rb2V4O9,158261.85413505175
Rb2VAgF6,107662.66098988008
Rb2VAgSe2,107874.05354166622
Rb2VAuF6,104936.92056599772
Rb2VF6,60702.44685195031
Rb2W2O5,124638.72788266875
Rb2WBr6,62747.25408359931
Rb2WCl6,73277.54631326829
Rb2WSO4,92700.20854502897
Rb2Zn(SO7)2,158159.26984105434
Rb2Zr2O5,121831.44016698691
Rb3(Cr5Se8)4,443451.3043915348
Rb3(Cr5Te8)4,400498.37557608425
Rb3(FeS2)2,266303.3709929399
Rb3(FeSe2)2,260524.6112325227
Rb3(MoCl4)2,112928.05437708236
Rb3AuCl6,55085.38213403561
Rb3AuF6,85118.85482975793
Rb3BrF12,52523.4301164483
Rb3Co,86006.10007091874
Rb3CoCl5,101245.39980277642
Rb3CoO2,133122.32326011415
Rb3Cr,207218.20880151115
Rb3Cr(HO)6,140934.0291102868
Rb3CrF6,109165.12270491829
Rb3FeCl5,134504.91172465234
Rb3FeF3,199956.95161856036
Rb3FeF6,237714.47059520756
Rb3FeO3,314559.11687215493
Rb3Ga,78518.25178557384
Rb3GaP6(HO3)6,90392.48011029858
Rb3Ge7HO20,152554.96750676946
Rb3Hf,112502.87117317849
Rb3IrCl6O,55856.24829902818
Rb3MgNbO8,76976.5133577045
Rb3Mn,163308.19438142833
Rb3Mn16O32,788587.1057210396
Rb3Mn2Br7,231616.91192107144
Rb3Mn2Cl7,275081.72045198764
Rb3MnBr5,142385.64500027432
Rb3MnF6,188642.41758449498
Rb3MnH5,255415.92083159473
Rb3MnO3,260436.23589227744
Rb3Mo,199544.17624714322
Rb3Mo2Br9,82469.81807263178
Rb3Mo2Cl9,95456.93127129288
Rb3Mo4(P2O11)2,54566.833421431365
Rb3MoF6,138647.7904066305
Rb3Na(RuO4)2,150735.8909227975
Rb3NaMg(MoO4)2,59703.70546969763
Rb3NaMg(RuO4)2,60823.46276123908
Rb3NaMg(WO4)2,57477.93825944355
Rb3NaNb2O3F10,54603.66584574157
Rb3Nb,224972.99244650526
Rb3Nb20O34,56318.85579272142
Rb3NbF6,85683.75295542154
Rb3NpO9,144782.36559975916
Rb3Os,72736.75833513649
Rb3Pu,240636.13843549244
Rb3Re,179707.23483227578
Rb3Ru,83812.26243654746
Rb3RuF12,163975.34007668972
Rb3SbF12,124110.14933220908
Rb3Ta,232903.7492282299
Rb3TaF12,87750.74937128053
Rb3TaF6,81025.88502653463
Rb3Tc,163021.55954350965
Rb3Th,89282.61387320085
Rb3Ti,125951.60092877758
Rb3UF6,88879.2531953872
Rb3V,196046.74041441828
Rb3V2Br9,83975.98983293714
Rb3VF6,99239.09701481556
Rb3VO8,137818.40296842996
Rb3W,217459.0571207142
Rb3Zr,145136.7611186814
Rb4CO6,64270.476354927676
Rb4Fe2O,168958.15690988052
Rb4Fe2O5,425404.82536585873
Rb4FeO4,199973.9933032156
Rb4Mg(CoO3)2,306345.9480488124
Rb4Mg(FeO2)4,560203.2642957288
Rb4Mg(MoO4)2,57398.512729365764
Rb4MgU4Cr4O24,89647.12134846844
Rb4MgV4O10,178851.77749819472
Rb4Mn(AsS4)2,105579.3092582063
Rb4Mn(MoO4)3,114403.58603854862
Rb4N2O7,60682.40860318376
Rb4NaW2N5O,50631.1976727633
Rb4NpS2ClO10,54536.25780941845
Rb4Pu4O11,392363.1233847898
Rb4U4O11,163232.58724230487
Rb5(CoO2)2,181060.96076010301
Rb5(FeO2)3,434737.94476689456
Rb5Fe10F34,680176.7013950599
Rb5FeO4,199989.07229902182
Rb5HW3S4(NO7)2,217958.12024350662
Rb5LiSi2NiO8,63043.18192353933
Rb5Mo2Br9O,118218.16896482678
Rb5Mo3O3F14,53537.0620985655
Rb6Al2(Sb2O7)3,146450.5597360127
Rb6Al4(Sb2O7)3,70881.17405851943
Rb6C5,307763.82084309746
Rb6Co2O7,265747.36503434076
Rb6Fe2O5,254292.1091778546
Rb6Mg(FeO3)2,225317.13977495662
Rb6Mn2CrCl12,205032.7098974498
Rb8C4O7,74750.34097310927
Rb8Fe2O7,251670.77216965688
Rb8Mg(FeO4)2,227900.57135074819
Rb8N3O,77409.9050624736
Rb8Ti3Cr2Ni3(P2O7)8,88969.67278258855
Rb9Co2S7,111439.99757300662
RbAc2Sb,62436.445541303416
RbAcTe,62513.36903754531
RbAl6H20N5F24,65554.17201518464
RbAlAgF6,67382.25803110035
RbAlCuF6,73241.75389092279
RbAlFe2F2,349206.91540453874
RbAlNiF6,150922.92055259706
RbAlO3,150970.83470893608
RbAsO4,165289.56959603063
RbB(CN)2,130568.24577336441
RbBO3,184005.36003603283
RbBa2Fe2F9,338225.3427096711
RbBa2NbO6,102644.26753504494
RbBa2Ni2F9,175168.76682836862
RbBa2RhO6,193595.12292502547
RbBa2TiO6,159121.56141493152
RbBaMnO4,155912.44072249057
RbBaN3,343641.7338195815
RbBeO3,237946.44297835766
RbCd6C12BrO26,57926.19364848035
RbCd6C12ClO26,52998.88995872652
RbCdN3,549162.5534033466
RbCdO3,155026.89599822275
RbCo(BrO2)3,191741.03619204188
RbCoBr3,186752.69500666298
RbCoCl3,222228.4808577323
RbCoCuS2,251429.8296668729
RbCoF3,134557.73753786468
RbCoN,66896.62415272639
RbCoNiF6,403716.44232221384
RbCoO2,481889.7092348532
RbCoO3,307021.49808082904
RbCr(SO4)2,174142.20974534078
RbCr3O8,154169.65882959907
RbCr3S5,471547.8945810391
RbCr4O8,577088.9530972
RbCr5S8,523127.6673331374
RbCr5Se8,456115.8397357186
RbCr5Te8,365730.3782923669
RbCrCl3,273682.551224954
RbCrCoF6,389064.8312446608
RbCrF3,485661.5284675709
RbCrF5,199908.5252332767
RbCrF6,93137.97254710304
RbCrI3,186434.91983316996
RbCrNiF6,329163.4878604085
RbCrO2,533262.7564142089
RbCrO3,166597.62204564482
RbCrSe2,279194.51527406456
RbCu2H3(SO5)2,87145.7728879956
RbCu2H3(SeO5)2,81843.60109721155
RbCuO3,152314.593343364
RbF2,66458.30967699576
RbFe(MoO4)2,228421.11743135322
RbFe(SO4)2,257919.8538465636
RbFe(SeO4)2,260030.824473441
RbFe2Se3,303454.54917086795
RbFe2Te3,283328.1482175991
RbFe3O5,1201245.8614551374
RbFe5O8,1138324.8774436484
RbFeBr4,209186.22524582475
RbFeCl3,304505.2877351126
RbFeCl4,249253.2462998204
RbFeCuF6,389476.5235822745
RbFeF3,533290.3996981604
RbFeF4,533868.7538048518
RbFeI4,173962.793811834
RbFeN,68743.55556964397
RbFeO2,598583.3783357862
RbFeO3,462820.5242668202
RbFeP2(HO4)2,261787.70620613563
RbFeS2,222294.2219583971
RbFeSe2,232874.05467907194
RbFeSe2O7,276922.31219033495
RbGaAgF6,62883.152076905324
RbH4O3,93621.00931825257
RbHfO3,126541.69667083223
RbHfTe2,76290.40674104166
RbHgC2N2ClO,70531.89278348438
RbHgO3,83735.46579389668
RbI4N3,197075.51801777596
RbIrO3,168033.80634056212
RbLi2Co2(BO3)3,355814.6536414691
RbLi2Cr2(BO3)3,286732.4986218103
RbLi2Fe2(BO3)3,433618.04663835483
RbLi2Mn2(BO3)3,342354.5610523287
RbLi2Ni2(BO3)3,270582.5314287732
RbLi2V2(BO3)3,170762.23847604354
RbLi3S2O9,87083.57058674074
RbLi7(NiO3)2,198649.5478402988
RbLiMg6O7,57135.75292819944
RbLiMn(BH4)4,189388.03818410038
RbLiMn3O4,1056229.158267802
RbLiMnP3HO10,190167.1551972838
RbLiMnS2,459365.0980966384
RbLiMoHO4,64636.02922017234
RbLiO3,254078.32519943741
RbLiV(PO4)2,51011.717769352435
RbLiVPO5,135612.55208014473
RbLiWO5,131194.05202304738
RbMg(BrO2)3,94232.96632001614
RbMg(ClO2)3,160584.43684645015
RbMg14CoO16,74943.16223424172
RbMg14Cr,93312.6891845366
RbMg14CrO16,96948.7970940825
RbMg14FeO16,135218.7007526346
RbMg14Mn,86549.20385535639
RbMg14MnO16,121166.0440037397
RbMg14V,78983.88882545853
RbMg14WO16,81379.04894236645
RbMg30FeO32,72552.79418093534
RbMg30MnO32,57920.891598621274
RbMg3O4,92108.86223357235
RbMg6CoO8,159878.44269791147
RbMg6Cr,193835.33633411067
RbMg6CrO8,212493.2300966215
RbMg6Fe,127146.18406582555
RbMg6FeO8,259314.86289931426
RbMg6Mn,174498.07713828285
RbMg6Ti,57500.34689873866
RbMg6TiO8,50844.78465587679
RbMg6V,153359.96582675667
RbMg6WO8,148235.82432024166
RbMgCr3O8,229656.85884946884
RbMgCrF6,66420.57671989116
RbMgFe(MoO4)2,238650.22748267668
RbMgFe(SeO4)2,132170.88999544553
RbMgIn(MoO4)2,58464.440299193935
RbMgMn4O8,717677.4867152643
RbMgMoO3,205030.698857404
RbMgNbO3,98590.19739197724
RbMgNiF6,202878.67081051724
RbMgO3,188470.35935196243
RbMgV2Fe(AgO4)2,124641.2386250883
RbMgV4O10,125858.09280007787
RbMn(CN)3,75364.25550929522
RbMn4O8,849859.7928991427
RbMn6O12,838241.9845059252
RbMnAs,389236.0124388871
RbMnBr3,288056.17717318743
RbMnCl3,351034.9945323331
RbMnCu3Se4,120127.70433941066
RbMnCuS2,421907.8899583848
RbMnF3,630052.7908346493
RbMnF4,437225.1799282673
RbMnH2OF4,362651.482979906
RbMnH4Cl3O2,263106.81658944243
RbMnN,213251.10776112965
RbMnO2,541952.3795867444
RbMnO3,279405.27890167054
RbMnP,191658.2657817634
RbMnP3HO10,173705.2518490432
RbMnPO4,427302.7461622554
RbMnSb,432208.82842759124
RbMnSe2,326050.1589975074
RbMnTe2,264396.4462662021
RbMnVO4,385605.66563945706
RbMoPClO5,60122.45586644112
RbN,333344.97078676446
RbNa2Al3Si3O13,56245.66525445206
RbNa2C,76382.23080514834
RbNa2CrF6,151737.66595367334
RbNa2FeF6,264761.25181741803
RbNa2NiF6,53282.2810199634
RbNa2NiO2,92054.74503803358
RbNa3Fe7(PO4)6,493665.475599564
RbNa3W2O17,457894.51408255735
RbNa7(CoO3)2,74257.88430021603
RbNaB4H4O13,126389.30464702012
RbNi2F6,227556.91833786556
RbNiBr3,125658.12248522411
RbNiC2BrN2,65154.69842745171
RbNiC2N2Cl,67973.9214705658
RbNiCl3,149015.5688522806
RbNiF3,275492.0112562552
RbNiO2,368125.04362319154
RbNiO3,544247.7960567803
RbNp3,1112838.0701327827
RbNpCuS3,188148.89416442288
RbNpO3,225751.79001732433
RbNpTe2,285316.28002546803
RbO2,138651.7869770968
RbP,211094.6864166267
RbP4(WO4)8,71244.1615080376
RbPO4,86302.80533298005
RbPaPt2,98671.66225848357
RbPaTe2,146222.52916493855
RbPbI3O2,68906.72535473912
RbPtO3,124387.45794379308
RbPuAs,534058.0252626758
RbPuAs2,441132.38787200005
RbPuAu2,518870.0714942589
RbPuO3,331425.09535354614
RbPuSb2,404457.7318719599
RbPuTe2,354338.4578519674
RbReO2,283189.40030711255
RbRhO3,269403.4058300519
RbRuF6,247881.5342112622
RbSO2,94160.26132182969
RbSO4,74134.18261599148
RbSeBr3,56479.946486142115
RbSeO4,81121.50128223035
RbTa2O4,68722.27193587678
RbTa7(CuO7)3,66913.91072244453
RbThO3,94212.16054284124
RbThTe2,51054.787977856824
RbTi2O4,70732.85069566648
RbTi3FeO8,290474.4342695044
RbTiBr3,119382.32862882856
RbTiCl3,91474.31576818612
RbTiI3,92435.12284090102
RbTiO3,123741.86108932659
RbTiS2,104024.98978190061
RbTiTe2,108106.07240514555
RbTl(FeSe)8,489023.35534910485
RbU2O4,334599.7073903234
RbU2SbS8,116807.5122832741
RbU3,388260.6580879684
RbU3F10,364095.0282611528
RbUAgS3,117054.8891952809
RbUAgSe3,106210.2013094478
RbUAsO9,168487.26052437493
RbUAuSe3,105678.5796833555
RbUCrO6,65385.834258301315
RbUCuS3,124461.59078899962
RbUO3,111199.36703809914
RbUTe2,213645.5880796052
RbUTe3Au,87940.08162803158
RbV2CrO7,205614.21679414253
RbV2O4,294480.76675697346
RbV2PO11,76985.50122687938
RbV3CdCu4O13,63576.660262211604
RbV5S8,176493.9466515093
RbV5Se8,302459.29544646223
RbVBr3,181611.0073115772
RbVCl3,174492.2171938925
RbVCuF6,118207.15733884236
RbVF3,394547.1121864726
RbVH4(OF2)2,144504.89536003442
RbVI3,140230.7037298993
RbVOF3,101995.68316314796
RbVP2S7,68059.52494001064
RbVPO5,75657.41753473092
RbWO7,106384.10252040396
RbZnO3,192443.12216701513
RbZnP2O9,139012.17279418666
RbZrMnF7,320345.25172535866
RbZrO3,114810.0922342666
RbZrTe2,82382.3719729022
Re(AgCl3)2,128663.69512064401
Re(C2N3)3,68709.15453340068
Re(RuO2)2,127868.51593773748
Re(SeCl6)2,66954.50338849622
Re(SiO2)2,142427.38684772607
Re(SnO2)2,114455.91910012615
Re(TeCl6)2,60340.34217540917
Re(WO2)2,232429.2884565587
Re(WO4)2,163554.84280707617
Re2Ag2O5,189105.21846611053
Re2AgO4,506498.4207764866
Re2AsO4,320507.9962897812
Re2Au2O5,194067.3467459419
Re2AuO4,508436.32991661597
Re2B2O5,132436.87278146128
Re2Bi2O5,145410.65046719852
Re2BiO4,344055.51780330704
Re2Ge2O5,193035.40587478943
Re2GeO4,414787.22353790957
Re2Hg2O5,185312.99732368838
Re2HgO4,457876.062962551
Re2Ir2O5,126413.53111670128
Re2MoO4,178884.14542331663
Re2Ni(H2O3)4,76214.11880132806
Re2Ni(MoS4)2,82458.39830741294
Re2Ni2O5,480534.4023355772
Re2NiO4,311324.01298357185
Re2NiO6,193424.7948921735
Re2NiO8,112840.52708572302
Re2O3,704491.6284881723
Re2Os2O5,107746.68541510074
Re2PCl13,87210.54188184947
Re2Pb2O5,122031.55908306637
Re2Pb2O7,167428.24083012488
Re2PbO4,375829.07644951553
Re2PdO4,423834.01969007956
Re2Pt(NO2)4,68729.27415956992
Re2PtO4,413512.19630069827
Re2Rh2O5,302808.8368444557
Re2Ru2O5,304389.1204292574
Re2S2NCl11,80476.06842062045
Re2SCl12,95289.78384469518
Re2Sn2O5,173591.47686421138
Re3(Cl5O4)2,125649.56793277893
Re3S4O8F,82599.92055195231
Re3Se4O8F,123725.10952291529
Re4Pb4O13,169775.85444877608
ReAg3,279450.0285814173
ReAgO2,140305.3919421594
ReBO3,269102.2147132066
ReC,284064.3067788968
ReC4S4N8Cl8O3,123976.76669386866
ReCNCl3O2,134131.7144599818
ReCSN2Cl3O2,63537.68989002971
ReCl3,105222.85639634976
ReCl4,149955.23249397284
ReF2,242729.87872524146
ReF3,912298.6302344222
ReF6,79704.27033533773
ReGeO3,415999.351500074
ReH8(Br3N)2,101293.38147464095
ReH8(I3N)2,77168.16633140438
ReIrO3,314825.72321433073
ReMoO3,693566.4265621665
ReN2(OF4)2,68500.56963617534
ReNi(PbO3)2,214219.47134682414
ReNiN2,82151.40884564591
ReNiO3,159011.36711887244
ReNiO4,284034.65975996724
ReOsO3,509957.2071020919
RePCl9,96994.40133746467
RePb3,86800.64730389138
ReRhO3,295569.7719991187
ReRuO3,481489.0820891054
ReS8NO2,55412.52478302842
ReSbO3,365526.6065010609
ReSiO3,472968.61032029975
ReSn3,92067.12801648698
ReSnO3,101669.91349930123
ReTcO3,646325.0964118864
ReTeO3,59649.04367637009
ReWO3,657065.7909778772
Rh,232239.6098214089
Rh(ClO7)3,462509.6489973024
Rh(OF3)2,98590.01949391839
Rh2Au2N10Cl12O,130196.41064857389
Rh2AuO4,107261.78373156147
Rh2W2O5,132293.12905908327
Rh3Br,304053.4238104894
Rh3F2,805267.5094922078
Rh3Pb,153422.5886542281
RhAuO3,342458.09640822164
RhC,172612.95659936356
RhF,673859.375458655
RhF6,223356.62282823824
RhN5Cl3,50221.934209612
RhWO3,285115.46892929816
Ru(IN3)2,181945.35820474755
Ru(WO2)2,91849.308845531
Ru2AuO4,320747.26197555923
Ru2O3,228361.80849286384
Ru2Pb2O5,166672.62180396743
Ru2PbO4,194009.96714913083
Ru2Rh2O5,140083.79209819483
Ru2W2O5,248043.73180811218
Ru4O5,604140.7453272106
RuAu3,233085.1414664915
RuC4(O2F3)2,58001.949566929296
RuCl(OF3)2,233188.43186647096
RuCl3,53512.52835011978
RuF,606696.4390637344
RuF3,1125383.9262578618
RuF4,325934.86800447956
RuF6,176387.06371306477
RuN,263264.46945190505
RuN6Cl3O2,92763.86468946727
RuPbO3,201255.82610736904
RuPtO3,60090.06860427412
RuRhO3,252918.85941446733
RuWO3,462163.22091846424
S(NF3)2,379792.60522509034
S(NO2)2,87986.70408220055
S3(NO2)2,62109.751352514875
SO5,263930.4271097705
Sb(Br3N)2,206036.76847909196
Sb(MoS2)6,59359.006412341165
Sb(WO2)2,211767.6189444651
Sb(WO3)5,56751.29153499055
Sb2F13,88691.64762611332
Sb2Ir2O5,159971.98983962578
Sb2IrO4,237865.8873145179
Sb2Mo2O5,159365.24537922404
Sb2O7,259323.23792491402
Sb2Pt2O5,85086.93737838998
Sb2PtO4,171050.2415094254
Sb2Rh2O5,182775.03238078507
Sb2RhO4,259208.7505850265
Sb2Ru2O5,264777.92087249254
Sb2RuO4,341531.86156552256
Sb2Te3WC4(OF3)4,61323.701681857936
Sb3O14,309865.06576804153
Sb4NF13,60039.14307868324
Sb5O14,108113.0440378123
SbAsN(O2F)2,152039.40903969872
SbF6,73375.09600668953
SbH2C(O2F3)2,92322.11262240267
SbH3CS2N,59502.486404337586
SbIrO3,175893.423792477
SbMoO3,308901.2858321228
SbN3(O3F)3,96152.24640201083
SbNClF3,266858.72110005777
SbO4,393130.4579377311
SbOsO3,143561.64588067064
SbP2O7,62867.837065564934
SbP6(WO8)3,54837.882195112456
SbPN2O4F,291119.22358078463
SbPO6,146859.01740309043
SbPtO3,90503.1485023297
SbRhO3,165006.23011516067
SbRuO3,315924.79120032117
SbSN2O4F3,285146.8763543129
SbSO6,80766.3091300659
SbWO3,297060.62441589317
SbWO7,173068.83513575516
Se2N3O8,295931.3925889237
Se2NO6,88114.74856244428
Se2S8N4O15,131180.29321634065
SeO5,383173.701166672
Si(NF3)2,264603.7591782366
Si(NiO2)2,553093.6120384042
Si2BiO6,66384.50871800959
Si2Ir2O5,124808.63363200672
Si2IrO4,58978.3561169843
Si2Mo2O5,226402.51350155004
Si2Mo4P6O25,231497.71708118997
Si2MoO4,324420.9919165375
Si2MoO6,150614.039690791
Si2Ni2O5,312561.89451626706
Si2Ni3H4O9,322997.98118630715
Si2NiO4,90870.22353265132
Si2NiO6,287855.56426513166
Si2Pt2O5,83468.51009248802
Si2PtO4,75589.31201532493
Si2Rh2O5,209200.40319224139
Si2RhO4,130104.12017623763
Si2Ru2O5,302296.9426643801
Si2RuPt,117803.41440422395
Si2Sb2Mo13O28,465534.48998911673
Si2SbO6,71152.93129928662
Si2Tc2O5,102701.42993024438
Si2W2O5,79089.07371154283
Si2WO6,147858.5502071963
Si3O8,113411.94414235161
Si4MoO10,84459.95636035177
Si4NiO10,75581.27977235061
Si4O9,87438.8713046867
Si4Pb2O11,65948.88990841176
Si4WO10,79502.6439115237
SiC2(NF)6,349094.723949245
SiHg2(O2F3)2,103284.02197259109
SiIrO3,302243.9030423477
SiIrRh,82029.52246688877
SiMoIr,73413.2829933656
SiMoO3,765494.6628761259
SiMoO4,289805.5057144727
SiMoPd,152044.23383320333
SiMoPd2,52669.67437554556
SiMoPt,173770.90839493737
SiMoRh,178346.3058223274
SiMoRu2,211099.67179625313
SiNi2Mo,66586.566122974
SiNi2Os,78203.87163701667
SiNi2Ru,78551.38528593311
SiNi3Mo2,187579.12585459196
SiNiH12(OF)6,72369.42290015222
SiNiIrRh,126485.92382728047
SiNiN2,343781.10035651067
SiNiO3,292909.94690407376
SiNiO4,573866.0540354161
SiNiRh2,122875.17649844268
SiNiRuPt,51742.833345707055
SiNiRuRh,133076.55908561632
SiOsO3,478161.5499968326
SiP4N2O13,128130.30117517558
SiPtO3,199639.1732309707
SiRhO3,309639.67913998314
SiRhW,51885.51808528979
SiRu2W,227572.01355311333
SiRuO3,525056.4897410253
SiRuPt2,50584.19557524102
SiRuRh2,278967.96713296446
SiTc2Ir,123800.5856991169
SiTc2P,91798.32778939627
SiTc2Rh,128498.49286626637
SiTc2Ru,118078.28234928392
SiTcNi2,116475.95558475776
SiTcNiMo,96718.4768096105
SiTcNiRh,66268.43237726632
SiTcNiW,129404.93798892316
SiTcO3,490967.7247681632
SiTcRh2,270339.71100016066
SiTcRu2,324547.5603668342
SiW12C16(NO10)4,61908.72894175834
SiWO3,367855.06214223185
SiWO4,286906.1444447121
Sn(ClO)2,64397.6897903133
Sn(NF3)2,280209.50388615904
Sn(WO3)3,76554.74772149659
Sn2Cl4O3,62254.75250497944
Sn2IrRu,120147.84680651598
Sn2Mo2O5,171355.70715991614
Sn2PtO4,74080.95734443863
Sn2RhO4,172736.47587822782
Sn2Ru2O5,381579.6425918778
Sn2RuO4,272199.5022431213
Sn2RuPt,89658.92314365908
Sn2RuRh,99255.63369470548
Sn2W2O5,167866.94730090123
Sn3Mo,213648.4141406115
Sn3O8,236775.7100969385
Sn3P2(NO5)2,66412.93944046598
SnAs2O9,148158.40030472094
SnC2(NF)6,312307.3356802706
SnC3(I4N3)2,84659.2389012249
SnCCl3,55852.37970681718
SnCl3O4,70523.61499670093
SnH2C4O3,62566.86380885512
SnHBr3N,144308.08411370992
SnIrO3,218169.36231601032
SnMoIr,105565.28101503404
SnMoPd2,180299.75656610634
SnMoPt2,86652.1698582292
SnMoRh,147825.86010199666
SnMoRh2,183219.9436578816
SnOs2Ru,271915.89938883623
SnOsO3,372929.47885257733
SnP2O9,220158.28477812157
SnP6(WO8)3,75910.66493227823
SnPHO5,198856.97937656418
SnPtO3,143514.1639212543
SnRhO3,216075.11843555214
SnRuPt2,104275.88874374081
SnRuRh2,239109.45595551172
Sr(ClO3)2,61624.852364745755
Sr(CoAs)2,101977.1159436583
Sr(CrAs)2,424665.89086453273
Sr(CrN2)2,190543.27727299414
Sr(FeN)2,631212.1533721867
Sr(FeO2)2,924025.9687962664
Sr(FeS2)2,81514.14040577668
Sr(H2O3)2,164058.57269344234
Sr(IO)2,58886.48944263612
Sr(MnAs)2,496918.1651983633
Sr(MnGe)2,426661.0692706969
Sr(MnN)2,403543.1113734046
Sr(MnN)4,213503.49227043483
Sr(MnP)2,422141.0915186306
Sr(MnSb)2,590213.8206314148
Sr(NCl2)2,228599.09778711825
Sr(NO5)2,133713.60871678306
Sr(NiO2)4,114671.8482966292
Sr(SO3)2,110364.23450101117
Sr(SO5)2,160980.03326702176
Sr(TcO2)2,385686.0358957305
Sr(WO2)2,354800.61024420615
Sr10Cu(RuO5)4,97113.56001450526
Sr10Cu5Mo(W2O15)2,71528.2447663619
Sr10Cu5Mo3(WO15)2,217958.46424557132
Sr10Fe10O27,653122.3582853978
Sr10Fe10O29,665712.6821204469
Sr10Fe4Co(MoO6)5,365698.0176341964
Sr10Fe5Mo4WO30,402029.50057678856
Sr10Mg2Fe3(MoO6)5,260288.20366332753
Sr10Mg3Fe2(MoO6)5,86391.58225036282
Sr10Mn(RuO5)4,178165.15373794202
Sr10Mn5Zn9(AsO)10,217085.54666642574
Sr11(GeN5)2,53151.3484236934
Sr11Ru10O33,181906.02080438042
Sr12Co10O27,214768.25403661293
Sr12Fe8O27,522756.216312789
Sr12Mn6O23,325116.23265397066
Sr12Zn2Co6O25,299829.6717104257
Sr13Mn8O30,322010.2182437237
Sr14Fe14O39,677368.3446156743
Sr16Fe16O41,717561.9745944865
Sr16Fe16O43,702060.7565359095
Sr16Fe16O45,673197.6535778217
Sr16Fe16O47,651771.0611882643
Sr16Mn8O29,354954.7547862503
Sr16V12O39,148570.01694120571
Sr16V8O31,124452.82379989517
Sr18Ca3Cr14O56,88158.4450361495
Sr18Co12O35,382094.1100883528
Sr18Co14O45,110581.0152633755
Sr18Fe18O47,706569.5049051564
Sr18Fe6Ru3O34,389184.125569604
Sr20V15O49,144450.6949218157
Sr21Co14O43,429576.08355893777
Sr21Fe14O47,526734.2555811316
Sr24Fe16O55,489837.08279524563
Sr2AcO4,67690.89044607588
Sr2AgOsO6,68188.38284487616
Sr2Al3FeO8,227410.02584557785
Sr2AlCoCu2O7,225406.395109185
Sr2AlCoO6,169137.4113022564
Sr2AlCr2GaO7,417290.42586654297
Sr2AlCrCu2O7,159157.67976710742
Sr2AlCrO6,84934.0043341059
Sr2AlCu2MoO7,148071.72301974855
Sr2AlCu2NiO7,169201.05001991574
Sr2AlFeCu2O7,280100.8902883139
Sr2AlFeO6,306324.7533298651
Sr2AlGaCo2O7,272933.6632244789
Sr2AlGaFe2O7,421744.41818614816
Sr2AlGaNi2O7,223917.23741082835
Sr2AlGaW2O7,292513.6843867418
Sr2AlMoO6,79953.01055253734
Sr2AlNiO6,408285.48013032577
Sr2AlOsO6,238118.54605843994
Sr2AlReO6,161121.3698589566
Sr2AlRuO6,238224.88456796593
Sr2AlTcO6,161474.91666594186
Sr2AlTlCo2O7,202769.69218138058
Sr2AlTlFe2O7,497039.7570578844
Sr2AlTlV2O7,197032.83013753305
Sr2AlV11O22,417172.0609190649
Sr2AlV2GaO7,307754.12468993326
Sr2AlWO6,79670.67289866757
Sr2AsOsO6,215257.76679241733
Sr2B11HO21,131512.95694990296
Sr2BIrO6,106523.6653295558
Sr2BMoO6,79752.62385953811
Sr2BRhO6,117886.68778486333
Sr2BWO6,79566.71921515117
Sr2BeFeO6,345769.30791181175
Sr2BeNiO6,145958.61706928728
Sr2BeOsO6,135703.36614744927
Sr2BeReO6,82864.4157357478
Sr2BeRuO6,129318.05954381924
Sr2BeTcO6,81339.04010711174
Sr2BiIrO6,122716.73215091326
Sr2BiMoO6,64327.41122436692
Sr2BiOsO6,193967.52775419227
Sr2BiPtO6,59948.61044156708
Sr2BiRuO6,196003.09483611997
Sr2BiWO6,61920.00162373184
Sr2Ca14Mn14Al2O41,533514.6313310264
Sr2Ca14Mn14Al2O43,507090.20997289574
Sr2Ca14Mn14Al2O45,478102.20457844844
Sr2Ca14Mn14Al2O47,443712.2544380234
Sr2Ca2Co3CuO12,411183.6569256454
Sr2Ca2Fe(CoO4)3,543469.7385393034
Sr2Ca2Fe3CoO10,665745.7660727055
Sr2Ca2Fe3CoO12,621066.1674611587
Sr2Ca2FeCo3O10,577505.3179080597
Sr2Ca2IrO6,59591.25112467215
Sr2Ca2Mn(FeO4)3,641946.3986664516
Sr2Ca2Mn3FeO10,648604.6903502269
Sr2Ca2MnFe3O10,724253.8632922206
Sr2Ca2TiMn3O10,492686.43291983195
Sr2Ca2TiMn3O12,371150.51009010733
Sr2Ca6Co7CuO24,465168.3730973413
Sr2Ca6Fe3(CoO4)5,614524.2723502605
Sr2Ca6Fe3Co5O24,564925.3838611973
Sr2Ca6FeCo7O20,585213.7395750019
Sr2Ca6FeCo7O24,533619.6374030765
Sr2Ca6Mn5(FeO8)3,597085.8780136703
Sr2Ca6Mn5Fe3O20,667857.68500761
Sr2Ca6Mn7FeO20,645957.3401435725
Sr2Ca6Mn7FeO24,555713.7160326889
Sr2Ca6Mn8O21,590666.2616594554
Sr2Ca6Mn8O23,532536.190932129
Sr2Ca6TiMn7O20,566228.5506700744
Sr2Ca6TiMn7O24,441552.295416314
Sr2CaFe2Bi2O9,372802.2216840559
Sr2CaIrO6,201293.08297696273
Sr2CaMnO6,289735.7316843042
Sr2CaNbO6,62639.88074647563
Sr2CaOsO6,129153.99617950019
Sr2CaReO6,67836.77113364993
Sr2CaV2(Si2O7)2,117485.23395263792
Sr2CdNiO6,147581.2932056787
Sr2CdOsO6,136566.09860746775
Sr2CdPtO6,135461.7156962221
Sr2CdReO6,68360.8948469017
Sr2CdRuO6,138375.83107128518
Sr2Co(BrO)2,201814.27254014136
Sr2Co(CO)2,86273.26536706479
Sr2Co(ClO)2,73953.9353269398
Sr2Co(SeO3)3,134771.23629694182
Sr2Co2O5,402687.79691359535
Sr2CoBi,142256.67397856544
Sr2CoBiO6,286079.7075852203
Sr2CoCu2(SO)2,187680.33489751103
Sr2CoCu2O7,207412.8758995778
Sr2CoCuSO3,237817.97950455276
Sr2CoIrO6,445376.0183781974
Sr2CoMoO6,227323.5416432857
Sr2CoN2,298690.26721929293
Sr2CoO3,300757.3180006417
Sr2CoO4,253656.88604734393
Sr2CoOsO6,370466.840881001
Sr2CoPdO6,389476.58870770095
Sr2CoPt,117218.8880262324
Sr2CoPtO6,375832.3759620955
Sr2CoReO6,75677.74084037509
Sr2CoRuO6,437968.1070268641
Sr2CoSO3,238828.9406583903
Sr2CoSb,145809.3719910477
Sr2CoSbO6,289541.31580333476
Sr2CoSeO2,245383.403770641
Sr2CoSeO6,237493.71836914166
Sr2CoSnO6,76756.33760663803
Sr2CoTcO6,244280.77550090814
Sr2CoTe,79400.80664873261
Sr2CoTeO6,220284.48536640024
Sr2CoWO6,224286.5151674754
Sr2Cr2O5,449598.71258367214
Sr2Cr2O7,111469.2733999522
Sr2CrAs,400299.4727552929
Sr2CrBi,356237.5596359258
Sr2CrBiO6,207202.9068206304
Sr2CrCO3F5,165976.00533420566
Sr2CrClO4,66997.33505959045
Sr2CrCoO6,422045.31576948584
Sr2CrCu2O7,99078.24404207633
Sr2CrCuO6,228566.34873581887
Sr2CrCuSO3,235931.8705814899
Sr2CrFeAsO3,487619.519840082
Sr2CrGeO6,163612.13634943275
Sr2CrInO6,72596.03446920725
Sr2CrIrO6,382980.4410395615
Sr2CrMoO6,153509.04375322346
Sr2CrN3,94881.90883341679
Sr2CrNiO6,164694.51608769066
Sr2CrO4,181643.93033471712
Sr2CrOsO6,451760.66219172673
Sr2CrPbO6,142868.5102912126
Sr2CrPdO6,156369.691585793
Sr2CrPtO6,153007.77250960376
Sr2CrReO6,380332.5467856554
Sr2CrRhO6,247624.30807192012
Sr2CrRuO6,461418.0662790587
Sr2CrSO3,158893.16511809552
Sr2CrSb,362170.92992833274
Sr2CrSbO6,224666.34729586408
Sr2CrSeO6,296847.16729435744
Sr2CrSn,366198.16097549786
Sr2CrSnO6,146905.97543891997
Sr2CrTcO6,383721.6668600779
Sr2CrTe,363760.4828313753
Sr2CrTeO6,281962.63671494887
Sr2CrWO6,152928.52181068412
Sr2Cu(OF)2,55102.48734551605
Sr2Cu2BiO7,51416.01577947817
Sr2Cu2Ni(SO)2,132637.96772748008
Sr2Cu2NiO7,175689.00859228702
Sr2Cu2RuPb2ClO8,97703.26460903556
Sr2CuIrO6,151356.82182120692
Sr2CuMoO6,75749.98115029967
Sr2CuN2,90250.4144656747
Sr2CuNiO6,193404.7677382462
Sr2CuOsO6,75635.42354028663
Sr2CuPtO6,218035.34833132077
Sr2CuRhO6,309811.8387697084
Sr2CuRuO6,76972.63486820352
Sr2CuWO6,75200.28823856938
Sr2Fe2H2OF10,472483.1639021439
Sr2Fe2O5,740950.8910169147
Sr2Fe2S2OF2,507275.19505831634
Sr2Fe2Se2OF2,476642.74936953624
Sr2Fe3Sb(PO4)6,283128.52166373376
Sr2FeAgO6,302927.8898329971
Sr2FeAs,250268.9649918807
Sr2FeAs2F,185047.536162241
Sr2FeAsO6,403763.5378632937
Sr2FeBO6,267933.65779647406
Sr2FeBiO6,342771.9986801448
Sr2FeBiPbO6,262332.8302927955
Sr2FeBrO3,393008.0146149276
Sr2FeBrO6,375146.7681217675
Sr2FeCO3F5,275010.51194103895
Sr2FeClO3,418982.82465825684
Sr2FeCoO6,548520.7365949247
Sr2FeCu(PbO3)2,242723.3437721272
Sr2FeCu2O7,255047.0286903294
Sr2FeCuO6,274970.47888152464
Sr2FeCuSO3,389531.9919377418
Sr2FeF6,295497.28682513215
Sr2FeGeO6,392949.32448902674
Sr2FeIrO6,532827.7917187022
Sr2FeMoNO5,357707.0117517928
Sr2FeMoO6,301393.7138553198
Sr2FeN2,203913.0489363728
Sr2FeNiO6,421213.5493346289
Sr2FeO3F,475667.7217109381
Sr2FeO4,374225.2042319568
Sr2FeOsO6,526636.4593754818
Sr2FePbO6,285759.85457867617
Sr2FePdO6,324978.25978579296
Sr2FePtO6,454293.03726555745
Sr2FeReO6,229037.16725665866
Sr2FeRhO6,539799.8715718387
Sr2FeRuO6,585453.3741202331
Sr2FeSb,225834.28924319375
Sr2FeSbO6,371477.73031674523
Sr2FeSeO6,325069.24738559657
Sr2FeSiO6,396232.87442917225
Sr2FeSnO6,298310.5006280367
Sr2FeTcO6,453840.00703926664
Sr2FeTe,154870.39485712425
Sr2FeTeO6,289318.80851564434
Sr2FeWO6,298419.4716364802
Sr2GaCo2O7,320143.1088169922
Sr2GaCoO6,189892.2581060328
Sr2GaFe2O7,428481.7943895413
Sr2GaMo2O7,206372.43697923803
Sr2GaMoO6,76711.59027279587
Sr2GaNi2O7,260266.67970457594
Sr2GaOsO6,223712.85283025997
Sr2GaReO6,151463.30992131933
Sr2GaRh2,113403.25681630669
Sr2GaRhO6,154065.5332718413
Sr2GaRuO6,233327.3720082852
Sr2GaTcO6,155150.11438800165
Sr2GaW2O7,153605.3275573522
Sr2GaWO6,76388.56282820152
Sr2GeMoO6,154063.80613514304
Sr2GeOsO6,156088.41764676495
Sr2GeRuO6,157330.1445181332
Sr2HfBeO6,159848.21122807256
Sr2HfCdO6,130197.86209380419
Sr2HfCoO6,294420.92981518764
Sr2HfCrO6,149761.66699016685
Sr2HfCuO6,76157.69404176934
Sr2HfFeO6,291879.1632145101
Sr2HfGaO6,72642.4418698202
Sr2HfInO6,67355.63515651645
Sr2HfIrO6,72060.78577725614
Sr2HfMgCrO6,224987.90857094107
Sr2HfMgFeO6,232987.99847029953
Sr2HfMgO6,141852.20451031794
Sr2HfMnO6,228916.22122575896
Sr2HfMoO6,141215.89531835745
Sr2HfOsO6,143472.85696552857
Sr2HfReO6,212909.41390907913
Sr2HfRhO6,72565.81532106247
Sr2HfRuO6,144480.8762303476
Sr2HfTcO6,213901.15529601244
Sr2HfVO6,72680.59846337585
Sr2HfWO6,91650.27825372238
Sr2HfZnO6,138851.30263848713
Sr2HgIrO6,196446.8960242826
Sr2HgPtO6,131099.54668185074
Sr2HgRhO6,200941.16598796865
Sr2HgRuO6,134010.41006115772
Sr2InNiO6,75635.00453739992
Sr2InOsO6,202036.26964071012
Sr2InReO6,140048.92911504998
Sr2InWO6,65863.07097307905
Sr2IrOsO6,217479.03763630852
Sr2IrPbO6,66939.32962757636
Sr2IrPdO6,73775.21750118486
Sr2IrPtO6,73998.17625354487
Sr2IrRhO6,145256.5596644665
Sr2IrRuO6,220528.4930430368
Sr2Li4MnS3O2,237239.82499653733
Sr2LiCdWO6,58783.858098267694
Sr2LiCoN2,176937.30358112458
Sr2LiCuBrO2,60061.20834377248
Sr2LiFe2N3,230670.32488690654
Sr2LiFeO3F,311202.8584801545
Sr2LiHfO6,217553.66913937987
Sr2LiIrO6,105344.92031215999
Sr2LiMoO6,76685.05886522931
Sr2LiNbO6,144388.14204427798
Sr2LiNiO6,250656.1099595115
Sr2LiO12,171758.64343574835
Sr2LiOsO6,68266.29780606194
Sr2LiRuO6,57299.407271121134
Sr2LiTaO6,149258.02005300333
Sr2LiTiO6,233941.23449850891
Sr2LiV2(Si2O7)2,69885.95692345739
Sr2LiWO6,76346.92112031992
Sr2LiZrCrO6,194011.11277190116
Sr2LiZrO6,214504.35926102154
Sr2Mg(MoO3)2,370617.3760369559
Sr2Mg(MoO4)2,95538.81940720993
Sr2Mg(WO4)2,85362.00205841752
Sr2MgCdWO6,109147.23137706869
Sr2MgCo2O5,377382.8477807954
Sr2MgCoO4,216397.6890365331
Sr2MgCoWO6,167879.79340687228
Sr2MgCrO4,102197.9616804877
Sr2MgCrSbO6,179117.61482447662
Sr2MgCuMoO6,56469.31396994365
Sr2MgCuWO6,55044.613667486185
Sr2MgFeCoO6,425922.5106148715
Sr2MgFeMoO6,494403.32510124135
Sr2MgFeO4,299188.88453424507
Sr2MgFeO6,322151.70726500126
Sr2MgFeOsO6,233615.49251864568
Sr2MgIrO6,137725.47717488286
Sr2MgMnMoO6,173786.78122653556
Sr2MgMnO4,363367.5188001751
Sr2MgMnO6,79874.63356646486
Sr2MgMnSbO6,235406.81179277832
Sr2MgMoO4,206447.80285925322
Sr2MgNbO6,72849.39807739801
Sr2MgNiRuO6,243911.2395258505
Sr2MgOsO6,152743.8047511149
Sr2MgReO6,75987.26198789779
Sr2MgRhO6,201916.70044162346
Sr2MgRuO6,153559.15462959587
Sr2MgTaO6,73398.32600147721
Sr2MgTcO6,76599.75725276126
Sr2MgTiFeO6,242537.2234752581
Sr2MgTiO4,62234.45743525326
Sr2MgTiO6,151377.82086013322
Sr2MgV2(Si2O7)2,61183.618330621604
Sr2MgVO4,220127.69397848457
Sr2MgZnMoO6,115969.94425033401
Sr2MgZnWO6,116100.72217632695
Sr2MgZrCoO6,168740.9720464664
Sr2MgZrCrO6,222370.33040529175
Sr2MgZrMnO6,201290.37676751686
Sr2MgZrO6,139584.1061614818
Sr2MgZrVO6,172410.46320034418
Sr2Mn2AlTlO7,421222.58063480427
Sr2Mn2Cu(AsO)2,519248.1022898482
Sr2Mn2O5,635267.9909636428
Sr2Mn3(AsO)2,800128.1797027254
Sr2Mn3(BiO)2,678361.8479225741
Sr2Mn3(SbO)2,708938.8514884368
Sr2MnAgO6,279673.8910757633
Sr2MnAlCu2O7,224053.02595621598
Sr2MnAlO6,290714.9090500405
Sr2MnAs,329169.7846628475
Sr2MnBO6,168778.18317083654
Sr2MnBeO6,87927.04954423963
Sr2MnBi,287299.3405116593
Sr2MnBiO6,280428.9391231461
Sr2MnBrO6,300453.1737312457
Sr2MnCO3F5,219495.06022120418
Sr2MnCdO6,71666.19384791753
Sr2MnClO3,337314.001081789
Sr2MnCoO6,563142.2548133406
Sr2MnCrO6,411815.65272665874
Sr2MnCu2(SO)2,313333.7143534601
Sr2MnCuO6,485630.5494646199
Sr2MnCuSO3,314416.8600374683
Sr2MnFeO6,626180.5493330682
Sr2MnGaO5,306849.24056583614
Sr2MnGaO5F,239670.3282718599
Sr2MnGaO6,290195.7116341399
Sr2MnGe2O7,258200.6689122117
Sr2MnHgO6,76911.55870118955
Sr2MnIrO6,431379.3182445727
Sr2MnMoO6,361759.5456206871
Sr2MnN2,279620.389693061
Sr2MnNbO6,289557.17776824406
Sr2MnNiO6,239970.36933671136
Sr2MnO4,285519.89675281965
Sr2MnOsO6,512438.0710439443
Sr2MnP3O11,175118.1037102682
Sr2MnPbO6,216249.40544156052
Sr2MnPdO6,234655.56629834586
Sr2MnPt,330662.9042138737
Sr2MnPtO6,231660.7335812631
Sr2MnReO6,420242.06348948315
Sr2MnRhO6,315199.38999318215
Sr2MnRuO6,520580.4054106276
Sr2MnSO3,241744.48073403205
Sr2MnSb,298259.8372175158
Sr2MnSbO6,295600.04281994264
Sr2MnSeO6,385882.8624204909
Sr2MnSi2O7,273889.313863322
Sr2MnSn,346783.8526164444
Sr2MnSnO6,222101.50135992048
Sr2MnTcO6,296496.8816328907
Sr2MnTe,262102.27125979733
Sr2MnTeO6,356527.00820749387
Sr2MnVO6,320199.4110101309
Sr2MnWO6,350237.4776267339
Sr2MnZn2(AsO)2,278273.22679119767
Sr2MnZnO6,78357.69266244299
Sr2Mo2O5,123222.78755957246
Sr2MoAsO6,71307.7903559756
Sr2MoIrO6,74302.61175349125
Sr2MoO4,82040.35524566793
Sr2MoSeO6,144846.51957791447
Sr2MoWO6,85070.7117092344
Sr2Nb2O5,103168.13846728066
Sr2NbCoO6,299627.0992704961
Sr2NbCrO6,223954.01632854232
Sr2NbCuO6,142224.20353349054
Sr2NbFeO6,369339.5097294745
Sr2NbHgO6,58323.36850120675
Sr2NbNiO6,76052.22342139782
Sr2NbOsO6,73094.3975459327
Sr2NbReO6,144668.44363026184
Sr2NbRuO6,73497.56916829635
Sr2NbSiO6,80302.44695515429
Sr2NbTcO6,145267.32366995513
Sr2NbVO6,147299.827684746
Sr2NbWO6,99417.06579473554
Sr2Ni(SeO3)3,84705.53971310663
Sr2Ni2O5,163488.09863177163
Sr2NiBiO6,69726.61863895222
Sr2NiBrO6,88323.87686009763
Sr2NiClO3,83173.24364959323
Sr2NiHgO6,145768.32784588847
Sr2NiIrO6,147020.87296725364
Sr2NiMoO6,152633.28104463164
Sr2NiN2,200615.64747433766
Sr2NiO3F,95480.51735229144
Sr2NiO4,350525.646801578
Sr2NiOsO6,160912.72854482365
Sr2NiPdO6,310293.47234978
Sr2NiPtO6,284124.38085211
Sr2NiRhO6,384627.2105471912
Sr2NiRuO6,307019.2570768348
Sr2NiSbO6,150523.95024415114
Sr2NiSe2(ClO3)2,89196.71266231501
Sr2NiSeO6,160618.34992602505
Sr2NiTeO6,148823.6952797404
Sr2NiWO6,151078.73607625978
Sr2Np2O5,464425.75547199184
Sr2NpO4,220925.9976513742
Sr2Os2O5,91587.10706467612
Sr2OsO4,68451.79326361924
Sr2OsPbO6,127463.77045438878
Sr2OsPdO6,71327.11828075432
Sr2OsPtO6,146640.30374539364
Sr2OsRhO6,202294.67850594598
Sr2OsRuO6,151491.012027975
Sr2OsSeO6,146258.3277832953
Sr2Pa2O5,84899.31977012646
Sr2PaO4,72556.75105903363
Sr2PdN2,165244.38101664453
Sr2PdRhO6,75151.62063252328
Sr2PdRuO6,148935.9699913153
Sr2PdWO6,120965.06636454265
Sr2PtO4,160580.55949224593
Sr2PtRhO6,74563.91810090472
Sr2Pu2O5,563000.2451055888
Sr2PuBi,446069.25431348704
Sr2PuO4,296840.94011759665
Sr2PuSb,464876.21740051627
Sr2PuTe,476070.2805507504
Sr2Re2O5,119299.22710525386
Sr2ReAsO6,142942.64636332926
Sr2ReBiO6,128884.62733579586
Sr2ReIrO6,149089.85039041258
Sr2ReNiO6,229639.38981526543
Sr2ReO4,160920.10068971573
Sr2ReOsO6,75252.35332323666
Sr2RePbO6,63158.5157361458
Sr2RePdO6,63907.05980962741
Sr2ReRhO6,58360.558986992124
Sr2ReRuO6,75269.0794325871
Sr2ReSbO6,133600.95964650135
Sr2ReSeO6,215557.41435222354
Sr2ReSiO6,246899.3233090448
Sr2ReSnO6,212455.09025557025
Sr2ReTeO6,203638.74627956538
Sr2ReWO6,73986.03222964655
Sr2Rh2O5,102925.34787872921
Sr2RhO4,91454.06252950759
Sr2RhPbO6,68281.04856075831
Sr2RhSeO6,74505.95304545357
Sr2Ru2O5,200340.33290097024
Sr2RuPbO6,134151.5642898685
Sr2RuPtO6,148864.49942745472
Sr2RuRhO6,221399.20596441993
Sr2RuSeO6,148207.89687173616
Sr2SbMoO6,66669.82097032675
Sr2SbOsO6,201096.4140437658
Sr2SbRuO6,72613.1280618955
Sr2SbWO6,65880.01385028534
Sr2SiMoO6,163982.92216094997
Sr2SiNiO6,334153.7418428467
Sr2SiOsO6,166207.5340248334
Sr2SiTcO6,248026.53205016922
Sr2SiWO6,163366.78798661946
Sr2SnIrO6,64479.14762048844
Sr2SnMoO6,140785.97553466837
Sr2SnOsO6,142262.24417899968
Sr2SnRh2,69318.402856441
Sr2SnRhO6,69430.55949908508
Sr2SnRuO6,143531.60122191024
Sr2TaCdO6,67410.95174431824
Sr2TaCoO6,146766.8283640095
Sr2TaCrO6,225366.8821186167
Sr2TaCuO6,152794.9729300221
Sr2TaFeO6,371110.4452977624
Sr2TaHgO6,63887.43885039625
Sr2TaMnO6,290639.0238513057
Sr2TaMoO6,207519.8019309378
Sr2TaNiO6,76668.67065801038
Sr2TaOsO6,73298.74552738812
Sr2TaReO6,145209.8317212564
Sr2TaRuO6,73790.71702591283
Sr2TaTcO6,146014.23380613056
Sr2TaVO6,147903.93278426287
Sr2Tc2O5,136668.24165258728
Sr2TcBiO6,129833.1144026618
Sr2TcIrO6,150600.18129738126
Sr2TcMoO6,74420.35396710696
Sr2TcNiO6,232066.47865767407
Sr2TcPbO6,63965.84034340842
Sr2TcPtO6,184038.6215413221
Sr2TcRhO6,148101.05603108747
Sr2TcRuO6,76232.83831778569
Sr2TcSbO6,186285.571622331
Sr2TcSeO6,219681.9380801949
Sr2TcSnO6,213634.31425899034
Sr2TcTeO6,205102.0317893224
Sr2TcWO6,74403.47442426565
Sr2TeIr,79861.10873532805
Sr2TeMoO6,135367.08159666313
Sr2TeOsO6,137196.02285197363
Sr2TeRu,140571.71098912388
Sr2TeRuO6,138876.96748636386
Sr2Ti2GaO7,53413.685663141725
Sr2Ti2O5,84252.53384296614
Sr2Ti2Pd3,179554.3807346031
Sr2Ti2Pt3,59341.20986603891
Sr2TiBeO6,170099.34656692142
Sr2TiCdO6,139270.59161073578
Sr2TiCoO6,256014.76923290666
Sr2TiCrO6,160923.66361773066
Sr2TiCuO6,106986.53306380234
Sr2TiFeO6,318799.4960156585
Sr2TiInO6,71180.06631269479
Sr2TiIrO6,61080.6319660164
Sr2TiMnO6,241998.552250052
Sr2TiMoO6,72642.33359552329
Sr2TiOsO6,152677.53773239575
Sr2TiReO6,67296.15494048853
Sr2TiRhO6,77284.03505248422
Sr2TiRuO6,153963.26282992936
Sr2TiSb,249841.86479185132
Sr2TiTcO6,184656.6647554519
Sr2TiTe,272324.419214081
Sr2TiTlO6,68948.7685396863
Sr2TiVO6,79324.40880749498
Sr2TiZnO6,142211.23213720333
Sr2TlCoO5,218629.01568931664
Sr2TlCoO6,144268.0771271022
Sr2TlFeO6,215458.15195026383
Sr2TlIrO6,133759.28325548727
Sr2TlNiO6,72479.78058750562
Sr2TlOsO6,165143.59101298585
Sr2TlRuO6,203225.94153225914
Sr2TlTcO6,130664.431043041
Sr2U2O5,328205.91724391025
Sr2U2O7,104235.1848909405
Sr2U4O11,224037.0940676811
Sr2UCoO6,201765.68547301216
Sr2UFeO6,404145.7924814573
Sr2UInO6,59208.73247882111
Sr2UMnO6,325311.8377498349
Sr2UNiO6,136446.9069335209
Sr2UO4,143524.28290247812
Sr2V11NiO22,437684.5487310541
Sr2V2GaO7,166524.4979213114
Sr2V2O5,313277.69549162174
Sr2V2OF10,87677.37686807702
Sr2VCO3F5,109473.53773050931
Sr2VCdO6,71815.94878372498
Sr2VCoO6,340098.9707003829
Sr2VCrO6,242586.9134885793
Sr2VCuO6,163737.3954175638
Sr2VFeAsO3,408475.2140914341
Sr2VFeO6,401110.36272196175
Sr2VHgO6,58807.58835229065
Sr2VMoO6,188738.5024139582
Sr2VNiO6,82780.01524684744
Sr2VO4,95714.37836901331
Sr2VOsO6,177771.85103022348
Sr2VP2O9,55080.34109865803
Sr2VPbO6,71143.99895753688
Sr2VPtO6,76983.63847739693
Sr2VReO6,56164.08329812811
Sr2VRuO6,95993.44903417343
Sr2VSbO6,146819.36327805748
Sr2VSeO6,75763.14893399665
Sr2VSnO6,72643.97664726301
Sr2VTcO6,281847.4922357889
Sr2VTe,352884.6501092909
Sr2VTeO6,70676.34461144725
Sr2VW,532079.1796239342
Sr2VWO6,215622.8490034673
Sr2W2O5,72948.88683855666
Sr2ZnFeO6,320088.15723415435
Sr2ZnIrO6,223494.2355755348
Sr2ZnNi2(PO4)4,71882.76373706394
Sr2ZnOsO6,149833.39619859343
Sr2ZnReO6,74503.93447465601
Sr2ZnRhO6,223523.28103288618
Sr2ZnTcO6,75377.0312599568
Sr2Zr2O5,102341.06806064528
Sr2ZrBeO6,157232.4879121835
Sr2ZrCdO6,126959.49490383953
Sr2ZrCoO6,234114.87152702833
Sr2ZrCrO6,146092.8159860999
Sr2ZrCuO6,75031.88001957846
Sr2ZrFeO6,285567.09466995904
Sr2ZrGaO6,71689.25460123741
Sr2ZrIrO6,70817.38350696565
Sr2ZrMnO6,223210.86662646083
Sr2ZrMoO6,134711.65962659
Sr2ZrOsO6,141205.19760029123
Sr2ZrReO6,209605.81756490254
Sr2ZrRhO6,71351.83474866989
Sr2ZrRuO6,142226.69437699165
Sr2ZrTcO6,210598.69513320402
Sr2ZrVO6,71429.35216981189
Sr2ZrWO6,65684.45124791971
Sr2ZrZnO6,138774.50111346805
Sr3(CoN2)2,117221.08928508738
Sr3(CoO3)2,292178.0801633738
Sr3(CrN2)2,112024.85844006516
Sr3(FeN2)2,266454.961608493
Sr3(FeO3)2,607545.3383185158
Sr3(FePd)2,252316.75639499835
Sr3(FePt)2,235795.49870598034
Sr3(MnAu)2,376280.6182978799
Sr3(MnN2)2,199131.6499293545
Sr3(OsN2)2,60832.430474048626
Sr3(TiN2)2,59377.70353956125
Sr32Mn32O79,586599.8110478247
Sr3AuN3,63364.54096664899
Sr3Ca(Fe2O5)2,741915.6658915117
Sr3Ca(FeO3)4,645963.8588410142
Sr3Ca3(Ru2O7)2,236237.73674710968
Sr3Ca5Fe4(CoO5)4,623633.6457975854
Sr3Ca5Fe4(CoO6)4,576071.5771292713
Sr3Ca5Fe5(CoO8)3,604395.2873702289
Sr3Ca5Fe5Co3O20,659594.9644499383
Sr3Ca5FeCo7O20,597935.9197421368
Sr3Ca5FeCo7O24,489967.5649095649
Sr3Ca5Mn3(FeO4)5,712801.7577754295
Sr3Ca5Mn3Fe5O24,635483.8345390646
Sr3Ca5Mn4(FeO5)4,693737.2421787985
Sr3Ca5Mn4(FeO6)4,629677.3404728872
Sr3Ca5Mn7FeO20,637328.2499515971
Sr3Ca5Mn7FeO24,548029.720755163
Sr3Ca5Mn8O20,616518.6406947662
Sr3Ca5Mn8O21,584169.0164938096
Sr3Ca5Mn8O22,559602.1367584944
Sr3Ca5Mn8O23,528638.9403967313
Sr3Ca5Mn8O24,500792.0696911985
Sr3Ca5Ti3Mn5O20,437557.91478208546
Sr3Ca5Ti3Mn5O24,307649.4932990465
Sr3Ca5TiMn7O20,557920.8591189968
Sr3Ca5TiMn7O24,439601.4330427635
Sr3CaAl8(SiO5)8,211593.44898429615
Sr3CaCo2S2O5,167028.14639484818
Sr3CaCo3CuO12,406851.51049933303
Sr3CaCr2S2O5,248158.04388036253
Sr3CaIrO6,59334.53626548306
Sr3CaMn2FeO10,468969.1232996118
Sr3CaMn2S2O5,326718.3998039099
Sr3CaTi2Mn2O10,369772.58701523585
Sr3CaTi2Mn2O12,240725.88278626374
Sr3CaTi3MnO12,117071.08757215516
Sr3CaTiMn3O10,480228.81604062713
Sr3CaTiMn3O12,368337.8508077949
Sr3CaV4O12,156306.43837002752
Sr3CdIrO6,59386.15007000302
Sr3Co2(ClO2)2,296531.50874009175
Sr3Co2Cl2O5,271397.80924801057
Sr3Co2Cu2S2O5,282394.60663393216
Sr3Co2O9,284632.4348639734
Sr3Co2S2O5,319956.6956094785
Sr3Co2TeO9,297858.22950610577
Sr3Co2WO9,248836.19049848258
Sr3Co3O8,468534.1121572725
Sr3CoN3,104336.95075384885
Sr3CoRuO6,311977.5382709997
Sr3CoRuO7,363255.5111472288
Sr3CoSb2O9,139360.03747890203
Sr3Cr,250095.45882380535
Sr3Cr2O7,222881.0108948648
Sr3Cr2O8,101202.77754272791
Sr3Cr2S2O5,204186.69028424183
Sr3CuN3,138649.51202150612
Sr3CuPtO6,61445.12333810789
Sr3Fe,151726.39342260364
Sr3Fe2(ClO2)2,405298.32632625435
Sr3Fe2(HO)12,339629.5286937637
Sr3Fe2(SeO3)6,216002.92169309792
Sr3Fe2Br2O5,463474.70833008934
Sr3Fe2Cl2O5,497520.0448746277
Sr3Fe2ClO5,468384.67716346413
Sr3Fe2Cu2S2O5,457474.4269388246
Sr3Fe2Cu2Se2O5,435746.2515454518
Sr3Fe2MoO9,486215.4479587721
Sr3Fe2O4F3,485765.0976571098
Sr3Fe2O5,519690.3814900794
Sr3Fe2O7,500320.21888408426
Sr3Fe2RuO9,474921.6074618972
Sr3Fe2S2O5,395356.7192738826
Sr3FeCo(ClO2)2,344721.127252934
Sr3FeMoO7,329830.52681421593
Sr3FeN3,153850.6254055106
Sr3FeRuO7,332980.06096356706
Sr3InNiO6,62128.000830603836
Sr3Ir2O7,90670.76749781531
Sr3IrN3,56614.165332042925
Sr3LiIrO6,125100.566233705
Sr3LiRuO6,188037.23351902407
Sr3Mg(FeO3)2,350029.5614851959
Sr3MgCo2Cl2O5,243065.8274654274
Sr3MgCo2S2O5,176570.42331361247
Sr3MgCr2S2O5,261342.52827586813
Sr3MgFe2Br2O5,334950.16610333964
Sr3MgFe2Cu2Se2O5,296859.59291019815
Sr3MgFe2O7,224432.90882416273
Sr3MgFe2S2O5,428356.4418299499
Sr3MgIrO6,62549.706637191244
Sr3MgMn2O7,155108.7504041123
Sr3MgMn2S2O5,346011.4869974752
Sr3MgRhO6,63113.410653870546
Sr3MgTi2O7,89978.25056885777
Sr3MgV2O7,199706.50455495453
Sr3Mn2O7,387362.0248352876
Sr3MnBiO6,212219.31295293232
Sr3MnF12,248134.23452117105
Sr3MnFeO7,420839.0386023691
Sr3MnN3,74004.61408881574
Sr3MnRuO7,338627.99022786086
Sr3Mo,191317.60494497552
Sr3Mo2O7,214440.9822114641
Sr3Nb,178916.15676346183
Sr3Nb2CoO9,91180.15428062812
Sr3NbCoO7,160740.63510191484
Sr3NiIrO6,163501.14591387252
Sr3NiPbO6,120917.78916812126
Sr3NiPtO6,125396.11628036534
Sr3NiRhO6,190322.4026487182
Sr3OsN3,133447.00228244386
Sr3Pa,164023.76667089865
Sr3Rh2O7,117961.09536170357
Sr3RhN3,59282.25399043786
Sr3Ru2O7,235159.6482392858
Sr3RuN3,129676.85371616649
Sr3Ta,180554.77702136984
Sr3TaCoO7,164615.5509538055
Sr3TaFeO7,273108.13273885765
Sr3Th,107787.70289529474
Sr3Ti,187350.74644856039
Sr3Ti2Mn2BiO12,269652.8893288472
Sr3TiN3,64033.29549471491
Sr3TiRuO7,106744.18283179759
Sr3TiSi4H2O13,56733.7521540887
Sr3Tl(FeO4)2,434764.9762359495
Sr3U,201436.81107983546
Sr3UFe2O9,448573.074169226
Sr3V2O7,122347.99010966555
Sr3W,178986.3326405114
Sr3ZnCoO6,62102.42374670685
Sr3ZnIrO6,62031.132121417875
Sr3ZnRhO6,62583.40837288382
Sr3Zr,136443.92375364932
Sr4(NiO3)3,90059.55685256964
Sr4Ca(FeO3)5,662978.7701716481
Sr4Ca4Co7CuO24,462818.67559362925
Sr4Ca4Fe3(CoO4)5,616230.2840354954
Sr4Ca4Fe3Co5O24,553340.6389166724
Sr4Ca4FeCo7O20,582821.7681629542
Sr4Ca4FeCo7O24,556579.1476303762
Sr4Ca4Mn5(FeO8)3,591589.2122630802
Sr4Ca4Mn5Fe3O20,664712.3011399659
Sr4Ca4Mn7FeO20,628614.9470099014
Sr4Ca4Mn7FeO24,549231.3350562714
Sr4Ca4TiMn7O20,550184.7215091133
Sr4Ca4TiMn7O24,437223.38024687656
Sr4CaCo2(SO3)2,277672.1483710713
Sr4CaCr5O15,319592.8469211883
Sr4CaMn2(GaO5)2,297664.78558329114
Sr4CaMn2Cu3(SO)4,263901.7225779817
Sr4CaMn2Ga2O11,270373.8880876047
Sr4Co(IrO4)3,293294.8849608285
Sr4Co3ReO12,302164.8914963258
Sr4Cr3O10,261308.82665731735
Sr4Cu2MoWO12,71780.75232015367
Sr4Fe2CoNiO12,512985.58859876863
Sr4Fe2MoWO12,428587.30944594514
Sr4Fe3ClO8,563853.6797757266
Sr4Fe3MoO12,518361.04734992265
Sr4Fe3O10,452104.73875361553
Sr4Fe4Bi5PbO18,393042.40696343465
Sr4Fe4O11,702295.8558604801
Sr4Fe6Bi7PbO24,444260.4673534817
Sr4FeMoO8,274273.3736850524
Sr4FeRh2O9,233355.335547391
Sr4FeRuO8,373286.93338270026
Sr4Ir3O10,63593.09772598342
Sr4IrO6,57248.290023221256
Sr4Li(RuO4)3,160864.60215984308
Sr4Li4Nb5FeO20,109204.26715269891
Sr4LiMn2(GaO5)2,307256.69801759213
Sr4LiMn2Cu3(SO)4,302989.73293502966
Sr4LiMn2Ga2O11,255012.01353923985
Sr4Mg(Co2O5)2,457171.1790730354
Sr4Mg(Fe2O5)2,622979.2364142677
Sr4MgCo2(SO3)2,291470.10071461805
Sr4MgCr2(SO3)2,224397.92914509802
Sr4MgFe2(BrO3)2,273134.58143638127
Sr4MgFe2(ClO3)2,184406.85812275828
Sr4MgFe2(SO3)2,364166.4876164205
Sr4MgFe2Cu2(SO3)2,281991.40726713673
Sr4MgFe4O11,622577.4246179075
Sr4MgMn2(ClO3)2,273030.5375273527
Sr4MgMn2(GaO5)2,309571.96607677784
Sr4MgMn2(SO3)2,300250.91267418733
Sr4MgMn2Cu2(SO3)2,214385.10976911162
Sr4MgMn2Cu3(SO)4,284563.2367139582
Sr4MgMn2Ga2O11,274956.77938818996
Sr4MgMn3(ClO4)2,391215.60242766555
Sr4MgMn4O10,616524.9567921468
Sr4MgNi2(ClO3)2,88874.13350364509
Sr4MgRe2NiO12,140456.6528511275
Sr4MgV2Fe2(AsO3)2,361390.7785179451
Sr4MgV3O10,180972.69803705986
Sr4Mn2CoO9,344828.54108281824
Sr4Mn2Cu3(SO)4,298218.2940152256
Sr4Mn2Cu3(SeO)4,277213.2805185968
Sr4Mn2Ga2O11,232463.3387676924
Sr4Mn2Nb4Bi4O23,144421.02081162945
Sr4Mn3(ClO4)2,422026.2118813396
Sr4Mn3Cu2(SO4)2,394920.67760526284
Sr4Mn3Cu2(SeO4)2,382767.45684439666
Sr4Mn3O10,389153.1821519514
Sr4Mn5O15,551659.7003205385
Sr4MnN4,51610.29861567074
Sr4MnRuO8,281052.57954209176
Sr4N3,59096.23249001345
Sr4Os4O11,89759.27853157952
Sr4Pa4O11,110625.46130416525
Sr4Pu4O11,520388.68767618085
Sr4Re2NiO12,79057.10597156218
Sr4ReN4,50441.289730308104
Sr4RhO6,57541.14498472102
Sr4Ru2O9,170761.94849300454
Sr4Ru4O11,235364.34103461378
Sr4TaFeO8,228073.90112032066
Sr4Ti4O11,68357.57508761875
Sr4TlFe2O9,367914.4347006242
Sr4U2O9,75573.49287650346
Sr4U3ZnO12,121408.32402551892
Sr4U4O11,226294.2307575926
Sr4V3O10,133312.970599051
Sr4V4O11,234221.22723863498
Sr4Zn(IrO4)3,180182.79088202157
Sr4ZrMn3O12,348930.3509483241
Sr5(CrN3)2,81660.25440221398
Sr5(FeN2)2,78375.4346695651
Sr5(MnN3)2,165861.7084108493
Sr5(RhO3)4,63907.791705121155
Sr5Ca3Fe2(Co3O10)2,579590.8550477319
Sr5Ca3Fe2(CoO4)6,534009.1575299334
Sr5Ca3Fe4(CoO5)4,626911.8096626579
Sr5Ca3Fe7CoO20,694706.1229176174
Sr5Ca3Fe7CoO24,645185.0556876943
Sr5Ca3FeCo7O20,574975.3287197937
Sr5Ca3FeCo7O24,518229.6539955377
Sr5Ca3Mn4(FeO5)4,677681.3700202164
Sr5Ca3Mn4(FeO6)4,633840.2293882897
Sr5Ca3Mn6(FeO10)2,640952.6784925506
Sr5Ca3Mn6(FeO12)2,554660.6890844024
Sr5Ca3Mn7FeO20,626020.455058559
Sr5Ca3Mn7FeO24,548201.0261939482
Sr5Ca3MnFe7O20,734575.4289674185
Sr5Ca3MnFe7O24,654435.2429783087
Sr5Ca3Ti3Mn5O20,429668.7304726723
Sr5Ca3Ti3Mn5O24,304869.27367091516
Sr5Ca3Ti5Mn3O24,178894.99227438256
Sr5Ca3TiMn7O20,545923.1228052998
Sr5Ca3TiMn7O24,435454.584761009
Sr5Cr3ClO12,84289.53619560535
Sr5Cr3F19,207298.86531417014
Sr5Cr3O12F,88311.29341553374
Sr5Fe3F19,348139.6639986344
Sr5Fe4CoO10,614903.6068289225
Sr5Fe4MoO15,538710.0306467162
Sr5Fe5O14,656893.4280156039
Sr5FeMo4O15,333074.55235600605
Sr5Ir3O11,59652.37915945272
Sr5Mn4CO13,483904.89179452637
Sr5Mn5O13,604189.1295906403
Sr5Ti5O13,119917.39295904447
Sr5U5O18,86189.86274783548
Sr6Ca2Co5(CuO8)3,351577.71158084914
Sr6Ca2Co7CuO24,452595.3507151455
Sr6Ca2Fe3(CoO4)5,626059.4996073615
Sr6Ca2Fe3Co5O24,547924.7042608784
Sr6Ca2Fe5(CoO8)3,593958.8001112395
Sr6Ca2Fe7CoO24,635522.8320105531
Sr6Ca2Mn3(FeO4)5,688259.8384020601
Sr6Ca2Mn3Fe5O24,627022.0423564558
Sr6Ca2Mn5(FeO8)3,585370.6524390664
Sr6Ca2Mn5Fe3O20,650326.5214199048
Sr6Ca2MnFe7O20,726298.9541317062
Sr6Ca2MnFe7O24,649326.8761885328
Sr6CaMn4O13,426422.14169920376
Sr6Co4O13,365468.614299524
Sr6Fe2Ru2O11,414769.15778646915
Sr6Fe5Ag3(Se2O5)2,450905.70656473475
Sr6FeC2N7,100410.59546023796
Sr6Ir2RuO12,62254.864113823314
Sr6MgMo3O14,109178.8022314887
Sr6Mn3FeO14,393135.0489800467
Sr6Ti3FeO14,117064.54821625332
Sr6V9(S11O)2,121049.99311842369
Sr7Ca(IrO6)2,56182.49272548916
Sr7CaFe4(CoO5)4,634452.0558960789
Sr7CaFe4(CoO6)4,564765.9520342643
Sr7CaFe5(CoO8)3,591518.801351835
Sr7CaFe5Co3O20,630075.5850375656
Sr7CaFe6(CoO12)2,612381.7961679653
Sr7CaFe7CoO24,608724.8437862329
Sr7CaMn2(Fe3O10)2,700367.660534878
Sr7CaMn2(FeO4)6,643538.1204851746
Sr7CaMn3(FeO4)5,680448.6124106662
Sr7CaMn3Fe5O24,623346.2207389591
Sr7CaMn4(FeO5)4,661808.6571793947
Sr7CaMnFe7O20,718207.144499872
Sr7CaMnFe7O24,644817.7041977062
Sr7CaTi3Mn5O20,419657.0700131626
Sr7CaTi3Mn5O24,301734.62822115707
Sr7CaTi5Mn3O20,268416.54201508977
Sr7CaTi5Mn3O24,177945.2574226157
Sr7CaTi7MnO20,183953.72715854584
Sr7CaTi7MnO24,57723.01399535764
Sr7Mn4O15,319174.24657174235
Sr7Mn7O20,522367.6689378866
Sr7MnN6,64082.59384339849
Sr7SiB3NO13,51997.059520880444
Sr8Co3N8,144490.6627195115
Sr8Co8O23,547909.7580476942
Sr8Fe2Ru2O13,244946.39169853137
Sr8Fe3N8,181761.14106253043
Sr8Fe4Co4O23,570899.5848055412
Sr8Fe7CoO24,649107.7128854349
Sr8Fe8O23,687810.2322728324
Sr8Mg3Fe(MoO6)4,108755.22809258974
Sr8MgMn6O20,383962.08328866964
Sr8Mn2FeN8,155538.73257257408
Sr8Mn6Cu4S4O15,411514.38556966896
Sr8Mn6Cu4Se4O15,397868.30974436074
Sr8MnFe7O20,708876.2204801389
Sr8MnFe7O24,641301.432284596
Sr8Ni3N8,145570.33943132227
Sr8RuRh3O16,103021.70637401743
Sr8V6O19,143371.69845118234
Sr9(NiO3)7,77909.12960698812
Sr9Zn2(CuO7)2,80677.129395212
SrAcO3,99460.53805023083
SrAl2(Si2O7)3,117643.26249525782
SrAl2C2O11,167885.23951666264
SrAl3(PO7)2,267821.8529161592
SrAl3PSO14,224269.9603407486
SrAl4Si2N8O,163695.89612561098
SrAlHOF4,76248.27753090338
SrBi(PO4)2,51257.56698111361
SrBrO5,151547.56572910078
SrC,405058.6053658345
SrC2O5,148601.51008772163
SrC6(BrO4)2,136520.8031187551
SrCa(CoO3)2,507068.75672354636
SrCa(CoO3)4,713058.9043285557
SrCa(FeO3)4,800400.378682998
SrCa(GeO3)4,166825.47384835183
SrCa(NiO3)4,521897.0679246864
SrCa(RuO3)2,304996.949538982
SrCa(SnO3)4,138673.86835976172
SrCa2(FeO2)3,692489.3367929792
SrCa2Al6(SiO5)6,214527.19803220304
SrCa3(Co2O5)2,567523.720864494
SrCa3(CoO3)4,511512.6728078076
SrCa3(RuO3)4,310089.6509578741
SrCa3(RuO4)2,161847.64831933202
SrCa3Al8(SiO5)8,214940.98993393334
SrCa3IrO6,61875.463453303106
SrCa3Mn4O10,618987.5472464089
SrCa3Mn4O11,561214.7030282128
SrCa3Mn4O12,509326.58520409465
SrCa3TiMn3O10,503983.9586103144
SrCa4(FeO2)5,698031.7050328564
SrCa5Mn4(GaO8)2,379627.4840255741
SrCa7Fe2(Co3O10)2,593715.3460315727
SrCa7Fe2(CoO4)6,554393.7233375852
SrCa7FeCo7O20,585334.6541218647
SrCa7FeCo7O24,540463.5728904675
SrCa7Mn6(FeO10)2,671850.8733949695
SrCa7Mn6(FeO12)2,575828.7823964789
SrCa7Mn6Al2O20,482521.4693253812
SrCa7Mn6Al2O21,451209.9515342732
SrCa7Mn6Al2O22,414725.97111291066
SrCa7Mn6Al2O23,385130.4380054136
SrCa7Mn6Cr2O20,587437.2191829259
SrCa7Mn6Cr2O21,552924.0580034219
SrCa7Mn6Cr2O22,525656.3616090252
SrCa7Mn6Cr2O23,493905.1240705226
SrCa7Mn6Cr2O24,464369.4367446429
SrCa7Mn7CrO20,605701.0070541545
SrCa7Mn7CrO21,571306.7979565898
SrCa7Mn7CrO22,546020.3058718508
SrCa7Mn7CrO23,513196.5991379433
SrCa7Mn7CrO24,483307.72589476977
SrCa7Mn7FeO20,654221.8721197722
SrCa7Mn7FeO24,556615.0377123407
SrCa7Mn8O20,628628.4976730447
SrCa7Mn8O21,599282.0741928862
SrCa7Mn8O22,567385.2177363161
SrCa7Mn8O23,536485.6990622662
SrCa7Mn8O24,508033.0403819922
SrCa7Ti2Mn6O20,492550.521989873
SrCa7Ti2Mn6O21,463613.6878534972
SrCa7Ti2Mn6O22,439755.6229158122
SrCa7Ti2Mn6O23,406581.6986515577
SrCa7Ti2Mn6O24,375220.8495536222
SrCa7Ti3Mn5O20,428571.50037705305
SrCa7Ti3Mn5O21,400747.0001981721
SrCa7Ti3Mn5O22,373649.4732834563
SrCa7Ti3Mn5O23,342663.5463801129
SrCa7Ti3Mn5O24,309871.4481695908
SrCa7TiMn7O20,564238.0579586824
SrCa7TiMn7O21,528044.5525827743
SrCa7TiMn7O22,503114.0399138847
SrCa7TiMn7O23,473478.66574946034
SrCa7TiMn7O24,440649.11096954026
SrCaAl4(SiO5)4,152774.42206927924
SrCaB14H5O26,168224.78342033492
SrCaCo(PO4)2,109202.08584612586
SrCaCo2O5,537554.2675450884
SrCaCr(PO4)2,212992.74280026468
SrCaCr2O6,327126.42196921457
SrCaCrBiO6,207635.5064728777
SrCaCrF7,195367.3381572963
SrCaCu(PO4)2,54345.92773390411
SrCaFe(PO4)2,215567.28232460865
SrCaFeBiO6,339865.54044921236
SrCaFeSnO6,293264.730447044
SrCaHf4O12,136103.59647912846
SrCaHfCoO6,362807.04017376574
SrCaHfFeO6,290417.7378479405
SrCaHfVO6,72749.10518341395
SrCaHfWO6,134778.03092484587
SrCaMn(PO4)2,227487.7584820368
SrCaMn2O5,610184.2653785826
SrCaMn2O6,494366.6991630945
SrCaMnGaO5,309564.99195704993
SrCaMnNbO6,289050.0749827097
SrCaMnRuO6,528501.8342957152
SrCaMnWO6,347162.34068831743
SrCaNbFeO6,361664.6880636122
SrCaNbVO6,145527.34654769598
SrCaNbWO6,201378.10122767338
SrCaNi(PO4)2,110227.2369796032
SrCaNiBiO6,69739.64608744367
SrCaNiWO6,149219.93459856915
SrCaP2WO8,155283.6999725333
SrCaTi4O12,157627.34676638045
SrCaTiMnO5,375486.90502717986
SrCaTiMnO6,240370.95869185755
SrCaV(PO4)2,94970.68411205879
SrCaVWO6,215160.22638101893
SrCaZr4O12,131644.2939424423
SrCaZrCrO6,143867.0731692922
SrCaZrFeO6,285015.89261902764
SrCaZrVO6,71313.69628629282
SrClO,121586.775014506
SrCo(GeO3)4,307662.6593656352
SrCo(PO4)2,164903.19080375394
SrCo12O19,284620.6634271454
SrCo2(AsO4)2,213541.80981291377
SrCo6O11,325721.87543346913
SrCoAs,260783.01490970992
SrCoCu3Se4,152095.265468376
SrCoF5,192047.8528916511
SrCoO3,489370.17866142804
SrCoSb,227366.5444539748
SrCoTe,128447.4322904977
SrCoTe2,225624.83883115795
SrCoTeAu,195699.16805904228
SrCr(PO4)2,113768.57606731054
SrCr10O15,1052901.454404246
SrCr2BiO6,375643.6478990944
SrCr2O10,158292.19275847118
SrCr7N10,226536.98887706024
SrCr9Ga3O19,717936.408306153
SrCrAs,583188.8109380936
SrCrAs2,318444.7568903343
SrCrAu2,506566.3194844139
SrCrBiSbO6,233700.53121011643
SrCrCu3Se4,126903.08041192302
SrCrF4,429549.8784658249
SrCrF5,273488.5618567774
SrCrF6,199675.94459089515
SrCrGe2,290384.13051378925
SrCrInWO6,216444.68207157045
SrCrN2,158201.9188121602
SrCrO3,301685.13659479585
SrCrO4,164847.82815650766
SrCrP2O7,250886.10915240072
SrCrPd2,509026.2232609907
SrCrPt2,473586.84633108904
SrCrRh2,432011.307380865
SrCrSb,506291.65853418235
SrCrSb2,307711.3186540503
SrCrSn(PO4)3,122762.90262232185
SrCrSn2,373058.13482409186
SrCrSnBiO6,214948.61648908805
SrCrSnSbO6,217244.33753082846
SrCrTe,471269.7415680685
SrCrTe2,331234.2023722784
SrCu3(RuO3)4,210690.9269524446
SrCu3NiSe4,128147.46804084066
SrCuH3ClO3,78756.10909797906
SrCuSO,92841.32806479093
SrFe2(P2O7)2,369271.266020818
SrFe2(PO4)2,470602.2737170729
SrFe2(SeO3)4,345005.7897266307
SrFe2F6,648972.5007589627
SrFe3(PO4)3,529721.9303882679
SrFe3Bi2O9,699360.177693194
SrFe3P3O13,575319.9858034247
SrFe3Ru3O11,923200.7804035208
SrFe5Bi4O15,685526.9869808321
SrFe5N4,318574.2488385296
SrFe5P5O22,570719.3493987686
SrFeAs,387387.4802335127
SrFeBP2(HO5)2,265022.4834681958
SrFeBi2O5,347647.5976694107
SrFeF4,469206.84889468015
SrFeF5,501959.9222132152
SrFeMoO5,293743.08218271774
SrFeO2,669504.6603422234
SrFeO2F,721788.2498409526
SrFeO3,571673.557951689
SrFeP(O2F)2,435530.10378578334
SrFeSb,353950.98623997153
SrFeSn(PO4)3,203797.00861405174
SrFeTe,246839.81282985889
SrFeTe2,279320.531329438
SrGeO4,207119.31557142345
SrH(IO3)2,54871.168404275086
SrHf4SnO12,69805.47249696148
SrHfAs,148826.1576385392
SrHfTe2,146718.02798771852
SrHfVSnO6,71433.80302867919
SrI2O15,131114.9006599356
SrIrO3,69416.62960750729
SrLi3MnN3,198965.13199937475
SrLi4NiO4,166856.14223816406
SrLiAl2B2O7,52507.63044263387
SrLiCoF6,375085.2943041883
SrLiCoTe,90743.50123734592
SrLiCrF6,218605.91226281854
SrLiFeF6,422082.147059577
SrLiNiF6,84665.95554830381
SrLiTi3Cr2O11,230481.24473631545
SrLiTi4CrO11,136171.30537278837
SrLiTiF6,71560.33544953237
SrLiU2O6,218100.62484511128
SrLiVF6,143700.85943254665
SrLiVPO6,75457.15266527697
SrMg(CoO3)4,714186.1615177863
SrMg(NiO2)4,226382.7689412043
SrMg(RuO3)2,290110.4679805994
SrMg14CoO16,84643.87807132711
SrMg14Cr,97837.16108861064
SrMg14CrO16,111528.2321843042
SrMg14Fe,60579.130926650745
SrMg14FeO16,112120.6747218204
SrMg14Mn,102677.22355849306
SrMg14MnO16,139275.57705555865
SrMg14Mo,50410.965249974426
SrMg14NbO16,77563.68495471773
SrMg14NiO16,56582.90033979354
SrMg14TiO16,51084.76483586677
SrMg14V,80452.04144078895
SrMg14VO16,83995.17583694008
SrMg30FeO32,58136.92063572936
SrMg30MnO32,72423.22950797572
SrMg6Co,54778.06848783044
SrMg6CoO8,158606.82248089593
SrMg6Cr,205181.73867919712
SrMg6CrO8,206065.3053813821
SrMg6Fe,141597.54473817686
SrMg6FeO8,209550.27082854992
SrMg6Mn,186552.44840451947
SrMg6MnO8,258194.55956602914
SrMg6Mo,79936.83232607618
SrMg6NbO8,90597.79550957345
SrMg6NiO8,106306.15768861296
SrMg6Ti,87048.31228113158
SrMg6TiO8,97178.49905043222
SrMg6V,159516.43978535174
SrMg6VO8,156563.93668637323
SrMgCoO3,307390.4040479418
SrMgCr(PO4)2,181482.3194872115
SrMgCrO3,366845.05253454915
SrMgCu(PO4)2,58992.18704958148
SrMgFe(PO4)2,230021.37668846772
SrMgFe2(SeO3)4,247015.34160087563
SrMgFeO3,480456.6561369134
SrMgMn(PO4)2,56008.83013507518
SrMgMnO3,471713.17340736784
SrMgMoO3,119398.7544143028
SrMgNi(PO4)2,117594.6910355539
SrMgNiO3,248900.2924502697
SrMgV(PO4)2,169162.2910688344
SrMgVO3,296288.7325228836
SrMn(PO4)2,170516.92054998723
SrMn(SeO3)2,302575.1839989912
SrMn(SeO3)4,184220.1276357066
SrMn2(PO4)2,547233.0744102151
SrMn2(SiO5)2,369300.21112780005
SrMn2BiO6,529422.4189853135
SrMn2Si2(H2O5)2,375955.665599728
SrMn2V2O8,556892.9758367095
SrMn7O12,1172704.2085358198
SrMnAs,497308.3728854552
SrMnAs2,384998.8263667412
SrMnAu2,452210.7092738232
SrMnBi2,310611.4725557369
SrMnFeBiO6,644263.2104779518
SrMnGe,479323.6230603774
SrMnInWO6,307793.18557074986
SrMnN2,317647.04033574887
SrMnNbBiO6,329825.52775069873
SrMnO3,452884.9640133945
SrMnP2O7,309278.0398449945
SrMnPd2,521014.4752056683
SrMnPt,550673.5433847974
SrMnPt2,550146.0631725265
SrMnSb,445424.7150060686
SrMnSb2,322154.32982604625
SrMnSn,449265.34647784714
SrMnSn2,360179.4579698681
SrMnSnWO6,340598.7368466947
SrMnTe,358579.39987224137
SrMnTe2,402484.49209837744
SrMnTeO6,216558.32897051916
SrMnV2(AgO4)2,247003.20912598303
SrMnZn(PO4)2,112161.02412634325
SrMo(PO4)2,57729.03668143622
SrMoAs2,161717.17953279527
SrMoO2,562122.7701613258
SrNb2CuO7,62641.47212099333
SrNb2NiClO7,149430.6296225298
SrNb4O14,182176.0039932848
SrNbAs2,183960.5300502118
SrNbCrSnO6,215943.22712006758
SrNbFeO6,430277.156815893
SrNbFeSnO6,355225.8140091393
SrNbSb2,170249.2654469497
SrNbTe2,90505.48062564168
SrNbVSnO6,142667.89653640625
SrNi(PO4)2,113140.31332905368
SrNi2(PO4)2,252203.83218632382
SrNi2P2(H2O5)2,209551.13557609436
SrNiAs,100641.30904584196
SrNiF4,224870.0000592261
SrNiGe,72369.56552650635
SrNiIr2,240747.05208187696
SrNiTe2,119122.19930966954
SrNp(PO4)2,178829.54460881057
SrNpAs,597579.6281404052
SrNpAs2,299980.3404849376
SrNpAu2,422646.8853937644
SrNpIr2,315528.77951331466
SrNpO3,343326.12616343267
SrNpPd2,444182.56745994044
SrNpPt,510713.67787757627
SrNpPt2,422021.1087945095
SrNpSn2,345135.7401058961
SrNpTe2,373941.0287245492
SrOsO2,254168.38712394703
SrOsO3,143676.10409118803
SrP2S2O9,66562.76228062766
SrP2WO8,57788.31246039239
SrP4(NO6)2,124515.87802140598
SrPaAs2,68990.98813736318
SrPaAu2,77415.21368683656
SrPaBi2,68209.43885607662
SrPaGa2,82027.83934353107
SrPaO3,107994.74527214537
SrPaPd2,86039.45819296055
SrPaPt,109762.1294077635
SrPaPt2,68898.6942871613
SrPaSb2,61365.23675619625
SrPaSn2,102386.5552280558
SrPaTe2,216525.2933926923
SrPb2Br6O5,98076.50127647391
SrPb2Cl6O5,290841.6674822646
SrPd2Rh,58220.41331967092
SrPuAs,685063.3703842247
SrPuAs2,433304.4715251494
SrPuAu2,543250.658495048
SrPuCd2,509855.58089867176
SrPuGa2,521958.4365170936
SrPuGe,566840.5980062308
SrPuHg2,472838.51146584784
SrPuIn2,449403.6173830663
SrPuIr,580205.7794412549
SrPuO3,443615.4829835463
SrPuO4,221748.10283464048
SrPuPd,602038.1682714848
SrPuPd2,563196.1410725489
SrPuPt,606607.8701895612
SrPuPt2,544661.736747474
SrPuSb2,409424.7306911448
SrPuSi,590012.3032778384
SrPuSi2,523219.4182040114
SrPuTe,663368.486643084
SrPuTe2,445131.87084116874
SrPuTl2,456311.7770745056
SrRe3S4O11,119083.67370773507
SrRe3Se4O11,84938.97010145256
SrReO2,71854.67674183326
SrRh2,51484.2581047849
SrRhF6,93448.60201722647
SrRhO3,150825.36391669846
SrRuO3,227046.33176777328
SrSiH2F6,121749.992076594
SrSn2Cl6O5,88471.58984951592
SrTaAs2,166608.3013000997
SrTaTe2,92026.60853154823
SrTcO3,111591.74204682224
SrTcTe2,95534.94035677216
SrTe2Rh,94079.69444201513
SrThBi,116573.88461901135
SrThTe2,107774.09301190109
SrTi4(CuO4)3,130868.87287260345
SrTi4SnO12,139889.57597710425
SrTiAgAu,226303.2861693096
SrTiAs,277750.2119939314
SrTiAs2,100238.87553354066
SrTiAu2,204154.9220708409
SrTiBi2,175667.4293679872
SrTiF5,92343.8424703635
SrTiFe(PO4)3,190432.7399605638
SrTiFe3(BiO4)3,543153.6869259892
SrTiFe4Bi4O15,559089.200305344
SrTiGe2,171224.2692788653
SrTiIn2,152724.62329155643
SrTiMnBiO6,302271.1809526854
SrTiPd2,119297.19684247558
SrTiPt,215621.28369754853
SrTiPt2,90773.05916552532
SrTiSb2,151903.5848138734
SrTiSn2,184942.0248539987
SrTiTe,233349.6708879487
SrTiTe2,168808.04036334238
SrTiZn(PO4)2,112164.78010892413
SrU2(AsO10)2,154073.9493627764
SrU2O4,419211.2470218083
SrU2O6,153226.85026761348
SrU2S5,207827.3385943049
SrU3(SeO9)2,87549.6134558777
SrUAs2,192325.56452009827
SrUAu2,285263.1722709509
SrUBi2,192810.21571419793
SrUGe2,270153.8016831344
SrUIr2,192516.70486801816
SrUO3,218039.0753884287
SrUPd2,298358.2308456446
SrURh2,215733.6455549426
SrUS2,319268.5468399786
SrUSb2,182952.31857472786
SrUTe2,306484.83381472976
SrV13O18,795481.6987507992
SrV2(AsO5)2,93595.03032682152
SrV2(NiO4)2,243758.56973810258
SrV2(P2O7)2,145379.58071539458
SrV2(PO5)2,106136.62924423066
SrV2O4,405032.968337069
SrV2P2(H4O7)2,74906.59952054375
SrV2P2O9,212415.22010599458
SrV3O7,190138.64841329813
SrV4O10,96771.74364832499
SrV4O9,204210.52369364476
SrV5FeO11,622727.1394365327
SrV5NiO11,407126.69628858345
SrV6O11,451589.0239158994
SrV7N10,73287.64688986457
SrVAs,458613.4809473675
SrVAs2,259061.71427736187
SrVAu2,404589.13658574596
SrVBi2,258176.5362451765
SrVCu3Se4,82892.04671217148
SrVF5,215055.20380433346
SrVO3,142124.7996507689
SrVPt2,316036.21826179884
SrVSb2,238910.87247070958
SrVSi2O7,68340.06857673211
SrVSn2,301009.6362854168
SrVSnWO6,210531.34687600328
SrVTe,522702.8915341079
SrVTe2,251242.639168434
SrVZn(PO4)2,85902.10557848337
SrWNO2,137207.6941742941
SrWO2,489261.8398314833
SrZn2Fe16O27,1425244.5031792936
SrZnCr(PO4)2,226576.65449095925
SrZnCu(PO4)2,58165.140263479305
SrZnFe(PO4)2,227453.29784674803
SrZnNi(PO4)2,90948.50948683447
SrZnO5,146359.4664121696
SrZnP2WO8,105934.17662336306
SrZr4SnO12,67683.49830903087
SrZrAs,210990.7862686063
SrZrBi2,63133.518094316736
SrZrCdH8(C4O11)2,65078.89854252239
SrZrHg2,79584.63950392252
SrZrPb2,97646.967959485
SrZrSb2,52921.498746465746
SrZrSn2,56896.81430482767
SrZrTe,171035.88989923813
SrZrTe2,163028.37096786062
SrZrVSnO6,70107.13868008538
Ta(MnB2)2,596433.1607054198
Ta(NF2)3,172087.41906995213
Ta(NF4)3,145895.7558734134
Ta(TcO2)2,271835.9554861645
Ta(WO4)2,58574.36222845425
Ta2(CN2)3,108082.82482544534
Ta24Cu13O72,79974.77284928403
Ta2AgF12,50452.823142952686
Ta2Al2O5,61918.96274786165
Ta2AlPd,128031.53718888809
Ta2AlRh,112915.51038928663
Ta2Be2O5,88076.1080439726
Ta2Bi2O5,78263.93034070086
Ta2Bi2O9,95048.9651575229
Ta2CN3,104591.19258005616
Ta2Cd2O5,55476.48589872772
Ta2Co2O5,280764.51408912387
Ta2Co3Ge,55754.88272377084
Ta2Co4O9,660048.4315943549
Ta2CoNi,167331.50134569945
Ta2CoO4,297676.8737831315
Ta2CoO6,270331.065942997
Ta2CoOs,86946.45645673104
Ta2CoPd,202572.80001248818
Ta2CoRh,92174.74222218402
Ta2CoRu,249134.29235924562
Ta2CoTc,230115.58974126598
Ta2Cr2O5,615372.3833033364
Ta2Cr4Si5,87808.04285341172
Ta2CrIr,105441.00459432749
Ta2CrN3,132517.6419310706
Ta2CrO4,468035.90123372094
Ta2CrO6,347395.3160404996
Ta2CrO8,65457.29188533167
Ta2CrPt,143882.6055426811
Ta2CrRh,112661.48426676338
Ta2CuO6,84779.95831014091
Ta2Fe(ReSe4)2,116930.13739706899
Ta2Fe2O5,601629.1790857568
Ta2Fe4O9,845155.333398725
Ta2FeB2,292823.3635180434
Ta2FeCo,417274.3042014541
Ta2FeIr,131487.70394167473
Ta2FeO4,406589.07506164163
Ta2FeO6,348804.6779527584
Ta2FeOs,241668.84645744838
Ta2FeRe,135994.1498816998
Ta2FeRh,112835.64305158137
Ta2FeRu,243991.8410573378
Ta2FeSi,302927.0293837747
Ta2FeTc,149650.0773391898
Ta2Ga2O5,81104.32721701861
Ta2GaRh,98384.08770441625
Ta2GaRu,111903.43362780365
Ta2GaTc,64922.00659064576
Ta2Ge2O5,134336.5553489267
Ta2Ir2O5,129108.74002840818
Ta2Mn(P2O7)3,110062.83357984682
Ta2Mn2O5,719056.697601887
Ta2Mn3O8,895680.486729213
Ta2Mn4O9,985172.1776451534
Ta2Mn4Si5,574493.0086719771
Ta2MnCo,254732.82962426686
Ta2MnIr,240916.69518281418
Ta2MnO4,519531.80523570644
Ta2MnO6,434613.8122006567
Ta2MnOs,60380.4605369188
Ta2MnPt,199249.36814563366
Ta2MnRh,149632.50066585102
Ta2MnRu,165000.49643237906
Ta2MnSi,188583.2018783242
Ta2MnTc,67623.15888393196
Ta2MnZn2O8,308597.7961405787
Ta2Mo2O5,85007.82882870515
Ta2MoO4,353113.7923538103
Ta2N3O,205487.66535763541
Ta2Nb2O5,127230.688632193
Ta2NbO4,265578.8323643986
Ta2Ni2O5,276076.3447896276
Ta2Ni3Ge,195041.86559253966
Ta2NiO4,105407.04245174212
Ta2NiO6,182397.5365112862
Ta2NiPt,77530.8690023391
Ta2O3,449025.555721363
Ta2Os2O5,148467.4183592051
Ta2Pb2O5,260727.72450349183
Ta2Pd2O5,94612.13949757077
Ta2ReO4,235649.3986587941
Ta2Rh2O5,116051.95041951958
Ta2Ru2O5,222395.45799659463
Ta2RuO4,211376.41759965543
Ta2Sb2O5,66734.27239444418
Ta2Si2O5,71262.72274842592
Ta2SiRh,56338.27726071198
Ta2SnO4,120578.91044133966
Ta2Tc2O5,312656.7174425618
Ta2Te2O5,91344.6533828013
Ta2Ti2(CuO4)3,131270.30273934084
Ta2Ti2O5,185732.14431758225
Ta2Ti3Ni2,64385.03030973885
Ta2TiO6,118075.59590751007
Ta2TiRe,83921.4635859895
Ta2TiZn2O8,121558.16466533451
Ta2V2O5,372127.1086400923
Ta2V4Si5,52907.61735865854
Ta2VO6,263646.5292697084
Ta2W2O5,57118.25306429421
Ta2Zn2CrO8,238147.87150944056
Ta2Zn2CuO8,60977.77995255355
Ta2Zn2FeO8,240819.50553978077
Ta2Zn2O5,204391.5020562556
Ta2Zn2WO8,175724.9512590757
Ta2ZnCoO7,179393.55992540636
Ta3AlCo8,229407.32615006345
Ta3Au,62989.2308117381
Ta3Co3C,130540.36541735282
Ta3Co8Si,163855.68609816598
Ta3CoS6,126817.93202000491
Ta3CrS6,159989.875472103
Ta3CrSe6,140591.3005127545
Ta3Mn8Si,152989.78910721556
Ta3MnN4,459332.49294321256
Ta3MnN6,237991.6215192029
Ta3MnS6,219114.0482885922
Ta3MoS8,59245.15748385001
Ta3Ru2,66732.91635058096
Ta3Si6N11,81894.5829623862
Ta3VS6,106410.45351927337
Ta3VSe6,94794.28987048885
Ta3WS8,56379.68601577957
Ta3ZnFe3(O6F)2,481699.4263285257
Ta4Co2C,91465.11125672051
Ta4Co2N,208389.304065432
Ta4Cr7Si8,88265.91758863832
Ta4CrSe8,95245.91622790613
Ta4Fe5Te12,188001.1197168194
Ta4FeS8,134227.42916568936
Ta4Mn11O21,1196544.4457043272
Ta4MnS8,152511.32153643563
Ta4MoSe10,74540.52593616667
Ta5N10Cl17,164026.0440596325
Ta6Cr(CS2)3,122888.1940552797
Ta6Cr3Fe3C2,195346.78662172495
Ta6Fe16Si7,115304.49102674419
Ta6Mn(CS2)3,154184.94764766723
Ta6Mn2FeO18,395809.16334618744
Ta6Mn2Zn3O20,241546.8545264229
Ta6Zn3(FeO6)4,347397.4305119957
Ta8Cr3O24,218995.10673058158
Ta8V(CS2)4,72604.50549867182
Ta9V2O25,55007.9412960217
TaAgWO7,71045.1311806846
TaAl(WO4)2,239711.69112335186
TaAl2Cr,123858.67546794162
TaAl2Fe,145082.39446069702
TaAl2Ir,305793.5453638171
TaAl2Ni9,56953.36937349813
TaAl2Os,151402.5767402672
TaAl2Rh,310859.16845709784
TaAl2Ru,162294.8235233954
TaAl4Ni15,74205.8626989819
TaAlCoIr,312705.5081273518
TaAlCoMo,102665.0036088808
TaAlCoNi,67567.82855198094
TaAlCoOs,267594.66625940014
TaAlCoPd,135286.9967991375
TaAlCoPt,178387.90451284574
TaAlCoRh,303570.0844297257
TaAlCoRu,290088.80054774747
TaAlCr2,520131.64634843427
TaAlCrCo,168188.12005749223
TaAlCrFe,342904.4564527631
TaAlCrIr,419849.51173126686
TaAlCrMo,301021.837892054
TaAlCrOs,314022.66110232554
TaAlCrPt,273414.1315728283
TaAlCrRe,448060.3304409635
TaAlCrRh,414894.8851520925
TaAlCrRu,316450.9102674476
TaAlCrTc,454666.712219314
TaAlFe,291265.62086947996
TaAlFeAu,220013.74183389856
TaAlFeCo,507552.8598082612
TaAlFeCu,167903.08089547642
TaAlFeIr,314936.1359247689
TaAlFeMo,287785.54334536946
TaAlFeNi,323049.4939694599
TaAlFeOs,275534.7313629284
TaAlFePd,290246.58688262186
TaAlFePt,306260.7705265344
TaAlFeRe,146082.9364731157
TaAlFeRh,318537.6713077999
TaAlFeRu,293541.7537219565
TaAlFeTc,139991.95738185337
TaAlNiOs,82144.77806944337
TaAlO3,161749.7009758361
TaAlRh,75302.77850210294
TaAlVCo,358278.13450436405
TaAlVCr,159953.54871782035
TaAlVFe,491050.9055195628
TaAsO3,197942.65329806268
TaAsRu2,233848.60662065237
TaBO3,51574.98547831737
TaBRu,148438.94595018975
TaBe2Fe,141636.57587267712
TaBe2Pd,198834.78158353042
TaBe2Pt,216287.10407880298
TaBeCoSi,163845.61904959957
TaBeCrSi,109780.03514361294
TaBeFeSi,175434.56813519314
TaBeO3,56808.70029872691
TaBiO5,50764.96499061435
TaBr3,85961.2224499688
TaCdPt,96094.93094313606
TaCl3,248134.97104763513
TaCo2,165885.055175379
TaCo2Ge,249341.09714079896
TaCo2N3,98659.58749268918
TaCo2Ni,74743.25533277378
TaCo2Si,193590.50600213715
TaCo2Sn,233905.45236462148
TaCo4Mo,259319.7302539526
TaCo4Si,137976.4869364662
TaCoAsPd,130011.72855860746
TaCoAsPt,119293.46368146612
TaCoAsRh,80912.8079707243
TaCoAsRu,217800.26821768706
TaCoGeIr,198495.96002082922
TaCoGeOs,316815.20659624645
TaCoGePd,54465.931939807604
TaCoGeRh,199309.52042650862
TaCoGeRu,324970.7517319395
TaCoIr2,275489.3973688873
TaCoN2,105000.63482997083
TaCoO3,235501.8684615438
TaCoPd2,91677.2906958202
TaCoPt2,113105.80687459196
TaCoReGe,160040.48431430108
TaCoReSi,164782.22176241528
TaCoRh2,106629.60310507563
TaCoSbRh,77751.64355409674
TaCoSbRu,173890.42212954562
TaCoSiIr,201411.7510972672
TaCoSiOs,331769.15236571146
TaCoSiPt,53234.913829110104
TaCoSiRh,202570.7028307824
TaCoSiRu,173867.89425754588
TaCoSiTc,167714.49432804008
TaCoSn2,242059.80029516344
TaCoSnIr,172427.29052566917
TaCoSnOs,292045.58814621216
TaCoSnPt,70164.80735650116
TaCoSnRh,180339.9821362515
TaCoSnRu,293235.5519395281
TaCoTcAs,300386.6848462916
TaCoTcGe,161421.13897677345
TaCoTcSb,292223.748696513
TaCoTcSn,147566.3968096238
TaCr2Ge,490976.23964517284
TaCr2Si,510086.1966209669
TaCr3(AgS4)2,303665.0377500431
TaCr3(CuS4)2,336016.9796118199
TaCr3S8,286185.2345173104
TaCrAs2,282109.11256767507
TaCrAsPd,413364.99894048966
TaCrAsPt,435078.00202275306
TaCrAsRh,480086.7835232952
TaCrB4,348967.242850395
TaCrCo2,863984.6882302192
TaCrCoSi,306311.5995496609
TaCrFeGe,171376.37626493818
TaCrFeSi,465128.60373219865
TaCrGaCo,170555.1488648031
TaCrGaFe,342453.26914441853
TaCrGaIr,396349.2076074261
TaCrGaOs,309474.99137552094
TaCrGaPt,268778.9941671534
TaCrGaRe,443005.7082669047
TaCrGaRh,397909.63575180236
TaCrGaRu,309473.04994641454
TaCrGaTc,447397.36313123105
TaCrGeOs,144814.36655834768
TaCrGePt,433544.0771930412
TaCrGeRh,277421.25487768004
TaCrGeRu,149626.25165362246
TaCrInIr,140062.59466974952
TaCrInRh,141510.6382678847
TaCrInRu,286586.0711208753
TaCrIr2,234508.17770259795
TaCrO3,763434.8067006744
TaCrO4,418287.2632034853
TaCrPd2,449896.7968741905
TaCrPt2,228629.80451020898
TaCrReSi,308639.9750589976
TaCrRh2,421870.0438569502
TaCrRu2,476497.74269065104
TaCrSiIr,285526.72563739424
TaCrSiMo,429759.955962676
TaCrSiNi,207391.0623159892
TaCrSiPd,199543.78358928382
TaCrSiPt,217654.27613398962
TaCrSiRh,284631.4953062796
TaCrSiRu,161222.62823872847
TaCrSiTc,319898.1957272466
TaCrSnRu,140030.6615542266
TaCrTcGe,308120.2095516858
TaCrTcSb,114401.4956096953
TaCrTcSn,283189.2851515387
TaF2,622473.342860371
TaF3,277786.349655296
TaFe,293565.89974298025
TaFe(PbO3)2,367872.12159271736
TaFe2,496781.13053315034
TaFe2As,344834.5852335177
TaFe2Co,980199.4627394286
TaFe2Ge,186975.10430863523
TaFe2Ir,716732.4635263254
TaFe2Ni,632814.0530982463
TaFe2Os,782077.54369383
TaFe2Pt,702120.6620841305
TaFe2Rh,700643.7294182122
TaFe2Ru,791104.4421541141
TaFe2Sb,319386.0510904452
TaFe2Si,411512.3451426994
TaFe2Sn,162928.8575107587
TaFe2Tc,700258.4169316458
TaFe3,918957.5871726837
TaFeAsPd,316644.3664406473
TaFeAsPt,296521.12079047866
TaFeAsRh,322893.8794128273
TaFeAsRu,300525.2065166547
TaFeB,262040.3686064212
TaFeCo2,542192.4919874207
TaFeCoAs,373740.5260962003
TaFeCoGe,410151.23614291137
TaFeCoSb,344634.8309825422
TaFeCoSi,446911.04992810154
TaFeCoSn,319070.0775840892
TaFeCuSi,57787.36423138728
TaFeGe,194907.12376238793
TaFeGeIr,346924.34458383283
TaFeGeMo,146850.7003726201
TaFeGeOs,159854.78511127678
TaFeGePd,270481.9072379895
TaFeGePt,282802.33197428996
TaFeGeRh,354443.2565240071
TaFeGeRu,163002.67126770926
TaFeIr2,447671.50961088855
TaFeNi2,370979.48116561346
TaFeNiAs,155971.81974696624
TaFeNiGe,307913.5246729889
TaFeNiSn,215341.07227564952
TaFeO3,492892.47726156394
TaFeO4,671324.6070812768
TaFeOs2,701000.6701078543
TaFePd2,241959.05706485888
TaFePt2,156607.0329737215
TaFeRe2,357553.1084168703
TaFeRh2,222960.6470411248
TaFeRu2,679914.5281652024
TaFeSbRh,274728.47784681426
TaFeSbRu,287842.5911658523
TaFeSi,155926.4684165345
TaFeSi2,309131.52484683105
TaFeSiIr,354643.6318977125
TaFeSiMo,156509.40760236955
TaFeSiNi,293665.0535267672
TaFeSiOs,162619.63947134747
TaFeSiPd,269868.707462762
TaFeSiPt,283014.36757207057
TaFeSiRh,362263.1843059447
TaFeSiRu,357819.2678628593
TaFeSiW,154956.23557557524
TaFeSn,172518.15617393848
TaFeSnIr,286565.22354903945
TaFeSnOs,149316.36710415644
TaFeSnPd,214961.89441038037
TaFeSnPt,244559.65690888814
TaFeSnRh,285519.7382816479
TaFeSnRu,147282.59581542204
TaFeTc2,439418.74928051117
TaFeTcAs,137777.6740863158
TaFeTcSb,144411.7815575799
TaFeTe3,131986.9919103995
TaGa2Ir,271960.31022875704
TaGa2Rh,250065.066025732
TaGa2Ru,100728.592422265
TaGaCo,139301.70385191258
TaGaCoIr,308769.73951819516
TaGaCoMo,131170.882270679
TaGaCoOs,162234.789590128
TaGaCoPd,117257.95027207182
TaGaCoRh,295720.541145181
TaGaCoRu,163957.13019174561
TaGaFeCo,343208.1498049465
TaGaFeCu,174509.25371270473
TaGaFeIr,320305.93369668565
TaGaFeMo,294943.38953038637
TaGaFeNi,323563.5823625039
TaGaFePd,304192.40657744533
TaGaFePt,316771.2749179197
TaGaFeRe,140759.4055221453
TaGaFeRh,326350.11547278403
TaGaFeTc,142585.90754131073
TaGaRh,120033.13972994457
TaGaRu,61337.07093120136
TaGeRu2,133202.29075705376
TaI3,62778.11917284988
TaInCo2,322101.17717446893
TaInCoIr,292853.5566196295
TaInCoNi,111836.6780297965
TaInCoOs,151318.19424034923
TaInCoPd,125840.73673959862
TaInCoRu,148868.4149275673
TaInFeCo,167268.78222678747
TaInFeIr,159013.47688985418
TaInFeNi,267437.24261407886
TaInFePd,238443.10055765323
TaInFePt,262408.26478527935
TaInFeRh,152852.23774606807
TaInIr,88503.83583783325
TaInRh,121827.05386260709
TaIrO3,288677.89533128135
TaMn2,216612.74884551318
TaMn2Al,340948.05763768416
TaMn2Be,559045.5799352542
TaMn2Co,840736.3406401379
TaMn2Fe,558275.3358861742
TaMn2FeO6,1204853.93409786
TaMn2Ga,346019.9879380173
TaMn2Ge,169394.93142806395
TaMn2Ir,777981.9023419394
TaMn2N3,542040.592409048
TaMn2Ni,865658.4497265948
TaMn2O3,1161032.476438712
TaMn2Pd,793035.180588878
TaMn2Pt,801639.8977489282
TaMn2Rh,784296.3470061608
TaMn2Si,514670.6179556021
TaMn2Sn,153654.72953413057
TaMn2Zn,518908.6611394327
TaMnAlCo,633915.0902911252
TaMnAlCr,500688.16076001467
TaMnAlFe,491869.94377585815
TaMnAlIr,307007.3892842288
TaMnAlMo,447754.6847185361
TaMnAlNi,464085.97487100953
TaMnAlOs,422642.40190430486
TaMnAlPd,278091.96602112707
TaMnAlPt,303578.90534089284
TaMnAlRe,311699.28424251
TaMnAlRh,311372.1565025122
TaMnAlRu,436249.1460505221
TaMnAlTc,452324.4915679862
TaMnAlV,326612.53361697705
TaMnAlZn,155211.23756033584
TaMnAs,191989.7896573216
TaMnAs2,342883.4374714517
TaMnAsIr,526428.1042795144
TaMnAsPd,448677.8355946568
TaMnAsPt,440152.1934240614
TaMnAsRh,399287.1719431713
TaMnAsRu,127081.88152694536
TaMnBeAl,116566.6402047687
TaMnBeGa,163406.83530914478
TaMnCo2,703561.4141976801
TaMnCoAs,344666.52837288904
TaMnCoGe,177963.71314971327
TaMnCoSb,317518.04253336147
TaMnCoSi,561719.301966129
TaMnCoSn,158188.03621277
TaMnCrGa,498033.95354340045
TaMnCrGe,330417.1313385024
TaMnCrSi,357477.28724835074
TaMnCuSi,300418.637564111
TaMnFe2,852521.4538386229
TaMnFeAs,168873.04265901292
TaMnFeGe,377600.36951709946
TaMnFeSi,672375.3893275877
TaMnGaCo,352970.65528553585
TaMnGaFe,489337.1030153689
TaMnGaIr,311958.01176321047
TaMnGaMo,442037.7968188024
TaMnGaNi,285102.1291475245
TaMnGaOs,149264.75439955803
TaMnGaPd,301315.99072041543
TaMnGaPt,317563.4210904451
TaMnGaRe,305284.7903973683
TaMnGaRh,318324.40963312663
TaMnGaRu,428173.2451306351
TaMnGaTc,311007.2314690347
TaMnGe,464570.4127787239
TaMnGeIr,344106.29592205817
TaMnGeMo,303320.47324024915
TaMnGePd,334154.8609567208
TaMnGePt,342238.259330401
TaMnGeRh,349352.1055634115
TaMnInPd,211309.41230562679
TaMnInPt,240293.33167128364
TaMnInRu,142290.5040986828
TaMnIr2,672932.6848222318
TaMnNO2,810878.3612337903
TaMnNbO6,420898.9876927907
TaMnNbSi,200847.00038689096
TaMnNi2,730789.2299635558
TaMnNiAs,436335.8965997407
TaMnNiGe,354400.5357764535
TaMnNiSn,253736.19980957962
TaMnO3,685118.7485023545
TaMnO4,563182.8540254234
TaMnOs2,607210.7031145549
TaMnP,208897.3805667651
TaMnPd2,528496.7595210399
TaMnPt2,596092.8724618315
TaMnRe2,326708.9176723809
TaMnReGe,145802.86987993823
TaMnReSi,131801.15652621604
TaMnRh2,570137.6712964365
TaMnRu2,634956.3351742441
TaMnSb,168687.06101008825
TaMnSbPt,359371.1376473585
TaMnSbRh,245810.65533277375
TaMnSbRu,136726.53088115522
TaMnSi,80614.81930808896
TaMnSiIr,346377.8927364041
TaMnSiMo,315349.2224057505
TaMnSiNi,380473.930353467
TaMnSiPd,335939.0154332119
TaMnSiPt,341422.1300461156
TaMnSiRh,355537.29049295746
TaMnSiRu,341471.6242629302
TaMnSiTc,402400.9013550362
TaMnSiW,312759.5443994903
TaMnSnIr,143572.02411942437
TaMnSnPd,220482.54363496482
TaMnSnPt,311133.67034149443
TaMnSnRh,143784.2103381544
TaMnTc2,348801.7587831757
TaMnTcGe,147846.72669054614
TaMnTcSn,137895.6416782221
TaMnVAs,336359.2728589616
TaMnVGa,327941.4118177855
TaMnVGe,473956.79461567395
TaMnVSi,285507.215123826
TaMnVSn,436130.6853139782
TaMnZn2O6,339495.56829384237
TaMnZnCo,172308.02069247403
TaMnZnFe,348588.27571517334
TaMnZnIr,425438.2375144378
TaMnZnOs,314722.8601404392
TaMnZnPt,303829.33964136534
TaMnZnRh,426768.9240203891
TaMnZnRu,318715.3017771438
TaMnZnTc,458228.8842611234
TaMoO3,531093.5572313804
TaN2,113896.75411859673
TaNCl6,152343.22366288272
TaNbCrSi,144848.03955651546
TaNbCu3O8,178773.78512443387
TaNbFeSi,307756.51370041433
TaNbO3,446929.70571930904
TaNi11(BO5)4,557361.9553069783
TaNiGeRu,72401.08564747845
TaNiO3,307087.7216078005
TaNiP2O9,151156.54484020665
TaNiSnRu,69286.2209663227
TaO10,180042.00066885407
TaO3,267422.7943076014
TaOsO3,339566.72837079305
TaP2O7,62960.679969921875
TaPdO3,156480.68802183462
TaPtO3,153711.9373248597
TaReO3,498925.8121524649
TaReSe4,95505.4432546264
TaRhO3,270185.4586237694
TaRuO3,299029.2377143213
TaS2N,318304.5967547284
TaSbO3,210478.88661695243
TaSbRu2,245345.76910593107
TaSiNiRu,56046.76441973757
TaSiO3,254986.83421290948
TaSiPd,83075.7872213717
TaSiPt,55195.65967019881
TaSnPt,50333.35061267322
TaTcO3,368073.91916096193
TaTcPt2,175482.3042279624
TaTeO3,191552.53269588217
TaTi2Al,116312.51248705262
TaTi2Co,81614.8360542197
TaTi2Fe,96079.9570496562
TaTi2Ga,114552.95017779333
TaTi2Ge,61572.8486930784
TaTi2Mn,90554.46564709827
TaTi2O4,148946.2744943641
TaTi2Si,69872.88180606127
TaTi2Sn,54775.30941378402
TaTiAl,276629.3893439783
TaTiAlCo,458674.0505435461
TaTiAlFe,314347.5443451424
TaTiAlNi,408192.4711515604
TaTiAu2,137059.11674571483
TaTiBe4,163953.36917530673
TaTiCo2,107421.97756104282
TaTiCoGe,416989.675042057
TaTiCoSi,370889.1735410452
TaTiCrAs,158400.88263584956
TaTiFe2,149141.0382955333
TaTiFeCu,57152.04863592809
TaTiFeGe,449458.8471363808
TaTiFeSi,432025.5363443858
TaTiFeSn,415966.25760576304
TaTiGaCo,465869.92692862934
TaTiGaFe,316648.7656507722
TaTiGaNi,454520.28267869446
TaTiMn2,70263.71326272652
TaTiMnAl,145358.34671257652
TaTiMnAs,384591.44790642016
TaTiMnGa,118522.87479640872
TaTiMnGe,275592.2063088534
TaTiMnSi,250285.24379888782
TaTiMnSn,271634.5424968969
TaTiO3,367591.7427844401
TaTiO4,123827.0955053707
TaTiPt,117954.97325553777
TaTiSiNi,185396.0653532868
TaTiTe2,100052.74447375453
TaTiZn2O6,85496.98879279691
TaTl2O4,76725.57398869672
TaV,115964.55021338032
TaV2O4,711965.0260721581
TaV2Si,77020.54378751774
TaVCoGe,183072.6028076579
TaVCoSi,181701.00865122813
TaVCrGe,317777.3729179355
TaVCrSi,204114.1224468858
TaVFeGe,331169.9443640435
TaVFeSi,325655.40838293603
TaVGaCo,361037.14064832265
TaVGaFe,486192.0281051805
TaVH4,241274.21963905467
TaVN2,263203.50259523216
TaVNi2,361460.82858610677
TaVO3,595594.6219913315
TaVO4,273263.9400456087
TaVZn2O6,171141.9884926035
TaVZnCo,496374.1890079327
TaWNO6,190728.1034922445
TaWO3,530681.7178703388
TaZn2CrO6,265177.7222047393
TaZn2FeO6,427676.39821065037
TaZn2MoO6,243350.13549331055
TaZn2OsO6,86933.89053879728
TaZn2Pt,147921.306842621
TaZn2SeO6,75703.44989083929
TaZn2WO6,176656.3443571129
TaZnCoCu,84544.29448311016
TaZnCoIr,233488.03290746745
TaZnCoNi,63760.843863188864
TaZnCoPd,84047.44796885962
TaZnCoPt,133909.66965521054
TaZnCoRh,135429.72825523952
TaZnCrIr,446463.93272437603
TaZnCrOs,457053.0441425687
TaZnCrPt,387469.73309875245
TaZnCrRh,316529.6859208915
TaZnCrRu,463728.77367402246
TaZnFeIr,288012.12956605945
TaZnFeNi,143114.35933127184
TaZnFeOs,135976.00908880046
TaZnFePd,156004.5847607704
TaZnFePt,318220.1224763971
TaZnFeRu,131598.47019496415
TaZnFeTc,279978.6987896931
TaZnIr,91568.90298170494
TaZnPt,91660.77267909599
TaZnRh,153211.17430856824
Tc(I3O)2,52005.949961877646
Tc(WO2)2,251742.05945879046
Tc2Ag2O5,215235.88350439092
Tc2AgO4,523540.77640797634
Tc2As2O5,244558.63443091052
Tc2AsO4,331858.39741383615
Tc2Au2O5,203568.70136967188
Tc2AuO4,519907.05946280464
Tc2B2O5,243933.44799138908
Tc2Bi2O5,315283.603709668
Tc2BiO4,333779.4365137255
Tc2Ge2O5,193374.12688595353
Tc2GeO4,425436.0436868433
Tc2Hg2O5,195100.30569668915
Tc2HgO4,406113.24008455034
Tc2Ir2O5,391532.0118125783
Tc2IrO4,251721.63187294448
Tc2Mo2O5,361877.4973691245
Tc2MoO4,436410.3640915046
Tc2Ni2O5,191234.1441905491
Tc2NiO4,258993.72531544504
Tc2O3,625905.1549218427
Tc2Os2O5,97270.00037756954
Tc2OsO4,165967.23904157916
Tc2Pd2O5,141539.22369235216
Tc2PdO4,432942.9698737383
Tc2PtO4,409038.95600008394
Tc2Rh2O5,204382.9554373288
Tc2RhO4,254010.78692464347
Tc2Ru2O5,343697.0589436287
Tc2RuO4,377835.01913373976
Tc2Sb2O5,210943.21793897706
Tc2SbO4,323774.7328936935
Tc2Sn2O5,378091.79350851884
Tc2SnO4,397973.34605389234
Tc2W2O5,346557.66682375513
Tc3Ge,212978.72177319555
Tc3H,101914.40043304951
Tc3Pb,106680.82997940957
Tc3Te,71610.8868156142
Tc4O5,704790.1816230231
TcAg3,327575.2046568284
TcAgO2,335927.577203184
TcAsO3,538137.9147767344
TcAuO3,83680.93434850987
TcB4,264888.57447518513
TcBO3,393828.88218433014
TcBiO3,301142.0257460544
TcBr2,106379.79078725135
TcBr3,84006.30740070176
TcC,283737.9383389218
TcCl3,106069.91134441309
TcCl4,217720.77572097155
TcF2,961013.9460179958
TcF3,854658.4544505113
TcF4,426551.3014294216
TcF6,86265.914120414
TcGe2Pd,97241.56458076388
TcGe2Pt,64747.28595565123
TcGeO3,430859.5467620763
TcIrO3,456242.17978498177
TcMoO3,663664.0963799567
TcNO2,58572.165682045124
TcNiB,240645.43373180358
TcNiGeRh,122963.56258426343
TcNiO3,922771.2986853783
TcOF4,117224.58316742655
TcOsO3,514439.5771102258
TcPbO3,205520.05938565885
TcRhO3,430204.1878633524
TcRuO3,636729.0640015458
TcSbO3,456424.49440512655
TcSbPd2,85415.53360712787
TcSnO3,263706.39225902635
TcSnPd2,243130.94376035876
TcSnPt2,242500.23138959878
TcSnSe,174631.2975987031
TcTeO3,395062.6989062594
TcWO3,630579.4197695019
Te(WO2)2,249431.23720501972
Te2Pt2O5,68510.57604299417
Te2PtO4,65359.83838649728
Te2Rh2O5,154632.3153674617
Te2RhO4,164306.7959887972
Te2Ru2O5,237128.97315253827
Te2W2N2O,93917.1448113809
Te2W2N2O15,198463.609460663
Te3Mo5O18,138066.4630424259
TeC2(NO2)4,207257.72040382147
TeC2S2(N2Cl)2,61809.343508781894
TeC2Se2(BrN2)2,63549.68321306663
TeC2Se2(N2Cl)2,65212.80129844306
TeC4S4(N2F)4,80431.38629035841
TeC4Se4(N4Cl)2,52636.92838084696
TeH6S(NO5)2,269985.3158982985
TeINO10,94090.30025697444
TeMo5O16,59053.82495178702
TeMoO3,288268.13538817957
TeNO4,54803.49059948682
TeO3,62796.6888524307
TeP3(N2O9)2,102363.07040407971
TePtO3,81636.24529468278
TeRhO3,153921.76712415874
TeRuO3,244301.83889309264
Th(Al2Cr)4,110888.80814961095
Th(Al2Fe)4,256597.62350194034
Th(CoAs)2,71545.03574842282
Th(CoGe)2,139777.71571138865
Th(CoP)2,71911.74374464763
Th(CoSi)2,121059.98869217437
Th(CoSn)2,60691.582177038625
Th(CrSi)2,239420.1114565319
Th(Fe2P)2,65218.0447415731
Th(FeGe)2,379166.65047343314
Th(MnAl2)4,386136.9880581946
Th(MnSi)2,421268.23868189414
Th(NF2)4,64758.915307087394
Th2(CoP)3,74846.91052486941
Th2AlO4,64509.25157652222
Th2BO4,65026.38290100508
Th2Co2O5,102732.72096358264
Th2Co7,467664.8827355764
Th2CoO4,225495.8052879192
Th2CoSn,114568.82705480557
Th2Cr2O5,545054.4910178983
Th2CrAs,283224.6499556259
Th2CrAu,265133.0315555712
Th2CrIr,308270.37724787084
Th2CrN3,220865.77468013274
Th2CrO4,352825.79878411454
Th2CrPd,251421.57894606292
Th2CrPt,279356.2527612798
Th2CrRh,284665.2279119066
Th2Fe14B,1199829.4963189634
Th2Fe17,1345184.8570852485
Th2Fe17N3,1296244.3196882803
Th2Fe2O5,601741.4755314004
Th2Fe7,931703.4258722472
Th2FeGe,158841.31246569086
Th2FeIr,117095.1038713275
Th2FeO4,320661.174344778
Th2FeOs,109271.85432634022
Th2FePd,69746.70177955327
Th2FeRh,103579.7424455035
Th2FeRu,103590.61590929153
Th2FeSi,157248.1100012727
Th2FeSi3,106342.82002887693
Th2FeSn,172416.14779895052
Th2GaFe,116687.37641499334
Th2GaO4,64210.7311034716
Th2GeO4,57115.874062442206
Th2IrO4,91541.23112420061
Th2Mn12P7,415496.5693221435
Th2Mn2O5,634832.2740901029
Th2MnAs,255728.80246555706
Th2MnAu,202985.08345257674
Th2MnGa,217893.74061726098
Th2MnIr,207149.26518416023
Th2MnN3,260198.59711034308
Th2MnO4,356002.6240311263
Th2MnPd,163601.15030284502
Th2MnPt,187538.26385632297
Th2MnRh,179547.52742245275
Th2MnRu,243418.8387053907
Th2MnSb,251398.79316192964
Th2MnSi,163631.50250579495
Th2MnSi3,132867.55216842034
Th2MnTe,290066.3395953071
Th2Mo2O5,78174.65812208332
Th2MoO4,309866.1360625325
Th2NbO4,59135.93801282152
Th2Ni17,197744.4817988672
Th2Ni2O5,242275.43391041225
Th2NiO4,69216.55372836096
Th2Np2O5,455634.1890592523
Th2NpO4,268057.99847647175
Th2O3,83151.89679415662
Th2Os2O5,70266.40756093372
Th2OsO4,188758.29788080425
Th2Pa2O5,148154.66073145415
Th2Pd2O5,63268.06213353316
Th2Pt2O5,51329.97579820481
Th2Re2O5,86357.21243458262
Th2ReO4,268035.08470286144
Th2Rh2O5,108759.21873708312
Th2RhO4,72892.28051399098
Th2Ru2O5,75840.81590021412
Th2RuO4,158232.57278097433
Th2SiO4,65543.95329044784
Th2Ta2O5,166737.42499202696
Th2Tc2O5,130985.9917395274
Th2TcO4,245233.97205962698
Th2Ti2O5,131537.98786971794
Th2TiAs,135356.8206191943
Th2TiGa,162372.98625513044
Th2TiGe,163102.10033220504
Th2TiIr,197830.74229731926
Th2TiPd,148514.90362558627
Th2TiPt,157591.42066559565
Th2TiRh,188906.21961540222
Th2TiSb,182962.09976340915
Th2TiTe,176221.6044211349
Th2U2O5,341315.5059086598
Th2UPt,357463.7879747795
Th2V2O5,469674.88845111686
Th2VAs,229932.36700075425
Th2VAu,239135.62262038584
Th2VIr,240824.75422982586
Th2VPd,234866.97809815517
Th2VPt,241812.58066960727
Th2VRh,241994.49701297394
Th2W2O5,141012.33017172868
Th2Zr2O5,104175.39588020707
Th2ZrUO8,113896.00759192127
Th3Co3Sb4,83213.68810302991
Th3Cr,245277.7593909676
Th3U,167735.87886819697
Th3U3P8,184560.7201247189
Th3V,168420.9971166215
Th4Co10Si,218124.38541980096
Th4UTe5,119188.34870384866
Th5Fe19P12,173480.07557149726
ThAlCo2,157215.1598747952
ThAlFe,114509.71482312818
ThAsRu2,115934.54233925465
ThBiRu2,107305.2942059742
ThCl3O8,90974.71644998075
ThCo2As,281345.07163215807
ThCo2Bi,257117.98902874958
ThCo2Ge,285343.7032843029
ThCo2Ir,321494.31394880376
ThCo2Ni3,326742.1607506822
ThCo2Rh,147381.65464443158
ThCo2Si,297782.7236387903
ThCo2Sn,261779.11392192505
ThCo3,356894.2610961843
ThCo3Ni2,437942.80084622884
ThCo9Si2,520943.8713411775
ThCoGe,109634.47781958242
ThCoIr,199117.1515147023
ThCoNi,82545.12346653378
ThCoO3,390686.5817931503
ThCoPb,100252.96088321002
ThCoPd,81216.68746337821
ThCoPt,80907.08455678931
ThCoSi,73014.25975794026
ThCoSi2,210547.75756958072
ThCoTe,70504.11000444196
ThCoTe2,127528.14505567354
ThCrAs,419887.5510308041
ThCrAs2,420432.97520370455
ThCrAu2,491259.8083255097
ThCrB4,55638.556132453494
ThCrGa2,384133.4415376237
ThCrGe2,361917.7166539611
ThCrIr,580644.9571051557
ThCrIr2,499046.6723456187
ThCrO3,523292.55668478773
ThCrPd2,472987.5681179398
ThCrPt,486069.08489860554
ThCrPt2,516135.38049953483
ThCrRh2,507254.50485966174
ThCrS3,361392.8025456461
ThCrSb,373636.9256164171
ThCrSb2,354585.33902232366
ThCrSb3,194115.69206057405
ThCrSe3,314124.05041911826
ThCrTe,258211.23762923092
ThCrTe2,377500.5797014794
ThF2,148599.6792583762
ThF3,56972.77209496676
ThFe2As,495757.16193334135
ThFe2Ir,672247.5539401396
ThFe2Ni3,618752.7378274328
ThFe2Pt,536335.5271937887
ThFe2Sb,455869.12293157156
ThFe3,828687.5306808766
ThFe3Co2,967635.820703616
ThFe5,1051136.6537273743
ThFeAs,295422.8312375764
ThFeAs2,239495.7279179106
ThFeAu2,301122.68455703644
ThFeGe2,192396.07650923383
ThFeIr,413195.2794408508
ThFeIr2,446256.1059863532
ThFeNi4,354998.1672933981
ThFeO3,510746.22130515473
ThFePb,251904.42505554212
ThFePd,240876.0743596243
ThFePd2,336066.40315274487
ThFePt,342136.58062795
ThFePt2,387642.1321009035
ThFeRh,287017.0940703779
ThFeRh2,421585.1357888816
ThFeRu2,560003.307408401
ThFeSb2,215359.77478069265
ThFeTe2,321582.7330505111
ThGa2Mo,176467.11913069955
ThGaCo2,154970.28748043693
ThGaFe,106379.25682849182
ThGaFe2,73021.0319883209
ThGeRu,191729.48180584275
ThInCo2,145428.12631308497
ThInTe2,67581.62070467847
ThIrO3,156519.32007778305
ThIrPb,60672.294001971895
ThMn2Co3,808511.9853595203
ThMn2Ir,848269.2824754681
ThMn2Ni3,768582.7229223951
ThMn2Pt,767577.379158248
ThMn2Sb,669954.5978661014
ThMn2Si,302422.5838991427
ThMn2Sn,682433.7886027892
ThMn3Al2,535692.003384849
ThMn3Ni2,727738.1525734848
ThMn4(CuO4)3,508220.4350761223
ThMnAl,381104.046645659
ThMnAs,295695.31554036663
ThMnAs2,432282.3938986746
ThMnAu2,486279.03917356144
ThMnBi,247592.49275405132
ThMnGa2,408319.8253818418
ThMnGe,381454.0854937823
ThMnIr,569758.7186294947
ThMnIr2,566562.9570499901
ThMnNi2,588728.894782166
ThMnO3,593229.1516419619
ThMnPd2,513426.4766620795
ThMnPt,522192.47257879947
ThMnPt2,533673.7537903988
ThMnRh2,557070.0087232962
ThMnRu2,615080.5784277826
ThMnSb,260735.4865743183
ThMnSb2,341677.0806603272
ThMnSe3,381681.4474616431
ThMnSi,405800.26385752874
ThMnSn2,314782.38846839423
ThMnTe2,296268.86502878525
ThMoO3,202195.85152451516
ThMoPd2,359687.6054231261
ThMoPt2,363937.2991076803
ThN2,346194.0824787017
ThN3F7,215589.5042176526
ThN3O14,126975.00315353228
ThN4O17,306998.89490182826
ThNbAs2,109520.84696252538
ThNbAu2,256957.30428563937
ThNbGa2,254522.22089934323
ThNbO3,149350.1675064323
ThNbPt,230354.89306001848
ThNbSb2,72966.1068033382
ThNbSi2,50059.83867917744
ThNi5,99080.48466168977
ThNiIr,60319.79656925044
ThNiO3,308964.91257156327
ThNp3,948585.1226418228
ThNpAs,599844.8447869233
ThNpAs2,460788.52236037515
ThNpAu2,459220.2926653568
ThNpBi2,398666.9084591941
ThNpGa2,439727.48857001355
ThNpIr,578886.6826272232
ThNpIr2,428458.46622624766
ThNpO3,470548.0301131846
ThNpPd2,495792.97492096113
ThNpPt,535312.7652145281
ThNpPt2,476565.888957011
ThNpSb2,403029.8563608377
ThNpSi2,411127.21305002127
ThNpTe2,429459.6678627707
ThO3,139476.61209927397
ThOsO3,223673.42069797992
ThP2(NO4)2,158766.15686463675
ThPaAs,56358.658960685774
ThPaBi2,78836.55654313316
ThPaGa2,91764.4917532062
ThPaO3,273123.2953493715
ThPaPd2,98507.05553386323
ThPaPt,95658.4804334231
ThPaSi,126020.01778762173
ThPaSn2,116943.91431562595
ThPaTe2,82956.56212895109
ThPdO3,107635.2290072001
ThPt2W,308196.0902849561
ThPtO3,102675.99333583984
ThReO3,257575.78408803957
ThRhO3,151038.8833044168
ThRhPb,61810.96444981471
ThRuO3,199667.120989562
ThRuRh,140349.56000330608
ThRuRh2,246497.5536117095
ThSb2Ru,142121.7275577898
ThSbRu2,116611.50750334613
ThSiRu,158787.76849762173
ThSnIr,59278.13205055317
ThTaAu2,172106.06645761093
ThTaGa2,225431.08237806827
ThTaO3,147425.40857698946
ThTc3,127544.5020372473
ThTcAs,229269.06156176515
ThTcAs2,106112.58116200728
ThTcO3,302882.2757140745
ThTcRh2,367798.37157897593
ThTcSb2,100211.77154343488
ThTcTe2,274021.10287822736
ThTe2Mo,185141.37789123823
ThTe2Ru,188288.75008401467
ThTeRu2,202740.98022585394
ThTi2O4,219205.49125642836
ThTiAl2,164164.3588945488
ThTiAs,162045.12896063633
ThTiAs2,214588.96600190343
ThTiAu2,210757.95334377105
ThTiGa2,167275.07928331417
ThTiGe,196543.387569532
ThTiGe2,223962.05152081064
ThTiHg2,229281.57505727583
ThTiIr,72915.77512030743
ThTiOs,56577.13953228676
ThTiPt,197127.2007732758
ThTiSb2,173612.16842523424
ThTiSi,189225.37079522834
ThTiSi2,220203.02346721882
ThTiSn2,223711.5100402407
ThTlTe2,66389.15358891968
ThU2O4,494201.4738252068
ThU2S5,297741.8734577126
ThU3Re8,114355.44537317565
ThU4O10,363480.8743041261
ThU8O18,401967.02838274563
ThUAl6,154417.29541941042
ThUAs,413981.1893482006
ThUAs2,303203.08312015235
ThUAu2,334102.4300515642
ThUB8,116167.63033927375
ThUBi2,270871.3969851117
ThUIr,365857.11178200267
ThUIr2,262606.8356718718
ThUN2,140757.67950835702
ThUO3,350737.00755617546
ThUO4,218704.57551561974
ThUPd2,307072.2132472536
ThUPt,361892.4235021414
ThUPt2,290697.55146712274
ThURh2,283886.96202204743
ThUS2,302969.98116245115
ThUSb2,276502.9583225209
ThUSb4,109933.68013470767
ThUSe2,271415.5911663409
ThUSi2,242772.38794082502
ThUTe2,241740.03387011494
ThV2O4,570482.3479410423
ThV2O6,164999.02607920108
ThVAs,480757.04804246186
ThVAs2,115280.24197925549
ThVAu2,338267.25498660636
ThVGa2,324188.28550626436
ThVGe2,246312.01098364673
ThVIr,426702.59376956854
ThVO3,424517.1820432464
ThVPd2,412732.07577154064
ThVPt,312895.199687206
ThVSb,466740.65629137994
ThVSb2,241005.44826128974
ThVSi2,240966.5996835578
ThVSn2,220273.58322685593
ThVTe,350246.82304894313
ThVTe2,318760.5737382885
ThWO3,329877.64735773456
ThZn(N3O13)2,303604.18034112675
ThZr2U2O10,193184.8056347964
ThZrAu2,96384.12259791771
ThZrGa2,118185.77248584463
ThZrIn2,108204.00742926123
ThZrO3,99008.07542630471
Ti,71594.4824098581
Ti(AlCl4)2,63215.672701630916
Ti(BiO3)2,137342.41133364357
Ti(CoO2)2,505141.948631963
Ti(CoO3)2,180390.49946678992
Ti(CrS2)2,501985.5919570698
Ti(CrSe2)2,453763.22311539593
Ti(CrTe2)2,375063.88091503066
Ti(FeGe)6,605980.2237163379
Ti(FeO2)2,943807.5049040723
Ti(FeO2)3,1210269.1162599116
Ti(FeO2)4,1307798.8933795623
Ti(FeSe2)2,202190.88250503043
Ti(FeSi)2,329610.20459495694
Ti(HO)2,432810.1808324555
Ti(MnN)4,966002.0446329034
Ti(MoS2)2,62848.00013452809
Ti(PO4)2,85915.15845348853
Ti11BeO20,52323.92121161457
Ti11Fe13O36,764903.1324663417
Ti11Fe17O42,916356.130021995
Ti11H7O24,63850.425933438724
Ti12Cu9(BiO18)2,133699.92145415806
Ti12Fe5O32,368967.7826593375
Ti12Mn5(PO4)18,200033.23918191472
Ti13Al4Si2(SbO14)2,230866.73815356905
Ti14O7F60,84264.6298106375
Ti16Hg4N5,120537.70469240689
Ti2(CN2)3,138839.97715098396
Ti2(HO2)3,97482.33890331816
Ti2(SO4)3,81543.16764824282
Ti2Ag2O5,58870.99111075761
Ti2AgAu,275172.78789533896
Ti2AgO4,73384.10180078661
Ti2AgPd,165698.4788738809
Ti2Al2CrCuS8,90287.93056666828
Ti2Al2O5,205378.11142806298
Ti2Al3Ni,136725.86466608438
Ti2AlAg,259332.37826328908
Ti2AlAu,271272.35876005946
Ti2AlCo,163860.53591826488
Ti2AlCr,60525.66181728088
Ti2AlCu,554641.4242728865
Ti2AlFe,82132.58885122968
Ti2AlIr,152373.19312711438
Ti2AlNi,334804.97426351655
Ti2AlOs,76798.64435890093
Ti2AlPd,360127.38219839905
Ti2AlPt,224536.103876722
Ti2AlRh,151844.22747745016
Ti2AlRu,77006.84350034317
Ti2AlTe,143430.19102784473
Ti2AlV,237768.02471174413
Ti2AlZn,457563.29964319314
Ti2As2O5,174824.35794797665
Ti2As2Pt,139281.69476092333
Ti2AsIr,169422.29115893066
Ti2AsO4,199023.56793107383
Ti2AsOs,169310.8738019898
Ti2AsPb,85187.22099112874
Ti2AsPd,130783.14099931628
Ti2AsPt,169720.66146168462
Ti2AsRh,176707.05681057175
Ti2AsRu,182571.75894505985
Ti2AsW,56096.8732568238
Ti2Au2O5,129521.91677748701
Ti2AuO4,86095.63670369676
Ti2B2O5,210585.34809092726
Ti2BIr,174909.7281816636
Ti2BOs,84432.51601819263
Ti2BPd,202960.27226511756
Ti2BPt,247781.43354145007
Ti2BRh,180564.83128045613
Ti2BRu,86781.0060499951
Ti2Be2O5,126378.88495720628
Ti2Be3(SiO4)3,87893.25918069623
Ti2Be3Ga,221450.67548117708
Ti2Be3Zn(SiO4)3,166977.86678570468
Ti2BeAu,357972.95624370105
Ti2BeCo,93748.45637516417
Ti2BeCu,171962.4525739109
Ti2BeIr,85246.86451981853
Ti2BeNi,352204.1354425866
Ti2BePd,165756.79580106502
Ti2BePt,164234.38289423945
Ti2BeRh,85816.11456803526
Ti2Bi2O5,150563.7443544264
Ti2BiIr,260884.35813941702
Ti2BiO4,193636.7636463819
Ti2BiPd,180022.9841385893
Ti2BiPt,317620.0025901336
Ti2BiRh,163693.9557512745
Ti2BiRu,188632.76503875683
Ti2BiTe2,71737.75204663957
Ti2CdAu,239927.68510215328
Ti2CdNi,285583.11818404164
Ti2CdO4,91504.35973059677
Ti2CdPd,268954.4429587919
Ti2Co(PO5)2,162629.85285983296
Ti2Co12P7,209123.25452052543
Ti2Co2O5,262962.1993545068
Ti2Co3Sn2,86737.96835435813
Ti2Co3Te3O16,274769.8910839114
Ti2CoAs,202647.00557696496
Ti2CoAu,54597.14046851983
Ti2CoB,373671.3779997361
Ti2CoGe,489005.0511162209
Ti2CoIr,214688.433700367
Ti2CoO4,150354.2043410017
Ti2CoO5,299866.2481036084
Ti2CoOs,156217.4086386788
Ti2CoRu,138846.38295517451
Ti2CoSb,197965.80190220196
Ti2CoSe4,80275.17213709661
Ti2CoSi,507912.07227735023
Ti2CoSn,220016.00991414924
Ti2Cr(PO4)3,183917.9704219427
Ti2Cr2O5,810720.6401735198
Ti2Cr3O12,69069.66740585199
Ti2Cr3Sb3O16,284439.4629132909
Ti2CrAu,103261.18709543505
Ti2CrCo,55626.23814695065
Ti2CrFe,134396.49278622644
Ti2CrGa,70638.18366794336
Ti2CrIn,115421.81743947367
Ti2CrIn3O6,275672.42836261226
Ti2CrMo,191386.674918462
Ti2CrNi,90959.58115329713
Ti2CrO4,662268.7305303925
Ti2CrO5,439198.72260570165
Ti2CrPd,83996.7337692533
Ti2CrPt,84744.24263724653
Ti2CrRe,163757.25283420767
Ti2CrRu,121905.94738849445
Ti2CrSe4,208483.89595314002
Ti2CrTc,193512.65015855938
Ti2CrTe4,216894.6952156138
Ti2Cu(PO5)2,54702.43315065702
Ti2Cu2Si3,53068.45025368398
Ti2Cu3,92676.6554876186
Ti2CuAu,292366.93140400026
Ti2CuGe,236216.00617947147
Ti2CuNi,86788.05301486488
Ti2CuO4,66029.89604558196
Ti2CuPd,105923.21581719902
Ti2CuPt,79797.21820202799
Ti2CuSi,237659.0681780834
Ti2CuSn,222612.9277829348
Ti2Fe,59529.42321406816
Ti2Fe(PO4)3,203612.18311502208
Ti2Fe(PO5)2,214142.63992925847
Ti2Fe2O5,838866.3660134138
Ti2Fe4O9,1037107.8799586272
Ti2FeAs,246346.3088424559
Ti2FeAu,77065.48368238803
Ti2FeB,191102.46900500066
Ti2FeB2Ru2Rh3,322295.24724626285
Ti2FeB2Ru3Rh2,272317.58743555594
Ti2FeB2Ru4Rh,231974.26584510415
Ti2FeB2RuRh4,316251.035251702
Ti2FeB6(Os2Rh)3,157856.7064979961
Ti2FeCo,183674.76555473692
Ti2FeCoSb2,87261.63650316803
Ti2FeCu,57634.02334742134
Ti2FeGe,168248.6792948123
Ti2FeIr,134625.13608792808
Ti2FeNi,135938.83236120504
Ti2FeO4,278000.93967905606
Ti2FeO5,387746.9407804247
Ti2FeOs,93430.71000606209
Ti2FePd,129869.06501642118
Ti2FePt,149590.29683926815
Ti2FeRh,148095.60263603067
Ti2FeRu,105376.31122454118
Ti2FeS4,172898.32868327852
Ti2FeSb,352471.71676448046
Ti2FeSe4,156698.3625259652
Ti2FeSi,336899.9312200594
Ti2FeSn,290159.68874416954
Ti2FeTe,269292.97373573534
Ti2Ga2O5,177867.39201583274
Ti2GaAg,261028.31782210674
Ti2GaAu,267779.1033358557
Ti2GaCo,163505.90023186262
Ti2GaCu,68667.13635691277
Ti2GaFe,164181.064252823
Ti2GaGe2,100468.75055397864
Ti2GaIr,153327.41882434307
Ti2GaNi,476996.92206677847
Ti2GaOs,77505.51388213814
Ti2GaPd,345794.30634453375
Ti2GaPt,308076.81329774926
Ti2GaRh,154333.1126329681
Ti2GaRu,77405.29964799887
Ti2GaW,59541.772085956254
Ti2Ge2O5,148294.63152255083
Ti2GeAu,190172.06323729365
Ti2GeIr,212105.8686685234
Ti2GeO4,187691.52831313663
Ti2GeOs,153618.31805918622
Ti2GePd,273030.54653406935
Ti2GePt,311346.471229116
Ti2GeRh,227725.51647168837
Ti2GeRu,155317.1468816424
Ti2HO6,98721.09142076025
Ti2HgAu,234956.85466008395
Ti2HgO4,102645.6329747455
Ti2HgPd,269790.0041429057
Ti2In2O5,98382.262606425
Ti2In3FeO10,244935.85248448956
Ti2InAu,246260.4252426462
Ti2InAu2,82307.78277587224
Ti2InCo,281673.9913546562
Ti2InFe,106045.5211265437
Ti2InIr,139824.77530496824
Ti2InNi,285157.0297859546
Ti2InO4,55620.13942649963
Ti2InOs,80364.97280720898
Ti2InPd,324503.3556256413
Ti2InPt,205893.91005926824
Ti2InRh,143872.71312766074
Ti2InRu,70040.35325850385
Ti2InTe,144521.36046748413
Ti2Ir2O5,91823.02615162857
Ti2IrO4,91037.46572784288
Ti2IrPb,191586.31619598257
Ti2Mn2O5,905384.3780331884
Ti2Mn3Co3O16,440894.55482173606
Ti2Mn3Cr3O16,525872.7675029979
Ti2Mn3Te3O16,369128.1399239692
Ti2Mn4Si5,401012.38204396074
Ti2MnAs,180287.8051354532
Ti2MnAu,129112.1604022987
Ti2MnCr,208036.66034364625
Ti2MnCu,71761.27974132357
Ti2MnFe,84715.06890535113
Ti2MnNb,79948.77532046539
Ti2MnO4,493474.1166371667
Ti2MnOs,82366.97549288212
Ti2MnPd,122239.02971420182
Ti2MnPt,62900.415514237575
Ti2MnSb,146869.8597870025
Ti2MnSn,113930.80546959504
Ti2MnTc,100965.25681826103
Ti2MnTe,227395.85261084398
Ti2MnV,190631.14526268962
Ti2MnZn,111158.04933781241
Ti2Mo2O5,349945.4140911163
Ti2MoAs,68968.09157738877
Ti2MoO4,256930.3563084004
Ti2Nb2(CuO4)3,129730.0301288394
Ti2Nb2O5,266806.1982369119
Ti2NbCo,71370.97548447292
Ti2NbGa,125250.08317098864
Ti2NbGe,70990.54461499213
Ti2NbO4,149207.04009329292
Ti2NbSi,74939.97256445902
Ti2Ni(PO4)3,126978.68381175483
Ti2Ni(PO5)2,107175.57190033555
Ti2Ni2O5,187004.9251415925
Ti2Ni2Pd,92419.29551366497
Ti2Ni3Te3O16,186391.11066632756
Ti2NiAg,197416.82321667502
Ti2NiAs,148127.9648974169
Ti2NiAu,80788.50541890074
Ti2NiB,206166.60511748865
Ti2NiGe,301178.541517717
Ti2NiH,307437.39208408206
Ti2NiHg,279131.39090922754
Ti2NiO4,56488.9743328337
Ti2NiSb,192495.70302620434
Ti2NiSn,271395.6705670201
Ti2O3,170884.91603673098
Ti2O5,222298.24033843915
Ti2Os2O5,55666.91225780407
Ti2P2O10F,130311.90570318661
Ti2Pb2O5,273579.6046454858
Ti2PbO4,160152.40830866335
Ti2Pd2O5,140708.15750435187
Ti2PdPb,376766.28793708805
Ti2Pt2O5,153616.15532095716
Ti2PtPb,314945.5848462309
Ti2Re2O5,220760.65655579226
Ti2ReAs,130969.794204299
Ti2ReGe,80631.85831096624
Ti2ReO4,231863.7672944462
Ti2ReSb,134091.38627795837
Ti2ReSi,78568.29256039212
Ti2ReSn,78171.6658466324
Ti2Rh2O5,180118.73153926252
Ti2RhO4,121542.27193349856
Ti2RhPb,199526.72816269766
Ti2RuO4,352968.81783497334
Ti2RuPb,134816.26610450985
Ti2Sb(PO4)3,76424.19728919445
Ti2Sb2O5,170243.24051649473
Ti2SbIr,222492.78118496307
Ti2SbMo,66156.7811182312
Ti2SbO4,177086.27754867452
Ti2SbOs,154357.1073018842
Ti2SbPb,59378.76627295331
Ti2SbPd,175148.56190667543
Ti2SbPt,214777.16288061495
Ti2SbRh,231185.03864497866
Ti2SbRu,195992.75957426953
Ti2SbW,67101.73762813755
Ti2Se3,64282.12445936679
Ti2Si2O5,222233.75342896555
Ti2SiAu,171946.0883009451
Ti2SiIr,215723.18472451516
Ti2SiNi,280829.7769341849
Ti2SiOs,161614.1111089902
Ti2SiPd,323229.7035505932
Ti2SiPt,176303.8847297106
Ti2SiRh,235216.30823839043
Ti2SiRu,160876.79251072102
Ti2SiTc,79635.28661984742
Ti2Sn2O5,158731.7832265282
Ti2SnAu,178850.78116206304
Ti2SnIr,277340.7449246604
Ti2SnO4,155463.47901952852
Ti2SnOs,188248.8389646842
Ti2SnPd,380588.35661257687
Ti2SnPt,323832.5945519205
Ti2SnRh,285481.6348019599
Ti2SnRu,186663.29629000186
Ti2SnTe,121462.93354466569
Ti2Tc2O5,75646.28322848416
Ti2TcAs,139914.93067851604
Ti2TcBi,265351.06700701837
Ti2TcGe,76925.37293838014
Ti2TcO4,420550.9623271583
Ti2TcPb,67178.40637147831
Ti2TcSb,144054.95771677807
Ti2TcSn,69476.97581867994
Ti2Te2O5,158319.96427483723
Ti2Te3,66347.76404594067
Ti2TeO4,75584.05039221075
Ti2Tl2O5,86776.60145126471
Ti2TlIr,136366.94847493808
Ti2TlPd,308178.69652536284
Ti2TlPt,292920.8749436743
Ti2TlRh,136716.70226665903
Ti2TlRu,68769.97077003813
Ti2V2GaS8,178256.33285560587
Ti2V2O5,434637.5142826228
Ti2VCo,192133.1015638762
Ti2VFe,222585.59042018375
Ti2VGa,215897.4377326251
Ti2VGe,77105.59443067129
Ti2VIn,170613.93242582757
Ti2VIr,271329.6966271849
Ti2VMo,436832.2818806339
Ti2VNi,172355.70902474032
Ti2VNi9,50355.31437284433
Ti2VOs,309294.4785849796
Ti2VPd,142789.57959431942
Ti2VPt,132906.27700166704
Ti2VRe,372010.6999988057
Ti2VRh,147924.15503959908
Ti2VRu,189179.36106531092
Ti2VSe4,119121.98366188616
Ti2VSi,79469.4023587734
Ti2VSn,68639.9938431805
Ti2VTc,203019.22067461614
Ti2VTe4,141042.26414338837
Ti2VZn,230301.59592103353
Ti2W2O5,178615.82177553145
Ti2Zn(PO4)2,183190.78177823275
Ti2Zn2O5,100471.62629191995
Ti2Zn3(SiO4)3,75214.9783882413
Ti2ZnAu,322627.479893675
Ti2ZnCo,141291.61201791663
Ti2ZnCoO7,137867.8063600603
Ti2ZnCu,309562.3854748921
Ti2ZnGa,235525.87383556837
Ti2ZnIr,78493.78843092854
Ti2ZnN2,106362.482089486
Ti2ZnNi,313399.14854378835
Ti2ZnO4,105121.47767132983
Ti2ZnP2O9,107536.84478027307
Ti2ZnPd,286238.4525981937
Ti2ZnPt,152770.20025923554
Ti2ZnRh,78881.67703161894
Ti2ZnS4,74855.42565050942
Ti3(AlCd)2,130462.6252459453
Ti3(AlHg)2,110392.46446117485
Ti3(AlZn)2,157535.92203320906
Ti3(AsPd)2,73833.95281051575
Ti3(AsPt)2,70967.30530811133
Ti3(BiPd)2,78651.67418246277
Ti3(BiPt)2,122432.72140103702
Ti3(CdGa)2,109332.00621282519
Ti3(CrIr)2,359841.1883445735
Ti3(CrRh)2,334150.34803746775
Ti3(CuSn)2,136043.717782465
Ti3(GaHg)2,74617.04566307714
Ti3(GeAu)2,76928.44280383099
Ti3(MnOs)2,336636.5577261353
Ti3(MnRu)2,321718.59187218157
Ti3(NiSb)2,80200.64925688758
Ti3(P2O7)2,140925.29803121183
Ti3(PbAu)2,170006.6143939961
Ti3(SbPt)2,88080.99818852173
Ti3(SiAu)2,78466.81276510208
Ti3(SnAu)2,105444.49384695207
Ti3(VPt)2,295929.6945346352
Ti3(ZnIn)2,153910.26223719234
Ti3Ag,130197.02779570702
Ti3Al2(SiO4)3,279958.13620291057
Ti3AlO6,65318.70000564721
Ti3Au2,230503.18524295997
Ti3C3N7,62860.06048473084
Ti3Co2Ni(PO4)6,166656.65015823478
Ti3Co2Sb(PO4)6,99091.90838993937
Ti3Co3(SbO8)2,374189.8061522302
Ti3Co3(TeO8)2,349513.80619518814
Ti3Co3O,233290.49006796413
Ti3CoNi2(PO4)6,145754.6039543779
Ti3CoS6,78888.68259147045
Ti3CoSn2(PO4)6,56416.927299652656
Ti3Cr2Co(PO4)6,229702.3914523296
Ti3Cr2Fe(PO4)6,234424.93499630678
Ti3Cr2Ni(PO4)6,204359.37839917297
Ti3Cr2Sb(PO4)6,177677.85316223616
Ti3Cr2Sn(PO4)6,196761.35193153925
Ti3Cr3(SbO8)2,256728.57544424292
Ti3Cr3Si5,57766.34397923389
Ti3CrCu2(PO4)6,82042.12845639099
Ti3CrFe2(PO4)6,246960.81714469744
Ti3CrNi2(PO4)6,167454.26557119982
Ti3CrSb2(PO4)6,117413.24353327711
Ti3CrSn2(PO4)6,76517.92777687396
Ti3Cu,116979.71970692667
Ti3Cu2Ni(PO4)6,82640.89116606988
Ti3Cu2NiS8,71331.24449761029
Ti3Cu3(TeO8)2,147555.52341784467
Ti3Cu3O,92758.15217726825
Ti3CuNi2(PO4)6,104523.42930768826
Ti3Fe(BiO3)5,145260.97994649084
Ti3Fe2(BiO3)6,236307.6897212592
Ti3Fe2Co(PO4)6,226564.87276985685
Ti3Fe2Cu(PO4)6,185279.543882837
Ti3Fe2Ni(PO4)6,206844.91119060028
Ti3Fe2P6WO24,240172.2573298062
Ti3Fe2Sb(PO4)6,177116.37722499532
Ti3Fe2Sn(PO4)6,200566.51444703244
Ti3Fe2Te(PO4)6,197031.39306214004
Ti3Fe3(BiO3)7,301711.14389150724
Ti3Fe3(SbO8)2,442704.7640819614
Ti3Fe3O,659293.124392818
Ti3Fe5O12,945443.4589062328
Ti3Fe7O15,1105058.3787615541
Ti3Fe9O16,1106498.2296293196
Ti3FeCo2(PO4)6,205628.78380926742
Ti3FeCu2(PO4)6,122745.8938871893
Ti3FeNi2(PO4)6,167039.71909067
Ti3FeS6,157515.70667652797
Ti3FeSb2(PO4)6,114422.37445083282
Ti3FeSn2(PO4)6,74541.48238820453
Ti3Ge2,110762.55971767171
Ti3InN,246045.51094498677
Ti3Ir,57639.467329090745
Ti3Mn(CuS4)2,172040.35398367827
Ti3Mn2Co(PO4)6,261431.79911858766
Ti3Mn2Co3O16,338715.5990669733
Ti3Mn2Cr(PO4)6,283671.0972803053
Ti3Mn2Cr3O16,414822.3946901803
Ti3Mn2Cu(PO4)6,223554.7774005266
Ti3Mn2Fe(PO4)6,281475.077627679
Ti3Mn2Ni(PO4)6,244532.2756462038
Ti3Mn2P6WO24,275567.9138264688
Ti3Mn2Sb(PO4)6,213489.10939289734
Ti3Mn2Sn(PO4)6,237348.0849025204
Ti3Mn2V(PO4)6,261111.77077652854
Ti3Mn3(SbO8)2,350598.2130467601
Ti3Mn3(SnO8)2,290839.0979024148
Ti3Mn3(TeO8)2,400008.5836566896
Ti3Mn3Cr2O16,454341.9091698597
Ti3Mn3O,899872.7922649658
Ti3Mn5O16,525886.959487419
Ti3MnCo2(PO4)6,225199.28421102266
Ti3MnCr(PO4)6,142239.5972673345
Ti3MnFe2(PO4)6,263772.2451966557
Ti3MnNi2(PO4)6,185770.7898264437
Ti3MnO8,204496.16136117757
Ti3MnSb2(PO4)6,133134.07079078438
Ti3MnSn2(PO4)6,93916.4309878121
Ti3MnV2(PO4)6,223044.11908557516
Ti3N,142728.1710579527
Ti3N2,62548.414795652876
Ti3Nb(CuO4)3,88469.59910834912
Ti3Nb2Cr3O16,256102.99590490485
Ti3Nb2V3O16,156861.47287772084
Ti3Nb3Sn2,114472.37517505244
Ti3NbCr2(PO4)6,214473.4573350149
Ti3NbFe2(PO4)6,218914.55589715354
Ti3NbNi2(PO4)6,129290.81378669316
Ti3NbO8,60414.119602601015
Ti3Ni3O,181472.9736589665
Ti3O5,75304.62357611481
Ti3O7,61192.62689880266
Ti3O8,269652.02736321534
Ti3Os,56418.35311169234
Ti3P4(NO9)2,229790.24441876737
Ti3PO7,204044.47980676283
Ti3PdO,185529.26228665214
Ti3Re,144720.9727839641
Ti3Si6N11,122367.2550633275
Ti3SnH,87944.9845174137
Ti3Tc,120131.80529937179
Ti3V2Co(PO4)6,183661.3301061249
Ti3V2Fe(PO4)6,204406.25208525534
Ti3V2O9,237075.5357756628
Ti3V5O16,168628.14219109676
Ti3VCo2(PO4)6,142286.72282936305
Ti3VCr2(PO4)6,220395.72803464334
Ti3VFe2(PO4)6,224152.48803871867
Ti3VNi2(PO4)6,145305.72974289517
Ti3VO8,67138.70501271432
Ti3VS6,114888.61348224484
Ti3VSb2(PO4)6,95382.92851476601
Ti3VSn2(PO4)6,56205.15057971554
Ti3W,261925.53615195354
Ti3Zn(P2O7)2,135924.95434606101
Ti3Zn3C,62061.73375886279
Ti3Zn4,127274.65474275072
Ti3ZnHg4,172672.10214495444
Ti3ZnP3O13,108272.55127077528
Ti4(Fe2O5)3,888657.1655673255
Ti4(FeO4)3,620311.6786090612
Ti4Al(CuO4)3,89130.84520105284
Ti4Au3,140404.91749664556
Ti4B3,99523.32744247271
Ti4Bi3,57704.71025501206
Ti4Cd(CuO4)3,137725.29053810524
Ti4Co(PO4)6,61558.05617689207
Ti4Co3,132168.7871620902
Ti4Co5Ni,154887.3151096893
Ti4Cr3(PO4)6,350902.55174114177
Ti4CrC5,61818.62842769871
Ti4CrTe8,102738.82373290352
Ti4Cu2O,76323.37371003116
Ti4Cu3,141688.15485107296
Ti4Fe(BiO3)6,93387.74154623703
Ti4Fe(PO4)6,85363.50308140484
Ti4Fe2O,271414.5507936487
Ti4Fe2P3,90127.79411790411
Ti4FeBiPb4O15,132502.93658086387
Ti4FeCoS8,54619.50517802379
Ti4FeS8,92703.52439652632
Ti4FeSe8,78929.79002045831
Ti4GaCo2Si,412708.36238524655
Ti4GaS8,71649.21848925133
Ti4H3O8,216002.0089179823
Ti4H8O11,91916.77029270673
Ti4In2CoNi,206933.79027827736
Ti4Mn(PO4)6,105750.57126835654
Ti4Ni(PO5)4,52763.96082300138
Ti4Ni2O,162832.64613974548
Ti4O11,107897.28055234112
Ti4O7,68526.78720510774
Ti4Pd3,83835.86015749782
Ti4S8N,94562.56341896072
Ti4VO8,95670.7893488867
Ti4Zn(CuO4)3,135568.94498045475
Ti4ZnO8,109261.71550226289
Ti5Au2,142282.39146071536
Ti5CoSb2,192109.36500214864
Ti5Cu2,70481.72330792857
Ti5CuSn3,140699.94505375554
Ti5Fe(PO4)6,165029.90878593744
Ti5Fe11O24,1076082.4613872063
Ti5Fe7O18,872242.3141855642
Ti5Ga3,67567.84287453671
Ti5Ga4,74798.08021859624
Ti5InS8,58476.52100827857
Ti5Mn(PO4)6,184666.99394596004
Ti5Mn3O16,307359.14654586517
Ti5Ni,84588.16317141481
Ti5O12,180762.264720572
Ti5O9,70987.9213771
Ti5Os,57488.643982184534
Ti5Rh,108613.19455889781
Ti5S8,89717.60652533414
Ti5Tc,57178.33472993892
Ti5Te8,52371.20640987715
Ti6Al16Co7,55352.72213646013
Ti6Co3O16,340328.2909610966
Ti6Fe(BiO3)9,53186.792926050985
Ti6Fe8O21,824696.2084835308
Ti6Ga16Fe7,109020.78391050865
Ti6Zn2C,150952.92579492962
Ti7(Fe3O8)3,810601.4010587478
Ti7(WO5)6,66598.61378241357
Ti7Al2O15,120857.33722348524
Ti7Co3N10,141338.49867340125
Ti7Fe13O30,999655.8904538812
Ti7P12C6(NO24)2,57505.02917123013
Ti8Co3NiSn4,280819.42730922234
Ti8GaCo4Si3,463179.0762003214
Ti8In4CoNi3,194112.1020703647
Ti8InCo3NiSn3,234296.04004148612
Ti9Fe2(B4Ru9)2,98074.95720175415
Ti9Mn2(B4Ru9)2,101779.54850935351
TiAg2Pt,126358.53762912269
TiAgAs,146756.1215814626
TiAgF6,80444.89307486989
TiAgGe,74849.37797169785
TiAgSe2,96243.70231960635
TiAgTe,191777.8746239594
TiAgTe2,140529.1113140305
TiAl(WO4)2,203012.80416911724
TiAl2Ag,86411.65355510557
TiAl2Au,167950.38667124644
TiAl2Co,129948.85823483113
TiAl2CoCu4,87337.30542597135
TiAl2Cr,283209.13047049806
TiAl2CrCu4,260243.25301737513
TiAl2Cu,58953.39597518742
TiAl2FeCu4,300679.8224912867
TiAl2Ir,210048.9094964071
TiAl2Os,90391.92891874458
TiAl2Pd,222465.84517862406
TiAl2Pt,325385.6202907905
TiAl2Rh,209683.64222041934
TiAl2Ru,75246.17705102905
TiAl2V,248522.47728505603
TiAl2VCu4,137302.6721013364
TiAl4Ni15,101399.84677966061
TiAlAs2,78486.52118321844
TiAlCdFe,173949.18145009672
TiAlCdNi,63851.79402998349
TiAlCo,214802.09017962517
TiAlCo2,187909.74221347063
TiAlCoAu,66091.96515692925
TiAlCoIr,171942.55532470078
TiAlCoMo,240314.50601058686
TiAlCoNi,232706.28833223897
TiAlCoOs,170637.03115382374
TiAlCoPt,279318.5006034421
TiAlCoRe,204137.94534525747
TiAlCoRh,235522.6712009951
TiAlCoRu,199104.6121619512
TiAlCoTc,212363.42329894198
TiAlCoW,112210.66963186313
TiAlCr2,363391.1330002463
TiAlCrAu,261759.57461788246
TiAlCrCo,667332.8067131822
TiAlCrCu,82201.25376744317
TiAlCrFe,528327.1635589332
TiAlCrIr,468025.0252702881
TiAlCrMo,127146.98728466567
TiAlCrNi,668322.8020059457
TiAlCrOs,375573.3243374863
TiAlCrPd,401054.61210786266
TiAlCrPt,422652.6776643978
TiAlCrRe,232554.7554874361
TiAlCrRh,469954.20755049225
TiAlCrRu,463999.9465916762
TiAlCrTc,254763.0702220291
TiAlCu,114107.64576253206
TiAlF5,209061.75700407496
TiAlFe,79400.23751527838
TiAlFe2,153879.28843818215
TiAlFeAg,183042.56260074236
TiAlFeAu,287484.9280499628
TiAlFeCo,549026.8402184017
TiAlFeCu,226466.3552052729
TiAlFeIr,305482.5192410858
TiAlFeMo,339919.5691822129
TiAlFeNi,330025.7664791005
TiAlFeO5,520552.38257786573
TiAlFeOs,380725.880446016
TiAlFePd,303021.8355165009
TiAlFePt,323876.71949961217
TiAlFeRe,387500.4142822422
TiAlFeRh,319245.72988615325
TiAlFeRu,390553.54805260245
TiAlFeTc,397679.7060661523
TiAlFeW,426662.4884350876
TiAlIr2,61247.44126179666
TiAlNi,163612.94261028597
TiAlNi6,66987.78617257487
TiAlNiMo,148093.4486628433
TiAlO3,115450.49129977173
TiAlOs,50678.93455310879
TiAlReNi,72201.17165466168
TiAlSi,202729.2052139419
TiAlTe2,144765.76409911524
TiAlVCo,511415.9469536235
TiAlVCu,326983.7340612978
TiAlVFe,332367.73905750347
TiAlVNi,648463.9327099345
TiAlVZn,262299.14346270595
TiAlZn2,108341.14093730462
TiAlZnCr,381121.2790622942
TiAlZnFe,160340.41635340409
TiAs2O9,207630.84280236714
TiAs2Os,245437.72381150324
TiAs2Ru,128184.6537394121
TiAsAu,216970.9348235979
TiAsAu2,111568.39238710632
TiAsO3,157239.06238263744
TiAsPd,101857.52931734554
TiAsPt,158825.6827212712
TiAu,54077.805420591634
TiAu2,59168.20648692045
TiAu3,98147.96171953663
TiBO3,199596.2680027957
TiBe2,316983.25353191985
TiBe2Au,185161.464889695
TiBe2Cr,404176.40371546947
TiBe2V,142841.6390199152
TiBe4Nb,154564.28558482075
TiBeAlCr,402991.8728774578
TiBeAlFe,91276.15615158365
TiBeAlV,266929.6979520753
TiBeCrAs,163537.4884954157
TiBeCrB,457542.3175532721
TiBeCrGa,415818.05177506164
TiBeCrGe,277356.0011325888
TiBeCrSi,140894.0340640594
TiBeFe2,395919.8118608571
TiBeFeAs,151427.97400634838
TiBeGaFe,157893.81645743834
TiBeNiAs,119256.29652014888
TiBePt,127363.43802647824
TiBeVAs,226995.05170171717
TiBeVB,231099.1836423032
TiBeVGa,284888.1711403071
TiBeVGe,288546.67258698645
TiBeVSi,227135.3301205189
TiBeZnFe,152084.70912215635
TiBiAu2,116459.40564511255
TiBiO3,62112.46353109174
TiBiPd,70984.89321711932
TiBiPt,68749.18459682098
TiBiRu2,133357.8985452085
TiBr,225388.76915056465
TiBr2,239657.60107407108
TiBr3,93875.83757843116
TiC2(NF)6,332870.72757036757
TiCd3,106911.23436805469
TiCdAu,142451.58192545222
TiCdFe(PO4)3,197310.00894370882
TiCdNiAs,144274.36497224413
TiCdPt,116767.36054240513
TiCdTe,244517.647719464
TiCdTe2,157442.59414081267
TiCl,234112.13729431617
TiCl2,156635.5650276682
TiCl3,97755.41172239752
TiClO,184153.10773658557
TiCo(Cu2Si)2,98639.4365513972
TiCo(PO4)2,188077.83994247118
TiCo2,130053.19447996016
TiCo2As,273995.6023443717
TiCo2B,363304.78141872666
TiCo2Cu,229730.1930080182
TiCo2Ge,66274.0133099372
TiCo2Ir,477336.50883575977
TiCo2Os,640472.9888981235
TiCo2Pd,273664.0171977512
TiCo2Re,714215.8534148523
TiCo2Rh,462376.5381650027
TiCo2Ru,640675.4634139944
TiCo2Sb,56099.29634140055
TiCo2Si,58377.4988786099
TiCo2Sn,208736.420655294
TiCo2Tc,750544.139907728
TiCo3(BO4)2,593884.7161604872
TiCo3(PO4)4,359065.370382857
TiCo3O8,226492.46514898888
TiCoAgAs,177544.91326995488
TiCoAs2,89110.97121770379
TiCoAsAu,126524.9983185876
TiCoAsIr,126473.28850359953
TiCoAsOs,317973.5794547763
TiCoAsPd,59165.456185807896
TiCoAsPt,110829.95640324788
TiCoAsRh,219154.95862021862
TiCoAsRu,352118.7894895612
TiCoAu2,82885.68029080666
TiCoB,363619.5162357201
TiCoBIr,199154.71862518592
TiCoBPd,167695.78186314777
TiCoBRh,191074.89429356967
TiCoBiPt,89460.04626496279
TiCoBiRh,184144.42366344944
TiCoBiRu,287669.51078227506
TiCoCuSb,96365.31184564975
TiCoGe,50108.44736183184
TiCoGe2,79563.87182824055
TiCoGeAu,65173.56721417889
TiCoGeIr,319371.07729791256
TiCoGeMo,143412.83135460102
TiCoGeOs,276003.919970206
TiCoGePt,128576.91420618228
TiCoGeRh,308100.00637921516
TiCoGeRu,290036.3031228581
TiCoIr,234087.95414225795
TiCoIr2,195721.22352622752
TiCoIrPb,287753.6395928192
TiCoMo2,173935.0883900641
TiCoN2,198313.60990261656
TiCoNi2,59829.871960677534
TiCoNiAs,73584.2420599013
TiCoNiB,208527.9467184833
TiCoNiSb,65747.52523990243
TiCoNiSn,51190.451513677624
TiCoO3,414272.5565936529
TiCoOs2,371727.5498144842
TiCoPb,145451.28255994382
TiCoPdPb,114325.03732210286
TiCoPt,149338.6794826453
TiCoPt2,64419.83096651208
TiCoPtPb,88459.05078513248
TiCoRe2,260918.3551578829
TiCoReAs,156103.26134007945
TiCoReSb,152318.72614620542
TiCoReSi,182084.82441609612
TiCoRh,117871.87213699167
TiCoRh2,150623.0450949908
TiCoRhPb,288075.51745832444
TiCoRuPb,148437.5380765505
TiCoSbAu,99508.85196678278
TiCoSbIr,182028.88522624708
TiCoSbOs,304689.4050075364
TiCoSbPd,50567.58082228359
TiCoSbPt,81998.93814481326
TiCoSbRh,111946.6841451657
TiCoSbRu,305475.0926276241
TiCoSi2,252836.88170308195
TiCoSiAu,61799.92984377773
TiCoSiIr,335593.61356741516
TiCoSiMo,308470.5068521418
TiCoSiOs,287159.9494191442
TiCoSiPt,149400.7867441965
TiCoSiRh,330124.4795869548
TiCoSiRu,305424.91564112576
TiCoSiTc,229950.93983210897
TiCoSiW,154116.11199786572
TiCoSn,171993.24751430954
TiCoSnAu,56779.48040662334
TiCoSnIr,152158.39549591774
TiCoSnMo,127725.78393201147
TiCoSnOs,153135.41384748186
TiCoSnPd,60626.97257101329
TiCoSnRh,265357.67983847443
TiCoSnRu,238748.60307216912
TiCoTc2,399563.7121232354
TiCoTcAs,169888.00685122656
TiCoTcB,137282.73783698902
TiCoTcGe,215708.74910828142
TiCoTcSb,156187.34361819417
TiCoTe,106161.23792580815
TiCoW2,167973.81390464323
TiCr(Cu2Si)2,318285.5988820906
TiCr(GaCu2)2,278606.1600269972
TiCr(PbO3)2,174145.29345705113
TiCr2As,282848.7261535353
TiCr2Co,214192.60379100504
TiCr2Fe3(PO4)6,455841.2578640188
TiCr2Ge,296815.1354835033
TiCr2Ni3(PO4)6,297091.40877692733
TiCr2Pt,440750.18166152085
TiCr2Sb,465762.8576730919
TiCr2Si,272811.25802855246
TiCr3Te4,603666.6208208776
TiCr7O12,985745.4085266845
TiCrAg,513334.3962666359
TiCrAgS4,149220.40282419583
TiCrAs,385357.522912301
TiCrAs2,175808.72708953376
TiCrAsAu,337633.29356455803
TiCrAsIr,322706.2704770162
TiCrAsPd,222170.95142104034
TiCrAsPt,262628.1103682624
TiCrAsRh,305855.7486250819
TiCrAsRu,396416.9118750697
TiCrAu2,614149.0185755461
TiCrB,50813.66013099493
TiCrBIr,375696.0634288272
TiCrBRh,384040.11154580425
TiCrBRu,560196.696438134
TiCrBiPt,462249.5177879496
TiCrCo2,771584.4683181571
TiCrCoAs,609007.8239965007
TiCrCoGe,751025.4399350227
TiCrCoSi,782621.3164121753
TiCrCoSn,419265.43442230695
TiCrCuAs,296229.5803616371
TiCrCuGe,401222.143194182
TiCrCuS4,231865.5976088046
TiCrCuSe4,191839.48282297963
TiCrCuSi,205023.5997005709
TiCrFe2,402565.1271169017
TiCrFeAs,292933.472163387
TiCrFeB,630755.6486074519
TiCrFeGe,597037.429669059
TiCrFeSb,163361.447748852
TiCrFeSi,385699.46822553204
TiCrFeSn,319786.4786664224
TiCrGa2,262437.8401393493
TiCrGaAu,514155.1751924374
TiCrGaCo,672800.9799225206
TiCrGaCu,437384.91939117876
TiCrGaFe,526543.2634037455
TiCrGaIr,463747.0900398867
TiCrGaNi,656247.8416604818
TiCrGaOs,453388.2541513529
TiCrGaPd,400073.9072672387
TiCrGaPt,408384.6476581603
TiCrGaRe,241146.3497578922
TiCrGaRh,462732.4298729851
TiCrGaRu,467622.53409422084
TiCrGaTc,311347.5016599346
TiCrGeAu,373298.8565399424
TiCrGeIr,409412.9155465104
TiCrGeMo,226190.9025801009
TiCrGeOs,324707.9708925273
TiCrGePd,269543.5511884467
TiCrGePt,295788.91469418566
TiCrGeRh,410525.2107055426
TiCrGeRu,461164.9922814496
TiCrGeW,162078.75696696746
TiCrInCo,599255.1690120025
TiCrInIr,426784.24809231155
TiCrInOs,432004.28507712646
TiCrInPd,632178.17791959
TiCrInPt,524477.6523845949
TiCrInRh,448065.99129167665
TiCrInRu,435850.47654842585
TiCrIr2,387193.3372251257
TiCrMoAs,448361.72681122395
TiCrNi2,522107.9989179119
TiCrNiAs,426083.015038145
TiCrNiGe,550343.8545755716
TiCrNiSb,196702.48932022112
TiCrNiSn,262301.3225373161
TiCrO3,703061.970648728
TiCrO4,270321.7989440597
TiCrOs2,166338.10135367516
TiCrP2,362376.71706350025
TiCrPd2,546328.7350341444
TiCrPt,499356.0127658684
TiCrPt2,525872.0536258322
TiCrPtPb,537796.3063744364
TiCrReAs,325143.9588037109
TiCrReGe,244165.42136642674
TiCrReSi,246805.8270332675
TiCrReSn,425170.8575812587
TiCrRh2,326477.14285738795
TiCrRu2,345118.6793315414
TiCrS2,539258.1744857354
TiCrS4,164278.77559019905
TiCrSbAu,317939.3843414223
TiCrSbIr,304093.1135216406
TiCrSbMo,416710.9382294427
TiCrSbOs,145447.25188890728
TiCrSbPd,193409.70112898713
TiCrSbPt,254633.5986057524
TiCrSbRh,303649.723359128
TiCrSbRu,148206.33799370867
TiCrSi,399587.8971948163
TiCrSiAu,385373.2138066978
TiCrSiIr,429482.6677741236
TiCrSiMo,224880.84223589933
TiCrSiNi,559751.945375625
TiCrSiOs,307383.6398596418
TiCrSiPd,277410.17429356487
TiCrSiPt,290313.3406308849
TiCrSiRh,438275.0033638974
TiCrSiRu,463016.4996185116
TiCrSiTc,247607.5690497465
TiCrSiW,233493.95397572638
TiCrSnAu,338705.17570237495
TiCrSnIr,393303.88096512615
TiCrSnOs,295388.98821693537
TiCrSnPd,268851.3118188413
TiCrSnPt,276960.33868569403
TiCrSnRh,382909.27937259595
TiCrSnRu,426649.5348151152
TiCrTcAs,291401.23246187635
TiCrTcAu,440336.1775834869
TiCrTcGe,301594.58911468054
TiCrTcSb,295939.1481387737
TiCrTcSn,427533.7030619147
TiCrTe2,264859.3206854861
TiCu(PO4)2,62739.94607861323
TiCu(PbO3)2,78472.60823879985
TiCu2,82278.18775242745
TiCu2As,134181.28502112947
TiCu2Ir,95624.0790825009
TiCu2NiO4,215468.37518193398
TiCu2Rh,162618.82029809023
TiCu2Sb,136029.77664021926
TiCu3O4,112985.06505007854
TiCuAgAs,143412.81935215078
TiCuAs,59958.29866974653
TiCuAsAu,137364.4455625048
TiCuF6,93009.41336316036
TiCuO3,172474.91638292995
TiCuPt,127297.51632747485
TiCuSb,159514.5693365072
TiCuSbAu,139152.87913191505
TiF,179257.22834272461
TiF2,300773.3771743197
TiF3,198741.9810850512
TiFe,246071.75570710163
TiFe(BiO3)2,279864.9029746394
TiFe(Cu2Si)2,305650.0207539714
TiFe(PO4)2,246331.91812587468
TiFe11O16,1477206.818903154
TiFe2,628136.7843540614
TiFe2As,416082.3351003725
TiFe2Au,491014.93244188046
TiFe2B,539280.8195690361
TiFe2Bi2PbO9,475968.30760034214
TiFe2Co,929777.9017635919
TiFe2Cu,625514.9585876826
TiFe2Ir,808166.2923929485
TiFe2Mo,344259.99162779644
TiFe2Ni,717450.0810180478
TiFe2Ni3(PO4)6,295422.27814265166
TiFe2O5,1014877.0867414286
TiFe2Os,733092.2271105376
TiFe2Ru,787717.320309641
TiFe2Sb,363673.8713591628
TiFe2Tc,553411.3332605902
TiFe2Te,333465.8909134029
TiFe2W,315320.1544672427
TiFe3,1083245.7162942172
TiFe3(PO4)6,379959.32616813004
TiFe3Bi3PbO12,501454.6525439606
TiFe3Co2(PO4)6,462524.8183047634
TiFe3Cu2(PO4)6,373293.57946793945
TiFe3Ni2(PO4)6,419323.5506363301
TiFe3Sb2(PO4)6,267319.4812180962
TiFe5(PO4)6,501904.49116628827
TiFe5O8,1297156.7487526797
TiFeAgGe,317738.66225073696
TiFeAgSn,174324.88972591233
TiFeAs,268336.05492471
TiFeAs2,332321.8747095751
TiFeAsAu,283580.9517052948
TiFeAsIr,380658.0733716349
TiFeAsOs,158810.7897971892
TiFeAsPd,291561.50589483697
TiFeAsPt,305019.14211194037
TiFeAsRh,392260.6006257493
TiFeAsRu,382067.86911445233
TiFeAu2,261135.60815568638
TiFeB,463590.44639063056
TiFeBOs,164602.08845194062
TiFeBPd,198674.85608200656
TiFeBPt,195876.45420251056
TiFeBRu,169435.67647150657
TiFeBi,152771.474803083
TiFeBiIr,279060.46323041647
TiFeBiPbO6,335948.9261453217
TiFeBiPd,203762.11496066433
TiFeBiPt,249475.86715407576
TiFeBiRh,275190.61020173016
TiFeCo2,878909.8064831842
TiFeCoAs,426665.97847045213
TiFeCoB,658232.0746572659
TiFeCoGe,361239.16324881907
TiFeCoSb,332462.3205733411
TiFeCoSi,359786.3353712889
TiFeCoSn,445913.73914924625
TiFeCuAs,270127.2812347599
TiFeCuGe,258866.0138060917
TiFeCuSi,146932.49934419757
TiFeCuSn,179464.97544729002
TiFeGe,334547.9218687713
TiFeGeAu,266100.7940674535
TiFeGeIr,344521.23975257506
TiFeGeMo,380165.0122286113
TiFeGeOs,298415.2845111247
TiFeGePd,326873.46230577596
TiFeGePt,344646.15988865134
TiFeGeRh,354437.9028265739
TiFeGeRu,322438.2803786378
TiFeH2,129038.37015768034
TiFeIr,444093.4399761169
TiFeIr2,315313.7574056384
TiFeIrPb,181481.6084229438
TiFeMoAs,156224.02249691772
TiFeN2,295137.3774625264
TiFeNi2,444260.01243343425
TiFeNiAs,318457.77024403116
TiFeNiB,328510.0872867573
TiFeNiGe,331263.7632103035
TiFeNiSb,269900.15587582655
TiFeNiSn,278267.9946910026
TiFeO3,709356.7583711003
TiFeO4,530911.5023560105
TiFeOs2,537824.4807107358
TiFePd2,348851.2391355289
TiFePdPb,224015.4167855008
TiFePt,347641.4425092994
TiFePt2,158472.81560106503
TiFePtPb,289115.9877960272
TiFeRe2,321938.06505965855
TiFeReGe,149857.40359739013
TiFeReSi,284923.67010049045
TiFeReSn,138075.85614293165
TiFeRh2,539617.0226817401
TiFeRhPb,172636.34004342035
TiFeRu2,628594.1511982754
TiFeSb,170200.7369878139
TiFeSbAu,234798.65218775833
TiFeSbIr,337039.1648807143
TiFeSbMo,143387.19231673452
TiFeSbO6,460537.716011498
TiFeSbOs,155692.39825376953
TiFeSbPd,248490.8965650226
TiFeSbPt,263955.5976098805
TiFeSbRh,340578.48285270703
TiFeSbRu,156653.69611576086
TiFeSi,183795.40284495248
TiFeSi2,187143.420111362
TiFeSiAg,253448.79453079385
TiFeSiAu,268416.83162583056
TiFeSiIr,352835.1640913568
TiFeSiMo,271292.0326510503
TiFeSiNi,306092.0279763007
TiFeSiOs,299999.02661115845
TiFeSiPd,336023.2542770455
TiFeSiPt,355935.09847871086
TiFeSiRh,364349.27028799657
TiFeSiRu,324550.97098162945
TiFeSiTc,398259.10258484376
TiFeSiW,227575.4885105222
TiFeSn,276375.86505337706
TiFeSnAu,232710.75717591625
TiFeSnIr,312418.0192784244
TiFeSnMo,271135.8782357949
TiFeSnPd,291509.54268505453
TiFeSnPt,302539.9406323028
TiFeSnRh,317400.8491026587
TiFeSnRu,296715.6024485535
TiFeTc2,355597.4528672367
TiFeTcAs,311888.24138418917
TiFeTcGe,388305.1858625921
TiFeTcSn,137072.84609379005
TiGa2Ag,128889.29975060208
TiGa2Au,148053.34707987175
TiGa2CoCu4,140681.28979554016
TiGa2FeCu4,290080.77141010296
TiGa2Ir,192230.97635096623
TiGa2Pt,257181.44693509125
TiGaAs,120850.04775057471
TiGaCo,222771.320513016
TiGaCo2,75772.07785336982
TiGaCoAu,84113.08154253363
TiGaCoIr,222882.5350634951
TiGaCoMo,361194.7457168176
TiGaCoNi,190307.1067178279
TiGaCoOs,178632.0113023986
TiGaCoPd,158891.34320245023
TiGaCoPt,260407.32681096278
TiGaCoRe,221098.4159727636
TiGaCoRh,212210.94994070457
TiGaCoRu,192754.8621605416
TiGaCoTc,233498.88832307904
TiGaFe2,183692.09311137843
TiGaFeAg,215587.82333589
TiGaFeAu,298726.3049242575
TiGaFeCo,550057.2569453202
TiGaFeCu,256631.8723436972
TiGaFeIr,299276.72503643134
TiGaFeMo,429233.5183498758
TiGaFeNi,357478.9099909297
TiGaFeOs,371369.566757212
TiGaFePd,283584.40784700733
TiGaFePt,332541.6502102438
TiGaFeRe,394415.9394888313
TiGaFeRh,290610.37512185774
TiGaFeRu,380766.94359094265
TiGaFeTc,414773.9161745913
TiGaNi6,70058.94268622802
TiGaNiMo,143012.78589217126
TiGaO3,88814.7075013431
TiGaTe,162842.95735162345
TiGaTe2,135424.99156217868
TiGe2Ir,253125.8284707638
TiGe2Os,185913.1536860058
TiGe2Pd,197324.83781058784
TiGe2Pt,244839.86153079316
TiGe2Rh,191417.8250202696
TiGe2Ru,208012.96025669502
TiGeAs,110770.09598709487
TiGeAu,137486.3609798045
TiGeTe2,207191.7981403793
TiH10N3F5,77436.77768365924
TiH2N2OF4,187023.78094107055
TiHO2,117997.05121816225
TiHO3,214005.18786877865
TiHg,225349.4613439586
TiHgPd,239557.8757000442
TiHgPt,108982.32259177839
TiHgRh,50065.50786721233
TiHgTe,239219.68900274645
TiI,174790.16916396387
TiI2,189931.18545281136
TiIn,55793.528487836506
TiIn2Ir,175122.41951378292
TiIn2Ni,121740.47131294174
TiIn2Pd,158717.64231973025
TiIn2Pt,224716.30446956528
TiInCo,233541.84505497955
TiInCo2,172636.2918281688
TiInCoAg,103672.75702606096
TiInCoAu,79930.84175446453
TiInCoIr,80642.53788839889
TiInCoNi,145996.46626052033
TiInCoPd,73836.45686492523
TiInCoPt,139875.08480594086
TiInCoRh,78611.72417328804
TiInFe2,157166.2632574615
TiInFeAu,267107.3306452542
TiInFeCu,203625.6507866452
TiInFeIr,276533.86671738426
TiInFeNi,166132.15442492565
TiInFeOs,138984.1336067304
TiInFePd,254447.06437252124
TiInFePt,311921.00650844583
TiInFeRh,264948.67713951645
TiInFeRu,143023.72421319006
TiInFeTc,271838.1950752357
TiInIr,186657.35675345192
TiInNi,170469.92675643592
TiInPd,153295.59658975975
TiInPt,77256.93404059703
TiInRh,210447.3326425452
TiInTe2,132433.38362152159
TiIr(PbO3)2,75454.97307663893
TiIrO3,489987.0649399211
TiIrRh,69273.59692326799
TiMn(AlCu2)2,343924.73645739316
TiMn(Cu2Ge)2,370210.38671731716
TiMn(Cu2Si)2,389313.402215514
TiMn(Cu2Sn)2,341521.0449794557
TiMn(GaCu2)2,334506.16562574595
TiMn(InCu2)2,309671.23266989
TiMn(PO4)2,299916.3593276933
TiMn(ZnCu2)2,292523.08911772445
TiMn2Al,524465.9962507134
TiMn2As,456161.6702319307
TiMn2Au,764144.910759455
TiMn2B,630248.6040009568
TiMn2Be,357715.18949691905
TiMn2Co,710025.3712412871
TiMn2Fe,481952.1518019007
TiMn2Fe3(PO4)6,489070.5906856709
TiMn2Ga,531054.2130114338
TiMn2Ge,356598.78933560883
TiMn2In,493257.8643305546
TiMn2Ir,739326.5638595774
TiMn2Nb,80651.11847417665
TiMn2Ni,962198.590150371
TiMn2Ni3(PO4)6,246523.29762350002
TiMn2O4,1128812.2669711907
TiMn2O6,514163.04256609455
TiMn2Os,415530.0223857728
TiMn2Pd,863192.2492217487
TiMn2Pt,840085.2974393213
TiMn2Rh,834886.2706217814
TiMn2Ru,516256.0724032
TiMn2Sb,462947.9005524405
TiMn2Si,378367.3495526272
TiMn2Sn,323355.6270473721
TiMn2V,87587.99696732924
TiMn2V3(PO4)6,303264.2654679263
TiMn2VAs4,534895.2708095381
TiMn2Zn,675946.1451360179
TiMn3,203116.6923320756
TiMn3(PO4)4,403924.4435574676
TiMn3(PO4)6,142707.3707833333
TiMn3Co2(PO4)6,376878.27537241887
TiMn3Cr2(PO4)6,396536.65144881385
TiMn3Fe2(PO4)6,468275.81226166594
TiMn3Ni2(PO4)6,321709.846153938
TiMn3O8,589124.2791552028
TiMn3Sb2(PO4)6,250393.9165706898
TiMn3Te2(PO4)6,281027.3479946536
TiMn4O10,630444.2102904952
TiMn5(PO4)6,428336.777232338
TiMn5O12,640528.9661243554
TiMn7(PO4)12,219662.9115631201
TiMn9O20,717086.1262086629
TiMnAgAs,398339.90426243306
TiMnAgGe,399525.9482226266
TiMnAgSn,350655.9057142724
TiMnAl,62532.21727392942
TiMnAl2,152613.51575600723
TiMnAlAg,247743.14570272653
TiMnAlAu,276316.7717582567
TiMnAlCo,793593.5891024024
TiMnAlCr,89406.34033769407
TiMnAlCu,330427.17469017237
TiMnAlFe,717507.512167196
TiMnAlIr,460229.8242549177
TiMnAlMo,239051.60403373142
TiMnAlNi,629546.3802478944
TiMnAlOs,370797.2144469472
TiMnAlPd,307413.4047101572
TiMnAlPt,314703.57885741815
TiMnAlRe,404328.4978094241
TiMnAlRh,460022.16542203387
TiMnAlRu,475484.8359286403
TiMnAlTc,474879.1486902783
TiMnAlV,63578.482264870385
TiMnAlW,226705.88873356816
TiMnAlZn,282981.10111007455
TiMnAs,390507.4086253511
TiMnAs2,354003.40492928395
TiMnAsAu,396985.85436478676
TiMnAsIr,376988.01311570127
TiMnAsPd,362187.1295319428
TiMnAsPt,380997.979450444
TiMnAsRh,384591.5282650594
TiMnAsRu,362116.3944309077
TiMnAu2,421216.1926535662
TiMnB,115949.12195978755
TiMnBIr,179580.0328688415
TiMnBRh,186677.5469233215
TiMnBRu,379643.51989037904
TiMnBe2,499559.0929135789
TiMnBeAl,314681.2618402983
TiMnBeB,312653.06776144
TiMnBeGa,114733.64167542855
TiMnBeGe,155183.25680587938
TiMnBeSi,136675.93628804202
TiMnBeSn,166512.16800927938
TiMnBeZn,462686.9811921105
TiMnBiPd,301450.07070241915
TiMnBiPt,333518.52844439045
TiMnBiRh,396989.9488141029
TiMnCdGa,354915.8218082188
TiMnCo2,923029.4455927045
TiMnCoAs,591151.8161180879
TiMnCoB,568096.9188269192
TiMnCoGe,742993.7146391644
TiMnCoSb,344633.1414812888
TiMnCoSi,700737.3730782148
TiMnCoSn,577886.4152882558
TiMnCr(PO4)3,326343.2562904604
TiMnCrAs,356915.7339093404
TiMnCrGa,242115.994053287
TiMnCrGe,500528.30299110967
TiMnCrSb,328640.6688662021
TiMnCrSn,464349.0512932841
TiMnCuAs,333923.3904877334
TiMnCuGe,352128.88359691727
TiMnCuSb,158339.89078705217
TiMnCuSi,314801.1451826651
TiMnCuSn,281367.65551972337
TiMnFe(PO4)3,405167.55091457255
TiMnFe2,714383.7259623556
TiMnFeAs,666394.5642069201
TiMnFeB,635602.1050809097
TiMnFeGe,826993.6663914273
TiMnFeSb,298347.63937470847
TiMnFeSi,833878.1618815374
TiMnFeSn,755950.0641461759
TiMnGa2,247366.9759331862
TiMnGaAg,426734.6995980626
TiMnGaAu,344593.3163231941
TiMnGaCo,777076.8476357114
TiMnGaCu,316846.14933699917
TiMnGaFe,701245.9876760655
TiMnGaIr,643278.3678004147
TiMnGaMo,280348.2597027506
TiMnGaNi,524797.425901336
TiMnGaOs,469030.3831269381
TiMnGaPd,301324.1444525138
TiMnGaPt,320445.828483084
TiMnGaRe,442157.4958950789
TiMnGaRh,437107.4640129839
TiMnGaRu,475668.9118899624
TiMnGaTc,500375.577402557
TiMnGaW,253157.03861229116
TiMnGe,512949.0146671093
TiMnGe2,184412.22702356311
TiMnGeAu,330092.63047023135
TiMnGeIr,340145.53812881745
TiMnGeMo,378143.74549140316
TiMnGeOs,443381.06364130334
TiMnGePd,323887.98394055234
TiMnGePt,345990.2139839722
TiMnGeRh,341929.8285560892
TiMnGeRu,449904.39325895265
TiMnH12(OF)6,188996.60701669514
TiMnInAu,330448.8377785643
TiMnInCo,484543.89429185673
TiMnInFe,613171.990568881
TiMnInIr,516943.3785883493
TiMnInNi,158915.9294860535
TiMnInOs,345987.38022788486
TiMnInPd,429614.90165317233
TiMnInPt,462362.78949077136
TiMnInRh,425135.08150797524
TiMnInRu,439827.6724158847
TiMnInTc,426951.9478323569
TiMnIr,323912.05722054094
TiMnIr2,601746.2673706872
TiMnMoAs,316905.9072129377
TiMnN2,696657.6827345073
TiMnNbAl,141396.63496701518
TiMnNbAs,372117.1305032944
TiMnNbGa,90129.28500791597
TiMnNbGe,279816.40796890145
TiMnNbSb,401753.7821221532
TiMnNbSi,250404.69884220476
TiMnNbSn,271329.8990395984
TiMnNi2,652877.3144720821
TiMnNiAs,397955.35208603035
TiMnNiB,339540.8185838857
TiMnNiGe,496177.00775096676
TiMnNiSb,335068.2031330412
TiMnNiSn,385740.56874819455
TiMnO3,818358.7036351215
TiMnO6,63180.56575815648
TiMnOs2,449154.64604570373
TiMnPd2,543026.9057423463
TiMnPdPb,344772.5532778943
TiMnPt,483491.3164125129
TiMnPt2,667846.9333319789
TiMnPtPb,378687.2457660679
TiMnRe2,149988.76092574093
TiMnReGe,352220.64302716026
TiMnReSb,144371.31957641398
TiMnReSi,285388.8515916072
TiMnReSn,290973.5618075692
TiMnRh,592227.5645699336
TiMnRh2,773592.4460441347
TiMnRhPb,321766.5283754757
TiMnRu2,550680.5845828501
TiMnSb,288559.1393747572
TiMnSbAu,342987.6915141902
TiMnSbIr,341247.89647196094
TiMnSbMo,288008.8920697505
TiMnSbPd,312665.19915117766
TiMnSbPt,326316.427105688
TiMnSbRh,340682.78113070875
TiMnSbRu,330164.55183109635
TiMnSi,225955.6171026506
TiMnSi2,107387.45203307513
TiMnSiAg,410325.93411550997
TiMnSiAu,317832.1250557903
TiMnSiIr,349358.9788542368
TiMnSiMo,375627.61363583436
TiMnSiNi,476155.16966410156
TiMnSiOs,445749.1440496311
TiMnSiPd,329944.26939588157
TiMnSiPt,354311.20322551427
TiMnSiRh,351046.13694229623
TiMnSiRu,471464.83413202496
TiMnSiTc,317693.701229963
TiMnSiW,361535.85593809036
TiMnSnAu,298248.1782313627
TiMnSnIr,308109.6424926684
TiMnSnMo,418253.5394396194
TiMnSnOs,411983.65040432307
TiMnSnPd,341741.519293922
TiMnSnPt,360950.20047190745
TiMnSnRh,307530.27101123636
TiMnSnRu,417274.1973612358
TiMnTc2,122276.47289362153
TiMnTcAs,429912.5712168321
TiMnTcGe,465282.6319039996
TiMnTcSb,145578.48123947502
TiMnTcSn,429829.35866966314
TiMnTe,172338.9719727653
TiMnTe2,315914.61638596904
TiMnTlIr,385480.9940506933
TiMnTlPd,325899.06397946255
TiMnTlPt,458868.4385148542
TiMnTlRh,377431.9003160075
TiMnV2,63183.043077114184
TiMnV4O12,248015.54597295166
TiMnVAs,220522.68303917075
TiMnVGa,76667.83658916141
TiMnVGe,241649.3694398724
TiMnVSb,321458.81900184316
TiMnVSi,239675.12922634993
TiMnVSn,272323.4658880053
TiMnZn(PO4)3,165106.1969458796
TiMnZn2,444804.1933865614
TiMnZnAs,347223.5979116023
TiMnZnAu,445298.1962242329
TiMnZnCo,709692.8523797491
TiMnZnFe,597508.902279522
TiMnZnGa,243009.99574065112
TiMnZnGe,260463.89742704123
TiMnZnIr,470560.9322149609
TiMnZnNi,627087.048648409
TiMnZnOs,522098.83781366615
TiMnZnPd,509440.95935684175
TiMnZnPt,539941.2432854027
TiMnZnRe,330811.4573752929
TiMnZnRh,470576.73423808673
TiMnZnRu,528976.1257900272
TiMnZnSi,170924.83008354082
TiMnZnSn,238486.1986695968
TiMnZnTc,388408.77175300464
TiMo(PbO3)2,73748.97934034148
TiMoO3,483597.1506887743
TiMoO4,269986.0461083847
TiN2F5,388369.14802981727
TiNb2Sb,52772.900255194196
TiNb2Zn2O8,121829.5512579828
TiNbAlCo,459101.1268944872
TiNbAlFe,313090.9114245839
TiNbAlNi,430483.22996070236
TiNbCoAs,155253.53155948812
TiNbCoGe,384364.2084749006
TiNbCoSi,391634.86047947675
TiNbCoSn,485096.6972690746
TiNbCrAs,158452.51505080535
TiNbCrGe,75285.95623171072
TiNbCrSb,224271.5721707955
TiNbCrSi,81590.99588405057
TiNbCrSn,50344.41742784682
TiNbFe2,169782.7584777214
TiNbFeAs,348075.4547220953
TiNbFeGe,438626.1958461641
TiNbFeSi,233193.87383984515
TiNbFeSn,414689.9463336406
TiNbGaCo,456574.9597377023
TiNbGaFe,306325.4900288198
TiNbGaNi,402558.19942272943
TiNbNiGe,166308.85166554546
TiNbNiSn,154005.90832810936
TiNbO3,377993.13684598985
TiNbO4,63589.29537521999
TiNbPt,109288.7275353429
TiNbSiNi,244456.25407626553
TiNbTe2,110063.27709495115
TiNbZnCo,318245.5858397737
TiNbZnFe,158580.05366821072
TiNi(PO4)2,126500.01486420543
TiNi3(PO4)4,181198.56346856916
TiNi3Sb2(PO4)6,120352.06365274313
TiNi3Sn2(PO4)6,124737.1102677684
TiNi4GeO8,505159.74564970564
TiNi5(BO5)2,533521.7510159122
TiNi5(PO4)6,208866.12527082037
TiNiAu,130571.20646509745
TiNiB,104294.33442294055
TiNiGe2,137885.379994591
TiNiHgAs,140155.42263048392
TiNiO3,358933.0094067655
TiNiP2O9,144656.2403122788
TiNiSn2,165362.37456758367
TiNiTe,187293.59689667044
TiO3,202549.44276770577
TiO4,145821.5212077567
TiOF,274866.4625057896
TiOs(PbO3)2,147992.52132620462
TiOsO3,421925.5618654052
TiOsPt2,108763.67526901056
TiP2HO7,74465.43233330561
TiP6(WO8)3,75677.09847720992
TiPO4,123564.01562784665
TiPdAu,181886.44913510093
TiPdO3,247767.1366676389
TiPtAu,83030.35143368777
TiPtO3,168003.30078458157
TiRe(PO4)3,78249.22079531242
TiRe(PbO3)2,91120.89759739763
TiReAs2,163926.91698078823
TiReO3,564273.4499537079
TiRhO3,246878.3004304268
TiRuO3,326823.4179532018
TiS5(ClO3)2,181389.5858750739
TiSF,206264.14299220458
TiSO6,142026.8078239773
TiSb2Ru,229423.11521831833
TiSbAu,241039.27958209155
TiSbAu2,122146.67617698839
TiSbO3,105430.80439823204
TiSbPd,136850.84266447983
TiSbPt,151282.3571164045
TiSi2Ir,332682.5779720085
TiSi2Ni,135283.8729219269
TiSi2Os,249089.17890224876
TiSi2Pd,139640.71193897733
TiSi2Pt,204289.61588644274
TiSi2Rh,236770.08225760565
TiSi2Ru,270138.824085119
TiSi2Tc,107478.50738459898
TiSiAg,121571.57717225127
TiSiAu,127877.8677901101
TiSiO3,211656.07431646975
TiSiW2,58445.13318864663
TiSn2Ir,234054.98497743715
TiSn2Pd,184396.43956800379
TiSn2Ru,242655.16402723134
TiSnAu,66991.41170571069
TiSnMo2,97762.17337317324
TiSnRu,131496.4467024815
TiSnTe2,187315.82921351242
TiTc(PbO3)2,201062.5786102607
TiTc2As,63121.26987316229
TiTcAs2,176544.20882544227
TiTcGe2,57710.77513458548
TiTcNi2,224218.17334765525
TiTcNiAs,111201.39173220174
TiTcO3,575187.3432834827
TiTcSb2,187879.89373061885
TiTcTe2,173630.17629171538
TiTe2Mo,229381.2072948137
TiTe2Pb,184321.33522030848
TiTe2Pd,55328.36392318491
TiTeAu,162715.34975327094
TiTeIr,70445.37039494344
TiTeO3,140877.09499360723
TiTePd,270970.08304562676
TiTePt,249520.18017233117
TiTeRh,155514.00006175064
TiTeRu2,251030.7880118843
TiTl2BF6,55597.85685532795
TiTl3F6,52366.85152080015
TiTlCo2,176527.18031666052
TiTlCoIr,154098.3490071206
TiTlCoNi,114107.75937671335
TiTlCoPd,176546.81065442483
TiTlCoPt,151712.78576194443
TiTlCoRh,154356.14726248392
TiTlCrPt,582796.3654867295
TiTlCrRh,352248.7283935293
TiTlFeIr,195818.8705093248
TiTlFePt,220359.1830217099
TiTlIr,176044.34037662012
TiTlPd,149911.06133749438
TiTlPt,148335.43262770993
TiTlRh,204471.41455159738
TiTlTe2,121514.08645364917
TiV(Cu2Si)2,175161.6071805324
TiV(GaCu2)2,139521.9926866547
TiV(PO4)2,182814.58815757823
TiV(PbO3)2,77578.63443814572
TiV15O24,667708.0909801186
TiV2Fe3(PO4)6,414120.96481373435
TiV2Ga,58278.65949833245
TiV2O4,692702.813701849
TiV2Sb,125463.56331962353
TiV3Cr2(PO4)6,266595.68865112885
TiV3Fe2(PO4)6,268303.5721566396
TiV3O8,191486.1867961757
TiV3Sb2(PO4)6,134344.46636222972
TiV3Sn2(PO4)6,95305.71175932478
TiV4CoO12,183996.7240055038
TiV4FeO12,268376.11733704404
TiV5(PO4)6,225215.04618132135
TiVAs,99160.91123759323
TiVAs2,96225.90691702109
TiVAu2,494576.802836835
TiVCo2,529630.0366296213
TiVCoAs,326240.30356808926
TiVCoB,574218.4521487057
TiVCoGe,517494.7708102131
TiVCoSb,263595.4141166988
TiVCoSi,514614.265340576
TiVCoSn,517659.77532289777
TiVCrAs,161822.1537719554
TiVCrSb,302251.69080129697
TiVCuGe,173998.20845404925
TiVCuS4,147816.25445108287
TiVCuSi,157946.6186601076
TiVFeAs,354731.2539333094
TiVFeB,397950.28050395485
TiVFeGe,482317.59734056686
TiVFeSb,346349.38822294585
TiVFeSi,458133.92485974624
TiVFeSn,444018.25839968625
TiVGa2,292808.20553570753
TiVGaCo,512405.4049346261
TiVGaCu,162776.4227888899
TiVGaFe,340458.9724504431
TiVGaNi,576179.2026735842
TiVGe2,126487.12335070108
TiVInCo,456167.0438704934
TiVInNi,587696.9853953723
TiVIr2,402809.18401496526
TiVNi2,426879.2938742353
TiVNiB,311353.99605965754
TiVNiGe,294904.1791624607
TiVNiSb,102304.8087344306
TiVNiSn,290234.84558537486
TiVO3,511372.9598016966
TiVO4,132757.08329939918
TiVPd2,332281.7192724686
TiVPt,202359.20624206317
TiVPt2,425390.65948713856
TiVRh2,200505.67379042628
TiVSe4,82557.86506813439
TiVSi2,105546.57934345797
TiVSiNi,275606.1947169929
TiVTe2,129468.33282443546
TiVZn(PO4)3,82591.14549589765
TiVZnAs,231177.81527941494
TiVZnCo,355374.9395510542
TiVZnFe,171130.4017946485
TiVZnGa,283683.02804559283
TiVZnGe,278477.76489941176
TiVZnNi,510551.7697713164
TiVZnSi,228808.36604546203
TiVZnSn,265132.5746084366
TiWO3,471291.7843583777
TiWO4,266407.8626216967
TiZn(Si2O5)2,84113.03577089978
TiZn(SiO3)2,156470.3238417381
TiZn2,127670.66605608726
TiZn2CrO6,189739.3674516683
TiZn2Fe,242374.65519528626
TiZn2FeCu4,295895.6203503584
TiZn2Ga,96939.84127309869
TiZn2IrO6,88832.56409666008
TiZn2WO6,168153.75582114543
TiZnAs,196519.27039058477
TiZnAu,155826.99513060183
TiZnCoAg,90078.77907219274
TiZnCoCu,135609.05598480257
TiZnCoIr,145594.3766210166
TiZnCoNi,177613.00785448082
TiZnCoOs,179417.74840527386
TiZnCoPd,199277.20407037222
TiZnCoPt,84013.27546787055
TiZnCoRh,150013.43364091363
TiZnCoRu,176371.25290277548
TiZnCoSb,153545.47640079496
TiZnCoTc,282387.5348079094
TiZnCr(PO4)3,125077.96259417699
TiZnCrAs,210919.34200411625
TiZnCrAu,669186.3752680891
TiZnCrCo,553189.6111920234
TiZnCrGa,395064.8707402591
TiZnCrGe,273799.96363552473
TiZnCrIr,484408.5945357644
TiZnCrNi,658675.6673176168
TiZnCrO5,208198.28150765478
TiZnCrOs,386871.9458973607
TiZnCrPd,603350.8512452506
TiZnCrPt,473972.73577208567
TiZnCrRh,488064.9513945217
TiZnCrRu,443775.20925809233
TiZnCrSi,276532.8892820267
TiZnCrTc,158258.27797395072
TiZnCuAs,163272.68590840453
TiZnCuGe,134840.52150613596
TiZnCuSi,120243.62063676516
TiZnF4,253360.83820572257
TiZnF5,98058.0759445448
TiZnFe(PO4)3,214999.340619201
TiZnFe2,527978.1978434221
TiZnFeAs,161120.28257019087
TiZnFeAu,285418.7789265959
TiZnFeCo,588203.0203841426
TiZnFeCu,132007.06654614702
TiZnFeGe,62326.71240824037
TiZnFeIr,363020.0289149319
TiZnFeNi,367480.7957122767
TiZnFeOs,410383.62518598745
TiZnFePd,218530.31124348237
TiZnFePt,254473.51255873387
TiZnFeRh,354452.72047983744
TiZnFeRu,428488.691905797
TiZnFeTc,443475.1881295979
TiZnGaFe,186553.2052575186
TiZnInFe,188368.5830638972
TiZnMo(PO4)3,118805.39681593086
TiZnNi,222126.7584353049
TiZnNiAs,100129.44830063924
TiZnNiP2O9,112190.97216375313
TiZnNiSb,156548.79239214733
TiZnO2,50726.11162675339
TiZnP2O7,125145.1899117933
TiZnP3WO12,118133.41358268754
TiZnPO5,97825.27015226314
TiZnPd,252556.35071587365
TiZnRe2,70369.05797751911
TiZnRu2,68329.86350529756
TiZnTcNi,82688.26021344039
TiZnTe,265398.6032501421
TiZnTe2,118763.8773797662
Tl(FeS)2,566771.4067485629
Tl(FeSe)2,523094.33650860726
Tl(FeTe)3,358163.85840435984
Tl(WO2)2,280377.91643119365
Tl2Co2(SO4)3,211863.78032110573
Tl2Co2O5,469391.4619561966
Tl2Co3NiSe4,187053.88335331346
Tl2CoF4,225852.39741393243
Tl2CoI4,98460.95228212379
Tl2CoO4,283158.95535571576
Tl2CoS2,150893.46060276643
Tl2CoSe2,169074.32956091303
Tl2Cr2O5,477315.5429218582
Tl2CrF6,123433.64419448798
Tl2CrO4,83501.08099595447
Tl2CuF4,79565.15809332265
Tl2Fe2O5,711248.6517647798
Tl2Fe3S4,122568.26494425074
Tl2Fe3Se4,346970.8904439643
Tl2FeCu3S4,194994.742196419
Tl2FeCu3Se4,170891.294866961
Tl2FeCu3Te4,139919.05051348743
Tl2FeO4,402751.2094451987
Tl2FeS2,215767.7861287623
Tl2FeSe2,231930.30933092962
Tl2Mo2O5,176049.3440703367
Tl2MoCl6,75918.22760372212
Tl2Ni2(MoO4)3,116251.90463682418
Tl2Ni2O5,265416.9592784256
Tl2NiF4,162721.86480958984
Tl2NiO4,190476.0920072125
Tl2NiP4(HO2)8,54089.11470851402
Tl2NiS2,77928.87486601205
Tl2NiSe2,61652.270882514495
Tl2Os2O5,65722.39776428066
Tl2OsO4,128537.31123841998
Tl2PtO4,141692.46331829936
Tl2Re2O5,132732.72640765028
Tl2Ru2O5,78238.00315796612
Tl2Ru2O7,137041.51470574003
Tl2RuO4,143258.41439084016
Tl2S2O15,183168.67347772114
Tl2Tc2O5,148917.95657921289
Tl2V2O5,274614.6819881033
Tl2VF6,60594.42265970652
Tl2W2O5,101757.77698929916
Tl2WCl6,76178.18545687657
Tl3(FeS2)2,292367.2147513074
Tl3Co,71783.12008149108
Tl3Co3O8,314629.7901460416
Tl3Cr,384737.3356183692
Tl3CrF6,153674.93759887322
Tl3Fe,288756.71564056765
Tl3FeCl5,141570.63355894733
Tl3FeF6,251347.80329518483
Tl3Mo4(P2O11)2,91709.90851281394
Tl3Ru,84345.21575128968
Tl3V,289486.78507060395
Tl3VF6,93908.56734338762
Tl4CrI6,90946.44032637405
Tl4Ni7(PO4)6,263613.9349235089
Tl4P4N4O9,84311.99560200436
Tl4Te3Mo,148762.8195241666
TlAsO6,281834.2585131081
TlB(CN)2,69608.1383211407
TlB2O5,79480.6848954477
TlB5O12,144142.01437752345
TlCdN3,551374.3337605918
TlCo(NCl)6,174068.47062686612
TlCoBi,220604.15111294427
TlCoCl3,228959.94161397673
TlCoF3,375460.8496278847
TlCoNiS2,272683.2957787169
TlCoNiSe2,228923.30015972283
TlCoO3,240699.4713687805
TlCr(MoO4)2,153685.1863786259
TlCr(SO4)2,150890.61234544308
TlCr2FeO8,239863.4744426813
TlCr3O8,153520.97367134786
TlCr3S5,480278.6196563627
TlCr5S8,529520.801397384
TlCr5Se8,462410.57296075445
TlCr5Te8,361953.68818538607
TlCrNiF6,333045.175473159
TlCrO3,454201.0302565497
TlCrS2,335909.0019522494
TlCrSe2,255351.57754059453
TlCrTe2,248119.02709791702
TlCuF3,67984.67932301838
TlFe(MoO4)2,256014.50202919287
TlFe(SeO4)2,217779.90328423778
TlFeBr3,256947.7747214409
TlFeBr4,220766.39383030284
TlFeCuSe2,316101.59884004574
TlFeF3,481685.0116512424
TlFeI3,215960.67990748154
TlFeO2,606314.3204000166
TlFeO3,716764.9941922585
TlFeSe2,234221.0024012522
TlH2NCl2,155305.56913190967
TlMo2Cl7O2,60702.76638320208
TlMo2P3O13,63363.04134752684
TlN,197975.62429767725
TlN2Cl5O,157083.82202729947
TlNCl4,101866.8603562038
TlNi4(PO4)3,311898.9068669145
TlNiCl3,155260.03497526268
TlNiF3,271625.1373063943
TlNiO3,169816.177810163
TlP3(NO6)2,56550.52135496672
TlPC4S4(N2O)4,267313.73424895824
TlPO6,308294.7063179506
TlReO2,310041.74199583393
TlRuO3,95703.6420045123
TlS2NO8,97373.15543400789
TlTcIr2,537214.7658881675
TlTcO2,459852.0882650972
TlV(SO4)2,95513.6768660772
TlV2Cr3S8,461473.05009913887
TlV2O4,435898.7411655142
TlV3(CrS4)2,243694.03697052793
TlV3CdCu4O13,63173.075978750545
TlV4FeS8,79530.3454052326
TlV5Se8,60241.1469359651
TlVCl3,217874.7746449625
TlVO3,135356.92506097164
U,321857.7410311508
U(Al2Fe)4,262918.8859239537
U(Al3Fe)3,339805.5350406582
U(Al5Fe)2,106433.1120611059
U(Al5Ru)2,104396.38093803292
U(AlAu)2,246485.81158263926
U(AlC)3,198024.25560841302
U(AlCu)6,128000.58553421366
U(AlFe)6,517055.5383600014
U(AlFe2)4,631320.3334031675
U(BH4)4,109591.40711076945
U(BOs)4,82525.66992564836
U(BRu)4,116684.50097607786
U(C2O5)2,79340.39013897859
U(CoGe)2,238755.5930561957
U(CoP)2,215630.51385963394
U(CoSi)2,176847.25138400245
U(CoSn)2,240615.32079561797
U(Cr3P2)2,283826.0034908717
U(CrSi)2,234355.99998642123
U(CuGe)2,287058.2830426833
U(CuP)2,219684.35345517035
U(CuSn)2,239318.00200380007
U(FeB3)2,284953.73423885455
U(FeGe)2,130312.58812137644
U(FeP)2,116740.28096910275
U(FeP3)4,79305.34371539431
U(FeSi)2,67951.6046327171
U(GaCu3)2,194081.9933256005
U(GaFe)6,558329.8836351611
U(GeIr)2,237576.5221405744
U(GePd)2,241291.27026639177
U(GePt)2,238833.84674406837
U(GeRh)2,233803.24344953935
U(MnAl2)4,370148.8092581342
U(MnSi)2,224987.215821989
U(Mo3S4)2,68988.83970061215
U(MoO4)2,108017.82695825433
U(NF2)4,287036.8331658079
U(NO4)2,86270.35373584004
U(Ni2P)2,89711.18903582405
U(NiAs)2,259969.5303505903
U(NiGe)2,239911.38169189956
U(NiP)2,314729.5353740068
U(NiSn)2,222624.14185959933
U(PO3)4,81631.14684623918
U(PS3)2,79532.99982899327
U(PdS2)2,134388.79020855424
U(RhO3)2,79021.34673147432
U(SiAu)2,261148.97984123765
U(SiIr)2,185316.72546786233
U(SiNi)2,106427.14513510332
U(SiO)2,106414.56207908229
U(SiOs)2,162614.6843201943
U(SiPd)2,231484.1314200046
U(SiPt)2,236077.91839492868
U(SiRh)2,243892.06734515983
U(SiRu)2,198363.0043685956
U(WC)4,66136.59046578956
U(WO2)2,551234.0852928658
U11Ni16,171539.61114904148
U11O5,128597.48567385727
U11Se20,293808.72191006225
U12Cd4H6C4O51,90178.6936461731
U12Ge3Te20,296003.0672417633
U16N25,321862.68664308096
U2(Al3Co)3,179532.23001552682
U2(Al3Ir)3,186151.9692827147
U2(Al3Rh)3,173048.96191255853
U2(AlSi)3,263185.6938636174
U2(AlSn)3,236338.96990683643
U2(Co7B2)3,536063.1678675213
U2(Ga3Ir)3,173319.16121166068
U2(Ga3Rh)3,181215.16810809477
U2(InSn)3,217574.61179375503
U2(PdAu)5,104296.92338315833
U2(Si2Ni)3,260254.13266414613
U2(SiAu)3,124520.06355593432
U2(SnPb)3,215495.3996976511
U2Ag2O5,293155.15693842876
U2AgO4,358257.86856873106
U2Al19Co6,133755.96411565857
U2Al2O5,407156.67621707567
U2Al3C4,204129.09046612462
U2Al3Cu7,244324.18819011675
U2Al3Ga,440737.14666322194
U2Al3Os,440236.5257607557
U2Al3Si,398845.47893074836
U2Al6Pd3Pt,193180.23485785283
U2AlO4,547284.1094862634
U2As2O5,305444.2778831911
U2As3Se,295090.28630856826
U2AsAu,734133.9019706126
U2AsIr,639778.3916584814
U2AsN2,326732.80046687316
U2AsO4,67321.80557536928
U2AsOs,548369.2206350948
U2AsP,465372.81031788624
U2AsPNO19,58267.81970055007
U2AsPd,757006.3806765481
U2AsPt,729340.8915077175
U2AsRh,654451.1160285716
U2AsRu,555831.1777654081
U2AsS,537311.3154069438
U2AsS2,139053.40835129347
U2AsSe,557285.546522027
U2Au2O5,258283.37118600495
U2AuF11,99725.14510689852
U2AuO4,279930.4708876911
U2B2O5,356473.2441148771
U2B6Mo,73652.59140279586
U2B6Os,107519.96794686496
U2B6W,62869.447367449255
U2B9O22,112824.3836122984
U2BO4,633850.7317488699
U2Be25Cu,183465.7183999374
U2Be2O5,406292.21698151715
U2BeO4,472504.68869353033
U2Bi2O5,158676.7359538311
U2Bi2O7,135379.0796538193
U2BiAs,552585.9092048362
U2BiN2,284679.4304146988
U2BiO4,346096.48613483686
U2BiSb,514013.42889594316
U2BiSb2,242860.99060742752
U2BiTe,577259.9507223075
U2BiTe2,387574.1224145169
U2Br2N,272546.96841154527
U2Br2O,323227.0069331662
U2C3,306482.27360076265
U2C4NO15,61705.40970422104
U2CN,452994.4709785489
U2CS,523216.62350082526
U2Cd2O5,311257.796436751
U2CdO4,436682.74610010727
U2Cl2O,330397.51341130637
U2Cl5O2,113964.4728604101
U2Co12P7,64523.80773878629
U2Co2Sn,158304.26528779342
U2Co3Ge,143526.09198304673
U2Co3O8,633521.3596400138
U2Co3Si5,200957.2174136662
U2CoO4,255616.54246844302
U2CoO6,391662.0673440256
U2CoSe2S3,285695.57712246757
U2Cr2O5,926191.3288802052
U2Cr30P19,312738.2884509734
U2CrN3,243071.00790721303
U2CrO4,753463.716623283
U2Cu(GeO9)2,130947.18386460654
U2Cu(PO10)2,124255.87966942522
U2Cu(SO11)2,68204.99482140638
U2Cu2O5,208417.22628549088
U2Cu3NiGe4,265205.76159473974
U2Cu3Si4Ni,258999.4061986755
U2Cu4As5,181052.79456220102
U2CuO4,407700.5040465445
U2CuSi3,414900.10097799887
U2F9,196253.9998406106
U2Fe12P7,116006.95272708923
U2Fe15Ge2,1021284.5273506839
U2Fe2O5,1151989.5639072105
U2FeO4,838584.0632871354
U2FeRh,394734.72905164486
U2FeS5,250341.56540174363
U2FeSe5,185005.08388855864
U2Ga2O5,500528.6940187477
U2Ga3Cu,439538.69825941947
U2Ga5Cu3,258914.10749335185
U2Ga8Ru,182476.1537768312
U2GaAs,646654.1799774267
U2GaO4,352750.8928181924
U2GaTe,555598.03440161
U2Ge2O5,340082.71011752146
U2Ge3,347737.56200659595
U2Ge4Mo3,236821.09539063438
U2GeAs,541992.5932018749
U2GeIr,549887.3841977187
U2GeO4,452565.3893119431
U2GePt,651910.0773188522
U2GeRh,551994.2021223027
U2Hg2O5,256285.70516320807
U2HgO4,266332.0190634903
U2I2N,241054.90682956617
U2I2O,291518.11551742017
U2InIr2,233420.7921673656
U2InNi2,336798.2922477674
U2InPd2,384841.5423445992
U2InPt2,331128.56264489103
U2InRh2,297992.55209752044
U2Ir2O5,444630.06745755224
U2IrAu,556773.2554686845
U2IrO4,389761.7313461714
U2Mn(PO11)2,97506.70419900752
U2Mn12P7,400361.9981338195
U2Mn2O5,1012206.4954126858
U2Mn3Si5,196110.71197756496
U2MnN3,165618.72060594146
U2MnO4,885914.5974002122
U2Mo2O5,400279.0380234241
U2MoO4,647134.7002412096
U2MoO8,112520.18575267222
U2N3,393091.8350130167
U2NCl2,266712.2109642063
U2Nb2O5,404608.3941731221
U2Nb3Ge4,259743.077381205
U2NbO4,494402.9102499303
U2Ni(PO11)2,161498.64918921163
U2Ni12As7,158907.8996606272
U2Ni12P7,76359.97259626292
U2Ni2O5,382954.8986179738
U2Ni2Sn,188411.55765816048
U2NiAs,772424.236053875
U2NiO6,337558.20359889674
U2NiPt,535664.212073636
U2O3,641808.4547286604
U2O5,194763.2487790302
U2Os2O5,454177.39043216256
U2OsO4,546948.4165359967
U2P2O9,181008.61029503905
U2PN2,340054.9047595623
U2PS,543126.4809705552
U2PSe2,162257.2708885727
U2Pa2O5,562983.4017918331
U2PaO4,510264.30845800287
U2PbSe5,179651.260425892
U2Pd2O5,269825.8086596866
U2PdO4,294767.8773082335
U2PdPt,590727.4170610096
U2PdS4,258773.9834521483
U2Pt2O5,335140.2239721905
U2PtAu,578719.4645349743
U2PtO4,289173.088540679
U2Re2C3,95594.25358436057
U2Re2O5,418804.64936036407
U2ReB6,92223.90432596934
U2Rh2O5,466528.84898144327
U2RhAu,569505.3273459516
U2RhO4,377134.7631846315
U2Ru2O5,426625.49898888485
U2RuO4,477710.87863434106
U2S,76864.42183084304
U2S2O19,88051.70478673324
U2S3,459466.4927146788
U2SN2,447125.1464880262
U2Sb2O5,304111.90637927956
U2Sb4Pd,228511.40270615756
U2SbAs,566561.4690341847
U2SbN2,303600.0547965738
U2SbO4,274321.3559936218
U2SbPd,686503.6914396415
U2SbPt,675138.9618162491
U2SbS2,230557.47709663503
U2SbSe2,268772.48821801017
U2SbTe,514142.2939159868
U2Se2O,332306.59054555313
U2Se3,435293.3198037408
U2SeN2,422720.38238785637
U2SeS,465133.0576443083
U2Si2O5,351035.1416859968
U2Si3Au,396132.9320384911
U2Si3Ir,316359.16200709646
U2Si3Pd,376207.25234919996
U2Si3Pt,434929.32849949686
U2Si3Rh,332158.74893130333
U2Si4Mo3,237866.64399953582
U2Si4W3,238311.13387639023
U2Si5Rh3,220404.67675095444
U2Si5Ru3,203591.06370516325
U2Si5Tc3,181897.18510990738
U2SiAs,546600.6235510441
U2SiIr,556575.5285916574
U2SiO4,635276.9227218943
U2SiPt,641021.8462378945
U2SiRh,560773.5104944838
U2SiSb,507054.41454628005
U2SiTe,564934.183421771
U2Sn2O5,345700.00087711576
U2SnAs,515250.2294518648
U2SnO4,425868.45439788414
U2SnPd2,382327.3455568505
U2SnPt,588547.3325416587
U2SnPt2,356551.527360495
U2SnRh2,273599.6785632631
U2SnRu2,162996.49853826562
U2SnSb,517159.8263531007
U2SnTe,525272.5225845035
U2Ta2O5,428313.16413250373
U2TaO4,532382.158204757
U2Tc2O5,188920.90448016787
U2TcO4,860150.100720034
U2Te2N,305266.20900318044
U2Te2O,397368.97025298944
U2Te2O5,109951.63919349723
U2Te2PO,238969.82075130334
U2Te3,369805.6368482479
U2Te5,176649.1178661544
U2TeAs,628449.9314991146
U2TeAu,699573.9164120478
U2TeIr,660360.0148297442
U2TeN2,395136.94408814434
U2TeO2,520962.14569403545
U2TeO4,204089.1612997149
U2TePd,744422.7447085637
U2TePt,744418.5185538088
U2TeRh,683374.0488648528
U2TeSe,512872.6231365516
U2TeSeS2,251659.1334088322
U2Ti2O5,501862.21338154597
U2Ti3Ge4,276671.7768373937
U2Ti3Si4,171492.87586078403
U2TiO4,554775.0019042444
U2TiS5,366078.1702536914
U2Tl2O5,311727.5996560049
U2TlO4,342480.48555430386
U2TlSe6,141167.16213489563
U2V2O5,803279.546249347
U2W2O5,225806.79750763337
U2WO8,112897.57944165944
U2Zn17,168340.2218161363
U2Zn2O5,359299.9294466234
U2ZnAs,677397.9829262736
U3(Al3Co)4,248430.37854419995
U3(Al3Ru)4,148539.28293784815
U3(CuGe)4,358413.1440380823
U3(CuSi)4,353640.32419023814
U3(Ga2Cu)4,262856.9724055466
U3(Mo5O16)4,75596.82429111439
U3(PS4)4,98596.80991917393
U3(SiC)2,388028.0967631022
U3(SiNi)4,282459.312434139
U3Ag2(GeO8)2,54163.74654749699
U3Al2Ge3,424870.93070778286
U3Al3NiRu2,283122.24914650834
U3As2O19,90385.31930408122
U3As2Se,654052.9566830051
U3As4,364428.6819215769
U3Bi2O9,165565.71573383128
U3Cl,262885.22599568585
U3Cl2,635473.309378414
U3Co2Ge7,253118.09356963774
U3Co3Sb4,138731.72867831832
U3Co7B2,151467.00876859433
U3Cu2S7,242730.0853317065
U3Cu2Sb3,409434.6403677127
U3Cu2Se7,212345.66818216286
U3Cu3Sb4,371589.93606884696
U3Cu3Sn4,240243.8307907938
U3F,122060.36845017936
U3F2,861992.3222403193
U3Fe2Si7,178142.74680089686
U3Ga2Ge3,215247.7910670054
U3Ga2Si3,255647.25209993575
U3Ga5,397017.6503317487
U3Hg,376879.8481150423
U3In,101631.2609065587
U3MnSb5,469344.0948971606
U3N,126504.30957400319
U3N2,399247.32647590904
U3NO23,181604.19700969188
U3NbSb5,306695.17072209774
U3Ni2O9F16,347247.8085054094
U3Ni3Sn4,90166.2778206584
U3O,1009054.976991993
U3O10,86846.24509222944
U3O2,974596.1467251017
U3O5,519132.6957247606
U3O7,314903.725484694
U3O8,110003.23139720241
U3P2S,547548.7478580036
U3P4,398985.28078417864
U3Pa,214966.17889506623
U3S2,599274.1549403205
U3S5,444905.8518401038
U3Sb,162007.815521071
U3Sb4,304833.5342105932
U3Sb4Rh3,139533.18482520792
U3Se,106309.38411494483
U3Se4,552089.7681847491
U3Si2,488625.145761251
U3Si2C3,142073.24179020032
U3SiPt5,325735.5363050727
U3Sn13Rh4,159767.98944023653
U3Sn4Au3,229681.64834683918
U3Sn7,264423.2113845405
U3TaSb5,343281.263510218
U3Te,211049.6569378022
U3Te4,461141.54801932327
U3Te5,309384.3343330383
U3TiGe5,266573.45872364426
U3TiSb5,329324.3890828642
U3TlF13,224803.08383940888
U4(TeSe)3,381063.45800008276
U4Al,85886.41783463932
U4Al18Ni5,206551.53228605606
U4Al4O11,518439.3304129564
U4As6Ru7,214870.94589518724
U4B3C5,311074.72914927907
U4Be2C5,187338.24862237604
U4Be51B,166071.11777042935
U4BiO10,322026.777045606
U4Cu3(SO17)2,103421.8785006504
U4Ga12Co,277874.7220401776
U4Ga12Fe,274516.6397332179
U4Ga12Ni,318373.5737105429
U4Ga12Pd,276418.0014883184
U4Ga12Rh,266413.62588986615
U4N7,184611.87525910782
U4O7,575129.5643033623
U4Re7Si6,54476.55179580927
U4S2N4O21,134960.1347914291
U4S3,589456.1462084202
U4Si3Mo,81092.8205197665
U4Si6Tc7,50145.08905682203
U4SiN3,293505.69007342804
U4Te3O4,399535.68416537467
U4TeSe7,255184.43983392548
U5As3Se2,662374.5166803806
U5Ge3,615448.1553701857
U5Ge4,325336.0810808813
U5O11,316192.49155134097
U5P3Se2,530443.436268513
U5P4S,435185.6533191031
U5PS4,465453.94081766094
U5Re3C8,114224.4728360787
U5Sb4,210864.09278687483
U5SiS4,477817.25390352606
U5Sn4,586012.6397973674
U5VSb3,287422.8515140106
U6Nb4Al43,161337.65744705778
U6O11,537539.3277033736
U6P13Rh20,122216.71305387212
U6Si11O,363490.1440028529
U6Ta4Al43,162124.7769462413
U6TlF25,230703.86437673526
U7Cd3O20,191745.10268988417
U7Se12,353807.7093317912
U7Te12,294304.09793111286
U8Bi2O19,335051.3943439506
U8CoSe17,194173.83673073578
U8CrS17,236883.91793889462
U8CrSe17,232482.30655743438
U8FeS17,275451.3990949759
U8FeSe17,137433.32745712553
U8MnS17,255023.12325045426
U8NiSe17,242875.843886261
U8TiSe17,256561.74593050164
UAg3,311669.17159921606
UAgF6,73445.74945193855
UAgO3,126060.44465747845
UAgPt,350214.74715451704
UAgTe2,258349.07562405337
UAl,104017.67220491244
UAl2,378501.32047595165
UAl2Cu3,295669.8989332681
UAl2Ir,340518.8446488497
UAl2Pd,390965.87713437557
UAl2Pd5,160239.04762205022
UAl2Pt,420273.68068179075
UAl2Rh,350578.1434485686
UAl2Ru,226197.92738563655
UAl2Tc,133488.78371066865
UAl3,299573.99349862675
UAl3Ni2,98396.23379168609
UAl3Pd2,196282.24013499764
UAl4,242959.92713754793
UAl4Co,183528.9092734882
UAl7Cu5,131726.9715575325
UAlAs2,216092.48184386958
UAlAu,491819.0563963589
UAlCo,207162.28008759127
UAlFe,170961.58732034083
UAlIr,301460.95217691833
UAlNi,402457.5635413343
UAlNi2,188835.93906112312
UAlO3,486245.78059682366
UAlOs2,179913.4890717183
UAlPt,274214.3539162546
UAlRh,333279.75509005896
UAlRu,297050.7949478787
UAlTc2,75018.25913085444
UAlTe2,263155.6592370613
UAs,475501.91036213347
UAs2,220583.85430570488
UAs2Au,177791.17463176246
UAs2Ir,409051.39194781973
UAs2Pb,198928.36077372835
UAs2Pd,183376.66044532385
UAs2Pt,252000.7756198805
UAs2W,242059.78356296508
UAs3,149498.77171300203
UAsAu,346582.5714550625
UAsIr,284492.24454623373
UAsO3,244097.67170644598
UAsOs,151011.556321769
UAsP,217527.18742045204
UAsPd,311643.1236216375
UAsPt,346113.87029414094
UAsRh,234070.3064774148
UAsS,366760.93595508207
UAsSe,338549.28760468465
UAu,586725.5873148905
UAu2,363139.8682976668
UAu3,268341.6699321128
UAuO3,123690.09796668257
UB2C,316726.0511420721
UB2Ir3,243720.6146057152
UB2Os3,139605.02877561405
UB2Ru3,164772.56948008665
UB4,52665.79795122386
UB4Mo,100466.46236228451
UB4W,143579.92562136563
UBC,140033.45700367514
UBN,336095.52096977463
UBO3,575717.9429404825
UBe13,158534.16539762216
UBe2Ir,167483.21050875698
UBe2Pt,295945.0954576396
UBeO3,404270.6765902
UBePd2,283102.4153046329
UBePt2,188788.02097125052
UBeRh2,294118.66735826654
UBeRu2,169096.340011444
UBi,494985.48878668714
UBiAs2,278309.9070978413
UBiAu2,263609.99128713703
UBiIr,246777.75669742946
UBiO3,248099.32082200196
UBiPt,343860.66858816834
UBiSb,221365.84424242002
UBiTe,285041.67353453813
UBr,590494.6309783827
UBr2,363810.76065163966
UBr3,266104.6706387021
UBr4,100645.23649162462
UBr4(NO2)2,115978.44132121344
UBr4O9,87004.53116719509
UBrN,298944.6908158975
UBrO2,109157.88484364118
UC2,76821.90875091945
UC2O9,89866.30109767582
UC3S(NO4)2,127345.23633454506
UCd3,285694.7351741373
UCdAs2,217330.2178828795
UCdAu2,267954.4515325937
UCdO3,246317.31176083468
UCdPt,348172.6149110822
UCdTe2,188265.8011642297
UCl,647924.9281641999
UCl2,236951.07925408226
UCl2O,205539.51559387357
UCl3,327064.7474361935
UCl4,141900.583307679
UCl5,53502.66347711542
UClO5,66980.95253899763
UCo2Au,146416.74548600585
UCo2Ge,211086.13683249537
UCo3B2,157610.9854505428
UCoAs,352875.324015425
UCoAs2,255188.95120389285
UCoBi,291404.206484182
UCoGe,178720.78210969357
UCoIr,72468.77203331536
UCoNi,116535.89575471457
UCoNiGe2,350933.9997756775
UCoO3,384525.9918534675
UCoO4,125778.03704069092
UCoPt,194381.36090857716
UCoPt2,50641.60624779484
UCoS3,241074.93333673355
UCoSb,360872.5367966796
UCoSe3,99288.36303126976
UCoSi,187394.20269388324
UCoSn,75267.85396759812
UCoTe,326628.53588722454
UCr(HO2)3,130437.77255399855
UCr2O6,545544.2929945856
UCr5P3,72969.21675197463
UCrAs2,152833.97582888542
UCrB4,159533.0315753445
UCrCuSi2,565163.1796549576
UCrO3,935315.9472701658
UCrO4,497924.55497518723
UCrRh2,762948.8929180441
UCrS3,580867.3071332062
UCrSe3,503311.4959320856
UCrTe2,700847.5265847206
UCu2(PO5)2,96399.83251485095
UCu2(SiNi4)2,66308.31286715846
UCu3Pd2,173057.86111358163
UCu4Au,141592.41120990814
UCuAs2,141792.74059939221
UCuAu2,276080.52695453976
UCuBi2,261352.7087918631
UCuGe,463261.45886122034
UCuO3,138722.99304209347
UCuO4,118734.97622067393
UCuP2,268031.1815520425
UCuPO,308251.46884313546
UCuPt2,121450.86509596152
UCuRh2,233990.7184171032
UCuSi,452308.55232163396
UCuSn,429448.0948189344
UCuTe2,248190.96709265013
UF,852292.9144593376
UF2,615912.3458005657
UF3,608213.7736216161
UF4,334777.19240357645
UF5,118952.24449408337
UFe2As,173772.3151730398
UFe2Ge,335993.38191400666
UFe2Ir,375525.08004566084
UFe2Pt,236503.78096972912
UFe2Si,185939.84188483693
UFe3,569525.0918942024
UFe5Si3,346789.3912256386
UFe5Sn,575008.256901024
UFeAs,186658.81614125075
UFeAs2,518053.52199120837
UFeB4,99683.07533783339
UFeGe,134365.66021967924
UFeIr2,546767.0014983506
UFeO3,863883.4126844476
UFeO4,738304.3938629879
UFeS3,225008.35500974458
UFeSe3,427332.4436302023
UFeSi,186936.4840137503
UGa,311067.8251163643
UGa2,373814.7854983577
UGa2Au,334038.92938408366
UGa2Ir,261658.33866256542
UGa2Os,176199.24995534998
UGa2Pd,341466.8309602833
UGa2Pt,337973.6829968811
UGa3,260582.90753726815
UGa3Ni,243889.33703863775
UGa3Pd2,201175.85639388335
UGa5Fe,103904.84141954308
UGa5Ir,61672.55443044845
UGa5Ni,101321.1674156982
UGa5Os,127462.38273472666
UGa5Pd,97816.64174185289
UGa5Pt,88003.34878217897
UGa5Rh,76236.41759956347
UGa5Ru,133581.84175131944
UGaAs2,115634.1588185036
UGaAu,476925.92089920386
UGaCo,205729.64977178298
UGaCu,483873.27695360634
UGaFe,164443.50921966502
UGaIr,286510.2064998826
UGaNi,351698.1006004648
UGaO3,277779.43838038977
UGaPd,363517.17464614875
UGaPd2,156839.62442615643
UGaPt,265376.499600401
UGaRh,324728.43969012983
UGaRu,279743.0642988924
UGaTe2,258840.020575412
UGe,519277.5459057677
UGe2,293758.2207323461
UGe2Ru,290461.3688627537
UGeAs,112115.50237872255
UGeAs2,223321.18934783415
UGeAu,385201.1735904134
UGeI6,54395.70230884718
UGeIr,175651.37175619073
UGeIr2,155777.14285310058
UGeO2,179143.63139320418
UGeO3,307712.18642481626
UGeO4,253233.76580945723
UGePd,276204.328066486
UGePt,308309.225636599
UGePt2,187761.52404393657
UGeRh,220687.5478818238
UGeRh2,256977.86853107766
UGeRu2,274841.9420016088
UGeS,233135.36652435426
UGeSe,283798.5216545441
UGeTe,251585.40550300208
UGeTe2,334200.0310200685
UH2C(OF)3,172758.93686549756
UH3,755636.2796939479
UH4(C2O5)2,94678.06805589843
UH4C2SeN4O7,136528.81568247886
UHg3,264430.18578442605
UHgAs2,191948.66859493454
UHgAu2,267085.3115287557
UHgO3,102529.45601288788
UHgPt,337402.16433249356
UHgTe2,170632.97183167888
UI,525717.1944090879
UI2,299394.8287273318
UI3,187222.69531903893
UI4,64936.06410724153
UIN,259695.01607611202
UIn3,242658.33303483162
UInAs2,176640.2550800757
UInAu2,262848.32100888615
UInCo2,134455.9992860131
UInCu5,190273.46018914052
UInIr,303670.24107889464
UInO3,237421.16386538354
UInPt,188537.42245689943
UInTe2,243143.64940366126
UIr,367560.7443374313
UIrAu,291195.02978397766
UIrO3,409335.24954227824
UIrPb,126559.40974008045
UIrPd,218791.22005178957
UIrPd2,174767.96089337065
UIrPt,170910.18663157418
UIrPt2,110073.75762959704
UMn(MoO4)4,87581.83515817254
UMn2Al,95964.59271419012
UMn2Ir,674747.5435289779
UMn2Pt,539299.1657486124
UMn5P3,497914.27323144116
UMnAs2,485679.86643180175
UMnC2,683776.0051866631
UMnGe2,109707.66469305908
UMnO3,1015808.1722741902
UMnO4,352782.14138081495
UMnO6,88421.10193479406
UMnRh2,294664.9622547464
UMnRu2,415063.2182386919
UMnSe3,560627.8904019006
UMnSi,410561.73557179084
UMo5O16,92750.3277375904
UMoAs2,232509.94981286715
UMoO3,568855.4327614192
UMoO5,97418.69474560085
UMoRh2,205140.3747953705
UN,665115.5643901412
UN2O7,99281.59765331923
UNCl,351234.6324748966
UNO8,99597.84328635709
UNb2O7,140073.2803494143
UNb4O12,82593.55071366338
UNb6O16,64934.97908387347
UNbAs2,123796.30543511905
UNbN2,292397.98064079625
UNbO3,515385.4392059902
UNbO5,92982.2626340923
UNbRu2,255264.43006848023
UNbSb2,103361.06508523619
UNbTe2,295201.967798705
UNi2,323185.13233780506
UNi3,207514.66491493705
UNi3P2,189883.0734681974
UNi7(BO4)4,492093.0875924542
UNiAs,456385.7393640198
UNiAs2,98991.28721490272
UNiB4,207596.95095948837
UNiGe,341916.2206723123
UNiIr2,150086.72002978568
UNiO3,681482.2035771954
UNiPt,325957.3326266601
UNiSb,427918.7748871259
UNiSn,297868.26276913116
UNiTe2,205239.05208594378
UO,875844.3222550491
UO11,132010.24539630229
UO2,444299.79362199595
UOF3,142467.81435148077
UOs2,298398.0558857619
UOsO3,495156.04386955145
UP,521339.91251019924
UP2,205492.20305021244
UP2H2CO13,90620.69463593098
UP2O13,256682.2131903521
UP2O7,105879.74404559087
UP3,70299.85850673166
UPClO6,110546.38274734018
UPS,367137.2913865884
UPSe,326662.9888298757
UPa2As,234173.8757203204
UPa2Ir,320180.2053350412
UPa2Pd,281689.9756739502
UPa2Pt,286924.5908729306
UPa2Rh,308163.9836079893
UPa2Ru,397153.47177639906
UPa2Si,231074.81335495794
UPaAs2,457773.79519221076
UPaAu2,414951.8840208644
UPaGe2,271750.7535224038
UPaIr,266830.1043291787
UPaO3,512118.2498889852
UPaOs2,236133.13639533712
UPaPd2,378063.3811763954
UPaPt,409873.6033937311
UPaPt2,379497.312989253
UPaSb2,406797.88348758436
UPaSi2,257030.01647123022
UPaTe2,464789.33567182714
UPb,551473.1938144526
UPb2,295324.0740434457
UPbAu2,247728.8389970465
UPbO3,215814.64496780094
UPd,500297.39253914077
UPd2Rh,205510.25042911767
UPd3,232274.9329729826
UPdO3,213656.64689161468
UPdPt,293902.6017391166
UPdPt4,178395.55972020276
UPdRh,316141.2284443095
UPdSe3,157526.2956384988
UPt,477629.2150973939
UPt2,243530.66477850312
UPt3,97688.6671709844
UPt4Au,122296.39074119308
UPtAu,335638.7375739716
UPtO3,214705.82666875463
UPtPb,235070.6079113545
UPtRh,209262.25698048554
URe2,87188.82016404296
UReB4,62824.3769562307
UReC2,178829.63247892467
UReO3,492817.1579453965
UReSi2,162675.29615000836
URh,207279.47303827855
URhO3,269727.94785280194
URhS3,197061.621791701
URu,267831.805797276
URuO3,448341.429870486
US,677182.3562292375
US2,309420.206123088
US3,203242.2255275333
USNO9,72293.76516341318
USO,367009.97976797185
USb,477733.70795845287
USb2,212904.7076748094
USb2Au,240769.53314154063
USb2Pd,212971.8454471737
USb2Pt,270904.0066607794
USb2Rh,356625.31172148825
USb2Ru,149185.9617465128
USb3,189508.39448672888
USbAs,117606.62099022328
USbAs2,286019.75757778104
USbAu2,274927.4363068927
USbIr,261911.52849144055
USbIr2,176057.02189380565
USbO3,259923.1389608684
USbO5,93158.48378736462
USbOs,138905.64194461852
USbPd,424375.5629419469
USbPd2,131054.16633090188
USbPt,259970.71780471367
USbRh,262293.2213071093
USbRu,315530.18259997707
USbS,360392.98573609424
USbSe,333413.51127840177
USbTe,196917.07531461923
USbTe2,306254.7337239377
USe,545589.3054835335
USe2,256615.09956953174
USe3,213506.30830413467
USeO,339485.8975981883
USeS,277748.5256962216
USi,515416.6602041403
USi2,262491.9451413593
USi2Ir,440485.9236939775
USi2Pd,290069.55442804354
USi2Pt,342314.8264493452
USi2Rh,405648.83145088336
USi2Ru,338003.25543453335
USi2Tc,137057.89729547687
USi3Ni2,174089.41725889518
USi3Ni5,147326.6332304517
USiAu,390211.7960132542
USiAu2,235351.8565204629
USiIr,189129.0930217372
USiIr2,164185.19944973238
USiNi,149826.60966018063
USiO3,598023.1739401461
USiO4,240689.91683886427
USiPbO7,60672.8094159945
USiPd,223796.7200036075
USiPt,305843.3430203737
USiRh,211495.6104703376
USiRu2,284600.8847388634
USiS,227038.83311544277
USiTc2,89619.88746916119
USn,342818.1811450643
USn2,313641.8518718608
USn2Pd,288065.5996892181
USn2Pt,318771.9511799862
USn3,224884.2327391937
USnAs2,214905.39482906595
USnAu,416804.3439077357
USnAu2,232474.25958560486
USnI6,52825.184861211994
USnIr,222347.61043008912
USnO3,324139.4045404692
USnPd,417025.6537260829
USnPt,325309.4305058805
USnRh,316586.27378095896
USnRh2,107425.37366061276
USnRu,213903.28774566605
USnTe,262940.3313416928
USnTe2,315514.34477989556
UTa2O7,127397.55548357416
UTaAs2,124631.317467175
UTaN2,303511.89642880234
UTaO3,395959.63462774246
UTaTe2,271602.54530090914
UTc2As,162915.5002680458
UTc2Ge,71046.34020797798
UTc2Sb,150367.65525353805
UTc2Sn,65088.87657632759
UTcAs2,342034.9319842975
UTcGe2,194070.07453687774
UTcO3,607908.9333601427
UTe,533782.9371375872
UTe2,280241.2299234879
UTe2Au,185222.1731522092
UTe2Pd,195352.21945652986
UTe2Pt,201874.7599940438
UTe2Rh,239825.51644966527
UTe3,191070.24832222538
UTe5,90930.62351687721
UTeAs,218472.80790520387
UTeAu,311678.80625615513
UTeAu2,232048.5398859221
UTeIr,312599.5527773987
UTeN,163423.13380983472
UTeO,300616.68547830574
UTeO3,262455.7141064985
UTeP,203514.0055730772
UTePd2,233675.88644170263
UTePt,245832.8273205728
UTePt2,185191.3971092828
UTeS,258967.63044007824
UTeSe,254361.67967076125
UTi2Al,205889.3678181897
UTi2Ga,248399.10411690924
UTi2Ge,221492.1901280489
UTi2Ir,183727.76644937356
UTi2O6,163200.64725965113
UTi2Os,79745.16964425833
UTi2Pt,355614.8952964367
UTi2Re,91379.28127553513
UTi2Rh,188653.9586451977
UTi2Ru,70099.08335444747
UTi2Sb,247433.8824399462
UTi2Si,174817.7109737433
UTi2Tc,92930.52597468854
UTi2Te,277159.16546444036
UTiAl2,436497.3416490474
UTiAs,636660.8008171236
UTiGa2,431088.84396037634
UTiGe2,254040.73421184093
UTiIr,560521.3675096029
UTiO3,473393.9773709737
UTiPd2,476724.1346318203
UTiPt,520702.6339882567
UTiSi2,244622.37041084585
UTiSn2,295574.055951242
UTiTe2,197741.34259407572
UTl,451215.39170029026
UTlAs2,103416.03726671092
UTlAu2,262328.2477773895
UTlF5,174907.68920921336
UTlO3,112624.19398799034
UTlPd2,263679.3803097832
UTlPt,274760.5550260338
UTlPt2,217297.92821258045
UTlTe2,238595.35664099726
UV2Ir,285285.436965869
UV2O4,795694.3980796261
UV2O6,176207.81987938596
UV3O10,54720.8285732159
UV5P3,162012.13644255485
UVAs2,129505.53599697446
UVB4,147111.29082984145
UVN2,194894.39395543886
UVO3,674823.1162673815
UVO5,99013.33347095201
UVS3,485475.45570211415
UVSe3,420727.65730362793
UVTe2,90932.63037926692
UWO3,572718.6961301415
UZn,96050.72055663825
UZn2,103056.63402693799
UZn2O4,207653.86033625965
UZn2Rh,134880.5311348123
UZn3,319501.42583563394
UZnAu2,273137.26000293426
UZnCo2,218124.29086673915
UZnIr,321795.6872232966
UZnO3,238746.79631183986
UZnPd2,268219.38681189937
UZnPt,351069.80081396643
UZnRh,370773.70523318637
UZnTe2,180569.12223874193
V(BIr)2,222243.0732135361
V(BS2)2,108525.98018798901
V(C2N3)3,69121.81888254116
V(C4N3)2,118138.42551292463
V(CO3)2,80679.33021226936
V(CoO2)2,845627.0436168691
V(CoSe2)2,78437.15272944162
V(Cr7S10)2,703426.1218911153
V(CrS2)2,570368.2556066425
V(CrSe2)2,507346.3743431055
V(CrSi3)2,67578.74448306196
V(CrTe2)2,488115.43269174855
V(FeB)2,507476.1779091985
V(FeO2)2,1284448.7435110642
V(FeSe2)2,273532.3653812925
V(GeO3)2,78723.9065468841
V(GePt)2,322079.9388054067
V(HO)2,652516.8937811144
V(MoS2)2,167667.11461574893
V(NF3)2,362961.73046415305
V(NiAs)2,287758.2990650185
V(PO3)3,111204.53309366212
V(PO3)5,67919.16641441733
V(SO4)2,65983.21251569435
V(SeO3)2,77364.09999596872
V(SiO3)2,87421.7129169298
V(WO2)2,282327.72584217176
V(WO4)2,62118.25832328135
V10As2O35,179000.93857358987
V11FeB8,69701.69317300839
V11NiO18,711962.8925254595
V11Sb9O40,270627.41158000455
V12Ga(GeS12)2,175551.2934108433
V12Ga2GeS24,189049.97109486154
V14Fe5O32,672735.0495005625
V16Ag7O40,80513.89927771979
V16Bi3O32,347256.5618002777
V16O3,1394118.55426388
V17Fe7(PbO11)4,659235.0744518592
V17Pb3O32,391013.21729531203
V18H2O39,193101.41975676367
V2(CN2)3,293261.0869538557
V2(HO2)3,104785.73198095443
V2(OF)3,94335.76051224813
V2(PO4)3,83595.20595035845
V2(SO4)3,171058.8710984426
V20Ga2Ge3S40,178239.18759451696
V25O32,874877.5457879893
V2Ag2O5,167364.42475299237
V2AgO4,337552.36096876516
V2AgP3O11,178595.98802247038
V2As2O5,398388.8610262212
V2As3N2O17,216838.97323655436
V2AsO4,559662.7143185887
V2AsPt,70394.69108057099
V2Au2O5,272719.94546912797
V2AuO4,331564.42530036235
V2B2O5,477837.060345112
V2BIr,95571.62885129104
V2BO4,728981.2755860353
V2BRu,337649.18196533946
V2Bi2O5,312036.0962942188
V2Bi4O11,69322.02047221032
V2BiO4,503483.31514413015
V2C,87629.31171067941
V2C12(NF3)3,84130.86822474602
V2Cd(P2O7)2,150162.30035301083
V2Cd(PO5)2,109719.79800496847
V2Cd2O5,309744.504182903
V2Cd3(GeO4)3,151388.2560385386
V2Cd5(P2O7)4,67067.60859186125
V2CdO10,123160.85636487923
V2CdO4,447598.70009457984
V2CdP2O9,225427.52859827125
V2Co(PO5)2,275564.14331372216
V2Co2O5,377955.9559276095
V2Co3O8,195719.87214548953
V2Co3Te3O16,337445.72845759353
V2CoGe,277504.49810152536
V2CoIr,105266.725686191
V2CoMo,181281.85864359065
V2CoNi,131857.89911882978
V2CoO4,857944.1352006095
V2CoO6,158914.46509413212
V2CoOs,149526.77442244056
V2CoP2(H4O7)2,181852.40944641986
V2CoPd,125835.3378038557
V2CoPt,83405.83394067988
V2CoRe,181374.18446103437
V2CoRh,326769.76550230203
V2CoRu,122015.96629557159
V2CoSi,297067.3787868163
V2CoTc,176160.83890365888
V2Cr(PO4)3,289510.9060284606
V2Cr2GaSe8,294855.6733558323
V2Cr2O5,1073367.1192138009
V2Cr3Sb3O16,349631.47307982313
V2CrAs,113056.36305261972
V2CrCo,122966.44545657204
V2CrFe3(PO4)6,421185.5450381061
V2CrFeO8,516726.1115888287
V2CrGa,176567.7045559404
V2CrGe,174678.2239152107
V2CrIr,80392.9757530274
V2CrNi,93288.9792487466
V2CrO4,946748.8935430513
V2CrO6,302014.87965056195
V2CrO7,115093.18546689863
V2CrPt,168999.14818545355
V2CrRh,101150.33331678945
V2CrS4,253457.43986578294
V2CrSe4,258191.4483499285
V2CrSi,168659.64050387306
V2CrTe4,432981.6253875914
V2Cu2O5,350229.0077724559
V2Cu2O7,130644.50438148208
V2Cu3H2O9,123107.03942774772
V2Cu3H6O11,80613.62234086278
V2Cu3NiO6,334702.1706884514
V2Cu3O11,59068.924456324596
V2Cu3O8,125819.88577551497
V2Cu3Pb(ClO4)2,117902.04325820772
V2Cu5(HO3)4,124398.74456691257
V2CuBr,229368.08135816167
V2CuH6(NO3)2,55666.176004163746
V2CuIr,320801.7361681928
V2CuO4,377186.59989803826
V2CuO6,95652.08149137016
V2CuP2O15,154936.40939893512
V2CuPt,451510.4038967278
V2CuRh,341291.33694325
V2CuS4,231449.35236894002
V2F7,221400.85292313196
V2F9,55138.52232112684
V2Fe(CuO2)3,606203.0863675437
V2Fe(PO4)3,288683.358225891
V2Fe2Pb(O4F)2,443420.6304036658
V2Fe3Co(PO4)6,465688.8273102729
V2Fe3Ni(PO4)6,425277.5496989784
V2Fe3P6WO24,446366.9435944085
V2Fe3Sb(PO4)6,426375.04350308166
V2Fe3Sn(PO4)6,407837.7804572134
V2Fe3Te(PO4)6,401928.32236272434
V2Fe4Mo3O20,453543.2327802252
V2FeAg3O8,258996.4911917518
V2FeAgO7,328094.73951168207
V2FeAs,234976.03522580082
V2FeCo,217856.8257831568
V2FeGe,360961.3482278331
V2FeIr,220887.4929717593
V2FeO4,942742.9259375982
V2FeOs,182942.20320143417
V2FePt,493970.24577058933
V2FeRe,134829.2705688023
V2FeRh,383660.2608740137
V2FeRu,184899.02655739174
V2FeS4,108328.6177051645
V2FeSe4,279085.2881792671
V2FeSi,192279.8239328471
V2FeTc,146230.41787509862
V2FeTe4,355429.9430441887
V2Ga2O5,454259.659335903
V2GaCo,472140.0692208826
V2GaFe,516570.5502497224
V2GaIr,425146.9814947932
V2GaMo,160559.77636894753
V2GaNi,197306.51314205557
V2GaO4,610288.5556431321
V2GaO5,297594.27464592614
V2GaOs,168747.54370760053
V2GaPd,411479.82768369967
V2GaPt,420092.0096118866
V2GaRe,273644.58709833643
V2GaRh,450664.79353161936
V2GaRu,373540.7890000286
V2GaSi,163739.0455361999
V2GaTc,264109.5953261487
V2GaW,162253.87697479673
V2Ge(O2F)2,362872.240109518
V2Ge2O5,447819.52408678934
V2Ge2Te,175959.18768906835
V2Ge3Pd2,352934.9369134572
V2Ge3Pt2,361562.12224826595
V2GeIr,158887.43649694056
V2GeMo,242724.16395782563
V2GeO4,445567.6010226582
V2GeOs,95814.04523902205
V2GePd,105602.6523576935
V2GePt,278548.7776619631
V2GeRh,379177.90004964423
V2GeRu,91313.80831508376
V2H10Se2O13,71931.7338196618
V2H2O5,128607.96005074611
V2HO4,443180.4086659664
V2HO5,106925.28224167465
V2HO6,57843.18906190258
V2Hg(P2O7)2,144713.12036599155
V2Hg2O5,241725.1726524353
V2Hg2O7,259976.5199135457
V2HgO4,425651.67516144185
V2In2O5,380110.98931761144
V2InIr,275281.64133784996
V2InO4,542720.2769805109
V2InPt,133231.43184465257
V2InRh,284990.2838914793
V2Ir2O5,402936.0363389539
V2IrO4,117598.96960086495
V2IrPd,443134.5709553942
V2IrPt,538952.2026281233
V2IrRh,560756.1957177795
V2IrRu,402491.6122991948
V2Mo2O5,429392.88264177536
V2MoO4,891039.4718287076
V2MoS4,207237.66927172535
V2NO,1104400.924444517
V2Ni(H4O5)2,97607.81063795672
V2Ni(HO2)4,111896.86518050308
V2Ni(PO4)3,210296.94584447818
V2Ni(PO5)2,223421.24428252503
V2Ni(TeO5)2,109150.89489423258
V2Ni2O5,955322.999384573
V2Ni2PbO8,226604.35963451042
V2Ni3O8,404100.21491921257
V2Ni3Te3O16,251925.5657805284
V2NiAs,64807.91972415761
V2NiIr,82522.53005691642
V2NiO3,915503.6434583007
V2NiO4,734987.50100866
V2NiO6,162127.65576918088
V2NiO8,207290.1576020407
V2NiP2(H4O7)2,146239.78603033916
V2NiP2H6O13,206438.3597323009
V2NiPt,621511.4661502546
V2NiSb2,241191.33128884385
V2O2F3,329037.5409146967
V2O3,702086.6905981472
V2O3F,435522.757281799
V2O3F2,213093.79765512882
V2OF5,266976.0586637514
V2OF6,185836.6278937446
V2OF7,55928.32573389364
V2Os2O5,325607.0293390623
V2OsO4,695101.6824502315
V2OsRh,57192.39623203787
V2P2H4O11,90117.94953838215
V2P2O7,442213.47493673273
V2P2O9,118404.28047966657
V2P3(HO6)2,132460.7323337566
V2P3O10,254896.8943616731
V2P3O11,141642.46002496453
V2P4PbO14,144365.71060578103
V2P4S13,81109.51525958898
V2P5O16,83345.61475125156
V2PO5,500701.07708648144
V2Pb2O5,297937.26703935943
V2PbO2,364686.3191633113
V2PbO4,396713.4527329984
V2Pd2O5,318550.5628648227
V2PdO4,359039.66053998074
V2PdPt,704870.145797477
V2PdRh,620297.0967469565
V2PdRu,467096.8275604364
V2Pt2O5,428420.6109012327
V2PtAu,711013.4638703672
V2PtO4,227103.95128569353
V2PtRh,672227.570551114
V2Re2O11,92899.61020969809
V2Re2O5,398851.6572624686
V2ReGe,134940.89152079567
V2ReO4,984057.9677172374
V2RePt,378139.5946842176
V2ReSi,98144.92053804157
V2Rh2O5,155367.49990864008
V2RhO4,802209.7407064365
V2Ru2O5,151420.49646398358
V2RuO4,697098.6822635538
V2RuPt,512899.9335960763
V2RuRh,438855.6419987159
V2S3(NO6)2,381108.51143018267
V2Sb(PO4)3,154342.00543936723
V2Sb2O5,411071.7213096528
V2SbO4,523505.8523082254
V2SbRu,137669.38440061067
V2Si2O5,518144.25661720545
V2Si2O7,319438.8292301871
V2Si3Ni2,262230.4347909946
V2Si3Pd2,333733.2929038595
V2Si3Pt2,376740.53286324575
V2Si4O11,180693.80734451365
V2SiIr,109006.23050149588
V2SiMo,132893.1321336862
V2SiO4,761981.4312358269
V2SiRh,317309.2623496199
V2SiRu,218645.89533043257
V2SiTc,149560.05059479692
V2SiW,129384.76176321566
V2Sn(PO4)3,115064.1218840571
V2Sn2O5,392268.28623576683
V2Sn3Pd2,332003.35912022414
V2Sn3Pt2,345220.6328649945
V2SnIr,138542.5983532888
V2SnO4,414195.4255951597
V2SnPt,290520.9171948699
V2SnRh,139504.25953266278
V2SnRu,279511.49966877216
V2Tc2O5,473180.4188541104
V2TcGe,151249.62508702482
V2TcO4,1001193.7997052383
V2TcSb,108039.78482278757
V2TcSn,305175.60336798494
V2Te2O5,196265.5045994545
V2Te2O7F2,113641.28665445925
V2TeO4,616974.5859870949
V2W2O5,455421.6222464452
V2WO6,381403.1563155841
V2Zn(CuO4)2,114296.3332875361
V2Zn(PO5)2,112251.24798839074
V2Zn2O5,341985.68746550335
V2Zn3(GeO4)3,164117.9607351714
V2Zn3(Si2O7)2,138731.4736540472
V2Zn3(SiO4)3,176390.7322911473
V2Zn3H2O11,158551.30840552764
V2Zn3O11,82903.8840558093
V2ZnCoO7,204143.93724015792
V2ZnCuO7,60679.533187626774
V2ZnIr,407741.12914170057
V2ZnO4,476580.2127043207
V2ZnO5,179846.26761761916
V2ZnOs,294824.1419802199
V2ZnP2O9,220654.45580596649
V2ZnPd,322468.33426707826
V2ZnPt,459828.1908320862
V2ZnRe,167240.3768705937
V2ZnRh,459698.09963630384
V2ZnRu,335858.4757776978
V2ZnS4,211881.861307854
V2ZnS5,109171.50620224747
V2ZnSi,204309.88143643696
V2ZnTc,163897.61305077895
V3(AsO4)4,92783.59577851792
V3(FeO4)2,961788.3085324867
V3(HO2)4,167807.4331645244
V3(HO4)2,60308.58716377175
V3(NO4)2,206057.2759335672
V3(O2F)2,445886.9218170275
V3(OF)4,200090.45970693574
V3(OF3)2,336879.49947710946
V3(P2O7)2,250365.20576015968
V3(P3O10)2,107102.19759692722
V3(PO4)2,525149.8520040122
V3(PO4)4,91020.67497139554
V3(PS3)4,135252.93969717357
V3(WO6)2,97236.71404163979
V3Ag,130771.18443427804
V3As2,102271.6194689649
V3As2O9,163011.21831870434
V3Au,196342.55239799304
V3BO6,585321.691376076
V3Cd,202977.2649235331
V3Cd5P6O25,99147.4880602513
V3CdO7,172697.61598630808
V3Co(PO4)4,256759.10836002554
V3Co2P6WO24,224296.54957056482
V3Co3(TeO8)2,302799.2483746831
V3Co5O16,75693.92048781837
V3CoNi2(PO4)6,211511.66932298627
V3CoO8,247414.37808756472
V3CoSb2(PO4)6,166572.07861625313
V3CoSn2(PO4)6,117528.27883631567
V3Cr(PO4)6,61168.00805274593
V3Cr2Cu(PO4)6,243101.17950269117
V3Cr2Fe(PO4)6,352782.7975519259
V3Cr2Ni(PO4)6,274507.5829730622
V3Cr2Sb3O16,315840.12411588134
V3Cr2Sn(PO4)6,261700.47022361765
V3Cr3(SbO8)2,356003.7867297089
V3Cr3(TeO8)2,420015.0074365724
V3Cr3(WO8)2,417258.5058840198
V3CrCo2(PO4)6,261054.54593805416
V3CrGaSe8,141166.12386617306
V3CrNi2(PO4)6,232321.946287476
V3CrO8,318759.81831225276
V3CrSb2(PO4)6,173868.79846794216
V3CrSn2(PO4)6,135186.38071031362
V3Cu(PO4)4,191830.01607540096
V3F10,257554.96663109443
V3F2,92574.89408760324
V3Fe(PO4)6,101017.93222598366
V3Fe2Co(PO4)6,334005.8202909554
V3Fe2Cu(PO4)6,271526.2506706703
V3Fe2CuO12,377952.316366033
V3Fe2Ni(PO4)6,271664.0837422171
V3Fe2Sb(PO4)6,281006.7811881091
V3Fe2Te(PO4)6,258481.1854488246
V3Fe3(TeO8)2,425736.4522189545
V3Fe3C,60134.774554072545
V3FeCo2(PO4)6,298181.31342644687
V3FeCu2(PO4)6,179183.15649438798
V3FeNi2(PO4)6,271811.386566669
V3FeO8,411416.31163149106
V3FeSb2(PO4)6,211688.60749498892
V3FeSn2(PO4)6,173143.21887111798
V3H4NO7,127220.8503300719
V3H5O8,265413.5848694888
V3H6CNO7,97158.55420141155
V3H8C2NO7,89731.49178702418
V3MoO6,739279.002663445
V3N4,82269.4689769737
V3Ni(PO4)4,227439.81094842424
V3Ni2P6WO24,224080.9457615871
V3NiH48(SO10)4,110651.4548050662
V3NiO6,623418.7745884578
V3NiO8,197187.05440609524
V3O2,1295935.952287109
V3O2F5,429782.26890722767
V3O5,554192.9312484666
V3O5F,371213.7877164703
V3O5F3,142855.1845513431
V3O7,69015.88726763373
V3O8,89402.06695224953
V3OF11,86951.29381391095
V3P2O11,128368.99196989914
V3P3O13,148801.65044468208
V3P6WO24,59592.021349635565
V3Pb5F19,131759.89922277303
V3Rh5,217352.2056921282
V3S2,129939.89161647968
V3S4,139095.99100624403
V3Sb(PO4)4,177410.61410262654
V3Se2ClO8,210975.63345284053
V3Se4,146593.6950187428
V3Si3O10,332032.9820386932
V3SiP5O19,156570.091552238
V3SnO8,181258.50218972017
V3Te4,386280.5585010585
V3Zn(P2O7)2,324839.1918507311
V3Zn2FeO11,219226.5326063272
V3Zn2O8,192608.06914697678
V3Zn3(AsO4)4,134158.85383922883
V3ZnFe2O11,380182.7222437149
V3ZnO7,196789.53169809617
V3ZnP3O13,221301.6198111292
V4(CuO4)3,81286.46441188359
V4(OF3)3,221382.40229202103
V4(PO4)3,467447.6340207673
V4As2O13,176516.98964266444
V4Cd3(PO4)6,157486.1079944137
V4Co2N,206816.5176615481
V4CoCuO12,75383.68440983925
V4CoH4C4(NO5)2,98475.65766329516
V4Cr2O13,192680.7769115448
V4CrCoO12,259043.8548962495
V4CrCuO12,111144.36285515656
V4CrFe3O16,551551.4551679381
V4CrFeO12,372107.6779675248
V4CrNiO12,226347.25412984984
V4Fe2HO12,463686.91403575195
V4FeCoO12,252097.81868862882
V4FeCuO12,182961.73817455576
V4FeNiO12,216808.19348088195
V4FeO12,143594.53423137002
V4GaS8,203324.80975655172
V4GaSe8,177058.29699724296
V4GeS8,163235.16102264094
V4GeSe8,198831.52278546567
V4H6O11,188860.3202265978
V4H8O11,265338.39038083307
V4NO10,126027.4355795518
V4Ni2O9,596021.0334855979
V4NiS8,106707.71380162523
V4NiSb4,303798.5582806186
V4O3F5,579967.0093770953
V4O5,889538.0576196432
V4O5F7,134510.06559293508
V4O7,454981.5479330278
V4O9,107858.07736165683
V4OF11,301487.1023295418
V4OF12,217332.95894174025
V4P2O13,184886.2058419959
V4P7O24,141719.8004901078
V4S9Br4,86181.56549206626
V4Si4O13,374266.67303130403
V4Te3N2,232722.0175129351
V4Zn(PO4)6,88875.35784966036
V4Zn3(PO4)6,182398.7764096145
V4Zn3Cu3O22,205458.3115819624
V4ZnCu3O14,91234.36781718416
V4ZnO10,87132.2346190196
V4ZnO8,319014.2298043689
V4ZnO9,213960.50263284298
V4ZnS8,120582.07969025752
V5(BO5)2,557913.515150283
V5(FeO6)2,550868.5634595365
V5(P3O11)2,233752.79909157398
V5(PbO6)2,187260.35641862729
V5BO9,450696.8810893165
V5BiO10,342800.17135350226
V5Co(PO4)6,267885.33888442325
V5CoO12,220245.88316922708
V5CoO15,58194.334619516994
V5Cr(PO4)6,270813.95229325816
V5CrO12,259559.62344458603
V5CuO12,73132.13943753402
V5F11,521336.0251451374
V5Fe(PO4)6,309091.40385064494
V5Fe3O16,635558.1627865136
V5FeO12,252482.9434884564
V5FePbO11,548534.3996712199
V5Ga3,117269.97088750472
V5Ge3,93006.96054670049
V5N4O,788781.8091082427
V5Ni(PO4)6,230143.4232557673
V5O9,448116.47501265374
V5P6WO24,260472.75974349063
V5S8,76799.4643631053
V5Sb(PO4)6,199794.50444598554
V5Sn(PO4)6,220282.28793142905
V5W3O20,74013.28992079702
V5Zn4(TeO6)3,227461.6175685137
V6F13,537891.5784293673
V6Fe4(CuO8)3,428672.39785904513
V6GaGe,221680.0808338648
V6GaSb,115428.24495319053
V6GaSi,221665.50880867228
V6GaSn,197895.02262635648
V6H2O13,250723.9881961316
V6H3O13,305446.20772139274
V6H4O13,298577.78280636325
V6O11,375585.7491440624
V6O11F,344123.3052008006
V6O13,167991.91441433376
V6O5F8,565795.5090745895
V6O7F5,497841.6398115394
V6P7O24,358051.11382597784
V6PbO11,459049.96919203305
V6PbO15,65014.32101841402
V6Si7Ni16,202277.43928601537
V6SiC,123786.33022434638
V6SiGe,132104.66078846992
V6SiSn,93008.18261303124
V7(CuS6)2,86002.76277009756
V7(O2F3)3,569926.6877088618
V7(PO4)6,383970.23223969596
V7(WO5)6,185656.36506166542
V7O13,391046.79649128206
V7O3,1384605.0798202315
V7O4,1167778.9805645975
V8GaGeS16,180991.17323335644
V8Ni2O15,637888.641683945
V9(P2O7)8,106684.63153373396
V9Ga2Sn,120659.5152653449
V9NiO15,667339.4637207383
V9O13,662322.0022327096
V9O17,371280.21512995765
V9O20,374244.28907392884
V9Sb7O32,271779.8057977479
VAg(PS3)2,88029.38007105114
VAg(PSe3)2,74170.20085867897
VAg(SO4)2,115784.14127082135
VAg2(PO4)2,58169.48770131794
VAg3F6,107370.85621302345
VAgPt2,247917.35205615454
VAs2H4O9,50588.76228695028
VAs2O7,62655.00208493567
VAsIr,194146.85861803713
VAsNO4F,309190.0064198794
VAsO3,262196.02589024627
VAsPd,353727.011782849
VAsPd2,232924.09841474277
VAsPt,345285.70781287184
VAsPt2,164833.90102314195
VAsRh,198506.63725510467
VAu3,351159.610942724
VBC,70668.5889647374
VBO3,411443.6830904995
VBP2NO9,150621.38673787322
VBPt,126311.23167210302
VBRu,151489.74261461472
VBi2O5,80334.24293433019
VBiO2,477308.4361501784
VBiO3,295318.5476965119
VBiO5,75862.35730971208
VBiPd2,307525.7298533757
VBr2,366408.23020265944
VBr2O,106779.29304981693
VBr3,192510.2045745119
VBrO,333344.8155537391
VCN2,115211.09959559866
VCdCu3Se4,91554.05527265613
VCdNiP2O13,246121.03270290766
VCdO3,157567.8854310509
VCdPHO6,68305.56734929822
VCdPd2,336190.3361423662
VCdPdAu,339381.38420342654
VCdPt2,273239.3863553483
VCdPtAu,299323.71267527906
VCl,597193.3382861989
VCl2,429888.26013356494
VCl2O,108966.55313009262
VCl3,242275.64473692607
VCl4,50580.87371217247
VClO,361471.19166383956
VCo,392161.93688275444
VCo2As,146867.92912912276
VCo2B,469217.76539696153
VCo2BO5,825801.8231110969
VCo2Ge,156228.9337066913
VCo2Ni,99796.38763737491
VCo2P2H3NO9,351198.5153936565
VCo2P2NO12,336267.28466541227
VCo2Pt,166325.9712445002
VCo2Si,374650.58779103647
VCo2Sn,518494.0724899014
VCo3(PO4)4,80967.90414510781
VCo3AsO8,594565.6294483833
VCo3O8,150902.38911589346
VCo5AsO10,725481.2902352929
VCoAs,221906.41006766493
VCoAsIr,141701.05199981306
VCoAsPt,52579.42881541317
VCoAsRh,339555.0835067969
VCoAsRu,522222.93278362247
VCoBRh,418248.48766760813
VCoBRu,199296.72810679112
VCoCuAs,416335.9962855526
VCoCuGe,119637.77936093062
VCoCuSi,119185.61276544057
VCoGeIr,355245.65766542073
VCoGeOs,355424.66073110065
VCoGePd,193270.35065076197
VCoGePt,271641.9024274736
VCoGeRh,267408.61465450603
VCoGeRu,357526.55390038155
VCoNiSb,125725.02532123012
VCoO3,381413.6664440592
VCoPt2,80334.68017937924
VCoReSi,195265.96670585198
VCoSb,201735.66981292752
VCoSbPd,83898.70338828061
VCoSbRh,289223.3733989066
VCoSbRu,476675.20453302015
VCoSi2,291927.5274739379
VCoSiIr,367126.115489755
VCoSiMo,55412.546947540905
VCoSiOs,336666.1525482187
VCoSiPd,167675.62821161127
VCoSiPt,262436.1112980888
VCoSiRh,374390.9361492223
VCoSiRu,359555.4071557388
VCoSiTc,264261.8600690313
VCoSnIr,465052.3531427835
VCoSnPd,223410.67726847628
VCoSnPt,139627.39764877668
VCoSnRh,470554.6088443776
VCoTcAs,351122.97322684457
VCoTcGe,177956.80155687765
VCoTcSb,319043.58076039725
VCoTcSn,163550.7184668226
VCoTe,369601.2139305724
VCr(PO4)2,312184.34305215545
VCr(PbO3)2,237450.48387126898
VCr2As,265318.43917040905
VCr2Co,398787.1434457017
VCr2Fe3(PO4)6,431223.66717822495
VCr2Ga,494428.20242774126
VCr2Ge,534621.4369031539
VCr2Ir,319331.48607491225
VCr2Ni3(PO4)6,235942.38284098892
VCr2O4,1051563.5611867283
VCr2O6,490357.806791189
VCr2Pt,512806.7110166962
VCr2Rh,360387.52791352477
VCr2Ru,107172.93006000001
VCr2Si,283723.873979069
VCr3(PO4)6,101019.78037713122
VCr3GaSe8,324401.0637256279
VCr3O8,444309.80271680746
VCrAs2,252342.19103042546
VCrAsIr,159272.04525388262
VCrAsPd,391364.87085515686
VCrAsPt,423206.63187952794
VCrAsRh,357436.69027846615
VCrBIr,178063.19088792286
VCrC2,66035.08844041133
VCrCoAs,190872.51377811207
VCrCoGe,50725.58606375257
VCrCuSi,115752.15168139296
VCrFe2,612320.2123654322
VCrFeAs,142978.20702992045
VCrFeB,443082.29148183495
VCrFeGe,188189.27106810408
VCrFeSi,207714.36765454907
VCrGaCo,184856.93071888754
VCrGaFe,371196.7152729958
VCrGaIr,465849.5494292687
VCrGaMo,329223.1871389265
VCrGaOs,327497.8915820008
VCrGaPt,345522.0017660016
VCrGaRe,459551.3965695263
VCrGaRh,473881.01053167135
VCrGaRu,335304.7776673896
VCrGaTc,457929.8899467152
VCrGeMo,204103.23145134968
VCrGeOs,158095.09202816835
VCrGePt,275101.5212636818
VCrGeRh,354217.2322830564
VCrGeRu,167253.97024585234
VCrInRh,145051.38365852533
VCrIr2,760845.4062151251
VCrMoO7,199256.61480556865
VCrNiAs,229592.24968273132
VCrNiGe,186417.71278779212
VCrO3,907267.0056402425
VCrO4,394273.75660595414
VCrO5,95036.5302126509
VCrP2(HO5)2,188306.90916495645
VCrP2(O4F)2,352744.48788684676
VCrPt2,649391.5398084306
VCrReGe,241422.20016609345
VCrReSi,138969.5080254253
VCrRh2,818423.282722463
VCrRu2,508588.5117568552
VCrSbRh,156554.19717673113
VCrSe2,723140.4839838684
VCrSi2,79284.58640475532
VCrSiIr,317424.7648103068
VCrSiMo,198727.11805821978
VCrSiNi,85690.47044385766
VCrSiOs,170692.82651007228
VCrSiPd,177740.4417332781
VCrSiPt,311676.9184332404
VCrSiRh,349968.2320564733
VCrSiRu,358130.11918755795
VCrSiTc,241974.1258645103
VCrSiW,244295.03408949217
VCrSnPt,137171.321694714
VCrSnRu,154487.53006928603
VCrTcGe,323903.92555028363
VCrTcSn,297276.37039610517
VCu(PO4)2,131935.85939251658
VCu(PS3)2,85758.0591358365
VCu2Si,281642.96155564586
VCu3PbSe4,84122.17022897281
VCu6AgMo5O24,103381.12058611134
VCuAgO4,111231.4219170337
VCuAsPd,273554.13279878884
VCuAsPt,221355.35508857336
VCuAsRh,178002.8333458996
VCuGeIr,87563.25100390647
VCuGePd,252397.1745486263
VCuGePt,240427.31434857496
VCuGeRh,86598.65147459677
VCuHPbO5,87318.15310276179
VCuNiAs,247269.11834482418
VCuNiGe,275887.11088022665
VCuO2,404882.15010490676
VCuPd2,294253.21113048866
VCuPt2,133816.8550044231
VCuSbPd,313087.0383947236
VCuSbPt,274337.16800278786
VCuSbRh,294668.89372193615
VCuSiIr,88329.21570372219
VCuSiMo,59474.12228842986
VCuSiNi,228636.16629501258
VCuSiPd,234294.25185932143
VCuSiPt,234715.4458327894
VCuSiRh,90693.7678400148
VCuSnIr,152886.17552051783
VCuSnPd,272072.6363427308
VCuSnPt,245923.17317288957
VCuSnRh,105037.7787698785
VCuSnS4,136775.95646929962
VF,482134.2650130942
VF2,776367.4934866372
VF3,466159.44220264885
VF4,134327.34606091896
VF5,172426.0633547791
VFe,312772.7536405328
VFe(CuO2)2,699649.84091841
VFe(PO4)2,398473.07315239095
VFe2(CuO2)3,790746.7318661984
VFe2(PO4)3,504525.04591761384
VFe2As,469988.21157609817
VFe2BO5,989520.1174946437
VFe2Co,978771.0783212611
VFe2Ge,327086.01540537784
VFe2Ni,612240.1953339558
VFe2Ni3(PO4)6,319477.67882415606
VFe2Si,172083.31505743682
VFe2Sn,156413.62545021478
VFe3,989073.8245261998
VFe3(CuO2)4,835055.129307673
VFe3(PO4)4,550700.8217155345
VFe3(PO4)6,214823.8817759736
VFe3Co2(PO4)6,486180.9102127884
VFe3Ni2(PO4)6,403315.12652478943
VFe3Sb2(PO4)6,328925.1687847201
VFe3Si4,91700.36394390074
VFe5(PO4)6,526057.4819571929
VFeAs,166178.34067366103
VFeAs2,163896.18085149815
VFeAsIr,408511.7210462933
VFeAsPd,193149.9582181024
VFeAsPt,189200.12077657608
VFeAsRh,416700.147148251
VFeAsRu,349433.5748290603
VFeB,465105.85574178095
VFeBIr,172225.94128898537
VFeBRh,172910.82887710907
VFeCo2,944114.4531755806
VFeCoAs,544286.5008072017
VFeCoB,229688.01743193562
VFeCoGe,386243.7107553977
VFeCoO4,944055.911982947
VFeCoSb,518237.9789225141
VFeCoSi,400720.9611983184
VFeCoSn,343955.3476479535
VFeCuSi,122521.08139326994
VFeGe,215338.79762805314
VFeGeIr,369669.8225601737
VFeGeMo,162463.80157519405
VFeGeOs,167492.9368794568
VFeGePd,339143.0590660709
VFeGePt,365443.5761529161
VFeGeRh,375674.52431132155
VFeGeRu,161226.63436766577
VFeH2O5,502734.5881915463
VFeIr2,502739.8155265642
VFeMoO7,327375.96772244904
VFeN2,787313.7105102695
VFeNi2,255997.01216276735
VFeNiAs,222348.8047365896
VFeNiGe,295463.4549214778
VFeNiSn,121122.35832740465
VFeO3,994242.9788311472
VFeO4,657985.7861124863
VFeOs2,631645.8354098098
VFeP2(O4F)2,305084.8833909429
VFePd2,111553.12264452614
VFePt2,239756.61808369833
VFeRe2,459243.143356286
VFeRh2,383219.713821211
VFeRu2,800646.9023115856
VFeSb,233958.21629049667
VFeSbPt,133286.49824385182
VFeSbRh,475982.16874441435
VFeSbRu,319625.38062634616
VFeSi,160328.84767688677
VFeSi2,431345.59492589865
VFeSiIr,374073.6728884188
VFeSiMo,180410.32207684687
VFeSiNi,238266.99742154652
VFeSiOs,326478.65986060357
VFeSiPd,343515.1369831126
VFeSiPt,379212.6470521309
VFeSiRh,390256.2548866961
VFeSiRu,371014.1051489458
VFeSiTc,273826.50710948126
VFeSiW,177903.04206242488
VFeSnIr,324574.24105028954
VFeSnPt,315195.6713111745
VFeSnRh,301416.58876935707
VFeSnRu,147089.96093593084
VFeTc2,466697.5646062206
VFeTcAs,176744.61581063503
VFeTcB,178202.2580030857
VFeTe,187363.25860362503
VGa2Co,447737.2313008818
VGa2Cu4Ni,123170.2120784876
VGa2Cu5,91818.83057854792
VGa2Fe,579588.4583396454
VGa2FeCo4,685849.4921736392
VGa2Ir,293688.4010077284
VGa2Ni,388090.8228861344
VGa2O5,112233.47478809595
VGa2Os,317821.25681512366
VGa2Pd,380396.4221911337
VGa2Pt,409360.0281833845
VGa2Rh,406494.3027585292
VGa2Ru,321792.74099301046
VGa2Tc,201494.91503474634
VGa3,122171.15550263421
VGaAu2,310614.96970431536
VGaCo,185631.45668403406
VGaCo2,156212.49686051861
VGaCoIr,341637.6237529031
VGaCoMo,66451.38651081276
VGaCoNi,147451.09440564862
VGaCoOs,180628.1713189646
VGaCoPd,192600.57257779475
VGaCoPt,310964.83484996844
VGaCoRh,357001.8338849556
VGaCoRu,330400.23138003313
VGaCoTc,165291.2837541711
VGaCuNi,81313.37965154562
VGaCuPd,62969.80463030424
VGaCuPt,103249.29472423907
VGaCuRu,74960.45287143298
VGaCuTc,52368.18790807937
VGaFeCo,404102.41760797764
VGaFeCu,198930.12714985572
VGaFeIr,336377.1480054015
VGaFeMo,332606.8378205114
VGaFeNi,318936.6331885138
VGaFePd,243746.83079606
VGaFePt,321551.62604271993
VGaFeRe,157913.62271331876
VGaFeRh,349670.81163210224
VGaFeRu,331192.4177864023
VGaFeTc,406336.5451389154
VGaIr,133696.8681419912
VGaMo2,216010.6012405479
VGaMo3S8,78960.56079048698
VGaN2,390608.0136237855
VGaNiPd,172904.08946593618
VGaNiPt,247248.74046097524
VGaNiRh,228921.5890364901
VGaNiRu,311121.18354186823
VGaO3,349467.96594175685
VGaPd2,165643.24635262392
VGaPt2,150771.72202818914
VGaRh,167315.91963325025
VGaRh2,115034.86939850751
VGaTcNi,119277.01430519618
VGe2Ir,328813.8372857845
VGe2Pd,119313.79395256905
VGe2Pt,116327.64033538119
VGe2Rh,317708.2540476596
VGe2Ru,414545.3806132348
VGe3,222047.65026710517
VGeIr2,239929.54208984764
VGeO3,352196.6005658444
VGeO4,164615.8835444289
VGeOs2,166747.8766243743
VGePd,206496.5164752101
VGePt,179812.7213814762
VGePt2,160893.3668951028
VGeRu,128454.52461838459
VGeRu2,153914.4086908475
VH12C2S2(O2F)6,76616.51787976404
VH12SO10,121615.74432957628
VH2O3,188013.30196799277
VH2SeO5,98146.03525023487
VH3(C2O3)2,107681.15891507358
VH3O4,127693.8730690398
VH4(CO3)2,76134.21700269103
VH4C4O6F,104347.68034210765
VH5Se2NO7,58489.870047626544
VH6(OF)3,128111.03966849842
VH7(CO2)4,101728.13286925686
VHO2,518054.2012824587
VHg3,315185.494188216
VHgO3,139907.0558049918
VI,579242.5774071604
VI2,288615.95683847525
VI3,114300.44211781764
VIO7,122371.07279386252
VIn2O5,98317.71373760297
VIn2Pd,339891.6160155116
VIn2Pt,354069.83181940124
VIn2Rh,363608.16512641544
VIn3,275562.5285544349
VInCoIr,321209.8492650366
VInCoPd,183853.02044078204
VInCoPt,377521.6962749355
VInCoRh,321236.1826732773
VInCoRu,166999.56538054126
VInCuPd,306109.56950672576
VInCuPt,118018.92557706939
VInFeIr,171610.19996068103
VInFePd,82475.44682270438
VInFePt,152298.93686813113
VInFeRh,154026.80439533317
VInNiPd,282369.1996707589
VInNiPt,268422.8173844817
VInNiRh,215168.8207606091
VInNiRu,300656.4350565949
VInO3,309284.1289612992
VInPt2,151499.68251980352
VIrO3,437291.91898187663
VMoAs2,205312.85183383708
VMoO3,680172.2975687683
VMoO5,94816.01362017985
VN(OF)2,161194.1108141627
VNCl3,339317.6699941593
VNO3,228514.41894264222
VNi(PbO3)2,158506.00432888043
VNi2As,149931.15531778708
VNi2BO5,660548.0058334323
VNi2Ge,53846.31197184838
VNi2Pd,121691.29288900914
VNi2Pt,110474.80574717415
VNi2Sb,212884.0119357129
VNi2Sn,70241.27933886104
VNi3,69238.2800100034
VNi3(PO4)4,167326.4075409314
VNi3AsO8,388196.4145337977
VNi3Sb2(PO4)6,138300.08733243748
VNi3Sn2(PO4)6,145786.49920936688
VNi5(BO5)2,590319.8776906937
VNi5(PO4)6,189488.88229915127
VNiAs,406229.73547474283
VNiAsPd,332774.7127239136
VNiAsPt,318265.73417117493
VNiAsRh,247612.5250383654
VNiAsRu,219714.12397718453
VNiBPt,57992.85879015827
VNiGe,114598.87150875613
VNiGeMo,130594.36801236149
VNiGePd,277639.7974435587
VNiGePt,248609.6740807784
VNiGeRh,241760.6868121145
VNiGeRu,254647.7561091328
VNiN2,239171.07623468168
VNiO2,675172.7842552863
VNiO3,211865.53867412856
VNiP2O9,162866.02091731766
VNiPd2,109630.89343623744
VNiPt2,50762.5425064419
VNiSb,367474.9316389654
VNiSbPd,322939.3654310625
VNiSbPt,311640.21435460483
VNiSbRh,264690.71895060694
VNiSbRu,207228.9602920563
VNiSn,236728.80856680294
VNiSnPd,316106.5009442323
VNiSnPt,295580.9949972105
VNiSnRh,261409.16927110223
VNiSnRu,248951.94734228984
VO,1275794.3143148671
VO2,267611.95417608187
VO3,188473.84159253252
VO4,302735.7751996399
VOF,544081.0978512622
VOF2,181857.1503557228
VOs,81965.08046662138
VOsO3,616843.7029034537
VP2(HO)6,64220.16935841097
VP2H4NO7,128023.25677852648
VP2H4O9,60644.71456004799
VP2H5O9,123158.18245310531
VP2H8(NO4)2,114191.48805018963
VP2HO7,151533.25031954263
VP2O7,75933.36864814721
VP2PbO8,58384.52288790106
VP6(WO8)3,94436.17432616177
VPH5O7,70304.54339538183
VPH7N2O5,69656.32545932353
VPHO5,121702.06378468398
VPN2O5,340163.0118583714
VPNO6,59615.555786734025
VPO4,257235.86480892648
VPO4F,200748.41673209137
VPO7,120386.06668045119
VPbF5,173383.0374576637
VPbO2,431067.8272447228
VPbO3,155203.4648868771
VPd2Au,332133.13855032786
VPd2Pb,323948.64297588274
VPd3,181467.8649065799
VPdO3,275144.74819840025
VPdPt,134362.52211743756
VPt3,133762.07560569822
VPtO3,232373.73812106857
VRe2O9,51632.6631951775
VReO3,758053.3545795756
VReO4,255238.92945282737
VReSi2,337507.1990648859
VRhO3,385323.9631478217
VRu,84243.49476410446
VRuO3,488101.4339561479
VS,311001.41807844327
VS2,72027.75727607074
VS2NO8,147908.9437362392
VS3,150233.4126791828
VSO5,118566.54179381611
VSb(SeO3)4,70554.53595383676
VSb2O5,80991.99609119107
VSb3(PO4)4,54532.33224376893
VSbIr,256131.58076929027
VSbO3,314357.08728705917
VSbO4,143472.0958123699
VSbPd,260263.0932389234
VSbPd2,280316.8611931248
VSbPt,310673.8540771035
VSbPt2,50291.984981003516
VSbRh,165220.29975027096
VSbRu2,305383.00949646335
VSe,589399.8241010566
VSe2,95711.42089161465
VSeO4,123627.49953368997
VSi2Ir,319503.7589109337
VSi2Mo,210354.16076010183
VSi2Os,436702.85717579786
VSi2Rh,293284.4922392725
VSi2Ru,461188.62470714434
VSi2Tc,355419.5879695992
VSi7N10,127674.40330845473
VSiAu,388926.7034989303
VSiN2,226418.04224760822
VSiNi,219015.267654401
VSiNiMo,119864.56917839116
VSiNiPd,223787.72929607492
VSiNiPt,221460.1534260438
VSiNiRh,145539.7661302675
VSiNiRu,244547.28702939337
VSiO3,525423.2116729942
VSiO4,157956.54863566346
VSiOs2,143006.15412838382
VSiP2O9,62241.13762241046
VSiPd,262139.16626308486
VSiPd2,161200.76311757386
VSiPt,188333.48314346862
VSiRu,129138.14676642427
VSiRu2,146975.74989214534
VSiTcNi,258546.94962434814
VSn2Pd,359304.27982374106
VSn2Rh,265496.24577807495
VSn3,272859.14766504476
VSnO3,433221.97002831055
VSnO4,140714.8934809317
VSnPO5,185403.40692343767
VSnPd,161844.53136720698
VSnPd2,90316.73776039263
VSnPt,158140.91305742654
VSnRh2,229380.46073910582
VTcAs,57721.795787503805
VTcAs2,343486.61149798223
VTcNiAs,231595.5867104167
VTcNiGe,265927.68075305753
VTcNiSn,260807.52111040198
VTcO3,763781.4929504057
VTe,537660.8382832422
VTe(NO4)2,179799.65113729826
VTe2,132531.60330934555
VTeIr,312986.2691878851
VTeO3,279735.78898591513
VTePd,294347.8920445179
VTePd2,336409.5635546658
VTePt,351526.6370346265
VTeRh,227307.04515498632
VTeRh2,152026.91378110304
VTeRu,166443.6862547975
VWO3,689232.5067733962
VWO4,410458.031715697
VZn(GeO3)2,223354.87980256687
VZn(Si2O5)2,137931.37707988548
VZn(SiO3)2,248118.32189898402
VZn2Au,380255.2840363026
VZn2Ir,177601.48336501094
VZn2O4,123576.45168320226
VZn2P2O9,52179.22515815024
VZn2Pd,327035.5970590123
VZn2Pt,343851.4219225862
VZn2Rh,139892.72033625288
VZn2SbO6,177644.93124002707
VZn2SnO6,89250.26514557227
VZn2TcO6,367010.8637374897
VZn2WO6,250107.05675927672
VZnAs2O7,61108.7582735048
VZnAsO5,173725.82174491254
VZnAu2,332738.3435344479
VZnCo2,157001.80762079114
VZnCoGe,438598.51129852806
VZnCoIr,186010.42772267747
VZnCoNi,338992.3853067689
VZnCoPd,342901.492433467
VZnCoPt,336088.76661393954
VZnCoRh,181553.4760551244
VZnCoSi,342567.59109854
VZnCoTc,119995.51615056097
VZnCrIr,333382.30491866707
VZnCrOs,476177.078569292
VZnCrPt,466661.6009982507
VZnCrRh,336922.91579441284
VZnCrRu,483704.35047417646
VZnCu3Se4,99241.37705614815
VZnCuIr,155300.52728852234
VZnCuRh,175511.71761409502
VZnCuRu,85178.69499318549
VZnF4,352397.21457423095
VZnF5,200047.63308127475
VZnF6,83364.9487515262
VZnFe2,192085.4014595801
VZnFeIr,341420.96569441905
VZnFeNi,164455.94651813537
VZnFeOs,162079.77241196192
VZnFePd,136276.0913136575
VZnFePt,346966.9974320794
VZnFeRu,166282.97018342034
VZnFeSi,181217.87882000348
VZnGaCo,83179.61694601872
VZnGaNi,274770.6781544719
VZnIr,311017.872800763
VZnIr2,166363.02264557878
VZnN2,196516.51467847257
VZnNi2,59196.03847138388
VZnNiAs,321978.6790764582
VZnNiGe,380097.8649865733
VZnNiP2O9,170412.52082564324
VZnNiPd,205850.09761600386
VZnNiPt,208602.5831130517
VZnNiRh,329096.8243142968
VZnNiRu,99743.38153891487
VZnO2,287744.572458314
VZnO3,164433.94896505045
VZnP2O7,217120.11287564563
VZnPO5,193863.41927787874
VZnPd2,238350.69185244522
VZnPt,143233.5496197585
VZnPt2,68689.0546046882
VZnRh2,144090.3447129588
VZnSF5,121281.02503156637
VZnSiNi,330539.7142333621
W(Br3N)2,186158.0475681993
W(NCl3)2,201617.10746973456
W(NF2)3,357718.35748479405
W(SO4)2,123937.07031918189
W2Au2O5,95784.66524067966
W2AuO4,282562.77355303353
W2CO,69073.50237190287
W2O3,315094.12063782424
W2O5,141367.09405959275
W2OF8,94812.22548619732
W3NO9,147279.0192383467
W3O7,259695.6989647835
W3O7F,201843.2053648368
W3O8,104553.29126672295
W3Se2ClO8,223616.12666915433
W4C3O,162086.9616305994
W4NO12,110372.15957556022
W4O9,306041.31505608844
W5O12F,205345.09207506274
W5O14,51495.90717340758
W9O13,534382.6472412465
WAu3,85066.40737152584
WBr3,222145.52099285985
WCl3,135208.20792604182
WCl5,58220.631974653916
WF2,312892.6480754372
WF3,637370.2695561915
WF4,253063.4640263933
WF5,106176.91016154908
WN2(OF2)2,300512.59490250563
WNCl6,110802.58266818634
WNO,219361.28999028457
WO2,334460.0354175093
WO2F,147854.90293679645
WO5,151679.27008119968
WOF3,123770.56277462497
Zn(AgO2)2,181601.15713008313
Zn(BO3)3,248330.35860591554
Zn(ClO7)2,456733.4537903597
Zn(Co2O3)2,613522.4229073989
Zn(Co2O5)2,340189.31526512635
Zn(CoO2)2,349235.8458951928
Zn(CoO2)4,249204.17834839437
Zn(CrN)2,755946.9309605934
Zn(CrS2)2,443749.8743661222
Zn(CrSe2)2,375928.0420362306
Zn(CuO2)2,376678.97523328627
Zn(Fe2O3)2,1440746.8568597024
Zn(Fe2O3)4,1148321.655893391
Zn(FeCl3)2,408412.81329524296
Zn(FeN)2,487723.76731107367
Zn(FeO2)4,1088639.9874306265
Zn(FeS2)2,163412.4473811073
Zn(FeS2)4,299497.53464924905
Zn(Mo3O8)2,175618.10505034772
Zn(MoO2)2,616932.4073840841
Zn(MoO2)4,487686.1403813965
Zn(MoO3)2,165487.8339557658
Zn(MoO6)2,183609.9055450596
Zn(N3O8)2,189277.99496391116
Zn(NCl2)2,147209.0979103422
Zn(NF2)2,342177.4892373431
Zn(Ni2O3)2,525608.5437365483
Zn(NiO2)2,317508.2079669459
Zn(OF)2,271254.69313038595
Zn(PO5)2,193280.22985808214
Zn(W18O49)2,97537.81495573805
Zn(WO2)2,575619.1823083911
Zn(WO2)4,452607.38948524167
Zn(WO3)2,165265.257886361
Zn10Co(B4Rh9)2,61513.990667558624
Zn10Fe3,308764.8782477356
Zn11Fe25O48,1222397.8045117727
Zn13Fe,57325.615256779245
Zn2AgP3O19,86815.46755302692
Zn2AgWO6,68638.04534098561
Zn2As2PbO10,90105.68923244471
Zn2BO4,65178.07557142848
Zn2BiO6,247027.141452371
Zn2BiRuO6,212673.33720441657
Zn2BiWO6,73532.68071776988
Zn2CdN2,162711.9665594241
Zn2Cl5O2,92714.20303133737
Zn2Co,99826.85035416654
Zn2Co(PO4)2,177401.296820517
Zn2Co2O5,443020.91494356905
Zn2Co3O8,243693.62155728653
Zn2Co9O13,808936.1334426507
Zn2CoAu,134250.91083390935
Zn2CoIr,276581.09966008016
Zn2CoN2,147384.1290108842
Zn2CoNi,126263.70617092651
Zn2CoO4,632045.5031779911
Zn2CoPd,124389.81669690787
Zn2CoPt,141677.07934835082
Zn2CoRh,273157.6585029656
Zn2CoS3,185445.86299464086
Zn2CoSbO6,345596.79575532395
Zn2CoWO6,251865.88991235726
Zn2Cr2O5,539897.5593496582
Zn2Cr3GaSe8,275624.2567852481
Zn2Cr3O8,393357.0413729348
Zn2Cr5(PO4)6,353441.21797305415
Zn2CrAu,533785.7002871103
Zn2CrBiO6,256297.736493377
Zn2CrFe3O8,1075407.7795403874
Zn2CrFeO6,582278.626314115
Zn2CrIr,384527.3011571244
Zn2CrN3,136327.43272696043
Zn2CrO4,249947.87961559815
Zn2CrPd,550330.5134089524
Zn2CrPt,535712.3703834561
Zn2CrPtO6,183635.58675826408
Zn2CrRh,547462.2644495304
Zn2CrRhO6,155393.07552970314
Zn2CrSbO6,259821.4249737735
Zn2CrSeO6,191457.56660358782
Zn2CrSnO6,180232.02650824122
Zn2CrTcO6,458658.4778779847
Zn2CrWO6,346740.7164895687
Zn2Cu9O13,68529.27271112493
Zn2CuWO6,82119.97897969783
Zn2Fe,529024.051848235
Zn2Fe2O5,838228.915782816
Zn2Fe3Cu10(SnSe4)5,114974.4534267252
Zn2Fe3O8,775056.3749297515
Zn2Fe7O12,1334676.761037288
Zn2Fe9O13,1441095.4999304542
Zn2FeCoO6,298999.20674984856
Zn2FeIr,488739.3000515543
Zn2FeN2,296050.2897064578
Zn2FeNi,499902.1349940351
Zn2FeO4,497929.9963844977
Zn2FeP2(H2O3)4,161667.27378706925
Zn2FePd,450683.70090662735
Zn2FePt,460647.1040288131
Zn2FeRh,478385.0204214735
Zn2FeS3,308798.58536989207
Zn2FeSbO6,426778.65447565063
Zn2FeWO6,323640.8293991958
Zn2Ir2O5,64912.68695742385
Zn2IrO4,89750.05596359624
Zn2IrWO6,82037.5848910471
Zn2Mo(WO4)2,337606.2345310061
Zn2Mo2O5,424209.52442271984
Zn2MoN3,65040.65021455877
Zn2MoO4,230526.88602794896
Zn2MoPt,355824.22622758884
Zn2MoWO6,319543.4830565875
Zn2Ni11O13,822424.2590620022
Zn2Ni2O5,194715.90689903102
Zn2Ni9O13,563419.8238282957
Zn2NiO3,310887.68718068744
Zn2NiO4,513062.6205254529
Zn2NiSbO6,181824.04702153176
Zn2NiSnO6,178956.91740532767
Zn2NiWO6,129491.556772324
Zn2O3F,376077.634066128
Zn2Os2O5,131036.84696323005
Zn2P2O11F2,61273.10716970556
Zn2P3O16,162888.00304639686
Zn2Re2O5,235772.8683421375
Zn2ReBiO6,156523.6190697121
Zn2ReO4,346421.3501087683
Zn2ReTeO6,241059.42854774068
Zn2Rh2O5,71563.54168357114
Zn2RhO4,93381.82015540329
Zn2Ru2O5,234041.25799184985
Zn2RuPtO6,177306.99793104106
Zn2RuRh,154976.17063551114
Zn2RuSeO6,164029.64222282477
Zn2S2O11,87142.05597973119
Zn2SO6,161378.64014153794
Zn2SbMoO6,153124.34206421376
Zn2SbWO6,77972.93233247334
Zn2SnIrO6,82651.0994495731
Zn2Tc2O5,269663.5410315012
Zn2TcBiO6,156716.82999594783
Zn2TcNiO6,277226.3271798091
Zn2TcO4,128121.45709322013
Zn2TcPd,258059.40380263425
Zn2TcPt,254049.8800684079
Zn2TcRhO6,137614.67863110022
Zn2TeRhO6,59542.443230960875
Zn2W2O5,209358.3589236256
Zn2W3O8,339802.87637744995
Zn2W9O13,538261.4356177836
Zn2WO4,218662.5372433723
Zn3(PO6)2,160793.02053515488
Zn3BO5,91306.23487018532
Zn3Bi2(PO6)2,51052.19298215599
Zn3Co2(Si2O7)2,141403.90947650454
Zn3Co2O7,160676.53499963888
Zn3Co3(AsO4)4,250369.99556735752
Zn3Co4(SbO6)2,433069.12228026293
Zn3Co9O16,908887.4976567415
Zn3CoS4,176147.35653622675
Zn3Cr,347270.4037616908
Zn3Cr12(GaSe12)2,372981.9462323828
Zn3Cr2(GeO4)3,251201.40143079488
Zn3Cr2(Si2O7)2,210899.42455396726
Zn3Cr2(SiO4)3,269470.6457936785
Zn3Cr2O7,302269.5990217438
Zn3Cr3(AsO4)4,321632.61583368044
Zn3Cr8FeS16,516426.1297943748
Zn3Cr8FeSe16,439131.0192016223
Zn3CrN3,108124.6125936789
Zn3CrS4,226903.64990358884
Zn3CrSe4,193756.01090442843
Zn3CrTe4,155326.52145631678
Zn3Cu2(GeO4)3,170513.60767241992
Zn3Cu2(SiO4)3,183045.14855286706
Zn3Fe,342099.8205117807
Zn3Fe12(CoO12)2,1260512.6195717682
Zn3Fe16Ni5O32,1407838.1011288774
Zn3Fe2(GeO4)3,413615.0273609079
Zn3Fe2(Si2O7)2,345603.6571727827
Zn3Fe2(SiO4)3,445046.01693026826
Zn3Fe2Cu10(SnSe4)5,76056.63734765296
Zn3Fe2O7,592024.1091389502
Zn3Fe3(AsO4)4,322339.0941067681
Zn3Fe4(BiO4)6,349133.1752427212
Zn3Fe4(MoO4)6,307175.7356256399
Zn3Fe4(SbO4)6,350628.3209836375
Zn3Fe4(WO4)6,296000.9314599572
Zn3Fe8CoO16,1274386.3193132759
Zn3Fe9(PO4)8,533559.8185653936
Zn3FeN3,303954.5166977049
Zn3FeP3O14,314078.3497361882
Zn3FeS4,231872.34145389064
Zn3Ge3(MoO6)2,232777.49646751603
Zn3Ge3(WO6)2,231943.84815056855
Zn3Mo3O8,426542.18933325104
Zn3Ni2(GeO4)3,85791.48745150855
Zn3Ni3(AsO4)4,168950.2373712014
Zn3Ni4(SbO6)2,308674.765630963
Zn3Ni7O10,675473.3151004686
Zn3P2(HO2)4,165784.6085852152
Zn3Si3(MoO6)2,250341.91262803169
Zn3Si3(NiO6)2,91876.8282138128
Zn3Si3(WO6)2,248958.7864942515
Zn3Si4(MoO7)2,193326.7124012995
Zn3Si4(WO7)2,121407.27566486034
Zn3Tc,67826.82455485464
Zn3W2O7,267574.69775123784
Zn4(MoO4)3,74289.06223329571
Zn4Co5(TeO6)3,395346.3098496951
Zn4CoO5,234822.50940002134
Zn4CoSe5,119650.89256600851
Zn4Cr5(TeO6)3,362705.36963323195
Zn4FeS5,184671.12798689064
Zn4FeSe5,158594.76344581277
Zn4Ni5(TeO6)3,271283.59098756115
Zn4P2O13,68536.42986219525
Zn4P3O13,91606.31439573855
Zn4SO13,207404.59641821482
Zn5Co19O32,153240.9897932999
Zn5CoN4,230396.44394330893
Zn5Cr20(GaSe10)4,369505.08974324976
Zn5Fe3(P3O14)2,383306.96339644055
Zn5H2(NO7)2,297682.9693527477
Zn8Fe3N8,318500.41859956924
Zn8P18(N12Cl)3,55792.170944132224
Zn9Fe15O32,1106262.0939375742
Zn9Fe21O40,1230145.619499239
Zn9Fe4,513202.62107331405
ZnAgBiO5,67592.26469634722
ZnAgF5,78898.44525441268
ZnAsWO5,75236.90861417321
ZnAuO3,421079.4274406435
ZnB2(NF2)4,346201.35618171864
ZnBiMoO5,78508.52081235059
ZnBiWO5,74557.92183306254
ZnC2(N3Cl2)2,224299.93479792128
ZnC2N6(ClO)2,59136.7616736299
ZnC4(N2O)4,52089.86428402546
ZnC4S4(NO6)2,69529.04653016121
ZnCdFePt,460113.023922111
ZnClO8,148448.33472177264
ZnCo,508191.127491015
ZnCo(GeO3)2,230016.3974988294
ZnCo(Si2O5)2,140417.48996325769
ZnCo(SiO3)2,249380.18088136148
ZnCo2,781979.1935441799
ZnCo2(P2O7)2,189625.88725754002
ZnCo2(PO5)2,349151.78942256473
ZnCo2As,248468.57574630887
ZnCo2O5,597248.3613395172
ZnCo2Pt,592755.9447621859
ZnCo2Sn,68296.66104882825
ZnCo3,881039.1869582855
ZnCo3(P2O7)2,341985.3918284064
ZnCo3C,198845.932538073
ZnCo3O7,486502.91344215896
ZnCo3P3O13,283101.89752195304
ZnCo4(CuO4)3,344626.1562578929
ZnCo4O9,676377.5088272272
ZnCo5O7,682119.7500566081
ZnCoAs2O7,195940.1357031382
ZnCoAsPd,191641.53619965186
ZnCoAsPt,214917.0856534719
ZnCoAsRh,192878.61257780902
ZnCoBiO5,328872.76282123756
ZnCoCu3Se4,167141.0029145734
ZnCoCuPd,289140.7939417332
ZnCoCuPt,302644.38967131113
ZnCoCuRh,378609.01407483075
ZnCoF4,422617.88407432043
ZnCoF5,257414.1471732209
ZnCoF6,104083.62866114704
ZnCoGeIr,52167.65040267933
ZnCoGePd,202970.70832845994
ZnCoGePt,200595.848313499
ZnCoIrW,329859.9188719568
ZnCoMo2O7,308666.4431214207
ZnCoMoIr,332222.16727837396
ZnCoMoRh,339119.24924327945
ZnCoNi2,451084.0485414383
ZnCoNi2O7,468057.7321145611
ZnCoNiAs,175956.15820786037
ZnCoNiGe,152019.5648181622
ZnCoNiP2O9,290450.044298736
ZnCoNiPd,377081.489656215
ZnCoNiPt,384444.8659288717
ZnCoNiRh,493131.0112977439
ZnCoNiSn,61200.00180342721
ZnCoO2,578959.1384505546
ZnCoO3,331582.08147971716
ZnCoPHO5,272085.8999261765
ZnCoPO5,409313.3045780516
ZnCoPd2,341135.0200413211
ZnCoPdAu,232707.705654723
ZnCoPdPt,329679.6441761735
ZnCoPt2,342753.9687053225
ZnCoPtRh,341569.20324304345
ZnCoRh2,621008.6508099043
ZnCoRhW,335120.97112922336
ZnCoSb2O7,181273.18549911055
ZnCoSbIr,180498.75310492355
ZnCoSbPd,111989.05478811303
ZnCoSbPt,173737.2986549695
ZnCoSbRh,182150.96477374085
ZnCoSiIr,52106.509066200044
ZnCoSiO5,105187.53858250953
ZnCoSiPd,119366.37118993743
ZnCoSiPt,114122.46706691467
ZnCoSiRh,93582.77970435571
ZnCoSiTc,109094.21083162958
ZnCoSnIr,70574.00543782703
ZnCoSnPd,140387.27802514588
ZnCoSnPt,143462.2519745065
ZnCoSnRh,51850.200610470616
ZnCr(GeO3)2,302396.4683481391
ZnCr(Si2O5)2,184940.2842290478
ZnCr(SiO3)2,323745.8848149055
ZnCr2(PO4)2,459915.93926340534
ZnCr2(SeS)2,403530.31806968735
ZnCr2CoO7,341719.51303944446
ZnCr2F12,101591.83340220971
ZnCr2O4,733690.7976284117
ZnCr2P2O9,339340.9217266102
ZnCr2S5,338552.4149530782
ZnCr3(SO4)6,165716.44013401846
ZnCr3P3O13,351781.6633630472
ZnCr4CdS8,419725.703821683
ZnCr4CdSe8,357511.0069927858
ZnCr4NiO8,855945.8644875037
ZnCr4O6,1112606.3631406734
ZnCr5GaSe10,381749.0503702714
ZnCr5O7,1182320.1298220076
ZnCrAs2O7,258153.29762148412
ZnCrAsO5,271855.4611284749
ZnCrAsPd,523396.3839711535
ZnCrAsPt,501418.7570602505
ZnCrAsRh,569099.7284482016
ZnCrAu2,537343.0011683422
ZnCrBiO5,82177.49224662277
ZnCrCdPd,513459.00798533054
ZnCrCdPt,511585.21822708135
ZnCrCoIr,395839.8182730883
ZnCrCoPt,550551.9288598935
ZnCrCoRh,395036.89047782315
ZnCrCoSi,541432.2191241296
ZnCrCuPd,595813.3135669342
ZnCrCuPt,559693.0734842867
ZnCrF5,306341.1601761081
ZnCrF6,197827.9676824653
ZnCrFeSi,607323.6549236592
ZnCrGaCo,556965.237734494
ZnCrGaIr,517382.5619503575
ZnCrGaNi,530477.536474476
ZnCrGaPd,509758.53141796455
ZnCrGaPt,506579.0943745017
ZnCrGaRh,494578.25619867735
ZnCrGaRu,559529.4178131737
ZnCrGeIr,502839.07182399393
ZnCrGePd,531751.7514447877
ZnCrGePt,534011.6837358609
ZnCrGeRh,517869.4824015889
ZnCrGeRu,510719.64820546046
ZnCrH15N5Cl4F,96188.77616081206
ZnCrInPd,503025.23473199067
ZnCrInPt,497879.31460093195
ZnCrInRh,493040.08535285236
ZnCrIr2,349105.8063308808
ZnCrN2,401169.88528094254
ZnCrNiGe,554680.0781745956
ZnCrNiP2O9,226695.33233047917
ZnCrNiPd,677321.6942343991
ZnCrNiPt,617492.0334036701
ZnCrNiRh,542511.8890655714
ZnCrNiRu,374856.3414524948
ZnCrO2,693705.8370082158
ZnCrO3,370622.68327833165
ZnCrP2O7,281205.32158049074
ZnCrPd2,628116.2921970903
ZnCrPdAu,566756.3837883194
ZnCrPdPt,583493.4006252955
ZnCrPt2,572167.3927106438
ZnCrPtAu,551725.9864042248
ZnCrPtRh,514890.7676161205
ZnCrRh2,358382.2303297216
ZnCrRhAu,590826.1710652441
ZnCrSF5,223343.9219483408
ZnCrSbPd,483546.4998991756
ZnCrSbRh,540321.8659421011
ZnCrSiIr,482637.3111048554
ZnCrSiNi,411792.6432493466
ZnCrSiO5,205660.73965702596
ZnCrSiOs,523365.02325871243
ZnCrSiPd,464151.4559951186
ZnCrSiPt,414540.3012864964
ZnCrSiRh,481163.84820470854
ZnCrSiRu,527957.072619236
ZnCrSiTc,514181.9374046386
ZnCrSnIr,482059.86379387666
ZnCrSnPd,499974.0465478705
ZnCrSnPt,505099.43084921374
ZnCrSnRh,484556.08408542915
ZnCu(GeO3)2,75238.56546497793
ZnCu(MoO4)2,51177.82290674455
ZnCu(SeO3)2,77151.71695942897
ZnCu(SiO3)2,81510.25250605513
ZnCu(WO4)2,66737.29591785831
ZnCu15H24(ClO3)8,109473.74664636592
ZnCu2(BO3)2,158490.43606860552
ZnCu2(NiO4)2,451252.7278363642
ZnCu2(PO4)2,122177.67865833917
ZnCu2(SbO4)2,104089.52936446479
ZnCu2P2O9,116022.0183265182
ZnCu2PO9,163593.3741449831
ZnCu3(NiO3)4,147013.2235685902
ZnCu3(P2O7)2,109595.97049466817
ZnCu3(SnO3)4,119936.56743162812
ZnCu3H6(ClO3)2,138429.9185476245
ZnCu3P3O13,63766.98889353557
ZnCu4(WO4)5,79749.11470626049
ZnCu7(CO5)4,116752.83496615611
ZnCuBiO5,52039.90648161231
ZnCuF4,137061.60532962126
ZnCuF5,231956.71607668043
ZnCuMo,82400.13682375665
ZnCuNiP2O9,157028.65763083624
ZnCuO2,97470.81157582789
ZnCuP2O7,73762.25113684144
ZnCuRh2,144710.17663851532
ZnCuSb2O7,58473.15431877794
ZnFe,916792.3495111446
ZnFe(GeO3)2,303535.48629671463
ZnFe(Mo3S4)4,67432.79130588849
ZnFe(PO4)2,252697.5863193362
ZnFe(SO8)2,300345.16634734155
ZnFe(Si2O5)2,193111.76631944402
ZnFe(SiO3)2,322136.9003588727
ZnFe16Ni7O32,1480272.3389422758
ZnFe2(AsO7)2,442477.2375408828
ZnFe2(CuO4)2,467397.6405014241
ZnFe2(P2O7)2,320470.60624360177
ZnFe2(PO4)2,478077.80251924903
ZnFe2(PO4)3,426401.8548182754
ZnFe2(PO5)2,457082.46981597366
ZnFe2As2(HO5)2,499879.4786575111
ZnFe2Cu6(SnS4)3,154101.9381004269
ZnFe2Ir,1018050.7759980819
ZnFe2Ni,967525.9962515173
ZnFe2Pd,887381.9262644695
ZnFe2Pt,929387.737053973
ZnFe2Rh,1022539.7492148399
ZnFe2S5,147876.48624448272
ZnFe2Si,282112.06382462976
ZnFe3,1297054.6775569473
ZnFe3(P2O7)2,440016.5795308224
ZnFe3(SnS4)2,142590.15692629982
ZnFe3O7,789886.0401117989
ZnFe4CoO8,1364040.9922349714
ZnFe4Cu10(SnS4)5,187286.20223434982
ZnFe4NiO8,1372901.8303174542
ZnFe5O7,1462498.4372580068
ZnFe5O8,1479563.3545678016
ZnFe8Co3O16,1455222.7716872252
ZnFe8Ni3O16,1458552.80787827
ZnFeAs2O7,273952.2854398461
ZnFeAs4(Pb2O9)2,93504.70177637268
ZnFeAsO5,437748.0717849345
ZnFeAsPd,350039.3194055523
ZnFeAsPt,342745.4448120733
ZnFeBO4,672083.8079328196
ZnFeBi,379815.67091008584
ZnFeBiO5,403880.34104502876
ZnFeCl4,288472.15502829064
ZnFeCo2,112274.02864419881
ZnFeCoIr,840132.641795834
ZnFeCoNi,943918.4918185283
ZnFeCoPd,803364.9195328663
ZnFeCoPt,791382.750181059
ZnFeCoRh,879224.7057337954
ZnFeCu4(GeS4)2,122841.2818184358
ZnFeCuIr,567083.1033032967
ZnFeCuNi,579210.3858647798
ZnFeCuPd,504598.7028740292
ZnFeCuPt,513714.029826433
ZnFeCuRh,543766.4687343172
ZnFeCuSi,267254.6339996298
ZnFeF4,529707.9283899971
ZnFeF5,501268.0136911618
ZnFeF6,361938.8963105944
ZnFeGePd,383607.8436850436
ZnFeGePt,369825.02081795386
ZnFeGeRu,237880.94185781482
ZnFeH4O2F5,381636.7171103478
ZnFeIrW,171274.1168993413
ZnFeNi2,661002.1515214258
ZnFeNiAs,338810.2807938746
ZnFeNiGe,194318.6646505234
ZnFeNiP2O9,340314.8965087575
ZnFeNiPd,550435.9244953992
ZnFeNiPt,557170.0205514592
ZnFeNiRh,668915.6059527949
ZnFeNiRu,744175.4293348681
ZnFeNiSn,262626.65006474435
ZnFeO2,820994.7330564536
ZnFeO3,710589.4873493931
ZnFeP2O7,289657.4350669332
ZnFePO5,498534.3206335674
ZnFePb,431054.0197118479
ZnFePd2,518175.1954609524
ZnFePdAu,444335.2060510894
ZnFePdPt,486917.15416454076
ZnFePdRh,565170.8063538865
ZnFePt2,518373.2787556924
ZnFePtAu,452770.32299548417
ZnFePtRh,537896.8984673129
ZnFeRh2,733994.6347811063
ZnFeRhW,170641.8242912841
ZnFeS2,465828.8964933816
ZnFeSb2,148884.35001014848
ZnFeSbPd,290235.2486302862
ZnFeSbPt,297639.97644058336
ZnFeSbRh,178544.59659899154
ZnFeSiNi,208895.3188823897
ZnFeSiO5,396122.05800507264
ZnFeSiOs,220226.67098496092
ZnFeSiPd,295982.6713008564
ZnFeSiPt,269561.0540014728
ZnFeSiRh,222356.7925174348
ZnFeSiRu,225614.86314587365
ZnFeSiTc,349040.0612324884
ZnFeSnPd,337001.6721128857
ZnFeSnPt,332486.1624269824
ZnGa2CoCu4,95474.48469737382
ZnGa2FeCu4,245925.68977132798
ZnGaCoAu,167548.42507883598
ZnGaCoNi,115686.58300486446
ZnGaCoPd,99349.9916257454
ZnGaCoPt,119357.98720422534
ZnGaCoRh,130882.275890314
ZnGaCoRu,124781.75397436976
ZnGaFeCo,693872.8814579444
ZnGaFeIr,393159.8602071818
ZnGaFeNi,496704.6164044979
ZnGaFePd,390189.2393951195
ZnGaFePt,384963.4804682154
ZnGaFeRh,392810.6727151142
ZnGaFeRu,412685.19214824785
ZnGe2WO6,124524.8020782599
ZnH12(NO3)2,68350.71781893911
ZnH6(NO3)2,89028.51222799595
ZnHCO4,85513.0407707571
ZnInCoNi,80076.4912157534
ZnInCoPd,113895.29497771773
ZnInCoPt,141451.37393327092
ZnInFePd,375826.454821899
ZnInFePt,375733.0400857347
ZnInFeRh,326523.70911758725
ZnIrO3,66900.43763418916
ZnIrPd2,155796.27096425815
ZnMo2O5,212571.87098249112
ZnMo3O14,202041.0973165613
ZnMo3P3O13,303700.4218861748
ZnMo4O9,383818.4330769306
ZnMoAsO5,245605.5918757921
ZnMoF5,264096.27996753267
ZnMoF6,178567.44881439704
ZnMoO3,234154.07861013818
ZnMoO6,133067.59718352155
ZnN,192547.19117350611
ZnNF3,357209.7830523131
ZnNi(GeO3)2,156549.8227280855
ZnNi(PO3)4,90436.37613246265
ZnNi2(PO5)2,231112.1518361071
ZnNi2Ir,314164.1081047824
ZnNi2O5,361949.30564701546
ZnNi2P2O9,236984.878027383
ZnNi2Pt,54009.514792294256
ZnNi2Rh,148561.33551107778
ZnNi3,240538.86189343594
ZnNi3(B2O5)2,318225.5228186945
ZnNi3(P2O7)2,233984.77085657325
ZnNi3O7,491370.59409170254
ZnNi4,183892.02214246246
ZnNi4O5,775068.4584331232
ZnNi9O10,875064.8109294288
ZnNiAs2O7,139546.441095995
ZnNiBiO5,260406.68973357824
ZnNiF4,280994.03041059687
ZnNiF5,325461.8203692209
ZnNiMoP2O9,210991.04855301642
ZnNiMoRh,180247.21986053744
ZnNiO2,195395.4415712673
ZnNiP2O7,150614.60358418414
ZnNiP2WO9,205705.7097848885
ZnNiPdRh,168709.638202196
ZnNiPt2,60023.378036698305
ZnNiPtRh,159684.2811581397
ZnNiRhW,161977.85707221087
ZnNiSnP2O9,103321.90180023164
ZnNiTe3O8,99918.9311008227
ZnOF,253621.08415727364
ZnOs2(NO2)4,307433.43280273885
ZnP2W2O9,302199.72012014216
ZnP2WO7,191905.3617128313
ZnP3C4NO12,190573.00879977306
ZnP3NO9,97720.28399184655
ZnP3W3O13,273193.5593546575
ZnP4W3O14,310266.0601572027
ZnP4WO12,144044.75179778025
ZnPd2Rh,77573.09776797822
ZnPdRh2,142603.30560339204
ZnPt2Rh,51782.61041871147
ZnPtO3,66380.591227496
ZnPtRh2,149929.78668587861
ZnReO4,133498.03253066694
ZnRhF6,104424.08382061162
ZnRhO3,207086.7165228811
ZnRuO3,500832.3960505053
ZnS2(NO2)4,73144.63358659194
ZnSO11,211710.8477889895
ZnSeO10,169042.13803314016
ZnSeO5,165079.04969101574
ZnSi2NiO6,166546.1033093584
ZnSi2WO6,262180.6203035749
ZnSi4WO10,178481.5384392077
ZnTcO3,329576.97014600446
ZnTcPt2,96939.19056869573
ZnW2O5,137353.59976712472
ZnW2SO3,517122.8704335246
ZnW3O7,375584.2953174516
ZnW4O9,299532.15141198254
ZnWF4,292413.62168788974
ZnWF5,278538.6875154169
ZnWF6,175050.99447729843
ZnWO2,328325.907554873
Zr(Al2Fe)4,243567.96803383494
Zr(AlFe)6,625882.4325570378
Zr(AsO5)2,73519.04593741703
Zr(CoN)2,253415.88710853326
Zr(Fe2Si)2,359916.9910366635
Zr(FeAs)2,177899.33004139314
Zr(FeGe)2,163097.92513576997
Zr(FeGe)6,574065.9181539525
Zr(FeSn)6,570505.22274216
Zr(GaFe)6,562904.8468529868
Zr(GaTc)2,90892.99742924124
Zr(MnAl)6,390949.8853660274
Zr(MnGe)2,160953.05561984566
Zr(MnGe)6,578699.7560824746
Zr(MnSi)2,502684.37936663
Zr(MnSn)6,536286.321756795
Zr(NF3)2,197176.8545600956
Zr(TiAl)2,63208.93241427267
Zr(US2)3,346546.4823491117
Zr12Ti4Ni8O,95160.34499255342
Zr19O40,52720.885424046726
Zr2(Co7B2)3,612305.5090094571
Zr2(HO2)3,82351.12487382024
Zr2(TiGa)3,72043.24474788165
Zr2AgAu,113497.12723840884
Zr2AgPdF11,82998.09630061762
Zr2Al3Co,157614.24982190083
Zr2Al3Cr,162907.7356775021
Zr2AlAu,151374.85302278813
Zr2AlCo,136077.78736192037
Zr2AlIr,127915.01090560963
Zr2AlNi,193742.783586104
Zr2AlOs,56066.306585158905
Zr2AlPd,246861.61362439228
Zr2AlPt,184924.42326512554
Zr2AlRh,128342.15667354823
Zr2AlRu,54655.9647298615
Zr2AlV,212250.22396747
Zr2AsIr,124266.86982161891
Zr2AsOs,74777.6463397485
Zr2AsPd,88777.69712098931
Zr2AsPt,82279.70465916248
Zr2AsRh,129961.88764657111
Zr2AsRu,73577.4299166846
Zr2Au2O5,94519.65116863388
Zr2BeAu,123151.85813153053
Zr2BeIr,64766.44935918839
Zr2BeNi,237689.28988816222
Zr2BePt,136219.91779450275
Zr2BeRh,58884.823372342056
Zr2Bi2O5,69348.61432132001
Zr2BiPt,80402.94435732106
Zr2BiRh,120858.41746667518
Zr2CdPd,118129.89989374667
Zr2Co2O5,102783.50071972507
Zr2CoAg,86138.23933676285
Zr2CoH5,108528.51901294429
Zr2CoIr,102321.80145827576
Zr2CoO4,245721.3643726153
Zr2CoOs,155083.50761545647
Zr2CoRh,137607.3758916611
Zr2CoRu,121465.73650729988
Zr2CoS4,68274.60976443645
Zr2Cr2O5,604927.6430818443
Zr2CrCo,98183.08135349702
Zr2CrIr,50718.63189665824
Zr2CrN3,291002.2556475449
Zr2CrO4,456045.9098515953
Zr2CrOs,222608.38894380856
Zr2CrRe,340075.59657321015
Zr2CrRu,218582.2526834424
Zr2CrTc,199227.222365972
Zr2Cu3(O8F7)2,202397.55870525472
Zr2CuAu,124927.3469076209
Zr2CuPd,66752.70241083084
Zr2CuPt,66607.77538377393
Zr2Fe,52469.95026508803
Zr2Fe2O5,640092.1428811764
Zr2Fe3Ge,423253.24534611555
Zr2Fe3Si,427950.07654771616
Zr2FeAs,273683.8619973425
Zr2FeGe,260134.916329947
Zr2FeIr,144612.75162813754
Zr2FeMo,134361.3756477033
Zr2FeO4,383710.1021339776
Zr2FePt,158671.94679434627
Zr2FeRh,143183.61052515445
Zr2FeSb,257707.5257492048
Zr2FeSi,240345.61274767027
Zr2FeTe,257926.10834134076
Zr2GaAu,152957.4769203822
Zr2GaCo,262559.8443510982
Zr2GaIr,126723.75398840928
Zr2GaNi,130262.19674599273
Zr2GaPd,182854.09611676921
Zr2GaPt,183768.96811186694
Zr2GaRh,129329.86568977112
Zr2GeIr,123830.06519458775
Zr2GeOs,68575.17116676841
Zr2GePd,140475.10969568405
Zr2GePt,130732.51327396526
Zr2GeRh,178308.63649095446
Zr2GeRu,73246.26241135983
Zr2HC,113062.27158968161
Zr2HO4,96607.02125568246
Zr2HO6,98466.8841627929
Zr2HgPd2,81364.58233360824
Zr2InAu,153059.15116012684
Zr2InFe,149203.7078454132
Zr2InIr,118510.92344012945
Zr2InOs,56974.30099649398
Zr2InPd,222042.56735738448
Zr2InPt,171530.01990886295
Zr2InRh,118748.57103716637
Zr2InRu,58268.16306700038
Zr2IrO4,99359.83727706334
Zr2IrPb,153659.17120715778
Zr2Mn2O5,727932.2891317401
Zr2MnAs,208819.40250433888
Zr2MnAu,120754.24796088306
Zr2MnFe,66530.94136981315
Zr2MnGe,134103.79947296306
Zr2MnIn,50090.37219212122
Zr2MnIr,189938.13828531993
Zr2MnO4,440583.5862400236
Zr2MnOs,73607.24566872003
Zr2MnPd,152127.80044679015
Zr2MnPt,167579.24514204037
Zr2MnRe,219905.53340777825
Zr2MnRh,182497.39591925143
Zr2MnRu,200702.35727142624
Zr2MnSb,228582.11115774684
Zr2MnSi,87630.08467885735
Zr2MnSn,243695.47848916438
Zr2MnTc,193555.03654721766
Zr2MnTe,287261.6130330622
Zr2Mo2O5,104885.0057763111
Zr2MoO4,287164.73515608604
Zr2NbO4,125273.45366687514
Zr2Ni2O5,260113.68771411432
Zr2NiO4,103174.41690360974
Zr2Np2O5,555449.080445321
Zr2NpO4,347579.4077041678
Zr2NpPt,536941.0734267901
Zr2NpSb,582851.1132075253
Zr2O,115495.44805354952
Zr2O3,129282.42720183036
Zr2O5,184296.06518821814
Zr2O7,147888.97199089263
Zr2OsO4,216671.62908117077
Zr2P4O17,143439.24263686358
Zr2Pa2O5,262685.748567786
Zr2PaO4,114632.8648672853
Zr2Pd2O5,78105.1964832796
Zr2PdPb,136566.26001575502
Zr2Pt2O5,78431.09556553113
Zr2PtPb,126257.9670375212
Zr2Re2O5,115222.27006599566
Zr2ReO4,315021.4946500413
Zr2Rh2O5,136484.62309773662
Zr2RhO4,117181.84778632142
Zr2RhPb,164934.67524752175
Zr2RuO4,253218.90841678256
Zr2Sb2O5,50367.513229626355
Zr2SbIr,116353.04622820533
Zr2SbOs,104405.55680493658
Zr2SbPd,80756.92849898309
Zr2SbPt,73190.05291844124
Zr2SbRh,123015.2965484927
Zr2SbRu,120437.85199545663
Zr2SiIr,100962.51323382901
Zr2SiOs,58188.64130670651
Zr2SiPd,138423.8657862487
Zr2SiPt,130786.23205007425
Zr2SiRh,152544.00841137642
Zr2SiRu,53729.99678440561
Zr2SnAu,97931.18536203772
Zr2SnAu2,136515.75311033806
Zr2SnIr,162958.659734541
Zr2SnO4,53790.79177150368
Zr2SnOs,107767.07460820179
Zr2SnPd,137947.21723049827
Zr2SnPt,126488.73194526532
Zr2SnRh,171581.98740368985
Zr2SnRu,114164.20515355725
Zr2Ta2O5,50363.03658521897
Zr2Tc2O5,311808.9343788182
Zr2TcO4,342252.7315056951
Zr2TcSb,68361.75003949195
Zr2Ti3Au2,124922.53237598125
Zr2TiAl,160686.79389948782
Zr2TiAs,72815.57073398163
Zr2TiAs2,166726.3932942606
Zr2TiAu,138801.26110082233
Zr2TiGa,155024.08133780095
Zr2TiGe,133082.6527179724
Zr2TiIn,163126.449063471
Zr2TiIr,261270.23385191415
Zr2TiNi,203444.4860980684
Zr2TiOs,283970.4885606484
Zr2TiPd,179710.1688923059
Zr2TiPt,167540.5415214644
Zr2TiRe,258554.47376855882
Zr2TiRh,267235.9162748507
Zr2TiRu,292655.07472566294
Zr2TiSb,60778.06271096252
Zr2TiSi,147550.0697417018
Zr2TiSn,114347.25087915247
Zr2TiTe,88284.51184596715
Zr2TiZn,156712.90047839648
Zr2TlIr,116857.98980497896
Zr2TlNi,116544.83509715028
Zr2TlPd,166367.57770888024
Zr2TlPt,168576.2445100048
Zr2TlRh,116252.69405034445
Zr2U,271649.879443821
Zr2U2O5,413407.658026163
Zr2UIr,190044.87190010055
Zr2UO4,277410.0580211983
Zr2UPt,344458.43128999695
Zr2V2O5,445454.5404742049
Zr2VAu,171770.53703746875
Zr2VCo,307433.71829680266
Zr2VGa,227262.32186543208
Zr2VIn,200231.61078778934
Zr2VIr,228252.63958831562
Zr2VNi,194664.83880966483
Zr2VO4,245087.98583141915
Zr2VOs,167776.1518345569
Zr2VPd,178632.86343388696
Zr2VPt,136096.84813693547
Zr2VRe,359832.2479658835
Zr2VRh,227513.53905439266
Zr2VRu,335170.65646864637
Zr2VSi,52608.88594936404
Zr2VTc,378887.36819599086
Zr2VZn,230876.10106003121
Zr2W2O5,76549.53946315832
Zr2WO4,243779.45858157953
Zr2Zn2O5,69167.9796754752
Zr2ZnAu,232432.9540413172
Zr2ZnIr,65692.35514068893
Zr2ZnPd,159274.99095008278
Zr2ZnRh,65528.634370684886
Zr3(AsO5)4,80786.09653083148
Zr3(CrIr)2,392746.91561697825
Zr3(MnGa3)2,196818.13042452396
Zr3(NbPt)2,73248.77236355007
Zr3(UGe2)2,258836.1020530116
Zr3(VPt)2,371057.9606986514
Zr3AlCo8,275297.07647737535
Zr3Co8Si,323284.35968220944
Zr3CoSe6,63281.702642071454
Zr3CuF6,51958.01665731383
Zr3Fe3C,414131.82226446527
Zr3FeF6,167558.18210977322
Zr3Mn,439839.9158669396
Zr3MnCo8,403135.8040196188
Zr3MnF6,268042.0985061041
Zr3NbCr4F24,288335.35967627494
Zr3NbZn8,107084.88113901754
Zr3NiF6,73081.65559573278
Zr3Ti2Ga3,77173.76229357827
Zr3TiZn8,179822.06210497732
Zr3U7O20,340067.9341746456
Zr3V,175351.0437682712
Zr3Zn2,159121.2710566533
Zr3ZnF6,91262.68174637463
Zr40S27,79887.49652603718
Zr4Au3,58628.39579921845
Zr4Co3,86082.62020802317
Zr4Cr,74916.5372061995
Zr4Fe2H2O,407741.3353902316
Zr4Fe4Si7,147396.26066221687
Zr4FeBiPb4O15,126732.49011990383
Zr4FeSe8,81212.45225085359
Zr4Mn(PO4)6,94092.03276375847
Zr4Ni2O,98422.77095083075
Zr4O5,60811.31325939765
Zr4V,170217.7563082787
Zr5(VSb3)6,129117.05770959289
Zr5Co19P12,262470.0410309694
Zr6Al16Co7,63179.64044992987
Zr6Al2FeH10,61798.87967271612
Zr6Co2O,84832.4451619519
Zr6Fe(SnH5)2,56549.07060399789
Zr6Fe16Si7,141257.8444708686
Zr6Fe23,1037937.3062625433
Zr6Fe2O,300888.97849490365
Zr6FeS2,56860.6615074453
Zr6Ga16Fe7,140526.69606669788
Zr6Ga2FeH10,67318.90467029254
Zr6MnBi2,146138.44958588877
Zr6MnTe2,122506.52051282352
Zr9(CoP2)2,95650.28572135954
Zr9Co3O2,103263.270059356
ZrAgAu,99898.40379649974
ZrAgMo,84252.1176544151
ZrAl2Cr,270062.2286844767
ZrAl2Ir,165696.28253489122
ZrAl2Rh,165996.61794607886
ZrAl2V,301095.0862064791
ZrAlCdFe,180573.08587929286
ZrAlCo,67606.93358826799
ZrAlCo2,142602.7702262664
ZrAlCoAg,88385.66640381177
ZrAlCoAu,122284.65294208922
ZrAlCoCu,86171.45637972883
ZrAlCoHg,50100.45165549733
ZrAlCoIr,237836.6425891951
ZrAlCoNi,144720.26465936814
ZrAlCoPd,162863.8677749797
ZrAlCoPt,254214.965347716
ZrAlCoRh,219532.8305235355
ZrAlCoRu,197907.88743251192
ZrAlCrAu,510560.90437008534
ZrAlCrCo,633458.9739469087
ZrAlCrFe,469498.0424040069
ZrAlCrIr,421137.5670969748
ZrAlCrNi,674131.0364173333
ZrAlCrOs,436388.30496087397
ZrAlCrPd,610001.6921660034
ZrAlCrPt,577755.0094889901
ZrAlCrRe,288413.586482137
ZrAlCrRh,543741.8548859959
ZrAlCrRu,439357.2788888276
ZrAlCrTc,290363.9514046397
ZrAlCu,99254.79175015887
ZrAlFe,110206.71983166633
ZrAlFe2,456436.8668304869
ZrAlFeAg,213251.7562490316
ZrAlFeAu,274514.5112195513
ZrAlFeCo,587758.2966489192
ZrAlFeCu,228362.49816669952
ZrAlFeIr,278025.38307599147
ZrAlFeMo,393318.2362419139
ZrAlFeNi,278434.0516352515
ZrAlFeOs,351499.73920877377
ZrAlFePd,276949.09899458714
ZrAlFePt,293998.5770792579
ZrAlFeRe,274907.5001266485
ZrAlFeRh,274882.2727900734
ZrAlFeRu,349932.0638033422
ZrAlFeTc,265420.31311680784
ZrAlNi,70553.78127382453
ZrAlO3,170407.7607210507
ZrAlPd,57603.50788123768
ZrAlSi,81104.27133650043
ZrAlTe2,104269.1111866435
ZrAlVCo,456877.57473363227
ZrAlVFe,305454.5022571005
ZrAlZnCr,383862.01192378346
ZrAlZnFe,228502.94402612455
ZrAsO3,102108.4197229855
ZrAsRu2,138113.10876523028
ZrAuO3,121410.82854960568
ZrBPt,75348.14599462513
ZrBRu,70453.34140562154
ZrBe2Co,53846.69824582716
ZrBeAlFe,106413.64472685929
ZrBeAu,62510.61277950898
ZrBeCoAs,97681.93769429585
ZrBeCoGe,93553.76051251388
ZrBeCoSi,106694.07870042928
ZrBeCrGa,414079.1806968509
ZrBeCrSi,288263.922334255
ZrBeFeAs,107848.74469621907
ZrBeGaFe,114298.85114374108
ZrBePd,62263.937469658165
ZrBePt,64108.209576514644
ZrBeZnCo,69324.62005194723
ZrBiRu2,120931.89728925565
ZrBr3,95720.00118857078
ZrCdAs,89931.27104726263
ZrCdAu,76703.59790195554
ZrCdNi,103345.03684728277
ZrCdPd,106092.4002535607
ZrCdPt,51162.51363094111
ZrCl3,88212.12703228008
ZrCo2,144946.72606451515
ZrCo2As,289141.69837525574
ZrCo2Au,106239.76042505853
ZrCo2Cu,84219.0807203421
ZrCo2Ge,166296.7088960543
ZrCo2Ir,431913.1389189025
ZrCo2Ni,333350.8072604702
ZrCo2Pb,289468.07941883773
ZrCo2Ru,581855.691690685
ZrCo2Sb,226680.9765101809
ZrCo2Si,179198.59112770576
ZrCo2Sn,190274.2250664587
ZrCo2Tc,689693.4897452422
ZrCo3,477878.32870646653
ZrCo3(BO4)2,558873.713715708
ZrCo4Si,389379.92685000453
ZrCo5,818805.3328510693
ZrCoAgAs,141478.75653543134
ZrCoAs,91214.24896321564
ZrCoAs2,86334.12665792563
ZrCoAsAu,96435.74470114434
ZrCoAsIr,225411.78389711227
ZrCoAsOs,277195.4922622333
ZrCoAsPd,76995.06244814514
ZrCoAsPt,84530.50547731311
ZrCoAsRh,204888.9382567752
ZrCoAsRu,297188.3392781676
ZrCoAu2,76559.80723012661
ZrCoB,377150.4466375249
ZrCoBRh,171541.8094864687
ZrCoBiIr,179438.21409515166
ZrCoBiPt,102425.2315397756
ZrCoBiRh,167663.56571782753
ZrCoBiRu,259274.14557453396
ZrCoCu2,100339.22404352263
ZrCoCuSn,52503.830061756686
ZrCoF6,221689.87450101573
ZrCoGe,162235.83026121472
ZrCoGe2,69668.92601135028
ZrCoGeAu,75722.96498154636
ZrCoGeIr,286749.3476751074
ZrCoGeMo,136925.17866257826
ZrCoGeOs,152513.90876057255
ZrCoGePd,141500.76730158116
ZrCoGePt,192695.27326026923
ZrCoGeRh,283147.27601228777
ZrCoGeRu,284554.4136140414
ZrCoH3,144777.12534435728
ZrCoIr,263240.2361438065
ZrCoIr2,185920.69266834902
ZrCoIrPb,262911.55734275054
ZrCoN2,193447.74738730118
ZrCoNi2,103432.16666960197
ZrCoNiPb,113464.72949300184
ZrCoO3,256615.70373766165
ZrCoPb,134802.98220516017
ZrCoPd2,114965.85168763838
ZrCoPdPb,119694.1199600215
ZrCoPt,51487.87553174118
ZrCoPt2,57696.682787950354
ZrCoPtPb,89938.50031295246
ZrCoReSb,139252.07831419466
ZrCoRh,201592.02662896886
ZrCoRh2,319860.54027857835
ZrCoRhPb,250151.48840571634
ZrCoRu2,471810.4733041676
ZrCoRuPb,136646.714175701
ZrCoSbAu,62447.2860041929
ZrCoSbIr,183452.3840487222
ZrCoSbOs,278261.6682679689
ZrCoSbPd,58197.76919480515
ZrCoSbPt,95449.05222226755
ZrCoSbRh,178009.34820020365
ZrCoSbRu,277290.30648141284
ZrCoSi,140805.29913350736
ZrCoSi2,158302.97459643576
ZrCoSiAu,69317.55765688942
ZrCoSiIr,306364.6171533413
ZrCoSiOs,159237.85450468937
ZrCoSiPd,131283.4793860182
ZrCoSiPt,196290.41421123222
ZrCoSiRh,300767.3924387342
ZrCoSiRu,297175.1247895136
ZrCoSn,76914.60815824884
ZrCoSnAu,70916.15252843464
ZrCoSnIr,138760.00305762413
ZrCoSnMo,126367.31020166467
ZrCoSnOs,139403.32197265187
ZrCoSnPd,147986.39174953377
ZrCoSnPt,91438.50251162454
ZrCoSnRh,246587.85093383346
ZrCoSnRu,141224.1809683003
ZrCoTc2,290015.9947550527
ZrCoTcAs,147581.69497368365
ZrCoTcSb,140781.35368482562
ZrCoTe2,68216.67691681933
ZrCr(PbO3)2,147902.97471699622
ZrCr2Si,610461.8271947816
ZrCr5P3,201586.24695416688
ZrCrAgAs,367059.30944451527
ZrCrAgS4,191221.82625389175
ZrCrAs,408370.4881993998
ZrCrAsAu,458541.11941964604
ZrCrAsIr,292870.10258516244
ZrCrAsPd,460329.2221169792
ZrCrAsPt,516762.76587006287
ZrCrAsRh,290214.9261315733
ZrCrAsRu,379530.78873733175
ZrCrAu2,553772.1710464844
ZrCrBiPd,411880.86738963326
ZrCrBiPt,453468.9503873689
ZrCrCoAs,612536.3883787841
ZrCrCoGe,709464.7086414467
ZrCrCoSb,563891.9033961423
ZrCrCoSi,444152.8894254421
ZrCrCoSn,677879.2450005858
ZrCrCu,83414.50338794164
ZrCrCu2(PO4)3,110805.44083457613
ZrCrCuS4,209850.82463309553
ZrCrCuSe4,178733.62864958146
ZrCrF6,268971.0917199474
ZrCrFeAs,727193.3331030479
ZrCrFeGe,500073.33948105585
ZrCrFeSb,675501.6750115602
ZrCrFeSi,503130.0541260985
ZrCrFeSn,563704.8940066347
ZrCrGa2,297450.22454297845
ZrCrGaAu,502697.19515876885
ZrCrGaCo,648089.8770445327
ZrCrGaFe,473345.511732268
ZrCrGaIr,420451.1479072514
ZrCrGaNi,671310.1226730293
ZrCrGaOs,435940.2765045372
ZrCrGaPd,609357.3778089178
ZrCrGaPt,605579.379541301
ZrCrGaRh,562019.8866121739
ZrCrGaRu,459794.6175004423
ZrCrGaTc,291266.4119146887
ZrCrGe2,130183.43808390234
ZrCrGeAu,415214.2910273701
ZrCrGeIr,372298.88665173843
ZrCrGeOs,289122.6546142229
ZrCrGePd,531417.4320889194
ZrCrGePt,552400.2590281847
ZrCrGeRh,373312.06051163987
ZrCrGeRu,427409.7270541306
ZrCrInAu,471091.4090510643
ZrCrInCo,556960.1038373008
ZrCrInIr,519773.90037008794
ZrCrInNi,677826.2535369092
ZrCrInOs,398380.6869077009
ZrCrInPd,567088.2915770833
ZrCrInPt,583988.7081748608
ZrCrInRh,525908.4852666927
ZrCrInRu,401571.55589727423
ZrCrIr2,446231.02365361433
ZrCrNi2,597220.3484560389
ZrCrNiAs,435136.9142823266
ZrCrNiGe,572342.0878051645
ZrCrNiSb,412022.6004794024
ZrCrNiSn,519343.777691208
ZrCrO3,481017.748841716
ZrCrO4,266274.9605286428
ZrCrPd2,511552.51226342726
ZrCrPdPb,482314.6162270976
ZrCrPt,527872.880849428
ZrCrPt2,522402.16153532773
ZrCrPtPb,500772.7664859723
ZrCrReGe,434482.27398976835
ZrCrReSi,450895.61860654404
ZrCrReSn,396324.96173529455
ZrCrRh2,506136.157242942
ZrCrRhPb,546889.3632817586
ZrCrRu2,353756.14962450234
ZrCrS4,147196.8803824224
ZrCrSbAu,394158.47782107914
ZrCrSbIr,274517.9171087781
ZrCrSbPd,409813.7697435641
ZrCrSbPt,456570.2045587596
ZrCrSbRh,274351.4787314341
ZrCrSbRu,138914.2511271774
ZrCrSi,518654.3841387735
ZrCrSiAu,414421.8836465491
ZrCrSiIr,393409.5868690701
ZrCrSiMo,297587.9395472958
ZrCrSiNi,304984.8337736619
ZrCrSiOs,309717.2458188393
ZrCrSiPd,265873.5611737213
ZrCrSiPt,282811.0592773076
ZrCrSiRh,391212.4547383272
ZrCrSiRu,443557.36118452676
ZrCrSiTc,454531.6833657866
ZrCrSnAu,377020.38604355196
ZrCrSnIr,538593.093314256
ZrCrSnOs,271701.2902417904
ZrCrSnPd,496713.7313981006
ZrCrSnPt,514207.34522780916
ZrCrSnRh,538790.9406359032
ZrCrSnRu,273722.96811405034
ZrCrTcAs,305888.88774082233
ZrCrTcGe,438225.5616183119
ZrCrTcSb,273869.6074265834
ZrCrTcSn,398343.162748091
ZrCrTe2,306752.7780608473
ZrCu(O2F3)2,369623.24037214834
ZrCu(PO6)2,277354.0763546987
ZrCuAu,58319.74141441382
ZrCuF6,97407.39977454288
ZrCuO3,66778.91801655992
ZrF3,108681.75783718542
ZrFe,222591.88090740284
ZrFe(PO4)3,170942.27361117155
ZrFe2,656144.664463716
ZrFe2As,416321.75741970935
ZrFe2Au,617769.9764650171
ZrFe2Co,864126.1605871803
ZrFe2Ge,346482.09912320913
ZrFe2Ir,757002.3210209303
ZrFe2Os,741005.7694432099
ZrFe2Pd,670437.4802034666
ZrFe2Pt,712260.9582356879
ZrFe2Rh,749963.0165192587
ZrFe2Ru,766904.1338262123
ZrFe2Sb,153449.18180112191
ZrFe2Si,355683.39289976435
ZrFe2Te,298580.2926126421
ZrFe3,923744.6708378656
ZrFeAgAs,288709.93500071066
ZrFeAgGe,325467.24518157914
ZrFeAgSn,184703.5493579403
ZrFeAs,291983.08507717104
ZrFeAs2,278946.34363726125
ZrFeAsAu,274728.888982581
ZrFeAsIr,355290.85753621184
ZrFeAsOs,138910.89986040856
ZrFeAsPd,299480.4616329209
ZrFeAsPt,315345.38248024345
ZrFeAsRh,356632.84463271
ZrFeAsRu,350266.91073111544
ZrFeAu2,356739.15481241565
ZrFeB,458045.294777546
ZrFeBi,149156.8885550728
ZrFeBiIr,254780.1001950347
ZrFeBiPd,219341.0966649475
ZrFeBiPt,267225.048860637
ZrFeBiRh,256430.88691593136
ZrFeBiRu,140192.01230585197
ZrFeCl6,178861.60769067286
ZrFeCo2,797401.9403019449
ZrFeCoAs,520068.3632354205
ZrFeCoGe,535641.7016224095
ZrFeCoSb,301274.07252079033
ZrFeCoSi,553281.5528386574
ZrFeCoSn,153813.93562154798
ZrFeCuAs,275668.8381700539
ZrFeCuGe,221424.87977216783
ZrFeCuSi,214150.43657140603
ZrFeCuSn,183379.27378221505
ZrFeF6,288233.40206856135
ZrFeGe,357206.580950598
ZrFeGe2,217325.273612729
ZrFeGeAu,282372.4335491022
ZrFeGeIr,316206.0394650963
ZrFeGePd,306046.08929158025
ZrFeGePt,315718.20990507945
ZrFeGeRh,319270.2728440847
ZrFeGeRu,293883.9278765069
ZrFeIr,426223.6085468065
ZrFeIr2,297297.43217055924
ZrFeIrPb,182513.2809770982
ZrFeN2,587456.693751977
ZrFeNi2,407838.9833812776
ZrFeNiAs,301013.96217779897
ZrFeNiBi,231069.08846242263
ZrFeNiGe,328755.58110179333
ZrFeNiPb,247567.12867830953
ZrFeNiSb,263370.5691425087
ZrFeNiSn,295870.00580717827
ZrFeO3,594205.1587532988
ZrFeP3PbO12,176656.8941341366
ZrFePd2,158080.22936765538
ZrFePdPb,226001.96219098748
ZrFePt,348156.76322035363
ZrFePt2,401129.41729062155
ZrFePtPb,285540.0705156123
ZrFeRe,331446.0656986844
ZrFeRe2,308755.77045442304
ZrFeReGe,144505.9205733137
ZrFeReSi,148423.45505377592
ZrFeRh2,478286.7351865133
ZrFeRhPb,162884.6124922873
ZrFeRu2,622437.982957056
ZrFeSb,159435.6108520841
ZrFeSbAu,230103.73374360462
ZrFeSbIr,319542.4312718937
ZrFeSbOs,141477.2767514448
ZrFeSbPd,265382.6500289799
ZrFeSbPt,277200.19592131535
ZrFeSbRh,316064.96343449736
ZrFeSbRu,143521.19660337036
ZrFeSi,368444.56766560324
ZrFeSi2,144228.8866964631
ZrFeSiAg,333895.6942071662
ZrFeSiAu,279358.3017981446
ZrFeSiIr,324462.92638311477
ZrFeSiMo,293361.00388008385
ZrFeSiNi,332336.1040029939
ZrFeSiPd,311895.09395722987
ZrFeSiPt,323787.74943929154
ZrFeSiRh,326455.0416120562
ZrFeSiRu,302600.7756760569
ZrFeSiTc,148506.02159796603
ZrFeSn,288529.49124401226
ZrFeSnAu,248041.09810325783
ZrFeSnIr,289154.5013380355
ZrFeSnPd,277530.24865054386
ZrFeSnPt,283682.97628693795
ZrFeSnRh,293044.14729018306
ZrFeTc2,323730.5729138664
ZrFeTcGe,145981.2764908726
ZrFeTcSn,131890.58378888367
ZrFeTe2,268088.9370476584
ZrGa2Ir,117733.54884567932
ZrGa6(FeCo)3,400694.3017444313
ZrGa6Fe5Co,624170.0566172007
ZrGaCo2,105646.76819624421
ZrGaCoAg,79705.5343454889
ZrGaCoAu,142565.61440135684
ZrGaCoCu,90816.66254404152
ZrGaCoHg,50272.95629043265
ZrGaCoIr,218406.94813798467
ZrGaCoNi,135253.65745746603
ZrGaCoPd,159656.42337371295
ZrGaCoPt,116469.51553433877
ZrGaCoRe,88616.00812599514
ZrGaCoRh,205963.43928005925
ZrGaCoRu,194907.18356689444
ZrGaCoTc,68653.16245379644
ZrGaFe,63495.44901680497
ZrGaFe2,460481.71709596727
ZrGaFeAg,281085.533238639
ZrGaFeAu,285355.5242272329
ZrGaFeCo,579270.917148468
ZrGaFeCu,259316.3768944586
ZrGaFeIr,262118.98219398776
ZrGaFeNi,287226.5136193378
ZrGaFeOs,139712.98705706658
ZrGaFePd,270996.76875877444
ZrGaFePt,297969.23646645586
ZrGaFeRh,253379.5422367342
ZrGaFeRu,348183.4768560279
ZrGaFeTc,283378.47140737815
ZrGaSi,72233.34479751575
ZrGaTe2,103809.70009293364
ZrGe2Ir,140437.56118867765
ZrGe2Ru,122126.3040897601
ZrGeO3,113495.8737958739
ZrGeRu,64645.198115703504
ZrHO3,184917.85913374595
ZrHgPd,107148.19573339382
ZrHgTe,289086.6263835496
ZrI,58902.392535127794
ZrIn2Ir,114889.0073065756
ZrInCo,211538.33749631155
ZrInCo2,128834.94415678858
ZrInCoAg,125404.5554494945
ZrInCoAu,90656.6991082421
ZrInCoCu,113150.69116682374
ZrInCoIr,191301.94792348857
ZrInCoPd,163561.9324702487
ZrInCoPt,211939.52023910714
ZrInCoRh,183995.75329917163
ZrInCoTc,95982.4979304776
ZrInFe2,146605.38954009296
ZrInFeAg,229699.66151817676
ZrInFeAu,276110.174503042
ZrInFeCu,234785.99449262957
ZrInFeIr,240115.40046557214
ZrInFeNi,162169.1534639631
ZrInFeOs,133100.84930085714
ZrInFePd,276065.7291009122
ZrInFePt,302440.4601173139
ZrInFeRh,230242.2122700792
ZrInFeRu,134040.00137909918
ZrInIr,74489.0021398209
ZrInNi,89392.36593059149
ZrInTe2,93222.54351336339
ZrIr2Ru,369629.3394662951
ZrIrO3,206851.19497238405
ZrIrRh,115342.73110835406
ZrMn,211711.75430716955
ZrMn(CuS2)2,291142.4088472864
ZrMn(CuSe2)2,258398.7014152287
ZrMn2,321911.7072257042
ZrMn2Al,484064.1187239972
ZrMn2As,715471.9301852569
ZrMn2Au,732485.6015771803
ZrMn2Ga,483035.5824382876
ZrMn2Ge,585018.5044209741
ZrMn2Ir,787381.16817972
ZrMn2Pd,838547.9545099367
ZrMn2Pt,846395.0855873991
ZrMn2Rh,818833.4915713688
ZrMn2Sb,674880.7564566819
ZrMn2Si,545729.8935835008
ZrMn2Sn,632746.2894037394
ZrMn2V,85048.51745037049
ZrMn3,1008705.9139868994
ZrMnAgAs,395380.1113615655
ZrMnAgGe,428895.6081415549
ZrMnAgSb,353950.84070735594
ZrMnAgSn,397164.4838207959
ZrMnAlAg,413295.5971278398
ZrMnAlAu,413270.8816306611
ZrMnAlCo,730338.476990282
ZrMnAlCr,603205.1917083149
ZrMnAlCu,352939.35184548184
ZrMnAlFe,530149.6484836136
ZrMnAlIr,416082.2162241787
ZrMnAlMo,310965.53890445543
ZrMnAlNi,298992.3984052096
ZrMnAlOs,435801.996030997
ZrMnAlPd,446333.91220892384
ZrMnAlPt,444597.93254058255
ZrMnAlRe,437487.834717265
ZrMnAlRh,413862.10492052115
ZrMnAlRu,444267.3959821478
ZrMnAlTc,467005.9688459961
ZrMnAlV,149255.88740777076
ZrMnAlZn,353377.8722849309
ZrMnAs,392428.7102751743
ZrMnAs2,362006.79957318335
ZrMnAsAu,390939.00331734895
ZrMnAsIr,497518.9796328824
ZrMnAsPd,378409.2308313077
ZrMnAsPt,420406.27941610117
ZrMnAsRh,357937.0699941701
ZrMnAsRu,334765.52502518886
ZrMnAu2,539926.9981440122
ZrMnB,625431.4548333784
ZrMnBe2,492888.31094939733
ZrMnBeAl,345014.4353078115
ZrMnBeGa,358214.12254298525
ZrMnBeGe,164617.11959279646
ZrMnBeSi,106271.24642181084
ZrMnBeZn,463090.55663760396
ZrMnBiAu,339741.99104462913
ZrMnBiPd,343497.56643839914
ZrMnBiPt,315008.0109293214
ZrMnBiRh,425206.01876569353
ZrMnCdGa,415612.77774145897
ZrMnCo2,860930.9198796705
ZrMnCoAs,613255.2572846825
ZrMnCoGe,686438.3895619347
ZrMnCoSb,152143.5571796876
ZrMnCoSi,703053.3606303673
ZrMnCoSn,594768.5911507877
ZrMnCrAs,326356.01728774724
ZrMnCrGa,608686.1270128341
ZrMnCrGe,474469.4925331399
ZrMnCrSb,293293.34294270625
ZrMnCrSi,497736.99113141955
ZrMnCrSn,427875.0307495943
ZrMnCuGe,304862.5603010557
ZrMnCuSb,143222.46806804303
ZrMnCuSi,199728.368768799
ZrMnCuSn,288901.2012640238
ZrMnF6,332929.3761411138
ZrMnFeAs,757957.5578228546
ZrMnFeGe,759106.8152782826
ZrMnFeSb,579966.794108983
ZrMnFeSi,790119.1801662728
ZrMnFeSn,681811.014331112
ZrMnGa,101602.26863547564
ZrMnGa2,329127.5817610198
ZrMnGaAg,424436.7184462171
ZrMnGaAu,423727.72054654744
ZrMnGaCo,732050.9203470765
ZrMnGaCu,429915.0950018644
ZrMnGaFe,721220.5748153331
ZrMnGaHg,409353.04042560223
ZrMnGaIr,539549.9984261221
ZrMnGaNi,502645.33858942584
ZrMnGaOs,503150.88308287587
ZrMnGaPd,484907.6433731712
ZrMnGaPt,496433.7778381087
ZrMnGaRe,435672.0265103096
ZrMnGaRh,396956.18154217675
ZrMnGaRu,453624.78241448477
ZrMnGaTc,475123.306109738
ZrMnGe,462084.3370243904
ZrMnGe2,303802.09289885574
ZrMnGeAu,437306.6222472047
ZrMnGeIr,449935.4677235027
ZrMnGeOs,404121.71342497354
ZrMnGePd,419260.006211732
ZrMnGePt,446132.4138038996
ZrMnGeRh,306181.60673154716
ZrMnGeRu,415888.80583253526
ZrMnHgAs,341531.0471814689
ZrMnInAu,410335.28339714924
ZrMnInCo,605826.5058622154
ZrMnInFe,561339.0100783424
ZrMnInIr,537108.2653757975
ZrMnInNi,484318.7980663894
ZrMnInOs,461611.67231254245
ZrMnInPd,476435.2876452939
ZrMnInPt,490461.91955407005
ZrMnInRh,524325.7890624417
ZrMnInRu,442625.69769311306
ZrMnInTc,383547.14614413696
ZrMnIr,593598.1851512269
ZrMnIr2,651792.5851253355
ZrMnIrPb,434556.8375372491
ZrMnN2,467051.58399145224
ZrMnNbSi,287541.4840374161
ZrMnNi2,603855.5163671933
ZrMnNiAs,395994.845313446
ZrMnNiGe,320860.31659269886
ZrMnNiSb,255536.83475790397
ZrMnNiSn,346881.4075830638
ZrMnO3,747375.9610799431
ZrMnO5F6,56157.86463976401
ZrMnO6,330528.36521608196
ZrMnOs2,481772.09864835034
ZrMnP,418692.2052401472
ZrMnPbAu,398147.8694480189
ZrMnPd2,519534.45333176776
ZrMnPdPb,387179.09533419483
ZrMnPt,487903.0533363746
ZrMnPt2,610403.4081581447
ZrMnPtPb,414248.455244696
ZrMnReGe,298843.54612199904
ZrMnReSi,311603.8280546957
ZrMnReSn,368265.05693711434
ZrMnRh,579469.4503488741
ZrMnRh2,680303.4807181365
ZrMnRhPb,472147.6837897227
ZrMnRu2,535832.1423517274
ZrMnSb,302243.822449216
ZrMnSb2,309274.32742093643
ZrMnSbAu,352731.0702086098
ZrMnSbIr,415845.56478028384
ZrMnSbPd,328624.7608750712
ZrMnSbPt,367494.00433272554
ZrMnSbRh,319539.8554425562
ZrMnSbRu,302605.81751144584
ZrMnSi,475523.9513679971
ZrMnSi2,151432.79492915442
ZrMnSiAg,438636.3425977226
ZrMnSiAu,365273.2628863555
ZrMnSiIr,315555.1774669458
ZrMnSiMo,445384.98073770566
ZrMnSiNi,317025.72125143034
ZrMnSiOs,426957.3698416563
ZrMnSiPd,308945.4692470403
ZrMnSiPt,326419.97147861426
ZrMnSiRh,318636.73719753925
ZrMnSiRu,435268.46374204097
ZrMnSiTc,447950.2178284475
ZrMnSn,400863.1545070454
ZrMnSnAu,399611.6481466859
ZrMnSnIr,478165.23500292184
ZrMnSnMo,391230.18911779864
ZrMnSnOs,136483.3735999656
ZrMnSnPd,390331.21544463397
ZrMnSnPt,417120.09392855875
ZrMnSnRh,457705.7257705701
ZrMnSnRu,382457.9548512433
ZrMnTc2,282014.7838281952
ZrMnTcAs,151881.70610577156
ZrMnTcGe,297683.06623149815
ZrMnTcSb,137948.74958489096
ZrMnTcSn,273657.7227982835
ZrMnTe,156412.27582182767
ZrMnTe2,317367.81203433446
ZrMnTlAu,405454.1006072523
ZrMnTlF7,304559.96459881077
ZrMnTlIr,520179.6346200864
ZrMnTlPd,467334.8914378816
ZrMnTlPt,485698.73750717076
ZrMnTlRh,509787.41315682547
ZrMnVAs,466254.52009539417
ZrMnVGe,306844.2397615947
ZrMnVSb,422551.2941217885
ZrMnVSi,249095.9425390893
ZrMnVSn,392948.2046624252
ZrMnZn2,434236.59611088294
ZrMnZnAs,363464.5151283268
ZrMnZnAu,508908.19795537996
ZrMnZnCo,680991.9840492929
ZrMnZnFe,482836.97755520133
ZrMnZnGa,368886.6380629518
ZrMnZnGe,399371.9606134733
ZrMnZnIr,542744.7286150847
ZrMnZnNi,607282.0605197048
ZrMnZnOs,493151.8039589018
ZrMnZnPd,550742.2879781135
ZrMnZnPt,500886.40977995313
ZrMnZnRh,538907.8443482106
ZrMnZnRu,508425.30942704994
ZrMnZnSi,282635.3953775834
ZrMnZnSn,284873.66431517253
ZrMoO3,373524.2388976639
ZrMoPt2,253010.82426037957
ZrMoRh2,127658.04244852018
ZrMoRu2,114777.42948557733
ZrN2,84364.56429308209
ZrN2O9,144598.54730203195
ZrNO6,97867.97396440216
ZrNbAlCo,410809.05002518056
ZrNbAlNi,262166.724658069
ZrNbCo2,421223.14485476754
ZrNbCo4,190158.14891909694
ZrNbCoSi,284142.2508203112
ZrNbFe2,173821.19194442383
ZrNbFeSi,406789.21156517527
ZrNbO3,321496.1671259391
ZrNbO4,131890.0371837908
ZrNbTe2,75187.25004343013
ZrNi(PbO3)2,146044.90507103354
ZrNi5,63335.40331791193
ZrNi5(BO5)2,504729.7008932228
ZrNiF6,145390.1025413387
ZrNiHg,110341.37462130221
ZrNiIr2,204606.9448337423
ZrNiO3,302584.16514296114
ZrNiRu2,76312.64732750547
ZrNp3,1018128.60070198
ZrNpAl2,496061.12912553037
ZrNpAs,638804.7235975212
ZrNpAs2,482978.0758229064
ZrNpAu2,541464.6539106757
ZrNpIr,653423.821542263
ZrNpO3,562109.1923336142
ZrNpPd2,546047.1564075989
ZrNpPt,609745.5613072483
ZrNpPt2,504558.42597372324
ZrNpRh2,477868.7480285491
ZrNpSi2,413456.43634348124
ZrNpTe2,382849.22290462995
ZrO2F5,80284.38742246281
ZrOsO3,283143.85962332727
ZrOsRh2,266597.07335057616
ZrP2HO7,57587.15034788649
ZrP2N3O10,71786.4520369769
ZrPaAl2,225604.50925934865
ZrPaFe2,170171.97166121507
ZrPaGa2,256717.18039704295
ZrPaGe,157068.51848825553
ZrPaO3,308871.0567448577
ZrPaPt,238590.62052895917
ZrPaSi,140728.1461413898
ZrPaSn2,168705.71082007184
ZrPaZn2,67558.28650824669
ZrPdF6,177724.76975454635
ZrPdO3,135322.89299441653
ZrPtO3,165164.73846831886
ZrReO3,409869.7109723869
ZrRhO3,200365.78739966414
ZrRuO3,266724.0767116832
ZrRuPt,147891.07095034118
ZrRuRh2,285799.1164853752
ZrS2N,285161.60031072487
ZrS2O13,176125.2370288994
ZrS2O15,113201.32438000599
ZrSbO3,126749.5005893621
ZrSbRu2,136377.19448778557
ZrSi2Ir,127892.42355290918
ZrSi2Ru,125938.26187610684
ZrSiO3,239842.26216831943
ZrSn2Au,50941.322848826516
ZrSn2Ir,124248.70137181203
ZrSn2Pt,60021.99998527648
ZrSn2Rh,93550.38340826705
ZrSnTe2,147720.9499314921
ZrTaCo2,244628.32592538616
ZrTaCo4,220586.8641803712
ZrTaFe2,168259.24292917617
ZrTaFeCu,69168.83097187988
ZrTaO3,333563.6107972342
ZrTcAs,91217.7345911885
ZrTcAs2,145310.32839922872
ZrTcGe,99339.0875875567
ZrTcIr2,473205.25227889407
ZrTcNi2,74663.743235822
ZrTcNiAs,89935.2641199217
ZrTcO3,381319.33131671586
ZrTcPt2,235854.3465216514
ZrTcSb2,136854.73437990315
ZrTcTe2,71322.74267060701
ZrTe2Mo,202509.92727259937
ZrTe2Pb,156977.1455828664
ZrTeO3,119496.6950053118
ZrTeRu2,226766.2196157735
ZrTi2Al,128375.83841902387
ZrTi2As,64144.08276797507
ZrTi2Co,342851.1293397858
ZrTi2Fe,320695.93814504775
ZrTi2Ga,125823.24273114919
ZrTi2Ge,117997.18031528535
ZrTi2In,128804.3174599637
ZrTi2Sb,58452.94999471956
ZrTi2Si,122279.00169157125
ZrTi2Sn,109284.06619057259
ZrTi2Zn,210123.5500799455
ZrTi3(P2O9)4,71922.68358994539
ZrTiAlCo,293245.24691269675
ZrTiAlCr,120981.2941791233
ZrTiAlCu,477063.9977688395
ZrTiAlFe,135711.155894358
ZrTiAlNi,425104.7246164248
ZrTiCoAs,343395.3907282169
ZrTiCoGe,438193.7622343792
ZrTiCoSb,422795.45481069805
ZrTiCoSi,452745.4547974188
ZrTiCoSn,395680.3254962837
ZrTiCrGa,128150.41098276124
ZrTiCrIn,125966.22341405627
ZrTiCuO5,104899.79815162873
ZrTiF6,140142.41116606252
ZrTiFeAs,388326.8679465373
ZrTiFeGe,283480.280743693
ZrTiFeSb,406261.84694966354
ZrTiFeSi,286753.91434777743
ZrTiFeSn,269365.0206359606
ZrTiGa2,146972.471109929
ZrTiGaCo,291734.1520985509
ZrTiGaFe,100959.45321395557
ZrTiGaNi,428245.038706895
ZrTiGe,59119.549024943306
ZrTiIn2,134534.12446075657
ZrTiInCo,263160.9395192036
ZrTiInNi,392282.68317800725
ZrTiMn4,267870.53757787065
ZrTiMnAs,215825.10739039484
ZrTiMnGe,112533.63257990632
ZrTiMnSb,271351.6303602064
ZrTiMnSi,72926.69540786279
ZrTiMnSn,106658.07777469393
ZrTiMnZn,135733.30887442554
ZrTiNiAs,285347.81819267385
ZrTiNiB,173993.14048760702
ZrTiNiGe,446222.2867793634
ZrTiNiSb,294883.01528716536
ZrTiNiSn,458096.31867922057
ZrTiO3,207348.62358729282
ZrTiPd,139578.6251206304
ZrTiSi,51027.16048631044
ZrTiSiNi,450485.27491764835
ZrTiSn2,95220.22299678615
ZrTiZnCo,149741.08414834552
ZrTiZnNi,292363.4913050623
ZrTlCo2,158395.57612829606
ZrTlCoAu,147264.77900730315
ZrTlCoIr,140603.58934045705
ZrTlCoNi,109145.50344414449
ZrTlCoPd,152492.27767942983
ZrTlCoPt,201200.2188747751
ZrTlCoRh,139829.80934868343
ZrTlCrIr,511377.2616607374
ZrTlCrPd,603090.0853092823
ZrTlCrPt,572986.1570034686
ZrTlCrRh,513426.06893730233
ZrTlFeIr,208606.91021265363
ZrTlFePd,217810.5826731592
ZrTlFePt,305011.4066094405
ZrTlIr,67568.957150337
ZrTlRh,90316.14653537297
ZrTlTe2,91823.42863045266
ZrU2S5,335812.3598838932
ZrU3,257277.0604213186
ZrU3Sb5,316504.47569570807
ZrU4O10,382681.1511831264
ZrU9O20,425325.604218517
ZrUAl2,387141.2780385459
ZrUAl4,242797.50441876665
ZrUAl6,132311.6679219408
ZrUAs,486864.84742789366
ZrUAs2,133053.8731861531
ZrUAu2,402215.59134008887
ZrUCN,141794.1596692089
ZrUGe2,236365.4629191303
ZrUIr,434868.93054475985
ZrUN2,364023.87690756517
ZrUO3,372847.0509692009
ZrUO4,250186.80557740395
ZrUOs2,261712.98583698706
ZrUPd2,343163.1055853432
ZrUPt,431317.080696273
ZrUS2,325646.34536962595
ZrUSb2,188178.14022331146
ZrUSi2,233224.09739681755
ZrUTe2,201806.48508543978
ZrV2Sb,167923.23501907522
ZrVAs,135221.0541493783
ZrVB,138352.27430930606
ZrVCo2,501125.1892473797
ZrVCoAs,170398.74753205822
ZrVCoGe,517129.22817169275
ZrVCoSb,650768.7717131093
ZrVCoSi,360855.7496804624
ZrVCoSn,551043.2243811049
ZrVCrAs,305287.51203511324
ZrVCrSi,86615.17231417251
ZrVCu,92398.8476017664
ZrVF6,216169.726193969
ZrVFe2,189558.66291599098
ZrVFeAs,321747.03393092554
ZrVFeGe,470136.08640431985
ZrVFeSb,293501.9307248299
ZrVFeSi,486876.1264356607
ZrVFeSn,418693.28415501956
ZrVGa2,333918.7283951964
ZrVGaCo,458660.47977648914
ZrVGaFe,307547.66420329845
ZrVGe,51530.11772771313
ZrVGe2,166240.78004230952
ZrVInCo,416267.6575884501
ZrVO3,428334.39825720346
ZrVPd2,424333.82192834985
ZrVPt,314040.2409519024
ZrVSi2,128498.58784372988
ZrVSn2,151145.84100521068
ZrVTe2,159859.35385198396
ZrVZn2,221454.46933484476
ZrVZnCo,317253.65838100575
ZrWO3,394473.0504544998
ZrZn2Co,75969.20017307524
ZrZn2Cr,464392.5788118621
ZrZn2Fe,300728.1228008636
ZrZn3N4,171275.60308303346
ZrZnAu,56711.410394760365
ZrZnCoAg,98157.5657183995
ZrZnCoAu,185288.4667656276
ZrZnCoCu,125549.9024284471
ZrZnCoGe,78911.38569096707
ZrZnCoIr,146177.5613348223
ZrZnCoNi,168055.21670515547
ZrZnCoPd,172411.62461151462
ZrZnCoPt,191432.95738367032
ZrZnCoRh,128604.28551799837
ZrZnCoSi,87655.65152598688
ZrZnCoSn,74876.77311813628
ZrZnCoTc,155158.40666131958
ZrZnCrAs,396101.48370316264
ZrZnCrAu,597664.835905992
ZrZnCrCo,473625.6023224203
ZrZnCrGa,393729.7731963784
ZrZnCrGe,303740.3671596296
ZrZnCrIr,471371.9628582349
ZrZnCrNi,613320.39829677
ZrZnCrPd,564626.8519616644
ZrZnCrPt,557205.3758587019
ZrZnCrRh,472716.4713819631
ZrZnCrRu,455839.67799719813
ZrZnCrSi,278296.2537069044
ZrZnFe2,319473.66155450686
ZrZnFeAs,140938.9975521608
ZrZnFeAu,307538.0698015607
ZrZnFeCo,411943.78782629577
ZrZnFeCu,161002.43905674556
ZrZnFeGe,139974.33454217727
ZrZnFeIr,325106.0705747153
ZrZnFeNi,245550.0953778418
ZrZnFeOs,295230.5216966899
ZrZnFePd,201657.83074666883
ZrZnFePt,313551.4521711759
ZrZnFeRh,311060.4817265079
ZrZnFeRu,403138.6956433379
ZrZnFeSb,112291.96023531762
ZrZnFeSi,140625.88058368786
ZrZnGaFe,240381.81062832993
ZrZnInFe,191395.34108019815
ZrZnNi,98845.64162347236
ZrZnPd,53142.841318557264
