composition,Ms
Ac2Ce2O5,90019.8192132342
Ac2CeAu,141123.00305277415
Ac2CeGe,55284.17815057594
Ac2CeHg,84355.2425242634
Ac2CePd,112187.75985054957
Ac2CePt,120048.36049905967
Ac2LaAu,123991.89818399251
Ac2LaPt,53942.94084786286
Ac2NdPd,91948.40777051752
Ac2NdPt,108554.63668360762
Ac2PmPt,93486.8282030083
Ac2PrAu,140272.98220540734
Ac2PrPd,113541.40503915613
Ac2PrPt,119326.8995104757
Ac2Sc2O5,52602.658696282
Ac3Ce,116673.68927654708
Ac3Eu,466285.25112082675
Ac3La,97275.41582146307
AcCe3,162890.23170270256
AcCeHg2,51319.668979077454
AcCeTe,94111.1026920403
AcCeTe2,59186.06996893813
AcCeTl,63872.31330461704
AcDy2In,90960.19562089031
AcDyGa,62487.1614193944
AcDyTe,90636.76435640718
AcDyTe2,68690.20793595356
AcDyTl,75705.4080435787
AcEr2In,101917.7488894638
AcErGa,53902.01535790227
AcErTe,106390.98297246314
AcErTe2,75272.25490837177
AcEu2O4,73133.49451058952
AcEu3,1179228.3052011952
AcEuAu2,308959.54397252086
AcEuMg2,255064.93385711653
AcEuO3,106093.80296800644
AcEuZn2,288657.8163683141
AcGd2Au,161336.5111852633
AcGdGa,60611.804742618966
AcGdTe2,66894.50281033255
AcGdTl,76055.77279347475
AcHoGa,61349.00328221937
AcHoTe,97714.51684420252
AcHoTe2,74120.19998884939
AcLa2Au,143255.54078923448
AcLaTe,103544.85844419879
AcLaTe2,63458.93989630102
AcLaTl,64872.17968035028
AcLu2Sn,83541.1022894709
AcLuTe,106681.01878707045
AcLuTe2,74800.83247081547
AcNd2Au,113914.24421566077
AcNdTe,99662.6111366822
AcNdTe2,58769.79613816159
AcNdTl,70181.8115580369
AcPm2Au,137913.36626247814
AcPmGa,51434.35886898944
AcPmTe,101910.06315835523
AcPmTe2,65372.850946034094
AcPmTl,72841.90803096062
AcPrHg2,50410.11240720598
AcPrTe,138025.10731718532
AcPrTe2,58389.416741493704
AcPrTl,67148.61532656345
AcScBi,94929.62387246887
AcScSb,233965.47794943443
AcScTe,199161.938743258
AcScTe2,120966.31358214
AcSm2Au,150510.0314159368
AcSmGa,54929.41567674481
AcSmIn,68061.62939384203
AcSmTe,66535.58005263192
AcSmTe2,64992.09391118986
AcSmTl,74632.34930599653
AcTbTe2,68128.58399494344
AcTm2Pt,58425.58625726698
AcTmTe,113520.08107117614
AcTmTe2,75369.94358408377
AcYGa,64311.45133750128
AcYTe,96155.2563257217
AcYTe2,83782.40534259604
AcYTl,74955.7561598498
AcYb2O4,75566.2954580447
AcYbO3,113875.28520040958
Ba(CeS2)2,106708.24688100585
Ba10Gd2Y3(Cu3O7)5,141747.0833733556
Ba10GdY4(Cu3O7)5,69482.70914160708
Ba10Nd4Y(MoO6)5,57923.49357151242
Ba10Pr5Ir(Ru2O15)2,161694.6122621091
Ba10Y5(Fe5O12)3,658411.0302807611
Ba12Sm4Al3(CoO6)5,194312.1169715867
Ba20Y10Cu(Ru3O20)3,152864.22598644684
Ba2Ca2EuTi3(CuO7)2,199520.8186056689
Ba2CaEr3(NiO5)2,113522.91921342148
Ba2CaY(Co4O7)2,635163.3191104258
Ba2CaY2(Fe2O5)2,493201.05516239884
Ba2Ce2Ti2Fe(Si4O13)2,94603.40093378417
Ba2Ce3Si3O12F,88240.72338892783
Ba2CeAs,221225.98608433772
Ba2CeBi,193737.5559114455
Ba2CeCrO6,123724.70614734352
Ba2CeMgNbO6,110144.69534379068
Ba2CeNbO6,55055.7046538781
Ba2CePaO6,50168.31657669648
Ba2CePb,154819.05189892676
Ba2CePrO6,50304.009644184436
Ba2CePuO6,211498.93115844304
Ba2CeSb,199711.89534803282
Ba2CeSn,157354.06775325342
Ba2CeTe,181440.0200086331
Ba2CeVO6,61553.200603418176
Ba2CeWO6,115771.26273567785
Ba2Dy2Co4O11,318675.555961361
Ba2Dy2O5,58778.06021203746
Ba2DyCoCu2O7,133361.88011369808
Ba2DyMgNbO6,88754.06830567808
Ba2DyMoO6,60292.34416805246
Ba2DyTe,94723.36483827676
Ba2DyUO6,55388.9257961861
Ba2DyWO6,59882.71100493389
Ba2Er2O5,59604.29733157736
Ba2ErCoCu2O7,115640.30046891906
Ba2ErCuNi2O7,173922.42269212383
Ba2ErMgNbO6,94182.82985245899
Ba2ErMgRuO6,55207.5236775147
Ba2ErMoO6,61226.70393524408
Ba2ErReO6,123692.1051898045
Ba2ErRuO6,192599.75265555424
Ba2ErUO6,55111.62565387985
Ba2Eu(CuO2)4,274541.22085029376
Ba2Eu2O5,56469.54467697603
Ba2Eu2ZnPtO8,93111.21168588997
Ba2Eu3Mn2(CuO6)2,244402.97240987324
Ba2EuBiO6,326588.9726779853
Ba2EuCrO6,437131.20019356476
Ba2EuMgNbO6,311007.6605573559
Ba2EuMgSbO6,297515.4133386404
Ba2EuMoO6,416458.425405932
Ba2EuNbO6,58900.84957626027
Ba2EuSbO6,202953.32573631287
Ba2EuTa3Ti2O15,178214.5831825573
Ba2EuTaO6,59261.553638963676
Ba2EuV3O11,203722.07467413446
Ba2EuVO6,371163.2900265632
Ba2EuWO6,396207.8764702455
Ba2Gd(CuO2)4,308169.73884459084
Ba2Gd2Co4O11,482191.7592480615
Ba2Gd2O5,117114.54294918782
Ba2GdBiO6,385058.86768862326
Ba2GdCu2(HgO4)2,291617.9141329373
Ba2GdCu3SO6,308759.1696100103
Ba2GdMgCu3O7,313713.26239544054
Ba2GdMgSbO6,313370.50758662965
Ba2GdPaO6,371810.3829337149
Ba2GdSbO6,411527.4430371638
Ba2GdTaO6,409608.9909003749
Ba2GdTe,104490.99560009902
Ba2GdUO6,424799.7838921446
Ba2GdV3O11,239787.11807496863
Ba2HfScO6,63793.2514616629
Ba2Ho2Co4O11,345461.3037143293
Ba2Ho2Fe(CoO4)3,508430.05644391227
Ba2Ho2O5,59698.03074047534
Ba2HoCoCu2O7,116493.3586017577
Ba2HoMgNbO6,94069.67666885562
Ba2HoMgRuO6,54484.4263018843
Ba2HoMoO6,60659.67801907756
Ba2HoRuO6,191438.137847441
Ba2HoUO6,54599.198605144746
Ba2La(FeO3)3,635674.7742114671
Ba2La2Co4O11,83554.9356821997
Ba2La2MgMn(WO6)2,224143.1643818074
Ba2La2MgZn(WO6)2,67552.34817142572
Ba2La2Mn(WO6)2,180321.67429256495
Ba2La2Mn4O11,581287.2424812118
Ba2La2Ni(WO6)2,70446.57177169036
Ba2La3Nd(CuO5)2,66749.10335362054
Ba2La4Mn5SnO18,459928.9406212105
Ba2LaAs,222111.56635932418
Ba2LaBi,201409.3504109658
Ba2LaCoCu2O7,122330.9220080403
Ba2LaCrO6,59966.661272685655
Ba2LaIrO6,118146.66534563772
Ba2LaMn2O7,385680.5687563584
Ba2LaPb,158294.62742978835
Ba2LaPuO6,153671.1285054278
Ba2LaRuO6,177662.60888842773
Ba2LaSb,205210.6924775526
Ba2LaTe,227572.3208699312
Ba2LaUO6,50437.64103072765
Ba2LaWO6,55481.789833410614
Ba2LiEu(CuO2)4,305250.1482888709
Ba2LiHoRuO6,116844.41262065474
Ba2LiLaIrO6,54111.42487827699
Ba2LiScO6,266052.46903426305
Ba2LiSmCoCu2O7,113876.15505167753
Ba2LiTbIrO6,57697.46249782281
Ba2LiY2(Fe2O5)2,584077.158045808
Ba2LiYO6,250020.90772903938
Ba2Lu2O5,58871.875549861266
Ba2LuIrO6,127468.04654811285
Ba2LuMgNbO6,90582.43227979369
Ba2LuMgRuO6,53666.23611192228
Ba2LuMoO6,62179.23491507731
Ba2LuReO6,123237.58071619587
Ba2LuRuO6,196425.61830258893
Ba2LuUO6,57362.922050163535
Ba2MgScO6,196255.63569276713
Ba2NaCe2Ti2FeSi8HO27,96591.44793300654
Ba2NaScO6,240727.34092711826
Ba2NaYO6,222615.9379765884
Ba2Nd2Co4O11,446879.4478656871
Ba2Nd2Fe(CoO4)3,497081.3045806058
Ba2Nd2Fe3CoO12,565786.6959646284
Ba2Nd2Fe4O11,762379.4908570013
Ba2Nd2Mg(Fe2O5)2,387690.4079887487
Ba2Nd2MgCo4O11,349485.3406322977
Ba2NdBi,104529.33235527322
Ba2NdCoCu2O7,130449.01130151888
Ba2NdIrO6,120169.00094571129
Ba2NdMgMoO6,157199.0890729091
Ba2NdMgRuO6,51902.86279452444
Ba2NdPuO6,156609.11605796663
Ba2NdReO6,115939.16704304644
Ba2NdRuO6,180857.19629193586
Ba2NdSb,106347.58261230293
Ba2NdTe,136687.74223584216
Ba2NdUO6,51227.05394974523
Ba2NdWO6,56733.34352828652
Ba2PmBi,77520.84397039317
Ba2PmSb,74837.9775497874
Ba2PmTe,119745.7709189502
Ba2Pr2Co4O11,396196.3207047365
Ba2Pr3(CoO3)5,340386.9663527066
Ba2PrAs,220526.0487847065
Ba2PrBi,178776.10453068643
Ba2PrCoCu2O7,123153.30516512388
Ba2PrIrO6,119655.41873204306
Ba2PrMgRuO6,51462.97769469278
Ba2PrRuO6,178762.35300166951
Ba2PrSb,177450.33868351238
Ba2PrSn,81306.0106056156
Ba2PrTe,156518.64156478862
Ba2PrWO6,56017.09646598931
Ba2PrZrO6,53442.014483869825
Ba2Sc2O5,71400.76075958177
Ba2ScAs,98109.19957063752
Ba2ScBO6,138573.62500053845
Ba2ScBeO6,217839.110738039
Ba2ScBi,90058.83957216474
Ba2ScCdO6,186109.11721088234
Ba2ScCoO6,143939.39876322262
Ba2ScCrO6,90232.92367356323
Ba2ScFeAsO3,238786.166805836
Ba2ScFeO6,214478.33512821025
Ba2ScGaO6,134778.62655506615
Ba2ScInO6,124367.66615025807
Ba2ScIrO6,134529.3919705543
Ba2ScMnO6,169435.21245407424
Ba2ScNiO6,71771.9155417525
Ba2ScOsO6,199638.05784704478
Ba2ScPbO6,60977.03442373076
Ba2ScPdO6,67346.64772375826
Ba2ScPtO6,51440.14842625046
Ba2ScReO6,131887.18113626644
Ba2ScRhO6,136588.01034361424
Ba2ScRuO6,204031.4715485034
Ba2ScSb,88950.00585712962
Ba2ScSnO6,64320.27953060854
Ba2ScTcO6,135813.609151698
Ba2ScTe,130924.545485505
Ba2ScTiO6,67706.02523535622
Ba2ScTlO6,120585.71205386089
Ba2ScUO6,59864.330215523325
Ba2ScZnO6,199924.05184142207
Ba2Sm2Fe4O11,754681.5820613063
Ba2SmBi,60092.53074849233
Ba2SmCoCu2O7,127917.83103061524
Ba2SmCrO6,62306.022442714566
Ba2SmFeO6,186578.30306600267
Ba2SmMgMoO6,153837.78792239403
Ba2SmNb4FeO15,141896.46397826672
Ba2SmSb,53135.34867136581
Ba2SmTe,114181.62125175293
Ba2SmUO6,52373.21618051502
Ba2SmWO6,57799.350671356086
Ba2SrY2Cu2PtO10,70633.50369953412
Ba2Tb2Co4O11,173342.43530456137
Ba2Tb2MgCo4O11,411343.7261088507
Ba2Tb2Mn4O11,623007.6845084449
Ba2Tb2O5,56616.70146913552
Ba2TbCeO6,52986.84986207608
Ba2TbIrO6,125595.83457826491
Ba2TbMoO6,59759.27979531476
Ba2TbPrO6,101300.41866657697
Ba2TbTe,99071.08077525982
Ba2TbWO6,58739.50148947832
Ba2Tm2O5,59368.52126867551
Ba2TmMgNbO6,95529.15848603784
Ba2TmMgRuO6,55429.89707797024
Ba2TmMoO6,61528.95648626733
Ba2TmRuO6,193928.49502450216
Ba2Y2Co3CuO10,382080.5471978354
Ba2Y2Co4O11,473597.7209903869
Ba2Y2Co4O9,376825.84835644206
Ba2Y2Mg(Fe2O5)2,517836.39664940507
Ba2Y2Mn4O11,605846.3495156836
Ba2Y2O5,59069.45058722922
Ba2YAlO6,129424.47400534245
Ba2YBO6,130890.78441429188
Ba2YBi,55203.689319668294
Ba2YCdO6,75844.80216709997
Ba2YCo2F11,225638.56036974554
Ba2YCo3O7,285721.9149658755
Ba2YCo3O8,498629.90581500455
Ba2YCoCu2O7,126278.17210456695
Ba2YCoO6,134302.88388284287
Ba2YCr2F11,290534.21547442296
Ba2YCr3O8,447794.5760376011
Ba2YCrO6,65958.43073431929
Ba2YCu2F11,74530.8295935623
Ba2YFe2F11,298445.5228045109
Ba2YFe3O8,749921.815935988
Ba2YFeO6,200024.5902251896
Ba2YGaO6,124781.69591782801
Ba2YGeO6,64849.7448260256
Ba2YHfO6,59137.20228841498
Ba2YIrO6,126526.34528938017
Ba2YMgCo3O8,390491.7887925075
Ba2YMgFe3O8,350453.98407002375
Ba2YMgMn2TlO7,368370.11226526235
Ba2YMgMn3O8,514693.4736865368
Ba2YMgNbO6,68471.99110968086
Ba2YMgNi3O8,154690.17080549448
Ba2YMgO6,182100.88347477544
Ba2YMgRuO6,54697.45231714487
Ba2YMn2TlO7,374486.12007374165
Ba2YMn3O7,652621.3031341652
Ba2YMn3O8,597571.134180728
Ba2YMnO6,169773.6317878325
Ba2YMo3O8,401195.83783413697
Ba2YMoO6,60720.357141200686
Ba2YNi2F11,154046.13929513417
Ba2YNi3O7,258838.2493022726
Ba2YNiO6,67147.11985811201
Ba2YOsO6,188221.0590114191
Ba2YPbO6,56903.37362682751
Ba2YPdO6,63876.254769921296
Ba2YPtO6,63159.902125742025
Ba2YReO6,125939.48079543357
Ba2YRhO6,127351.97891635791
Ba2YRuO6,189952.66712728585
Ba2YScO6,118529.09902015522
Ba2YSiO6,68714.94117610007
Ba2YSnO6,59210.47806351307
Ba2YTcO6,125602.9422614508
Ba2YTe,105004.90130149109
Ba2YTi2F11,76433.91122238869
Ba2YTiO6,62608.93279117325
Ba2YTlCr2O7,282866.64990138303
Ba2YTlFe2O7,364032.94239086536
Ba2YTlNi2O7,177738.6432168487
Ba2YTlO6,113586.83993097131
Ba2YTlV2O7,175794.65180682015
Ba2YTlW2O7,167778.69981864144
Ba2YUO6,54004.69904678115
Ba2YV2F11,220652.03459752598
Ba2YV3O7,382583.7829447326
Ba2YV3O8,290419.83234934707
Ba2YW3O7,227301.8444981574
Ba2YW3O8,136593.99849424613
Ba2YZnO6,187542.74724360192
Ba2YZrO6,58346.77795886176
Ba2YbMgNbO6,107979.41459102104
Ba2YbMgRuO6,58309.521243035124
Ba2YbMoO6,64072.39553536362
Ba2YbNbO6,61030.092728507014
Ba2YbReO6,52160.76662619226
Ba2YbRuO6,128957.57378170773
Ba2YbTaO6,61265.271023514084
Ba2YbUO6,56979.10073219504
Ba2ZrScO6,62713.75750321555
Ba3Ce,89214.53162439601
Ba3Ce2O6,78024.71512995852
Ba3CeRu2O9,122558.20429791053
Ba3DyIrRuO9,82239.15294276386
Ba3DyRu2O9,128247.19814693078
Ba3DyUFeO9,171811.85645928243
Ba3Er2Cu2PtO10,72665.0056542144
Ba3ErIrRuO9,82905.62616018196
Ba3ErMn2O9,309801.39343300014
Ba3ErRu2O9,129134.65112654153
Ba3Eu,302471.52857393114
Ba3Eu(BO2)9,135281.65594681315
Ba3Eu3(Fe3O8)2,1191217.652464309
Ba3EuRu2O9,167050.95180895863
Ba3Gd(BO2)9,159148.14185697978
Ba3GdIrRuO9,280433.84040237044
Ba3Ho2Cu2PtO10,72169.58339747624
Ba3HoIrRuO9,82631.59834524205
Ba3HoRu2O9,124371.1727011264
Ba3HoUFeO9,141422.90663450435
Ba3La3Mn2(WO6)3,250100.6258854724
Ba3La7Mn(Co3O10)3,454553.9691001561
Ba3La7Mn2(Co4O15)2,446630.11213546596
Ba3La7Ti3Cr7O30,311701.8908318687
Ba3LaIrRuO9,78041.38497527146
Ba3LaRu2O9,121431.95116366069
Ba3LuIrRuO9,84092.04988855212
Ba3LuRu2O9,130816.94917378045
Ba3Nd3(Co3O8)2,480578.8191242464
Ba3Nd3Co6O17,448462.68265277066
Ba3NdIrRuO9,79361.86907304195
Ba3NdRu2O9,123541.91859389833
Ba3PrIrRuO9,78521.37965086928
Ba3PrRu2O9,123146.76728682252
Ba3SmIrRuO9,81102.04219498899
Ba3SmRu2O9,125090.47025870845
Ba3SrEr2(MoO6)2,61472.18779270461
Ba3SrNd2(IrO6)2,118608.1645845266
Ba3SrY8(CuO5)4,73658.83972298192
Ba3TbIrRuO9,81561.84814004043
Ba3TbRu2O9,127415.48740774342
Ba3TmIrRuO9,84572.81472664363
Ba3Y2Cu2PtO10,71735.79192894783
Ba3Y4(CoO5)3,69319.2867150797
Ba3Y5(NiO5)3,124722.6986358937
Ba3YIr2O9,87457.99110897492
Ba3YIrRuO9,82494.23542826966
Ba3YO6,147525.3972623873
Ba3YRu2O9,128106.0101466155
Ba3YRuPtO9,120754.47451475941
Ba3Yb2Y2O9,69000.48699382764
Ba3YbRu2O9,177298.85065537677
Ba4CaNd3(Co4O11)2,478764.48185652954
Ba4Ce(RuO4)3,121227.182938
Ba4Ce2O7,56942.7801532985
Ba4CeMn3O12,266875.7797417305
Ba4Er(RuO4)3,93635.9443560534
Ba4Eu4Zn3PtO15,93556.50814765481
Ba4Ho(RuO4)3,91474.34248996637
Ba4La(RuO4)3,147236.36339408645
Ba4La2SbRuO12,84991.37170915508
Ba4La4Co8O17,407348.8631581063
Ba4La4Co8O23,339559.2966187171
Ba4La6Mn(Co3O10)3,466001.83420871344
Ba4La6Mn5In5O30,218572.91507723363
Ba4La8Mn11SnO36,500325.01930544164
Ba4Nd(RuO4)3,148503.6771337679
Ba4Nd4Co8O23,195206.46301574653
Ba4Nd8Cu3PtO20,51370.547960298165
Ba4NdMn3O12,270177.0492308037
Ba4Pr4Co8O23,394945.99408942
Ba4PrEu(Cu3O7)2,160761.10940443326
Ba4PrGd(Cu3O7)2,176193.4592193212
Ba4PrMn3O12,268421.5215583209
Ba4Sr2Dy2Co4O15,273227.9452909205
Ba4Sr2La2Co4O15,260853.55580492396
Ba4Sr2Nd2Co4O15,265937.40795212495
Ba4Sr2Sm2Co4O15,269737.0363179716
Ba4Tb(RuO4)3,90773.53635539033
Ba4Y2FeCu5O14,86447.38271898632
Ba5Er8Ni4O21,138328.2328988287
Ba5Gd2ZrAl2O13,318976.1440393036
Ba5Gd8Mn4O21,328590.6481984894
Ba5SrLa2Fe4O15,418470.1445928246
Ba5SrNd2Fe4O15,431826.43858699006
Ba6Eu(ClF6)2,77824.90294971492
Ba6Gd(ReO6)3,150552.2571434734
Ba6Gd2Al4O15,291402.4528152663
Ba6Gd2Fe4O15,685248.8050372889
Ba6Gd2Ga4O15,280917.7973978043
Ba6La2Co4O15,251570.411059669
Ba6La2Fe4O15,421104.61494053557
Ba6Nd2Fe4O15,416533.98001953703
Ba6Nd2Y(MoO6)3,58222.835395155955
Ba6Pr2Co4O15,251504.18940526168
Ba6Pr2Fe4O15,414872.2995232597
Ba6Pr2Mg(Ru2O9)2,94949.63099802558
Ba6Y2Ru3PtO18,121918.73042595354
Ba6Y3Co3(Cu3O11)2,159207.9343734919
Ba8Eu(BN2)6,125341.52168122414
Ba9Ca3La4(Fe4O15)2,434628.4975858116
BaCaCeCrO6,128783.5137610481
BaCaCeFeO6,256061.28015356057
BaCaCeNbO6,60739.45073758071
BaCaEuBiO6,349056.30111805804
BaCaEuFeO6,605670.3778968316
BaCaEuNbO6,365639.18894585606
BaCaEuSbO6,365371.0737653369
BaCaEuSeO6,466896.35652846424
BaCaEuWO6,431500.5734820036
BaCaGdBiO6,409569.2753620407
BaCaGdNbO6,427095.9799783109
BaCaGdSbO6,435771.4241792577
BaCaNdFeO6,206013.06476500872
BaCaNdMnO6,199034.14203522663
BaCaPrFeO6,189791.87378543481
BaCaSmFeO6,201616.21311256374
BaCe,189997.04369232868
BaCe(CoO3)2,471437.83073889633
BaCe(FeO3)2,689808.0277637066
BaCe(NiO3)2,78865.72827172879
BaCe(RuO3)2,195688.2393006153
BaCe(TcO3)2,252966.93602482261
BaCe2CoS5,130000.80407093556
BaCe2EuO6,375517.816487639
BaCe2FeS5,172150.80702236472
BaCe2MnS5,210095.24877810935
BaCeCr2O6,386053.03862700285
BaCeEuHfO6,360905.66494352475
BaCeEuNiO6,459981.71441468125
BaCeEuSbO6,461514.17084367643
BaCeEuWO6,528185.6881957075
BaCeGe,68219.87727097026
BaCeMn2O6,541173.6866180445
BaCeN2,115814.67292542374
BaCeO3,94229.97090226342
BaCePb,70060.1406680206
BaCeSc2O6,66841.82848109287
BaCeSi,69109.5412192425
BaCeTe,57359.29167148659
BaCeTe2,50681.743482617574
BaCeV2O6,226520.4974460403
BaDy,54582.455613952356
BaDy(CoO3)2,417857.3622483305
BaDy(CoO3)4,664520.4861526712
BaDy(FeO3)2,716205.9065956704
BaDy(FeO3)4,776173.3126217587
BaDy(NiO3)2,82789.0272671291
BaDy(ReO3)2,57733.55299745592
BaDy(RuO3)2,216739.86484932777
BaDy(TcO3)2,179124.20643071333
BaDy2CoO5,74921.05510786752
BaDy2CuO5,75816.66503466033
BaDy2MnO5,364445.85938354384
BaDy2NiO5,151734.53793707633
BaDyCo4O7,673686.1043835401
BaDyCr2O6,399997.79773519456
BaDyFe2O5,718011.9350869466
BaDyFe4O7,851468.8498606866
BaDyFeCuO5,381392.1522111676
BaDyMn2O6,561657.2664072651
BaDyMn4O12,630712.0155508438
BaDyO3,105187.65496734269
BaDyTi4O12,116763.4977047258
BaDyV2O6,234173.32346869833
BaEr(CoO3)2,429089.9059142466
BaEr(FeO3)2,719492.9987352719
BaEr(NiO3)2,83423.78829842588
BaEr(ReO3)2,62856.77728132458
BaEr(RhO3)2,53010.282122578035
BaEr(RuO3)2,217374.27278363868
BaEr(TcO3)2,182691.81546662337
BaEr2CoO5,76401.45032799526
BaEr2CuO5,77160.91339734044
BaEr2NiO5,154437.2806116024
BaErCr2O6,402039.6201969062
BaErFe4O7,820991.3760740389
BaErMn2O6,564647.7482920724
BaErO3,106958.89982918842
BaErSc2O6,69595.65613142405
BaErTe,93520.31462728718
BaErV2O6,235452.34938625532
BaEu(CoO3)2,513657.6828515001
BaEu(CuO3)2,67074.59121806954
BaEu(FeO3)2,642410.3200325413
BaEu(FeO3)4,1004691.7130209064
BaEu(GeO3)4,166099.32033395904
BaEu(OsO3)2,68127.6365849363
BaEu(RhO3)2,155659.8594504335
BaEu(RuO3)2,269427.6609223507
BaEu(TcO3)2,53218.83017033829
BaEu2CoO5,124075.41918177772
BaEu2CuO5,890301.1962158728
BaEu2Mn2O7,802422.6077033875
BaEu2O4,138793.5356376503
BaEu2PdO5,142918.4302497264
BaEu2PtO5,141637.75503413842
BaEu2Sc2O7,109322.4436855842
BaEu2ZnO5,143372.57043252434
BaEu3,1066249.028955062
BaEuBiSbO6,405421.1571839346
BaEuCr2O6,320847.54665852076
BaEuCrBiO6,638301.2972905783
BaEuDyMnO6,597598.985382574
BaEuDySbO6,431351.4703575835
BaEuDySnO6,364407.5510348774
BaEuDyVO6,422761.457999148
BaEuDyWO6,492323.4615284244
BaEuFe2O5,775781.6892506542
BaEuFeBiO6,739546.4966675945
BaEuFeCuO5,841400.2898298051
BaEuFeSnO6,819418.2467240156
BaEuHfNbO6,457627.17928084073
BaEuHfSnO6,452441.48511990573
BaEuHfZrO6,438924.37536652456
BaEuInBiO6,400963.79376735544
BaEuInWO6,515440.2981717177
BaEuMgFe2O5,569513.0139475178
BaEuMn2O6,500055.74559185526
BaEuNbBiO6,408248.53410173015
BaEuNbInO6,453862.69577813917
BaEuNbSbO6,421694.0199251437
BaEuNbSnO6,404774.72351908823
BaEuO2,848733.6687450464
BaEuO3,194182.53411091436
BaEuS2,531083.3807199895
BaEuSc2O6,135670.81785829077
BaEuSnBiO6,367701.86954353866
BaEuSnWO6,404125.4751381056
BaEuTiBiO6,401519.42182943877
BaEuV2O6,158028.3668519597
BaEuV4O12,300112.56288113416
BaEuVBiO6,486213.4701095227
BaEuYBiO6,394951.32881505723
BaEuYCrO6,527305.72229159
BaEuYSbO6,430374.6098769726
BaEuYSnO6,364144.2194934713
BaEuYVO6,453060.0804673206
BaEuYWO6,492319.5251247956
BaEuZr2O6,215396.66692203123
BaEuZrNbO6,426243.1628767991
BaEuZrSnO6,442578.84314035595
BaGd(CoO3)2,369623.8163195972
BaGd(FeO3)2,711787.9116390193
BaGd(NiO3)2,82069.61170495162
BaGd(RuO3)2,214477.92495588143
BaGd(TcO3)2,170066.96146133827
BaGd2Au,58822.816367084946
BaGd2CoO5,73175.60729476424
BaGd2CuO5,73870.86848014871
BaGd2Mn2O7,480372.5008987546
BaGd2NiO5,148017.91182801803
BaGdCo2O5,941013.2825713804
BaGdCr2O6,397650.96216760005
BaGdCuBO5,564519.3600347819
BaGdFe2O5,710892.8161977339
BaGdFe4O7,984712.4229658297
BaGdFeCuO5,454861.32141634944
BaGdGe,55374.261812459394
BaGdInWO6,418167.2650176666
BaGdMn2O6,557943.9498021323
BaGdNbSnO6,422492.44159472507
BaGdO3,101283.37874612081
BaGdSi,54420.042892393074
BaGdV2O6,232904.77598474332
BaHo(CoO3)2,287276.96968655795
BaHo(FeO3)2,718400.0316002003
BaHo(NiO3)2,83352.74556662288
BaHo(ReO3)2,59849.20049892903
BaHo(RuO3)2,216014.07142048486
BaHo(TcO3)2,182262.35679956924
BaHo2CoO5,75841.21397333132
BaHo2CuO5,76515.74110756126
BaHo2NiO5,153172.3510879149
BaHoCo4O7,676210.7577942888
BaHoCr2O6,399735.73009022546
BaHoFe4O7,815835.3613178132
BaHoMg(CoO3)2,109975.4067773436
BaHoMn2O6,563356.2288194366
BaHoO3,104301.56852100835
BaHoTe,106012.70807275771
BaHoV2O6,234900.7895168034
BaLa(CoO3)2,447099.5917315781
BaLa(FeO3)2,689102.0583476794
BaLa(NiO3)2,50643.56525748431
BaLa(ReO3)2,74340.3601465881
BaLa(RuO3)2,197458.16330311866
BaLa(TcO3)2,241415.70057903015
BaLa2(CoO3)3,335577.96084424504
BaLa2CoS5,130039.10332743889
BaLa2Fe2O5F4,511131.3242532249
BaLa2Fe2O7,558284.5041360778
BaLa2FeS5,166409.4332014273
BaLa2Mn3O9,543878.237310426
BaLa2MnS5,210540.60824411944
BaLa2TiCr2O9,297756.9341554888
BaLa3(CoO3)4,462656.31850042305
BaLa3(NiO4)2,142582.10860483113
BaLa3Mn4O10,654416.3296544479
BaLa3Mn4O12,561465.9983173874
BaLa4(CoO3)5,214820.0501943614
BaLa4FeCu4O13,149261.82852094507
BaLa4Mn5O15,570149.6172590891
BaLa4TiCr4O15,359675.69202847185
BaLa5TiCr5O18,375860.3209092304
BaLaBi,60997.06727635083
BaLaCo2O5,437767.0033800048
BaLaCoIrO6,351040.61810868845
BaLaCoSbO6,204904.26968284362
BaLaCr2O6,386336.81046624866
BaLaCrMoO6,349091.8548848455
BaLaEuSbO6,404339.20989538217
BaLaEuWO6,452705.78190271393
BaLaEuZnO5,406178.1588770386
BaLaFeO4,444213.09903253586
BaLaGe,67439.01952527728
BaLaMg(CoO3)2,284480.8683179168
BaLaMgMn2O6,327676.60141048493
BaLaMgNiRuO6,60854.28087337317
BaLaMgRuO6,213000.0716621725
BaLaMgZnRuO6,59619.07207512409
BaLaMn2O6,531456.2185247334
BaLaMnInO6,201981.14462396345
BaLaMnMoO6,401126.5471084771
BaLaMnRuO6,542785.6502016919
BaLaMnSnO6,268175.0449549165
BaLaNdMn3O9,550297.301165213
BaLaNiRuO6,360625.9846949727
BaLaO3,94771.24265828913
BaLaPrMn3O9,546909.9639592071
BaLaSc2O6,65855.57466316817
BaLaSi,70270.83584987593
BaLaSmCuO5,68113.5859254995
BaLaSmMn3O9,550943.8137866114
BaLaTaMnO6,329929.0111330614
BaLaTe,121392.44283901867
BaLaTiCrO6,219997.63132565588
BaLaTiCuO6,118534.67145497343
BaLaV2O6,226831.77126219636
BaLaZnRuO6,209829.42032790327
BaLiGd2(MoO4)4,418428.9176199363
BaLu2CoO5,78920.4937136023
BaLu2CuO5,79594.56136796538
BaLu2NiO5,159634.68110899554
BaLuCo4O7,372808.4480203972
BaLuFe4O7,868273.4204266038
BaLuFeCuO5,404608.67302606505
BaLuO3,105714.29739064613
BaLuTe,102220.56754499185
BaNaCeFeO6,197751.66397093565
BaNaCeWO6,60530.65322066897
BaNaEuSeO6,394490.55919273506
BaNaEuWO6,363861.6467724175
BaNaGdWO6,431146.5940894923
BaNaLaFeO6,249626.8488341099
BaNaNdFeO6,253378.52225434652
BaNaPrFeO6,250095.51924266864
BaNaY2(PO4)2,129475.32169530168
BaNd,53338.214068119116
BaNd(CoO3)2,472391.7077171418
BaNd(CoO3)4,677481.6343841064
BaNd(FeO3)2,697823.97249513
BaNd(FeO3)4,772595.2452563605
BaNd(NiO3)2,80518.78951270216
BaNd(NiO3)4,468591.81102573546
BaNd(RuO3)2,206929.99362613796
BaNd(TcO3)2,252658.85812359076
BaNd2CoO5,207552.90519626086
BaNd2CoS5,133801.58520651585
BaNd2CuO5,71090.5128746998
BaNd2FeS5,177190.68270232592
BaNd2MgMn2O7,455044.9469551128
BaNd2Mn2O7,472276.7447003458
BaNd2MnS5,216483.499724426
BaNd2NiO5,140413.39558926687
BaNd3(CoO3)4,430020.1807002548
BaNdCo2O5,458079.15979806485
BaNdCr2O6,390886.15929009335
BaNdCrSnO6,208630.72632222177
BaNdDyFeO6,263497.11752813647
BaNdEuBiO6,376830.2339533376
BaNdEuNbO6,403970.161068416
BaNdEuSbO6,409670.9299037293
BaNdEuVO6,439059.47983845416
BaNdEuWO6,467362.36393489956
BaNdFe2O5,691586.4781245114
BaNdFeCoO6,459827.39950416115
BaNdFeSnO6,344879.04606611596
BaNdGe,68294.21029856955
BaNdHf4O12,100046.89045688484
BaNdMg(CoO3)2,242736.27241017128
BaNdMgCo2O5,267807.79780419095
BaNdMgMn2O5,473173.1821266714
BaNdMgMn2O6,367330.3263299419
BaNdMn2O5,676263.8025770263
BaNdMn2O6,547288.1606351295
BaNdMn4O12,650746.3715402578
BaNdMnCoO5,519387.3742019382
BaNdMnCoO6,533619.5916060209
BaNdMnSnO6,275266.4734662412
BaNdNiBiO6,131874.4402973538
BaNdO3,98010.12415719886
BaNdPb,71559.36153141287
BaNdSc2O6,67964.69321014802
BaNdSi,70951.12845087328
BaNdTe,56941.03656040733
BaNdTi4O12,115739.83112100384
BaNdV2O6,229075.04013118733
BaNdZr4O12,96062.00017609615
BaPm,56683.21778968784
BaPm(CoO3)2,275734.57663430687
BaPm(FeO3)2,703256.664743209
BaPm(NiO3)2,81247.64136411113
BaPm(RuO3)2,208882.246159316
BaPm(TcO3)2,250374.6128896288
BaPmBi,117549.5609908494
BaPmCr2O6,393006.2444135336
BaPmGe,66953.44990170159
BaPmMn2O6,551277.077118206
BaPmO3,98120.47328492423
BaPmPb,71177.90154101863
BaPmSc2O6,68599.9599997983
BaPmSi,70647.52279415505
BaPmTe,56277.423775365794
BaPmV2O6,230225.12644707764
BaPr,50967.12754568293
BaPr(CoO3)2,428404.4773525045
BaPr(FeO3)2,695630.129864573
BaPr(NiO3)2,79686.5812681285
BaPr(ReO3)2,57845.10523777594
BaPr(RuO3)2,197398.17293262764
BaPr(TcO3)2,253518.2649034005
BaPr2CoS5,132131.89115872188
BaPr2CuO5,69910.28252139501
BaPr2FeS5,174692.72841920506
BaPr2Mn3O9,549512.4563662556
BaPr2MnS5,213546.4994899252
BaPr2NiO5,138171.59758310026
BaPr3(NiO4)2,145511.81806185935
BaPrBi,123638.09058387815
BaPrCr2O6,388463.11042516824
BaPrEuFeO6,644663.6013534704
BaPrEuNbO6,394632.1924365284
BaPrEuSbO6,403997.5867386537
BaPrEuWO6,463819.15940938366
BaPrFeCuO5,366492.4295010287
BaPrFeSnO6,343539.734096827
BaPrGe,68687.75670153645
BaPrMg(CoO3)2,275637.2370200995
BaPrMgMn2O6,441029.9735008966
BaPrMn2O5,671588.2917534306
BaPrMn2O6,544925.3393196801
BaPrNbCoO6,205150.75875543006
BaPrO3,94907.65457839877
BaPrPb,71189.32187835797
BaPrSc2O6,67344.65523028089
BaPrSi,70415.24325773261
BaPrTaCoO6,68519.2926875238
BaPrTe,127931.540088488
BaPrTe2,50727.93114787644
BaPrV2O6,227568.85908860608
BaSc6Ni4O15,180182.43993283674
BaSc8Ni2O15,115486.07848998011
BaScAs,57271.99513690126
BaScBi,118636.48127428003
BaScGe,93596.96902826962
BaScO3,119686.30256910114
BaScPb,79820.09739583968
BaScSb,119385.28416687959
BaScSi,96235.49644384853
BaScTe,180244.9972376826
BaScTe2,66865.0268587845
BaSm(CoO3)2,399734.224357827
BaSm(CoO3)4,667072.6286663037
BaSm(FeO3)2,705456.9268886225
BaSm(FeO3)4,773984.0594717909
BaSm(NiO3)2,81636.89488400213
BaSm(NiO3)4,469538.95016179496
BaSm(RuO3)2,210615.01435659424
BaSm(TcO3)2,247217.3367843505
BaSm2(CoO3)2,349657.4464532073
BaSm2CoO5,71290.08166336399
BaSm2CuO5,71699.83634186434
BaSm2FeS5,180883.93531241608
BaSm2NiO5,144365.02869819617
BaSmBi,111313.31470614426
BaSmCoCuO6,219971.98358785134
BaSmCr2O6,393996.77127700724
BaSmCrSnO6,210486.6159949997
BaSmEuBiO6,381877.8693341317
BaSmEuFeO6,631946.1366298232
BaSmEuMnO6,575033.5565556814
BaSmEuSbO6,414733.61881065206
BaSmEuVO6,428938.84405293193
BaSmEuWO6,479898.0332047326
BaSmFe2O5,696404.9463109801
BaSmFeCuO5,371417.136889709
BaSmFeSnO6,347570.6387629531
BaSmGe,64596.822329748094
BaSmHf4O12,100701.84466886934
BaSmMn2O6,553443.826828591
BaSmMn4O12,451333.09378522803
BaSmO3,98899.35963203042
BaSmPb,69491.52631196857
BaSmSb,66613.01496812137
BaSmSi,69057.1915241621
BaSmTe,116375.69462720105
BaSmTi4O12,116106.24478204742
BaSmV2O6,230915.45963991713
BaSr2Eu,315367.82732998295
BaSrCe4O12,108854.66659041308
BaSrCeCrO6,126924.11512090423
BaSrCeFeO6,252281.8030584562
BaSrCeNbO6,58712.38117652715
BaSrCeSbO6,57505.82510553008
BaSrCeVO6,63103.71927831629
BaSrCeWO6,118761.34408013664
BaSrDyWO6,61486.14114262969
BaSrEu2,684485.3266114441
BaSrEu4O8,946087.4839399306
BaSrEuBiO6,335990.3347840296
BaSrEuCrO6,448556.3985280463
BaSrEuNbO6,358359.75321682263
BaSrEuSbO6,356109.0860531817
BaSrEuSeO6,436954.2041300428
BaSrEuVO6,381462.6094649192
BaSrEuWO6,409282.6190126847
BaSrGd4O8,1164717.4545988988
BaSrGdBiO6,397590.6534270114
BaSrGdCrO6,517061.55525817035
BaSrGdNbO6,421827.0243685097
BaSrGdSbO6,423844.11290001025
BaSrGdVO6,447272.96369272866
BaSrLaWO6,57320.792405898705
BaSrNdCrO6,62755.64760645553
BaSrNdFeO6,189950.4548777616
BaSrNdMnO6,124337.55222020343
BaSrNdWO6,58681.75781513598
BaSrPrCoO6,127070.32732875572
BaSrPrHfO6,56282.36657408514
BaSrPrNiO6,63260.0836185402
BaSrPrTiO6,59466.51606936524
BaSrPrWO6,58239.42318585481
BaSrPrZrO6,55052.90921964678
BaSrSmCrO6,63476.855423045454
BaSrSmFeO6,192612.73036362135
BaSrSmMnO6,129872.40713995826
BaSrSmWO6,59803.27682883563
BaSrTbCeO6,54917.19805000528
BaSrTbCrO6,65252.795241112704
BaSrTbWO6,61349.80887689812
BaSrTbZrO6,58097.02886800495
BaSrY4(CuO5)2,74084.1180106702
BaSrYCrO6,65634.95202671131
BaSrYWO6,61646.19786076323
BaSrYb2,53491.449841065325
BaSrYbReO6,131218.44984321733
BaTb,55024.97270933519
BaTb(CoO3)2,468606.29869932454
BaTb(FeO3)2,713694.5523454449
BaTb(NiO3)2,82512.19296194662
BaTb(ReO3)2,55668.010554350585
BaTb(RuO3)2,215534.03994303982
BaTb(TcO3)2,180721.3818353832
BaTb2Mn2O7,480908.9837232095
BaTb2NiO5,150496.79801984387
BaTb2SmO6,56200.62052621146
BaTb4SmO12,191287.07095189608
BaTbCr2O6,398915.0318069972
BaTbEuBiO6,390307.4240858963
BaTbEuSbO6,429609.3748957377
BaTbEuSnO6,357989.3062131347
BaTbEuVO6,454097.6197716854
BaTbEuWO6,490565.95742248633
BaTbFe2O5,706757.2215802313
BaTbMn2O5,684165.5493491669
BaTbMn2O6,554783.945571612
BaTbNdFeO6,261204.7530197706
BaTbO3,107676.6058723567
BaTbV2O6,233171.94420049276
BaTm(CoO3)2,465648.5861960003
BaTm(FeO3)2,720591.1957819628
BaTm(NiO3)2,83477.25431897855
BaTm(ReO3)2,68820.15002329038
BaTm(RhO3)2,54065.49043201533
BaTm(RuO3)2,219314.8598233972
BaTm(TcO3)2,69299.48099970845
BaTm2CoO5,77490.6845533142
BaTm2CuO5,78283.6313704544
BaTm2NiO5,156524.39720341636
BaTmCo4O7,679847.8051514756
BaTmCr2O6,401820.41215998883
BaTmFeCuO5,397242.4684037998
BaTmMn2O6,566449.7037370211
BaTmO3,106221.74756790258
BaTmSc2O6,70371.26133792894
BaTmV2O6,236218.19270493684
BaY(CoO3)2,426406.35329929524
BaY(FeO3)2,713205.1607223353
BaY(NiO3)2,82969.7564396296
BaY(ReO3)2,53039.97367773212
BaY(RhO3)2,56128.505759799256
BaY(RuO3)2,217845.99694287038
BaY(TcO3)2,63106.97332124799
BaY2CoO5,74649.96574367465
BaY2CuO5,75274.57813808796
BaY2NiO5,150969.78420153848
BaYBi,51390.33220719961
BaYCo2O5,95094.38191114229
BaYCo4O7,661776.1784438889
BaYCoCuO5,299934.42133808736
BaYCr2O6,398775.7373627359
BaYCr4O7,714830.2805644936
BaYCu4O7,168205.4053323438
BaYCuMoO5,181498.36702210014
BaYCuWO5,165078.42913771255
BaYFe2O5,712833.5840412218
BaYFe4O7,829307.3296576333
BaYFeCuO5,394960.11247459386
BaYMgCoCuO5,139415.5217755038
BaYMgCrCuO5,241286.89287274325
BaYMgCu2O5,57388.539030760076
BaYMgCuNiO5,72701.68433130336
BaYMgFeCuO5,227460.3541059584
BaYMgMnCuO5,293308.8200484036
BaYMn2O5,699536.3142399684
BaYMn2O6,554997.7780727007
BaYMn4O7,874687.93602703
BaYMnCoO5,540168.83621266
BaYNi4O7,457558.22201687493
BaYO3,102814.6359843527
BaYSc,72939.24439117187
BaYSc2O6,69326.78306265635
BaYTe2,53758.85299868718
BaYV2O6,233599.93182132783
BaYV4O7,521490.2281522247
BaYVCuO5,125373.87881268552
BaYZn3CoO7,199917.2713817176
BaYb(CoO3)2,465866.83103670826
BaYb(FeO3)2,650670.1524140033
BaYb(IrO3)2,90217.22768466006
BaYb(OsO3)2,68145.98479636996
BaYb(RhO3)2,160610.44772174692
BaYb(RuO3)2,279876.13055433915
BaYb(TcO3)2,76855.73618368857
BaYb2CoO5,79171.40871478494
BaYb3,134645.7320325598
BaYbCo4O7,783085.399098047
BaYbCr2O6,326729.599812574
BaYbMn2O6,508537.64094249567
BaYbSc2O6,139091.0301885745
BaYbV2O6,160612.0072939203
Ca(CeS2)2,118311.43713064025
Ca(CeTe2)2,84219.6718612937
Ca(GdS2)2,864132.1643776674
Ca11YAl15Cr4SiO48,61621.79036936807
Ca12ScCo7O24,216977.51728523514
Ca2CeAs,245169.69230713043
Ca2CeBi,186700.2299420233
Ca2CeHg,83763.77211424518
Ca2CeIn,118760.39177102958
Ca2CePb,182618.5632616944
Ca2CeSb,208840.3415058559
Ca2CeSn,180212.65967733122
Ca2CeTe,125142.08766543263
Ca2CeTl,130228.90165891334
Ca2Eu(CuO3)2,455802.8637302637
Ca2Eu(Zn3Ni2)3,211334.6731233914
Ca2Eu2In3Ge4,463135.3264439321
Ca2Eu2O5,75585.09740617717
Ca2GdSbO6,453096.6350910705
Ca2GdTaO6,475941.7686815678
Ca2HoMn3O9,558072.0931937745
Ca2HoMn4BiO12,565736.124686134
Ca2La5Mn7NiO24,480980.3055401227
Ca2La8Ti5Cr5O30,241059.2559452698
Ca2LaAs,243742.7428287047
Ca2LaBeO5,82303.13580537406
Ca2LaFe3O8,808031.6406541652
Ca2LaHg,81158.11496984193
Ca2LaMn2O7,442139.02069594956
Ca2LaMn3O9,539442.6980903741
Ca2LaNdMn4O12,560632.825581967
Ca2LaPb,170502.98366047832
Ca2LaRuO6,204276.88560237945
Ca2LaSb,213801.27303562936
Ca2LaTl,125792.04747622198
Ca2LuRuO6,225142.1692767361
Ca2Nd2MnNiO8,259343.70246264638
Ca2Nd2Nb3FeO14,158247.4385711755
Ca2NdAs,234695.79335681262
Ca2NdBi,83652.82675193342
Ca2NdRuO6,207070.86580636472
Ca2NdSb,100478.3357578022
Ca2NdSn,161360.64209113398
Ca2NdTe,91580.4163156603
Ca2NdTl,118455.05128880678
Ca2PmAs,163759.87495850946
Ca2PmBi,67162.03202590672
Ca2PmSb,73357.77940573866
Ca2PmTe,78910.63039355441
Ca2Pr2MnNiO8,258545.81662216308
Ca2Pr4(Mo2O7)3,207396.63219864428
Ca2PrAs,245942.3282098458
Ca2PrBeO5,83520.08702146732
Ca2PrBi,150798.10126952225
Ca2PrHg,82600.69288893616
Ca2PrIn,113243.97439751086
Ca2PrO4,86048.18489981901
Ca2PrPb,179221.44496793923
Ca2PrSb,191946.64343992766
Ca2PrSn,176854.49755074084
Ca2PrTe,107391.65967337805
Ca2PrTl,128506.85670994534
Ca2ScAs,121807.20987215261
Ca2ScBi,106422.78223370659
Ca2ScReO6,140214.62706633512
Ca2ScSb,99730.09731831722
Ca2ScSnO6,74082.87402923293
Ca2ScTe,180107.16782021357
Ca2SmAs,60191.6808685925
Ca2SmBi,55380.33201090052
Ca2SmSb,58538.25145229141
Ca2SmTe,68934.72278857982
Ca2SmYMn4O12,568951.4747268566
Ca2TbMn3O9,553469.1551275159
Ca2TbNiO6,72120.86925251782
Ca2YBeO5,88673.86584402523
Ca2YCoO5,232792.36677428934
Ca2YCrO5,224190.11274696715
Ca2YFe3(SnO6)2,530695.5164649962
Ca2YFe4SbO12,726047.9066073818
Ca2YFeO5,368190.1093412984
Ca2YHfO6,69725.7780024165
Ca2YIrO6,146772.6063826694
Ca2YMn3O9,552835.9657722588
Ca2YMnO5,295941.7573055013
Ca2YMoO5,89571.8534646603
Ca2YMoO6,72942.16314857655
Ca2YNiO5,78268.93330361495
Ca2YOsO6,216902.291705326
Ca2YPbO6,66830.34735705865
Ca2YPdO6,72621.51595059094
Ca2YPtO6,72207.45816221707
Ca2YReO6,146096.35825209867
Ca2YRhO6,147866.64169135512
Ca2YRuO6,220787.51116023888
Ca2YTiO5,70099.41385314269
Ca2YTiO6,73704.2227371247
Ca2YTlO6,133297.26658513743
Ca2YVO5,146941.98995161196
Ca2YWO5,69002.53386678436
Ca2YWO6,71956.69799574894
Ca2YZrO6,68811.33645175952
Ca2YbRuO6,149181.82999464573
Ca3Eu,401851.57787510764
Ca3GdAl8,260840.39519321528
Ca3HoMn4O12,544114.252124675
Ca3La5Mn7CrO24,547914.8866339667
Ca3La5Mn7FeO24,584667.4407656887
Ca3La5Mn7NiO24,509699.79326808284
Ca3LaFe2(MoO6)2,400442.71577855747
Ca3LaMn4O12,533890.1768677486
Ca3Nd4Nb6(FeO14)2,122711.85732549551
Ca3Nd8(RuO6)4,175316.39402824763
Ca3NdMn2O8,367059.6062440377
Ca3NdMn4O12,534772.2830779703
Ca3ScFe(SiO4)3,203270.1281132962
Ca3SmMn4O12,537536.3723954286
Ca3TbMn4O12,544041.1439167082
Ca3YMn3B4O15,374374.35595857183
Ca4La4Mn7NiO24,501288.69067153166
Ca4Y2Al7Cr2SiO24,61822.51771842439
Ca5Dy3Ti5Mn3O24,241049.03250028103
Ca5DyTi5Fe(SiO5)6,81424.65960911424
Ca5Ho3Ti5Mn3O24,241217.82161260402
Ca5La10Mn14(NiO24)2,498696.58783582505
Ca5La7Mn7Ru5O36,516224.0200368576
Ca5Nd5Mn9CrO30,548267.2665973156
Ca5Sc2(CoO6)2,69923.47760467403
Ca5Y3Ti5Mn3O24,240416.8574512023
Ca6La2Mn7CrO24,511787.25771409017
Ca6La4Ti5Cr5O30,218179.53233840916
Ca6Nd6Mn11CrO36,538740.6579599162
Ca6Nd6ScMn11O36,505077.2378751262
Ca6Pr6Mn11CrO36,547919.1306083912
Ca6Sc(CoO4)3,138694.55238383956
Ca7La3Ti5Cr5O30,207345.78022600577
Ca8ScFe7(SiO3)20,278824.614995435
Ca9LaMn10O30,520214.88265401137
Ca9LaTi4Mn6O30,312954.12965080887
Ca9LaTi6Mn4O30,212036.647087089
Ca9LaTi8Mn2O30,112525.72083183881
Ca9LaTi9MnO30,64194.34557233031
Ca9Pr11Mn20O60,574742.4129419307
Ca9Y3(CoO6)4,164226.024212145
CaCe(CoO3)2,451750.08498434164
CaCe(FeO3)2,733988.8055351623
CaCe(NiO3)2,86459.35088636677
CaCe(ReO3)2,50128.88989583943
CaCe(RuO3)2,207634.09908340205
CaCe(TcO3)2,219499.29560012752
CaCe3V4O16,53015.71238926216
CaCe4Si3O13,128043.41507001729
CaCeAg2,53777.40045281551
CaCeC4,57540.85874439668
CaCeCr2O6,410353.45280766534
CaCeEuGeO6,443148.8627588041
CaCeMg2,50340.347933185
CaCeMg6,54735.421277784895
CaCeMn2O6,579134.6854577962
CaCeMnO4,498288.02646266756
CaCeO3,114545.01741316763
CaCeSc2O6,69781.34033531023
CaCeTe,151527.58209459862
CaCeV2O6,240389.24235213493
CaDy(CoO3)2,244347.73701734326
CaDy(CoO3)4,673004.450047401
CaDy(FeO3)2,764408.6426877901
CaDy(FeO3)4,796137.4208170407
CaDy(NiO3)2,90980.53867646719
CaDy(NiO3)4,456603.04910278437
CaDy(RuO3)2,224241.4555067172
CaDy(TcO3)2,209061.33013240603
CaDyCr2O6,426343.2018512568
CaDyMn2O6,600001.8463351075
CaDyMnSnO6,148598.58132247577
CaDyO3,125719.8778375008
CaDySc2O6,72659.93316219478
CaDyV2O6,249107.92718864634
CaEr(CoO3)2,390324.19203251146
CaEr(FeO3)2,767709.9998321529
CaEr(NiO3)2,91614.46608148594
CaEr(ReO3)2,90255.27330763829
CaEr(RuO3)2,227855.92616055062
CaEr(TcO3)2,53472.15503946335
CaErCr2O6,428564.3105673823
CaErMn2O6,603030.134923521
CaErO3,128097.73296114668
CaErSc2O6,73216.72046135989
CaErV2O6,250445.6574977213
CaEu(CoO3)2,471982.3363915208
CaEu(CoO3)4,962295.7695790774
CaEu(FeO3)2,695581.4800119037
CaEu(FeO3)4,1042814.5842034918
CaEu(OsO3)2,68918.23202511306
CaEu(RhO3)2,209239.26696169426
CaEu(RuO3)2,273798.76526842697
CaEu(TcO3)2,101529.60838673079
CaEu2O3,1381097.593386748
CaEu2O4,156521.58115185474
CaEu2WO6,893530.0506160344
CaEu3,1278774.682869668
CaEu4O5,1622818.1669082902
CaEuAlBiO6,471513.4731251428
CaEuCd2,290412.1660237826
CaEuCr2O6,346181.67833994736
CaEuCrSbO6,733901.7336937875
CaEuDyNiO6,437380.2573564791
CaEuDyVO6,475593.2096262153
CaEuGa,78704.99086375261
CaEuGa2,319808.47311037866
CaEuH6Ru,643486.530586455
CaEuHf4O12,373248.9785375181
CaEuHfFeO6,798907.2784393782
CaEuHfGaO6,436156.9210606415
CaEuHfSnO6,470827.9257687176
CaEuHfTiO6,503037.41145150206
CaEuHfVO6,590397.7800145588
CaEuHfWO6,607254.0541630734
CaEuHfZrO6,454652.86661828175
CaEuHg2,299324.39884576865
CaEuIn,78832.95876217402
CaEuIn2,273849.5501150311
CaEuInFeO6,726254.6031846278
CaEuInSbO6,451598.7477997762
CaEuMg2,244821.3474077625
CaEuMgBiO6,409967.8457600483
CaEuMgNbO6,437211.8064870291
CaEuMn2O6,537095.2458978593
CaEuMnWO6,834070.2286209598
CaEuNbFeO6,850904.9981432965
CaEuNbWO6,670743.8707555206
CaEuNbZnO6,436975.5916138534
CaEuO2,1059689.9932176394
CaEuO3,127288.64521837655
CaEuS2,662900.651540864
CaEuSc2O6,141600.2459735451
CaEuSi4,518740.70390182664
CaEuTi4O12,355947.73792649416
CaEuTiSnO6,506121.25347262056
CaEuTl,76536.60521428006
CaEuTl2,269989.53183025424
CaEuV2O6,443225.72890155506
CaEuV4O12,301484.8779519361
CaEuYNbO6,437356.6584069925
CaEuYSbO6,445559.5744466557
CaEuYVO6,494525.5169881147
CaEuZn2,338381.92117410514
CaEuZnSbO6,435528.4095807479
CaEuZr2O6,231892.2140311233
CaEuZrCrO6,647342.0822338491
CaEuZrGaO6,426779.76742556033
CaEuZrMnO6,728531.8668769998
CaEuZrNbO6,445499.27127235034
CaEuZrSnO6,461078.0995270643
CaEuZrTiO6,498055.8216999898
CaEuZrVO6,572826.4130611131
CaEuZrWO6,598670.829748446
CaGd(CoO3)2,422164.3018281112
CaGd(FeO3)2,759823.6737379745
CaGd(NiO3)2,90893.34537283285
CaGd(RuO3)2,211285.78045998915
CaGd(TcO3)2,206303.06877598865
CaGd2BeO5,1221822.368360216
CaGd2O4,1171303.4813066118
CaGd2Zr(GaO3)4,511176.52984479023
CaGd4O7,1427805.4189296148
CaGdAlO4,794675.7599341468
CaGdCd2,314331.29996117856
CaGdCr2O6,423210.3025192407
CaGdHg2,321213.6759364515
CaGdMn2O6,597899.3636827094
CaGdO3,123398.64655756191
CaGdPd2,386363.64120811917
CaGdRh2,415602.6131700274
CaGdS2,724006.4390578765
CaGdSc2O6,72112.55985895189
CaGdTh(PO4)3,293985.78427881474
CaGdV2O6,246226.03910728972
CaGdZn2,363705.31649242836
CaHo(CoO3)2,252030.3128292862
CaHo(FeO3)2,765300.1672452602
CaHo(NiO3)2,92874.97547701483
CaHo(RhO3)2,50587.9330175354
CaHo(RuO3)2,218635.05868583938
CaHo(TcO3)2,53714.12099819153
CaHoCr2O6,421610.84959546756
CaHoMn2O6,591376.3343247846
CaHoO3,126380.44208099488
CaHoV2O6,246643.3569277508
CaLa(CoO3)2,403400.9449720773
CaLa(FeO3)2,718272.3744022718
CaLa(ReO3)2,78692.31222734242
CaLa(RuO3)2,201990.3884283003
CaLa(TcO3)2,206865.84432451084
CaLa2(FeO3)3,716293.21120289
CaLa2Co2Sb2(PbO6)2,154600.35831871215
CaLa2CoO6,70007.04768542184
CaLa2CrO6,135785.51802829918
CaLa2Fe2(TeO6)2,270057.85263594094
CaLa2FeO6,279513.5169630477
CaLa2Mn2(FeO6)2,563106.5479401144
CaLa2Mn3O9,568965.3707806305
CaLa2MoO6,126592.89011868362
CaLa2Ti2Cr2O12,161448.4091434958
CaLa2VO6,67446.58733546683
CaLa2WO6,126007.26446940195
CaLa3(CoO4)2,249326.11204345172
CaLa3(FeO3)4,723850.7011752472
CaLa3Mn4O10,675267.6736343588
CaLa3Mn4O12,575701.8984324494
CaLa4Ga2(FeO6)2,246287.47756383332
CaLa4Ni3WO12,256924.6525793402
CaLa4Ti3RuO15,62469.2930799287
CaLa9Ti5Cr5O30,284912.07797406125
CaLaCr2O6,411210.4134775113
CaLaCrBiO6,126906.295595637
CaLaCrFeO6,552815.2074534558
CaLaCrSbO6,210704.940515154
CaLaCrSnO6,182034.6731015258
CaLaEuSbO6,448592.93275938876
CaLaFeBiO6,263713.52768297005
CaLaFeCoO6,637152.6665755807
CaLaFeMoO6,514151.94774660585
CaLaFeNiO6,402012.44631594967
CaLaFeO4,493686.6198915744
CaLaFeSbO6,294947.58470368426
CaLaMn2O6,555462.6896937926
CaLaMnNbO6,326818.29308748303
CaLaMnSnO6,144413.50573295067
CaLaO3,101452.41254456577
CaLaPrMnO6,212480.41359026768
CaLaSc2O6,67264.96343501605
CaLaTaFeO6,285659.09226737363
CaLaTe,77109.31930521839
CaLaV2O6,238227.79864922722
CaLaVFeO6,467669.4228428328
CaLu(CoO3)2,93831.81603106983
CaLu(FeO3)2,774440.7888427188
CaLu(NiO3)2,92588.76218687875
CaLu(RuO3)2,225883.65524481592
CaLu(TcO3)2,61512.83499687345
CaLuCr2O6,432129.23047536553
CaLuMn2O6,596741.6147089729
CaLuO3,130298.31051273015
CaLuSc2O6,73651.43763452506
CaLuV2O6,251118.4597007333
CaNd(CoO3)2,304386.1567273617
CaNd(CoO3)4,668263.7678784388
CaNd(FeO3)2,744319.1322021504
CaNd(NiO3)2,87738.93621698662
CaNd(RuO3)2,213569.65286808898
CaNd(TcO3)2,217195.36688561414
CaNd2(CuO2)4,185684.7632764815
CaNd2Mn3O9,576527.3159952969
CaNd2Ti2Mn2O12,248215.94124222483
CaNd3,50511.06202044971
CaNd3Cr4O16,78859.06412791346
CaNd3Mn4O12,580307.4521723728
CaNd4(RhO3)4,65888.8500427276
CaNdCr2O6,416743.30805541325
CaNdCrO4,305987.1328445695
CaNdEuSbO6,429923.81606660143
CaNdFeO4,499228.28209525987
CaNdFeSnO6,362670.6089306424
CaNdHfFeO6,359246.9277075622
CaNdMn2O6,565516.086686006
CaNdNb2O7,61825.36199124349
CaNdO3,118639.16739948961
CaNdSb,66697.96013336981
CaNdSc2O6,71843.50916680173
CaNdTe,82691.82443223397
CaNdTi4O12,120185.15089100375
CaNdV2O6,243258.1740997838
CaNdZrCrO6,214756.3519720144
CaPm(CoO3)2,427569.06969970674
CaPm(FeO3)2,748056.598216323
CaPm(NiO3)2,88803.0117458327
CaPm(ReO3)2,65664.13062172319
CaPm(RuO3)2,215933.29103762817
CaPm(TcO3)2,246462.9107749359
CaPm3,50166.391821854835
CaPmCr2O6,417294.4671171647
CaPmMn2O6,588139.5671396814
CaPmO3,119536.72122390514
CaPmTe,53310.669358281615
CaPmV2O6,244771.9146911735
CaPr(CoO3)2,431967.2576139892
CaPr(FeO3)2,742160.8773387898
CaPr(NiO3)2,87761.29694602953
CaPr(RuO3)2,210926.71371872284
CaPr(TcO3)2,245811.80870953473
CaPr(WO3)2,103736.29915967921
CaPr3(CoO3)4,521087.8077816957
CaPrCr2O6,408877.45097439864
CaPrCrO4,303033.81238325586
CaPrHfCrO6,218013.19681130143
CaPrHfFeO6,357794.5792819512
CaPrMn2O6,569868.3920437435
CaPrMnSbO6,349795.35954200727
CaPrNbVO6,214555.19701515848
CaPrO3,113767.5346905287
CaPrSb,52948.7958669966
CaPrSc2O6,70456.13332734285
CaPrTe,153527.3632385183
CaPrV2O6,237993.29838407933
CaPrZrCrO6,213868.47492228032
CaPrZrFeO6,351190.2998877535
CaSc2As,91619.98749931868
CaSc2Ge,112735.56309087785
CaSc2Pb,122421.23964583658
CaSc4(FeO3)4,659267.9795063029
CaScO3,139727.39083216432
CaScSb,52465.612901706096
CaScTe,116733.95167138749
CaScTe2,63917.46898299561
CaSm(CoO3)2,426699.2476157306
CaSm(CoO3)4,677611.1741573784
CaSm(FeO3)2,751348.2125351811
CaSm(FeO3)4,788604.5581512157
CaSm(NiO3)2,89786.00035376598
CaSm(NiO3)4,462931.9453579567
CaSm(ReO3)2,64566.0232793032
CaSm(RuO3)2,217707.6740651417
CaSm(TcO3)2,182794.60442264346
CaSm3,80946.10783345148
CaSm4(Mo2O7)2,260967.5874389764
CaSm4V4O12,339686.4504600003
CaSmCr2O6,420484.46599569253
CaSmCrO4,308960.5555055662
CaSmEuSbO6,428309.7461992685
CaSmMn2O6,578666.6473445963
CaSmMn4O12,682408.5079458576
CaSmMnSnO6,199661.34371851728
CaSmO3,120165.1838789804
CaSmSc2O6,71523.64061169769
CaSmTi4O12,121135.71463098549
CaSmV2O6,245292.1920836399
CaTb(CoO3)2,402954.23258628946
CaTb(FeO3)2,760735.4236626371
CaTb(NiO3)2,91230.18780413877
CaTb(ReO3)2,69663.96293772082
CaTb(RhO3)2,50701.36960014761
CaTb(RuO3)2,222941.30996040447
CaTb(TcO3)2,207574.62221146424
CaTb2Mn3O9,593564.4360878057
CaTb3Mn4O12,603473.2288940712
CaTb4Al2(FeO6)2,282597.2776882449
CaTbCr2O6,423020.7130895934
CaTbEuNbO6,450023.28233612777
CaTbEuSbO6,442057.91854000726
CaTbEuVO6,464921.3901714493
CaTbF6,94872.41051401259
CaTbMn2O6,585978.3791598687
CaTbO3,125162.31145575496
CaTbSc2O6,72550.45161953552
CaTbV2O6,248371.05452698393
CaTm(CoO3)2,97357.1596095574
CaTm(FeO3)2,765712.3252604172
CaTm(NiO3)2,89594.29174391062
CaTm(RuO3)2,222010.78402144468
CaTm(TcO3)2,57519.484781692314
CaTmCr2O6,426335.4179528453
CaTmMn2O6,593074.8997281615
CaTmO3,129019.59904008305
CaTmSc2O6,73230.33622530407
CaTmV2O6,248661.72781175707
CaY(CO4)2,111518.28984168297
CaY(CoO3)2,400377.884094766
CaY(FeO3)2,761731.2558996835
CaY(NiO3)2,90924.93439809742
CaY(RuO3)2,225310.63038357097
CaY(TcO3)2,205442.18656372762
CaY2(FeO2)4,749092.4310127829
CaY3(PO4)3,60584.90553656765
CaY3Ti4O12,119254.05724651334
CaY5(MoO6)2,128734.62551526149
CaYCr2O6,424455.8784844922
CaYMn2O6,588639.3544313952
CaYNb2O7,64239.79248420985
CaYO3,117075.96017534292
CaYSc2O6,71998.94026998135
CaYSiO5,79591.55534038653
CaYV2O6,247638.75789563448
CaYb(CoO3)2,469493.33338978403
CaYb(FeO3)2,691946.2500768518
CaYb(OsO3)2,66893.19794908905
CaYb(RhO3)2,180768.4918390998
CaYb(RuO3)2,284078.0300681088
CaYb(TcO3)2,99514.9810413861
CaYb3,190824.26025258465
CaYbCr2O6,353188.8866026475
CaYbEu2,910366.4114862074
CaYbMn2O6,554303.1693906275
CaYbSc2O6,143048.06081748943
CaYbV2O6,172361.19000175124
Ce(Al2Cr)4,124392.1798933923
Ce(Al2Fe)4,268934.9538558073
Ce(AlSi)2,87150.52259384065
Ce(BH4)3,50662.39025481728
Ce(CoAs)2,180389.74441593807
Ce(CoO2)2,720821.4907598858
Ce(CoP)2,167749.05010245705
Ce(CrSi)2,224540.1736088655
Ce(Cu2P)2,55826.578602881185
Ce(CuO2)2,312214.13458865625
Ce(FeB)4,68830.08727863953
Ce(FeGe)2,483109.06740461086
Ce(FeO2)2,895706.5982655894
Ce(HO)3,131474.4664049303
Ce(HgO2)2,78564.26281367353
Ce(MnAl2)4,406023.3208832189
Ce(MnGe)2,423988.6472094962
Ce(MnSi)2,392130.46997153095
Ce(MoO2)2,464805.41370202694
Ce(NF3)2,146718.18204240972
Ce(NdS2)2,108026.23467324178
Ce(NiO2)2,317728.7804488784
Ce(OsO2)2,96994.80112773333
Ce(PPt)2,92769.63001138892
Ce(PbO2)2,71227.53474410316
Ce(PdO2)2,274686.5972076966
Ce(PrS2)2,105847.12926553865
Ce(PtO2)2,97636.96936169118
Ce(ReO2)2,286373.5651383734
Ce(RhO2)2,97123.58433159592
Ce(RuO2)2,99007.76103202658
Ce(SmS2)2,109958.50350217771
Ce(SnO2)2,75458.42916739327
Ce(TcO2)2,291177.8225499782
Ce(WO2)2,314943.49196097767
Ce(YSi)4,93179.88681427306
Ce(ZnP)3,65828.18368015937
Ce10(NiSn)3,169305.93050105864
Ce10Si5Ni,221707.1878113065
Ce10US16,212863.16715128234
Ce11O20,127286.781419574
Ce12Sn5Ge3,251728.9489556462
Ce13O24,68301.22161459262
Ce14Gd18O55,887049.5008638786
Ce15B8N25,107568.2970988314
Ce15Ni32,67703.03054753989
Ce16O27,136017.64134858668
Ce17O32,52313.26661965993
Ce19Ga13,152452.94325977634
Ce2(B2Rh3)3,72171.21731091314
Ce2(CN2)3,116268.89052841814
Ce2(CuGe)3,71605.05090459276
Ce2(CuNi)5,63039.40931264885
Ce2(CuSn)3,66869.23982097123
Ce2(Ga3Ir)3,52347.13468309829
Ce2(Ga3Rh)3,57384.55293524641
Ce2(InSn)3,87389.12144800377
Ce2(MoO4)3,74151.63750875583
Ce2(PRh)3,78906.85596556851
Ce2(SO6)3,132260.00446851563
Ce2(TlSn)3,86608.79104473852
Ce23Cd4Ir7,213013.1873427306
Ce2Ag2O5,62514.779745429405
Ce2Ag3(HgO4)3,103362.86196769305
Ce2AgHg,136989.55075771423
Ce2AgO4,72289.45201080527
Ce2AgPb,122166.28102716611
Ce2AgSn,125616.3922167226
Ce2Al2PdPt,141745.4204419859
Ce2Al3GaPd4,88677.72215414535
Ce2Al3Sn,85174.47867520287
Ce2AlNO3,166447.65001461783
Ce2AuO4,72467.95718355864
Ce2B2O5,59181.72741503707
Ce2B4(IrRh)3,77272.0681159301
Ce2BPd6,83301.95938307502
Ce2BiO4,68365.94488266521
Ce2BiPd,76412.50397758925
Ce2BiPt,61053.01008042436
Ce2C(NO)2,166462.54749832125
Ce2CN3Cl,151565.58303350335
Ce2Cd3(AgO4)3,59556.1645393139
Ce2CdAg,54822.712272655255
Ce2CdHg,141514.72123847055
Ce2CdIn,91923.16903638448
Ce2CdPb,135905.16010255986
Ce2CdS4,117767.76849485055
Ce2CdSb4,67315.63123692632
Ce2CdSe4,102064.62601197381
Ce2Cl2O,50272.97358637763
Ce2Cl3,77030.19288412822
Ce2Co17,948065.8142832795
Ce2Co2O5,122764.29099755026
Ce2Co3Ge4Ru,122736.03914744215
Ce2CoIr,65705.56496454787
Ce2CoSn,120772.3522252113
Ce2Cr2O5,511600.0598074468
Ce2CrAs,292586.12992487807
Ce2CrAu,298335.573653975
Ce2CrBi,275905.8144182136
Ce2CrGa,323764.96392794844
Ce2CrGe,344168.4641201352
Ce2CrN3,111345.69153171472
Ce2CrPd,315393.9851486936
Ce2CrPt,346533.8265997392
Ce2CrSb,285902.22576942196
Ce2CrSn,319920.42225803615
Ce2CrTe,312055.8470818782
Ce2Cu11Au,53160.435611756904
Ce2Cu2O5,72093.69491551117
Ce2Cu3Sb4,78791.90764228327
Ce2CuS2O,90080.80770688782
Ce2CuTe2O,110264.91095362447
Ce2DyTe,52733.27788267344
Ce2F3,270676.5678883443
Ce2Fe(SeO)2,254152.32958165702
Ce2Fe12Co5N3,1223150.790658686
Ce2Fe12P7,59825.872838914285
Ce2Fe14B,1227495.9241286884
Ce2Fe17N3,1286399.0086407433
Ce2Fe2O5,596428.1159586867
Ce2Fe2S2O3,506761.40478472004
Ce2Fe2S5,424943.6782737312
Ce2FeAu,114524.26163773813
Ce2FeIr,173908.39121033024
Ce2FeP2O,253229.41628828162
Ce2FePd,116667.64584396471
Ce2FePt,132637.5630006112
Ce2FeRh,173601.08969773556
Ce2FeSi,177039.08616335414
Ce2FeTe,145005.86455495103
Ce2Ga3Cu,148987.94990952272
Ce2Ga5Cu3,95932.46332371068
Ce2Ga7Pd,99752.29074132579
Ce2GaCo,101438.44553092949
Ce2GaFe,178324.75944714292
Ce2Gd2O5,56657.114437672855
Ce2Gd2O7,774957.0860788708
Ce2GdTe,61959.591673747906
Ce2Ge2IrRh,152118.41799780776
Ce2Ge3Rh,56594.37613429323
Ce2H5,130495.34562283575
Ce2Hf2O5,68465.76136706975
Ce2HfPt,127220.14571706987
Ce2HfSb,91099.61005608445
Ce2HfSn,138102.65466481564
Ce2HfTe,166100.25016092672
Ce2Hg3(AuO4)3,74069.54470463158
Ce2HgPb,119336.01460766797
Ce2In2PdRh,74565.10218205818
Ce2In3Cu,114014.65095021739
Ce2In8Ir,50651.52149774013
Ce2In8Rh,77277.53185463054
Ce2InAg,126929.03891754914
Ce2InAu2,148799.27039407566
Ce2Mg5Au,93216.09908110645
Ce2MgAu,50474.903751679674
Ce2MgCd,94989.57994355082
Ce2MgIn,66614.19349072227
Ce2MgNb2O8,133730.21678441865
Ce2MgPb,86731.81495830939
Ce2MgS4,104087.21012890743
Ce2MgSe4,94068.32615543569
Ce2MgSi4,69461.3526917317
Ce2MgTi4O12,76306.15781501557
Ce2MgV2O8,194311.67555006559
Ce2Mn(SeO)2,438710.6110834756
Ce2Mn2O5,635723.2085678572
Ce2Mn2Se2O3,569458.1506677999
Ce2Mn3Si4Pd,464414.89303660404
Ce2MnAs,268460.17263616575
Ce2MnAu,273659.0885433932
Ce2MnGa,307858.5754516816
Ce2MnGe,272985.47656007385
Ce2MnIr,336335.94618633337
Ce2MnN3,251007.28325756677
Ce2MnN3F,486889.9998889145
Ce2MnPd,264261.15128998243
Ce2MnPt,291124.76410814933
Ce2MnRh,321216.4098337338
Ce2MnSb,301483.35177692375
Ce2MnSi,282666.8236792666
Ce2MnSi4Pd3,196146.54439618366
Ce2MnSn,258324.89468935336
Ce2MnTe,290578.6495976614
Ce2Mo2O5,105606.86136382988
Ce2N3,298658.94247597636
Ce2Nd2O5,55572.31356622417
Ce2NdAu,152882.37811326547
Ce2NdPt,111771.46604707473
Ce2NdTe,71656.04045914915
Ce2Ni2O5,324978.24947013095
Ce2NiRu3,77723.62173759248
Ce2Np2O5,563843.5895516516
Ce2P2RuO,55353.865178658496
Ce2Pa2O5,79087.2277580809
Ce2PbS4,111971.0207161434
Ce2PbSe4,99028.81465331838
Ce2Pm2O5,61818.38893313923
Ce2PmAu,154218.9518164104
Ce2PmTe,70194.46117337304
Ce2Pr2O5,52420.91965364844
Ce2PrAu,149384.51652303888
Ce2PrHg,89210.52393436452
Ce2PrPt,105401.09568094558
Ce2PrTe,72036.09439388102
Ce2Pu2O5,685912.2307621953
Ce2PuAs,538735.7162994039
Ce2PuPb,501950.2352449146
Ce2PuSb,489810.2163570196
Ce2PuTe,507844.9685136708
Ce2Re2O5,50675.32470662199
Ce2Re2Si2C,131052.35108486957
Ce2Ru2O5,52254.09496141833
Ce2S2O,175491.2824664192
Ce2Sb2Se5,77971.54509431287
Ce2Sb3Rh4,55329.64063060556
Ce2SbAu3,130468.40511284285
Ce2SbO2,91524.60110172087
Ce2SbTe,82502.03959653224
Ce2Sc2O5,55645.20018986532
Ce2ScPb,72715.343389067
Ce2ScSi2,92824.70510934586
Ce2ScSn,65883.11781042085
Ce2ScTe,77511.22465008352
Ce2ScTl,83484.9520541457
Ce2Se3,141053.96210737247
Ce2SeO2,187649.74592327693
Ce2Si2NiPt,52739.6426969688
Ce2Si2Sn,148472.30963847734
Ce2Si3,75972.97771211628
Ce2Si4OsRu3,58053.79326450497
Ce2Si5Pd3,95910.94767162498
Ce2SiGe,130064.5713899221
Ce2Sm2O5,76605.49682067649
Ce2SmPt,137292.0538861573
Ce2SmS4,173491.4109268678
Ce2SmTe,68044.22209010836
Ce2Sn3,116186.78952953152
Ce2SnAu,74983.88799698891
Ce2SnHg,80138.71946024445
Ce2Ta3(SeO4)2,80517.91580187256
Ce2Tc2O5,102863.83266392135
Ce2Te(Mo2O15)3,134498.40240744068
Ce2Te3,115425.87788643938
Ce2TePd,140757.8751132897
Ce2TePt,125107.3349279879
Ce2TeSe,133357.48681784395
Ce2Th2O7,106142.33580104563
Ce2ThAs,78468.1366652168
Ce2ThS3,136587.5495275808
Ce2ThTe,136296.48764675716
Ce2Ti2O5,125482.39416904231
Ce2TiAs,263962.44365261367
Ce2TiAu,240549.04786130466
Ce2TiBi,242263.83695313448
Ce2TiGa,207261.0540149111
Ce2TiGe,259974.9231075535
Ce2TiIn,199848.81630274092
Ce2TiO5,157754.05329648775
Ce2TiPb,245695.84607102754
Ce2TiPd,251941.30382948392
Ce2TiPt,277932.13382715575
Ce2TiSb,240845.41406489207
Ce2TiSn,247573.94911538094
Ce2TiTe,197581.76921791685
Ce2Tl3(AgO4)3,67076.49894996762
Ce2TlAg,98425.87872152259
Ce2U2O5,350313.0941479637
Ce2U2O9,116455.86565554673
Ce2U3O10,275806.91458127444
Ce2UO6,152402.3881544971
Ce2US5,99727.79080419276
Ce2USe4,307647.21518206166
Ce2USe5,87127.9505100957
Ce2UTe4,260967.36050409378
Ce2V2O5,379459.6491018659
Ce2VAs,301852.16763651196
Ce2VAu,273369.8289765679
Ce2VFeO6,521776.89828574116
Ce2VGe,298446.4932092442
Ce2VPt,324570.10020589887
Ce2VSb,260901.02127971468
Ce2VSn,270428.81995873404
Ce2VTe,246888.10488540758
Ce2W2O5,53219.03886462032
Ce2W4S3O14,429223.5765205063
Ce2WO6,144554.3017115569
Ce2YSi2,98047.99079807813
Ce2YTe,52658.23942582285
Ce2Zn2Sn2H3,56390.313083717025
Ce2Zn3Cu7,112288.59704083286
Ce2ZnAg,50566.59697501166
Ce2ZnBi4,76095.89982676126
Ce2ZnHg,101734.49954452657
Ce2ZnIn,53004.34446414835
Ce2ZnPb,78342.1802421243
Ce2ZnSb4,77662.89927338422
Ce2Zr2O5,94998.05273760445
Ce2ZrAs,134730.4512480069
Ce2ZrAu,130372.80502149112
Ce2ZrBi,138247.61657869015
Ce2ZrIn,139333.2913859512
Ce2ZrPb,199491.2725205051
Ce2ZrPt,233954.74178194764
Ce2ZrSb,145946.40194954598
Ce2ZrSn,200491.48567132035
Ce2ZrTe,163316.44940597683
Ce3(GaRh)2,91754.04600509377
Ce3(P3Pd10)2,56644.91636279533
Ce3Ag,224627.15190484337
Ce3Al11,102961.60294580775
Ce3Al3Pd2Pt,140294.13158955277
Ce3AlCoS7,54525.392928811234
Ce3AlCrS7,135967.26734354463
Ce3AlFeS7,136854.49779560455
Ce3AlNiS7,68533.57679232757
Ce3AlO,125791.21426233953
Ce3AlVS7,80776.44995813907
Ce3AsS3,174587.99099853841
Ce3BeCrS7,104592.03892042305
Ce3C2Br3,136788.16214911983
Ce3Co11B4,288473.1722605216
Ce3Co8Si,54852.92214705607
Ce3CrS6,254809.23643265647
Ce3Cu,178874.16788027945
Ce3Dy,97650.12763705653
Ce3Er,108015.73324312139
Ce3Ge5,98156.11671130903
Ce3GeS2,183761.03253701635
Ce3HfSb5,111816.22665787445
Ce3Ho,65730.39338483426
Ce3IrI3,156417.228159397
Ce3MnAlS7,168438.98221827808
Ce3MnBi5,130922.75355192886
Ce3MnGaS7,168347.19361677734
Ce3NF6,194993.00697238807
Ce3Ni2Ge7,64635.60078258994
Ce3PBr3,166672.3826059095
Ce3PI3,150377.24812905592
Ce3Pd5,154209.13793812055
Ce3SbAs2,137318.03424177362
Ce3Sc,105967.32243904182
Ce3Se2NO,64444.69640224727
Ce3Si2Sn3,73034.20567349576
Ce3SiCl5O4,113222.16247977907
Ce3SiI3,117509.7241685553
Ce3SiS2,184275.7781626269
Ce3SnN,229568.63743652505
Ce3Ta(Cl3O2)2,96258.869750425
Ce3TaO7,173056.1122334781
Ce3Th2O9,59491.00108318432
Ce3Th3O11,70915.86165757467
Ce3TiAlS7,58391.457729572205
Ce3TiSb5,114040.35764166122
Ce3Tm,205676.8847773516
Ce3UAl8,207534.85306915405
Ce3W(ClO2)3,135206.76118364264
Ce3Y(InAu2)4,54869.47447233806
Ce3Zr5O16,88724.73705427398
Ce3ZrSb5,111805.2570163259
Ce4(CoB2)3,61208.084144614084
Ce4(FeB2)3,112455.1592288655
Ce4Al2O9,159689.29259793303
Ce4CdIr,232357.00845904023
Ce4CdNi,250968.075985547
Ce4CdPd,246920.80381202028
Ce4CdPt,244444.0116344024
Ce4Co4O11,198031.54787479242
Ce4Cr4O11,491359.34007863695
Ce4CrS7,75583.87531854912
Ce4Cu3(SO)4,111513.43388324493
Ce4Cu5Sb8,57893.28218265398
Ce4Fe,162410.9978664083
Ce4Fe4O11,676768.7137490379
Ce4FeSe6O,125884.19594080068
Ce4Ga2S5O4,65333.27015913118
Ce4GdO9,358203.86311079614
Ce4Ge3,191316.7417044826
Ce4Ge7,115663.318310122
Ce4GeS3,192655.31509102567
Ce4H11,267146.66133365274
Ce4In5S13,73460.71605138907
Ce4Mg,200421.28760103474
Ce4MgRh,239703.55641955233
Ce4MgTi2O10,241861.59378399505
Ce4Mn4O11,662204.9815637073
Ce4MnS7,151439.3384501849
Ce4MnSe6O,156047.99397875165
Ce4Ni3Pt,88195.8537957535
Ce4Ni4O11,243000.3751314032
Ce4NiS7,62441.487164248276
Ce4Os,199818.3513162756
Ce4Pt,253203.50621745392
Ce4Re6O19,100108.3466578627
Ce4Ru,148927.62688036868
Ce4S3O4,76207.96758814607
Ce4S4Cl2O,145354.33756873765
Ce4Si4N6O5,133800.86163816912
Ce4SiI5,136453.85610283472
Ce4ThO8,171694.7704942513
Ce4ThO9,86388.42492247408
Ce4UC10,114805.036991918
Ce4UO10,73796.29449416444
Ce4V4O11,342681.24539430375
Ce4Zn3Sb8,83288.62621607461
Ce4Zr4O15,59060.31910772771
Ce5AgS8,148591.21967500416
Ce5AgSe8,131276.9936758814
Ce5BiSb4,117475.73070988209
Ce5CuSe8,137121.89362779312
Ce5Gd2O13,454575.4794488157
Ce5Ge2Ir,175890.5175156084
Ce5Ge2Pd,232134.4890239468
Ce5GeSb2,234590.25373531636
Ce5Mg,74121.85742744448
Ce5Nd5Si6,136073.89722355822
Ce5O9,89146.48395298651
Ce5S8,90535.22230710732
Ce5Sb4As,126584.03968625735
Ce5Sn3Au,241848.7784620529
Ce5Zr3O16,136537.31850317554
Ce6MnSb15,113190.85878975195
Ce6SiNi4,162209.64510850408
Ce7O12,86454.88143007469
Ce7Ti4(Se2O)6,101879.36418469904
Ce7ZrO16,180619.86631677058
Ce8Ag6Ge8O,123227.28764046499
Ce8AlPd24,100622.89705424706
Ce8Fe8As8O7F,483435.0018184538
Ce8Gd2O19,318502.09225869644
Ce8GePd24,77359.94740136854
Ce8InPd24,105576.24328882257
Ce8Pd24Pb,85001.12444542882
Ce8SnPd24,84713.37270390906
Ce9GdO20,137885.87771769206
Ce9In2Cu,155753.989491962
CeAg(WO4)2,55096.15247850819
CeAg2,214304.20980055636
CeAgAu2,57014.73661649746
CeAgHg2,53194.578861486305
CeAgP2,53082.04576761308
CeAl2Ag3,86937.36599939897
CeAl2BRu2,75908.95642850653
CeAl2Cu3,74610.32575122702
CeAl3Ag,92929.42689582647
CeAl4Pd,68509.06665433504
CeAl6Pd,63840.50371103273
CeAl8O16,98071.4859048511
CeAlCu4,89838.23457232301
CeAlH2Ir,55802.13518515482
CeAlO2,178628.07401002408
CeAlSi,71626.20962111601
CeAsO4F,83286.10048888774
CeAsRu,228211.41914836667
CeB2Ir2Rh,75151.22849651703
CeB2Pd2C,95420.15115735952
CeBeAl3,92989.16158661373
CeBeO3,168196.20579134475
CeBeSiHO5,104060.41538686588
CeBr3O7,76898.58793496521
CeBrO,137118.73518708808
CeCd(CoO3)2,430390.54406390805
CeCd(FeO3)2,735309.0907575625
CeCd(NiO3)2,85767.71862946701
CeCd(RuO3)2,217155.44548741245
CeCdAg2,72450.08374874112
CeCdAu2,60927.45596472616
CeCdIn,58596.83315866761
CeCo2As,292653.21759118745
CeCo2Sb,264305.42923178803
CeCo2SiB,86678.13257554005
CeCo2Sn,150089.50453091078
CeCoAs,140804.3436094874
CeCoAu,94384.61087804135
CeCoBi,121740.72614085859
CeCoGe,223748.3744511024
CeCoGe2Ru,83216.15027700592
CeCoO3,368463.9819199979
CeCoPd2,192503.90050528283
CeCoPt,191411.64213683162
CeCoPt2,273255.8971051913
CeCoSb,130625.27990137368
CeCoSi,136238.34961999435
CeCoSn,220049.8855040798
CeCoTe2,170392.90336057454
CeCr2CdO6,409973.55141368427
CeCr2O4,690252.2993076278
CeCr2PbO6,394742.99435324024
CeCr2Si2C,151329.3177619488
CeCrAs,505806.0674533654
CeCrAs2,360693.2802775492
CeCrAu2,501921.9438361192
CeCrBi,437317.59703554347
CeCrGa2,384501.5799554965
CeCrGe,537649.5334921652
CeCrGe2,395853.23515817814
CeCrGe3,146806.94381567885
CeCrO3,439189.04636565805
CeCrPd2,514802.86706417066
CeCrPt,556156.3578597697
CeCrPt2,514602.7099691461
CeCrRh2,531766.3333685147
CeCrS2O,316037.26635405334
CeCrS3,282492.94221838895
CeCrSb,461525.1006847585
CeCrSb2,347758.72881580907
CeCrSb3,233610.71762549816
CeCrSe2O,296887.07817771577
CeCrSe3,246757.8449959116
CeCrSn,550545.667521206
CeCrSn2,372178.52699127625
CeCrTe,365012.7572513498
CeCrTe2,405026.3820179225
CeCuPt4,74935.68509615948
CeCuSi2Pd,80728.99614682709
CeDy2Au,197283.4328153311
CeDy2In,120319.0768643962
CeDy2Ir,102688.78845787341
CeDy2Pd,148571.16305486351
CeDy2Sn,67007.44506353741
CeDy2Te,54079.001243036255
CeDy3,61935.46851849635
CeDyGa,62238.68176811537
CeDyHg2,55042.90552951466
CeDyIn,68995.01768663464
CeDyTe,57217.84643380803
CeDyTe2,68755.75963370428
CeDyTl,76328.8010533757
CeDyZn2,51332.45090122279
CeEr,163319.93789696184
CeEr2As,99603.44301615773
CeEr2Au,201802.82482860374
CeEr2Ga,135404.709432402
CeEr2Ge,76884.54244455583
CeEr2In,132487.51999033339
CeEr2Ir,97654.05669277847
CeEr2Pd,146680.38631146497
CeEr2Sn,75792.48208113332
CeEr3,52592.182496289606
CeErTe,74172.86754927727
CeErTe2,74848.30762281157
CeEu2As,245897.24469416682
CeEu2Bi,226632.62924727376
CeEu2CrO6,1049302.6522726996
CeEu2Ge,197488.48302313912
CeEu2O4,75396.96620938116
CeEu2Pb,186990.3660598438
CeEu2Sb,227650.36585358018
CeEu2Sn,185600.32803039683
CeEu2Te,172404.9916840238
CeEu2VO6,967031.582338726
CeEu2WO6,966955.8893336315
CeEu2ZrO6,809272.5266789494
CeEu3,1329647.4516391482
CeEuAg2,313476.17231286917
CeEuAl4,605450.3600790824
CeEuB12,518140.84316670767
CeEuCd2,337181.84708413173
CeEuO3,97216.55468539064
CeEuTe,131956.96226591393
CeEuZn2,377479.7088234104
CeFe(Ni2Ge)4,128648.53316587787
CeFe9Si4,539291.5625003591
CeFeAs,292113.1082370719
CeFeAs2,266317.20308325224
CeFeAsO,448424.9314672016
CeFeAu2,303509.15002062486
CeFeB4,70003.4199871896
CeFeGe2,149008.66949870798
CeFeO3,759364.3595719521
CeFePt,370335.94883298874
CeFePt2,423236.90956211183
CeFeRh2,497935.9893016648
CeFeSi2,152362.99156244224
CeFeTe2,266155.95192892384
CeGa2Cu3,80500.3913208735
CeGa3Ag,65539.23205545788
CeGa3Au,92410.95006297674
CeGa3Cu,81827.73002603489
CeGa4Co9,434818.7566797233
CeGaAg,123432.11262821885
CeGaCu4,105997.20448235031
CeGaO2,168502.03404550187
CeGd(CoO3)2,350592.2550774764
CeGd(FeO3)2,801587.6990051956
CeGd(NiO3)2,176858.78679926964
CeGd2Au,190346.02127546896
CeGd2Hg,179023.42935858844
CeGd2Ir,102587.42278139213
CeGd2Pd,147152.05908323452
CeGd2Sn,64774.76284357473
CeGd2Te,58415.160864146375
CeGd3,1669146.2817931338
CeGdCr2O6,487346.03229136474
CeGdGa,62066.36132138323
CeGdHg2,61128.665338609055
CeGdIn,75028.63942389807
CeGdMn2O6,645011.0447348002
CeGdN2,1124870.029030334
CeGdTe,161133.44637666902
CeGdTe2,65597.7139911438
CeGdTl,81761.20657513592
CeGdV2O6,314108.204827653
CeGeO2,137722.3332008717
CeH(CO2)3,66800.43299337507
CeHfF7,61885.29455894971
CeHfHg2,93238.57492576951
CeHfMg14O16,88376.55208092544
CeHfMg6O8,54099.80171757795
CeHgAu2,64891.87031997975
CeHo2Au,199886.17791050806
CeHo2Ga,128630.24259977619
CeHo2In,125312.96659249294
CeHo2Ir,100638.96174656815
CeHo2Pd,147519.9487982985
CeHo2Sn,67384.82729085338
CeHo2Te,51573.78247576004
CeHo3,55503.31764700187
CeHoHg2,50139.307700902355
CeHoTe,64468.39284332567
CeHoTe2,69860.36959903092
CeHoTl,67707.29414728667
CeHoZn2,50633.303713412635
CeInCuAg,82295.54033582933
CeIrPt,68801.31419383749
CeLu2As,105207.85183335596
CeLu2Au,205296.79685374582
CeLu2Bi,58317.142032354364
CeLu2Ge,136021.50738829616
CeLu2In,148944.86606290235
CeLu2Pb,121504.59449840453
CeLu2Pd,143430.42181198538
CeLu2Pt,145200.29208943096
CeLu2Sn,125769.18781303875
CeLu3,157409.329344766
CeLuTe2,78834.10934136897
CeMg(BO2)5,57306.90435768207
CeMg(N3O13)2,145229.970784389
CeMg14Co,82158.85083142767
CeMg14Cr,110434.05725216372
CeMg14Fe,70522.21834678177
CeMg14Nb,62706.348601079306
CeMg14V,69430.13848898331
CeMg2O4,100546.11149295613
CeMg3O4,116149.28828921165
CeMg6Al,51239.46057820576
CeMg6Bi,50359.12753329094
CeMg6Cd,57567.41375302765
CeMg6Cr,237327.593731097
CeMg6Cu,51238.82168722168
CeMg6Ga,50430.826805302524
CeMg6Mn,140639.7059216646
CeMg6Ti,94875.78326907521
CeMg6V,195133.26922315976
CeMg7,59075.824087685
CeMgAg2,65930.02433828355
CeMgAu2,62144.931181715176
CeMgCd2,53365.44912183315
CeMgCo4,493401.70926709205
CeMgCu,59382.984536395204
CeMgO3,135592.3106214849
CeMgRh,146375.0497729915
CeMgTi2O6,98650.76406062047
CeMn2(GeO3)4,354567.9808692205
CeMn2CdO6,577234.8253606252
CeMn2Cu9,472955.3370550221
CeMn2O4,869926.125450012
CeMn2ZnO6,589034.5081526675
CeMn4(CuO4)3,471838.1147105105
CeMn7Ni5,544447.8583615891
CeMnAl2,421745.93083455926
CeMnAs,388180.40007878386
CeMnAu2,452667.86248703115
CeMnBi,341060.323685482
CeMnGa2,423780.4043238888
CeMnGe,484258.704480962
CeMnGe2,401203.71153757395
CeMnHg2,430549.9892436186
CeMnNi4,590614.5295163039
CeMnO3,614040.5607024276
CeMnPd2,519072.50945716427
CeMnPt,497072.05918603565
CeMnPt2,545529.101728278
CeMnRh2,574120.7348359007
CeMnSb,364306.4054039711
CeMnSb2,361920.0518082391
CeMnSbO,494534.16993784165
CeMnSi,392312.74090325215
CeMnSi2,245470.07994091284
CeMnSn,462915.343662245
CeMnSn2,295924.54028024926
CeMnTe,328287.18820134
CeMnTe2,340804.1720622101
CeMo12(NO27)2,55851.42313908604
CeMo2PbO6,59325.70217993412
CeMoBrO4,80539.80384307778
CeMoO2,566418.6130816839
CeMoO3,99617.01491078913
CeMoPt2,357541.60075571307
CeNb2InO6,78106.40510327226
CeNb2O4,149336.471060637
CeNbAs,54873.096718405446
CeNbAs2,146847.39539029144
CeNbAu2,225974.07514319578
CeNbGa2,192597.66601662146
CeNbGe2,183232.34005666815
CeNbO2,62039.27597596581
CeNbPd2,154051.37214386385
CeNbSb2,81298.21616725484
CeNbSn2,168460.11248367553
CeNd(FeO3)2,789880.4672238275
CeNd(NiO3)2,171221.7312483479
CeNd2Au,162710.19132834172
CeNd2Cd,85898.364376651
CeNd2Hg,128682.59955346625
CeNd2Te,72311.35478927995
CeNd3,74914.99270090571
CeNdAl2O6,84889.18091053051
CeNdCr2O6,480038.4341423979
CeNdGa,51930.30264898353
CeNdHg2,71144.23871897702
CeNdMn2O6,635357.2513819621
CeNdN2,84348.48148786745
CeNdS2,102138.08588241735
CeNdSi2,75101.83746895053
CeNdTe,151047.1971946975
CeNdTl,75152.70128228403
CeNdV2O6,309541.0313173811
CeNi5,148940.39500180524
CeNiGe,52180.466125798506
CeNiO3,168907.4287180862
CeNiPb,60506.57326664205
CeNp2O4,639633.3077343295
CeNpAs,561726.0896334563
CeNpAs2,388172.85968582844
CeNpIn2,366852.70099341916
CeNpIr,526612.2403917741
CeNpIr2,374851.76162048377
CeNpO3,402679.3985482956
CeNpPd2,475008.39080574573
CeNpPt,578238.8930846018
CeNpSb2,356708.35077244166
CeNpSi2,417592.3862393774
CeNpSn2,405265.18187479844
CeNpTe2,443695.5450616956
CeO2,185741.1455128063
CeO3,54092.19255040455
CeOF,201714.36143732598
CeOsO3,104834.05790051943
CeP2O7,50311.292932514145
CeP3O14,111067.81599426361
CeP4NO12,113516.88564912385
CeP5N2O15,142071.66594406508
CePa2O4,171407.0665140117
CePaAl2,141407.05680767578
CePaAs,193621.520307408
CePaAs2,143977.1452952699
CePaAu2,135935.9583835328
CePaBi2,149314.20522018924
CePaGa2,141597.1745565794
CePaGe,132503.78144123277
CePaGe2,75740.90626698804
CePaIn2,136318.94230861787
CePaO3,173506.4064098925
CePaO4,111494.26879505989
CePaPb2,204401.41391024127
CePaPd2,102620.69939207185
CePaPt,84158.16509749564
CePaPt2,107100.48687708721
CePaRh2,53831.05809730421
CePaSb2,140667.77727989457
CePaSn2,198804.14696313054
CePaTe2,84876.92247073834
CePb2,60020.7190509721
CePd2Ru,136598.77295487805
CePm2Au,169387.08327630904
CePm2Cd,93453.387659645
CePm2Hg,140251.0783112269
CePm2Rh,93308.43584810972
CePm2Te,69737.38858572242
CePm3,88857.487445976
CePmGa,54818.76042586623
CePmHg2,69547.81887771715
CePmTe,154900.00808788714
CePmTl,78270.12659622864
CePmZn2,50526.48965027227
CePr(FeO3)2,785802.3884499975
CePr(NiO3)2,170364.91276865674
CePr2Au,153814.29510148847
CePr2Cd,77187.98856852553
CePr2Hg,117787.73048596735
CePr2Te,73149.14722663938
CePr3,88690.28487826165
CePr3O8,153392.96660960486
CePr4O10,162420.94371070556
CePrCr2O6,477701.53130136046
CePrHg2,71487.45158654396
CePrMn2O6,632244.5343281185
CePrO2,69697.1845814045
CePrO4,105949.01937428888
CePrPd,50955.40545881087
CePrTe,147579.95976955772
CePrTl,71761.14750127171
CePrV2O6,342525.50251265604
CePt2Au3,79333.48066395204
CePtRh,81960.04600184681
CePtRh2,84774.5854832471
CePu2As,1194158.4218296637
CePu2Au,1136869.4594591642
CePu2O4,800818.2225197159
CePu2Pt,1157481.7415116956
CePu2Sb,1114271.2144612833
CePu2Sn,1133940.481159752
CePu2Te,1074799.5842347695
CePu3,1524213.4932627003
CePuAl2,502380.6913588383
CePuAs,712592.8254930081
CePuAs2,496853.3146779923
CePuAu2,558554.6117483336
CePuCo4,955094.6732603813
CePuGa2,544729.120483367
CePuGe,747992.7465998037
CePuHg2,536496.3248091018
CePuIn2,512926.8669541511
CePuIr,675147.6991756534
CePuNi2,634622.2422977769
CePuO3,510421.0034350544
CePuPb2,488077.8927104224
CePuPt,694366.2561515546
CePuRh,629607.6798559426
CePuSb2,451052.92528472847
CePuSi,710792.6544694195
CePuSi2,571394.9398945399
CePuSn2,511682.85800291464
CePuTe,661473.4466042705
CePuTe2,109970.13508593442
CePuTl2,522741.9857261649
CeReO3,205632.50734362373
CeRuO3,127067.77006190905
CeRuPt2,118028.78470707209
CeS2NO8,164785.82432212957
CeSBr,108124.60485810653
CeSCl,113677.15131928264
CeSbSe,108934.61125654697
CeSc2Al,191195.9872354303
CeSc2Au,237983.56441149575
CeSc2CdO6,71127.15313933315
CeSc2Ga,228414.1799584258
CeSc2Ge,164091.22573994935
CeSc2Hg,292849.4038980011
CeSc2In,207076.509908849
CeSc2Pt,146577.32053458656
CeSc2Si,103570.66164637585
CeSc2Sn,136181.72774535275
CeSc2Tl,221381.5922303343
CeSc2ZnO6,71539.12109645137
CeScAs,126137.30192513524
CeScBi,165213.43288988929
CeScHg2,59096.581501894514
CeScIn,79140.22060533603
CeScSb,263975.4448919638
CeScTe,308477.11153417436
CeScTe2,113700.68620152395
CeSi(HO2)2,84220.1606285492
CeSi2OsRu,54472.31473670288
CeSi2Rh3,88899.23124663325
CeSi2RuRh,72612.01773453264
CeSi3Pt,97157.76378547339
CeSiBIr3,56450.66636469924
CeSiBRh3,69170.4911731776
CeSiGePd2,60858.925084868286
CeSiGeRh2,69863.74850440377
CeSiNi,52436.99615456726
CeSiO4,110590.62686432445
CeSiPt2,58709.15933750689
CeSiPt3,87315.96034344846
CeSiRh,63655.99815592589
CeSm,149070.91479231452
CeSm2Au,178094.40913193906
CeSm2Hg,154280.70751770743
CeSm2Rh,101291.2162683121
CeSm2Te,64507.30129739612
CeSm3,69837.53921081766
CeSm3S4,55673.861906693084
CeSmB12,68121.1657159855
CeSmGa,57566.739062104556
CeSmHg2,66618.97740788678
CeSmO2,63799.58682617999
CeSmTe,272815.517358744
CeSmTl,80352.3583608313
CeSmZn2,51623.45476204098
CeSnAu2,51960.527412623174
CeSnIr2,89666.66943819044
CeTa2O4,136570.76228736725
CeTaTiO6,81699.8746273178
CeTcO3,239416.86288410256
CeTcPt2,293703.36726839026
CeTcTe2,187320.75405724664
CeTe,59513.101375098006
CeTe2Mo,94504.36297123773
CeTe2Ru,176469.88238636975
CeTh2S3,58803.2932464466
CeTh3,60523.5494628568
CeThB12,67109.1018790218
CeThS2,109451.45771867754
CeThUS5,188743.82777694985
CeTi2O4,235525.8028503643
CeTiAl2,105623.99524407198
CeTiAs,190028.83034844993
CeTiAs2,156496.29626254653
CeTiBi2,168858.55791371217
CeTiFe11,587261.7154
CeTiFe11N,625792.1247
CeTiGa2,103039.26195480996
CeTiGe,230118.82066243232
CeTiGe2,220074.92116348995
CeTiGe3,86940.57977370764
CeTiHg2,195054.41731737732
CeTiIn2,139772.08042243347
CeTiIr,173285.36468723312
CeTiNbO6,82008.54137204075
CeTiO3,101615.19025051393
CeTiPb2,203467.0172759735
CeTiPd2,171852.00913897902
CeTiPt,158567.66555660823
CeTiRh,185259.3198761162
CeTiSb2,168107.4167378299
CeTiSi,218858.59400014032
CeTiSi2,228012.087896766
CeTiSn2,211043.89926865257
CeTiTe,64513.70238487926
CeTiTe2,89265.09969037274
CeTiTl2,180932.98681194233
CeTiZn2,86984.97723027694
CeTl(WO4)2,50948.411250169105
CeTlAg2,54844.87741261883
CeTlAu2,52785.00126002853
CeTm2As,108840.55478188735
CeTm2Au,203550.01266419486
CeTm2Ge,85166.2318101421
CeTm2In,139901.79518140797
CeTm2Pd,145737.56560946134
CeTm2Pt,145477.37080181786
CeTm3,55101.35297571274
CeTmTe,84225.13033472192
CeTmTe2,79195.72112697885
CeU2O4,481813.1658540076
CeU2O6,305688.8962332046
CeU2S5,306077.7127450122
CeU3Al8,366824.39456987387
CeU4O10,368307.5875900369
CeUAs,397319.21714000136
CeUAs2,267776.7120357627
CeUAu2,315164.1774629133
CeUB8,130831.74211143928
CeUBi2,249582.69894615252
CeUGa2,292804.5471327266
CeUIr2,235792.68800675034
CeUO3,294225.8583410292
CeUO4,230579.0645191995
CeUPd2,326168.29985025007
CeUPt,441788.27593374683
CeUPt2,302112.3692613725
CeUSb2,244884.90993232286
CeUSi2,313019.2351065068
CeUTe2,320213.69790765963
CeUTe6,108975.87821320756
CeUZn17,114312.35334876807
CeV2CdO6,238676.19005041337
CeV2O4,500127.5762537253
CeV2PbO6,231522.7304785942
CeV2ZnO6,239102.84901422093
CeVAs,516220.60668502154
CeVAs2,230819.62969462117
CeVAu2,379651.15274590027
CeVBi2,230269.53250578334
CeVGa2,345770.165824256
CeVGe2,315831.2361866179
CeVIn2,332175.9946890446
CeVO3,300626.6580110255
CeVO4,58538.617825215944
CeVPd2,372034.5654206651
CeVPt,435355.3259479093
CeVPt2,54969.19055145651
CeVSb,525857.8114161708
CeVSb2,213866.29134322196
CeVSb3,52361.138617989294
CeVSn2,282774.8449160491
CeVTe,460596.7886851478
CeVTe2,321255.2829585848
CeY,169741.6194645548
CeY(CoO3)2,192823.53115153467
CeY(FeO3)2,803162.9101959484
CeY(NiO3)2,175515.91089180886
CeY(OsO3)2,78349.90151934976
CeY(RuO3)2,110379.05642064306
CeY(SbO3)2,52003.16635372361
CeY2As,88792.49207776519
CeY2Au,201185.4931689222
CeY2Ga,148232.58304524416
CeY2Ge,79322.33828065319
CeY2Hg,234875.36245490419
CeY2In,146010.19450147502
CeY2Pd,152969.1018648885
CeY2Pt,147327.2171183484
CeY2Sn,132586.34339879174
CeY2Te,60671.62527016971
CeY2Tl,161617.57445412618
CeY3,59394.33286285463
CeYCr2O6,488452.53315941
CeYCu4,90604.82821824391
CeYGa,55039.69808352019
CeYHg2,55853.97417707306
CeYMg4,61969.71588888149
CeYMn2O6,646308.0304513024
CeYTe,70791.25494899332
CeYTe2,81621.62802892276
CeYTl,72549.17280934114
CeYV2O6,314624.32398391876
CeYZn2,50076.25188901883
CeZn(CoO3)2,290746.0586390196
CeZn(FeO3)2,749694.2575014319
CeZn(NiO3)2,90019.3854223552
CeZn2Ni3,80341.99221002104
CeZn4Ni,106987.55830990747
CeZnAgAs2,82787.9315466649
CeZnAgP2,91293.96807001106
CeZnCr2O6,417868.4040396068
CeZnCuP2,99785.4633297779
CeZnGa3,97801.39816149914
CeZr3O8,62035.58184037524
CeZrAs2,73889.59471981843
CeZrBi,70289.72631445731
CeZrBi2,75757.4546129502
CeZrFe11,597220.2602
CeZrFe11N,632804.6376
CeZrGe2,145587.98214084838
CeZrHg2,85143.56732655886
CeZrO4,112009.92734020435
CeZrPb2,153609.945322578
CeZrSb2,74921.7843442159
CeZrSn2,162271.8436657775
Cs2CaTm2(WO4)4,51166.96883981063
Cs2Ce2Mg(CuS3)2,50414.76824081982
Cs2Ce2O5,90158.60348775031
Cs2Dy2O5,50340.18778544704
Cs2Er2O5,51784.06828798003
Cs2Eu2O5,107939.21129697534
Cs2EuCl5,196609.39737991593
Cs2GdAgCl6,199893.73021593536
Cs2GdAuCl6,199391.29367736971
Cs2GdCl5,232613.55865885704
Cs2La2O5,93254.56362244439
Cs2Li14Tb3O14,71686.10582013614
Cs2LiEuCl6,180628.30162690763
Cs2LiGdCl6,213681.67343728323
Cs2Lu2O5,53249.15639495494
Cs2NaEuCl6,166866.30467608545
Cs2NaGdCl6,196715.0235447844
Cs2Nd2O5,66292.59219460122
Cs2PrO3,67443.93078288515
Cs2RbEuCl6,139550.23426779214
Cs2RbGdCl6,165262.21101081002
Cs2Sc2O5,116036.48314388405
Cs2Tb2O5,50063.13083924322
Cs2TbO3,62966.96214613146
Cs2Tm2Mg(WO4)4,52066.70194028258
Cs2Tm2O5,104608.94854793318
Cs2TmCl5O,56966.86216367472
Cs2Y2O5,100477.4413064169
Cs3Eu(Si2O5)3,125271.0021110216
Cs3EuCl6,129325.62766266333
Cs3EuF6,215784.3869936174
Cs3GdCl6,153244.62945789858
CsCe,158747.0269689736
CsCeAs,76564.30012418717
CsCeO3,177686.40507935212
CsCeTe,131507.04575524366
CsDyAs,84261.31564053142
CsDyO3,200474.7590820584
CsEr2O4,72472.81532743681
CsErO3,205248.54931913494
CsErTe,131399.8457174423
CsEu,516969.46986267157
CsEu(MoO4)2,288648.5275507184
CsEu(WO4)2,326867.835822886
CsEu3,971901.2680924666
CsEuCl3,185301.36055724477
CsEuO3,143556.0819836008
CsEuPO4,556700.6269708881
CsEuS2,70498.3439957248
CsEuTa6Cl18,94800.00259450071
CsGd,781874.3503862255
CsGd(MoO4)2,342893.1145399669
CsGd(WO4)2,374039.900760859
CsGd2Cl7,423328.1343823359
CsGdAs,83805.25494832676
CsGdMnSe3,244083.10805357763
CsGdO2,848684.612493635
CsGdO3,195416.54608043775
CsGdTe,134291.38958168039
CsHo2O4,71775.35715486205
CsHo3,114680.05242871847
CsHoCoSe3,155735.41436111755
CsHoMnSe3,244912.2180963303
CsHoO3,203489.4030450428
CsHoTe,134415.3293684339
CsLa2O4,60670.52936539691
CsLaAs,50598.09079242822
CsLaH4(SO4)2,123124.48441113492
CsLaO3,177734.51858177801
CsLaSb,62469.990284813226
CsLaW2,257052.09364166745
CsLu2O4,75862.13170078308
CsLuO3,217290.0899369304
CsNaEuNb5O15,168742.6617888694
CsNd(ClO)4,64727.16725004868
CsNd(SeO6)2,181663.84401434768
CsNd2O4,63182.123840623404
CsNdAs,80052.99251745905
CsNdO3,184389.73276480995
CsNdTe,114853.57405577523
CsPm2O4,64889.122880032744
CsPmO3,187804.54360293146
CsPmSb,51499.78943269901
CsPmTe,135013.883715824
CsPrAs,73772.58776994259
CsPrO3,181004.22750753124
CsPrSb,61797.36513708819
CsPrTe,135679.95931069707
CsRb2GdCl6,155088.94690078104
CsScBr3,55009.41142570693
CsScCuF6,59846.38268578161
CsScO3,236521.55817368653
CsScTe,155284.56872526248
CsSm2I5,58357.76395508913
CsSm2O4,66625.55276445828
CsSmAs,82932.9850795091
CsSmMnSe3,240043.72164535205
CsSmO3,190294.47381307246
CsSmTe,134409.922247078
CsTb2O4,69895.57215795032
CsTbF5,83015.2877361111
CsTbO3,197844.8160150049
CsTmO3,209690.59732449334
CsYC4O9,78129.11001077457
CsYMnSe3,243158.15046150459
CsYO3,198796.56180238258
CsYb3,126477.35246362744
CsYbMnSe3,253323.0013611897
Dy(Al2Cr)4,116208.2245423654
Dy(Al2Fe)4,262012.3089877079
Dy(ClO2)3,177335.43402320094
Dy(CrGe)2,187158.53240980432
Dy(CrS2)3,453294.5362781417
Dy(CrSi)2,133181.37340933378
Dy(CuO2)2,122909.48588168097
Dy(Fe2Ge)2,642441.4986938155
Dy(Fe2Si)2,368048.45232251263
Dy(FeB)2,193098.03061353482
Dy(FeGe)2,211992.9241919134
Dy(FeO2)2,940769.2294362034
Dy(GaCo)6,510858.0218838578
Dy(GaFe)6,555660.5999098559
Dy(HgO2)2,83629.91656094382
Dy(MnAl2)4,366009.8792913992
Dy(MnGe)2,444628.76114506455
Dy(MnGe)6,559057.5704607555
Dy(MnSi)2,418462.75644036994
Dy(MnSn)6,516408.37389895535
Dy(MoO2)2,292962.08148664364
Dy(NO5)3,158574.6368842142
Dy(NiO2)2,341511.1404461325
Dy(OsO2)2,102822.42848412985
Dy(PbO2)2,75466.54756734525
Dy(PdO2)2,292118.9056037559
Dy(PtO2)2,223290.15895442732
Dy(ReO2)2,306794.00742451154
Dy(RuO2)2,105152.93826645658
Dy(SnO2)2,62222.608599659776
Dy(TcO2)2,309924.6036489855
Dy2Ag2O5,64992.99058603702
Dy2AgO4,84611.15399309686
Dy2AgPb,71023.56257508301
Dy2Al2Fe15,1028866.6977596284
Dy2Al3Fe14,1019268.7982341923
Dy2Al5Fe12,784529.2706535239
Dy2AlCr,366838.1037075982
Dy2AlV,325437.22345627355
Dy2AsAu,86982.47708853745
Dy2AuO4,84265.13171713616
Dy2BiO4,79163.09530235917
Dy2BiPd,85718.28768688202
Dy2C,56804.940660372304
Dy2Co12P7,184674.46316502916
Dy2Co17,1000430.7527448466
Dy2Co2O5,457638.93349507934
Dy2Co7B3,232930.2882036144
Dy2CoGe,92534.76189828075
Dy2CoO4,279512.16337454866
Dy2CoPtO6,234704.8260582938
Dy2Cr2O5,558075.2969677541
Dy2CrAs,321239.63440094044
Dy2CrAu,375148.7122809553
Dy2CrBi,286166.8934462723
Dy2CrGa,386408.8627438655
Dy2CrGe,394242.41267145803
Dy2CrHg,368343.20387648797
Dy2CrIn,366954.877419609
Dy2CrIr,409537.8283241385
Dy2CrO4,362461.18996766134
Dy2CrPd,391497.72182627156
Dy2CrPt,418838.2832794206
Dy2CrRh,409555.4765837717
Dy2CrRu,412421.2366286891
Dy2CrSb,301269.98815007723
Dy2CrSbO7,203659.64003852464
Dy2CrSi,392506.15929097176
Dy2CrSn,357022.23247762054
Dy2CrTe,331914.0235793064
Dy2Cu(GeO4)2,58273.76998679694
Dy2Cu2O5,149662.43447566882
Dy2CuO4,93602.18122530574
Dy2Er2O5,84650.35538168678
Dy2ErTl,112007.91625964548
Dy2F3,281187.0767587293
Dy2Fe14B,1269004.4475699193
Dy2Fe17,1384274.1287550365
Dy2Fe17C3,1192482.6000927838
Dy2Fe17N3,1306886.3776595995
Dy2Fe2O5,658959.0679600344
Dy2Fe6Co8B,1014027.2307401214
Dy2FeAs,128150.18529626504
Dy2FeBi,106706.63856062705
Dy2FeGe,179795.64502744144
Dy2FeIr,166992.0984853791
Dy2FeMoO7,408290.3957055328
Dy2FePb,164112.39957463506
Dy2FeRu,209630.72545434305
Dy2FeSb,122485.58450240186
Dy2FeSbO7,67546.90160492748
Dy2FeSi,178975.89365003473
Dy2FeSn,167211.0201680014
Dy2FeTe,137009.893183195
Dy2Ga3Fe14,1032552.9676604231
Dy2GaCo,77539.5148634456
Dy2Hf2O5,65356.79251781875
Dy2HfAs,179296.84925894893
Dy2HfAu,163573.73091319314
Dy2HfIn,203526.49795858137
Dy2HfIr,161720.17648644894
Dy2HfPd,123927.23379184476
Dy2HfPt,145465.11512392396
Dy2HfSb,168171.27208227818
Dy2HfTe,167382.29945321768
Dy2Ho2O5,91051.70417484546
Dy2HoIn,96974.93930581603
Dy2HoTl,115702.27055122606
Dy2InFe,149872.3476495753
Dy2MgCo,55290.39609413959
Dy2MgCr2O8,212022.6772774561
Dy2MgMn4O8,847821.9467164286
Dy2MgMo2(ClO4)2,71366.14332773235
Dy2MgNb2O8,102956.6442508229
Dy2MgV2O7,160216.94214295098
Dy2MgV2O8,106723.67617715006
Dy2MgW2(ClO4)2,72990.63637411436
Dy2Mn(GeO3)4,183174.27973578213
Dy2Mn12P7,545902.8819536063
Dy2Mn2O5,701801.7868406407
Dy2Mn2O7,459117.2400799883
Dy2Mn3Si5,173734.1482914578
Dy2MnAs,244427.5334347736
Dy2MnBi,253039.3743214818
Dy2MnCoO6,450332.6230859611
Dy2MnGe,303857.2176781991
Dy2MnGe4,73444.50810415701
Dy2MnIr,372750.8939254223
Dy2MnNi,346514.24641074846
Dy2MnOs,402734.3415162865
Dy2MnPb,281805.8122721731
Dy2MnPt,349802.16535270464
Dy2MnRh,368511.9030625147
Dy2MnRu,395815.70434264734
Dy2MnSb,257831.69139506947
Dy2MnSbO7,268249.12473513733
Dy2MnSi,308683.3565745991
Dy2MnSn,278260.19429498806
Dy2MnTe,246594.1349963248
Dy2Mo2O5,221848.14648106016
Dy2MoIr,191110.96641348288
Dy2MoPt,50646.40057344756
Dy2MoRh,162493.74195582807
Dy2N,127853.66284711086
Dy2N3,355588.8690887507
Dy2NbAs,79304.06365564225
Dy2NbAu,219042.4161705345
Dy2NbIr,324116.78447689995
Dy2NbPd,282465.9686457311
Dy2NbPt,281032.0645136047
Dy2NbRh,322031.46059926925
Dy2NbSb,81190.33989158594
Dy2NbSn,131279.16262490483
Dy2Ni17,258455.40744630198
Dy2Ni2O5,354040.9459645546
Dy2Ni7,91408.57425648576
Dy2Ni7Sn3,1587969.2569870981
Dy2NiRuO6,321085.0811173321
Dy2NiTe,120344.2823661986
Dy2Np2O5,543619.4705634841
Dy2Pa2O5,199794.4235219186
Dy2PaSb,173353.53179553902
Dy2PaSn,143932.09446233642
Dy2PbAu,73745.81046940938
Dy2Pu2O5,681251.3355139444
Dy2PuBi,507101.6790774329
Dy2PuGa,607605.0736998082
Dy2PuGe,578169.5346496144
Dy2PuIr,618242.0799051941
Dy2PuPb,556507.4877015423
Dy2PuPd,676215.9079548748
Dy2PuPt,656602.5222596816
Dy2PuRh,642398.4170242752
Dy2Re2O5,94592.7427146903
Dy2Rh2O5,83600.46897472341
Dy2Ru2O5,68447.32979063287
Dy2Ru2O7,284961.1421355518
Dy2SbAu,77437.02957137045
Dy2SbPd,73323.74049597254
Dy2Sc2O5,64680.816895152195
Dy2ScGa,96320.5043446563
Dy2ScTl,125467.08047083169
Dy2TaPt,264513.71808348433
Dy2Tc2O5,135001.40987793755
Dy2Tc2O7,415674.5237705805
Dy2TeAu,114054.35202206657
Dy2TePd,155914.23538442925
Dy2TePt,117604.89045898941
Dy2ThAs,78646.93516578566
Dy2ThAu,132104.46232440002
Dy2ThBi,71052.51455970888
Dy2ThSb,79194.07249556405
Dy2ThTe,119367.2045851506
Dy2Ti12(CuO4)9,134760.47158607957
Dy2Ti2O5,138834.69873371717
Dy2TiAl,254657.41593765197
Dy2TiAs,278298.3218296039
Dy2TiAu,299869.1401600421
Dy2TiBi,273418.68028027494
Dy2TiCuO6,74775.08901725504
Dy2TiGa,267078.1058978681
Dy2TiGe,299853.9051781972
Dy2TiHg,242436.568250418
Dy2TiIn,257988.1512879741
Dy2TiIr,275232.3032351615
Dy2TiPb,283441.08765548456
Dy2TiPd,314393.95458492276
Dy2TiPt,315008.8040722414
Dy2TiRh,291683.61902257527
Dy2TiSb,258338.18404173097
Dy2TiSi,303434.4798651758
Dy2TiSn,284134.1928526091
Dy2TiTe,230989.5017592412
Dy2TiTl,265675.7147534652
Dy2Tl,67808.43502777778
Dy2TlFe,143950.47793098164
Dy2Tm2O5,85097.32371138349
Dy2U2O5,434018.5671688552
Dy2V2O5,425162.16136448144
Dy2V2O7,147445.356871484
Dy2VAs,319938.28534858616
Dy2VAu,364169.4782515264
Dy2VFeO6,575704.1867309808
Dy2VGa,341125.27980347845
Dy2VGe,339132.0142494577
Dy2VIn,320802.9828350377
Dy2VIr,386554.1348846394
Dy2VPd,357970.9451389061
Dy2VPt,364546.95855374617
Dy2VRh,392364.7959719539
Dy2VSb,276790.91585784045
Dy2VSi,331409.4080175761
Dy2VSn,303690.9787753456
Dy2VTe,277738.4408332697
Dy2W2O5,55579.451112331844
Dy2Y2O5,88061.8667386949
Dy2YHg,69538.9115669232
Dy2YIn,101211.71211939448
Dy2YTl,118432.10187055092
Dy2ZrAl,218063.78904010428
Dy2ZrAs,174051.89358506328
Dy2ZrAu,270278.9783685325
Dy2ZrBi,154737.7409441548
Dy2ZrGa,229723.54023025814
Dy2ZrGe,222025.28520539036
Dy2ZrIn,224305.99278841048
Dy2ZrIr,227828.8110062551
Dy2ZrPb,215569.03341243693
Dy2ZrPd,267492.9623209747
Dy2ZrPt,267397.7555865452
Dy2ZrRh,245901.8645505747
Dy2ZrSb,158289.1451453238
Dy2ZrSi,222278.3941626471
Dy2ZrSn,214394.76179622783
Dy2ZrTe,150302.79765386644
Dy3AlFeS7,151088.23946576705
Dy3AlNiS7,76380.62317465383
Dy3BeCrS7,117074.66554146969
Dy3Co11B4,294625.4152256227
Dy3CrS6,139669.4422252243
Dy3Mg2CrS8,84920.85976696495
Dy3Mg2MnS8,112193.8771725464
Dy3Mg2MoS8,83684.99920119307
Dy3Mg2VS8,55869.87734389734
Dy3Mg2WS8,84351.91113514466
Dy3Mn3Ga2Si,393525.0333127096
Dy3MnAlS7,185935.54193506736
Dy3Ni13B2,56082.428876897495
Dy3ReO7,128464.54159296767
Dy3VH3O8,54599.523830534876
Dy4(FeB2)3,106332.86612169954
Dy4CrGe8,69197.05890217522
Dy4CrS7,136640.6179131623
Dy4CrSe7,99036.18202670293
Dy4FeS7,149250.9936370576
Dy4FeSe7,124462.12555839254
Dy4MgTi2O10,67727.56511426532
Dy4MnS7,176576.62391523074
Dy4MnSe7,155003.96928280278
Dy4O5,87121.2153875689
Dy5Co19P12,155829.00436946773
Dy5Mg,57516.06355649774
Dy6Fe23,1093160.146688354
Dy6Mn(SiS7)2,96846.4107563036
Dy6N8O33,96549.54861654407
DyAl2Cr,371168.8229779938
DyAl2Fe,83043.5718771011
DyAl2V,314292.6838224941
DyAsOs,90954.40049172906
DyAsRu,177163.68480780075
DyBeO3,163895.55565879127
DyBiIr2,55194.96885371819
DyBiRu2O7,61437.91997154143
DyCd(FeO3)2,761694.6089660694
DyCd(NiO3)2,90484.21312760962
DyCd(RhO3)2,52848.21397076586
DyCd(RuO3)2,203338.56292162236
DyCdO3,59906.15897465251
DyCo,73507.3252726885
DyCo2,376996.53273656906
DyCo2As,309275.0994438119
DyCo2Bi,265067.632466417
DyCo2Ge,156644.8356607579
DyCo2Ir,533307.0499287526
DyCo2Pb,145930.9464108704
DyCo2Pt,381483.61962245154
DyCo2Sb,282372.2214259248
DyCo2Si,164781.02190870265
DyCo2Sn,145026.86702114603
DyCo2Te,233884.63514453513
DyCo3,569094.8823223735
DyCo3P2,86580.6105638862
DyCoAs,151562.52619653236
DyCoAs2,243809.3945428333
DyCoAu,63114.939837018865
DyCoAu2,186590.73680935946
DyCoB4,148627.8193158469
DyCoBi,115643.18277656959
DyCoC,58544.13351335943
DyCoGe,212643.29755338782
DyCoIr,284643.5072466443
DyCoPb,159679.065493966
DyCoPd,190996.857757212
DyCoPt,232808.97150975716
DyCoRh,249261.69497624302
DyCoSb,126463.81105785939
DyCoSi,97106.91705506943
DyCoSn,89100.48908889366
DyCoTe2,176301.8721648744
DyCr2CdO6,425264.74622586963
DyCr2O2,854291.2112198609
DyCr2PbO6,410902.4537124857
DyCrAs,562092.3554102876
DyCrAu2,516747.8356831056
DyCrC6(N3O2)2,79408.98442163106
DyCrGa2,400817.83224790083
DyCrGe,584364.0902462892
DyCrGe2,394417.9479878208
DyCrGeO5,302835.06888706755
DyCrHg2,475331.7102871664
DyCrIr2,454546.31512675533
DyCrNi2,607978.9948298279
DyCrO3,479808.1400583896
DyCrO4,117309.03673626379
DyCrO5,93450.64452226722
DyCrPd2,553718.2427261579
DyCrPt,596256.4445347784
DyCrPt2,545522.0454546836
DyCrRh2,518769.74889329955
DyCrS3,285709.45595773426
DyCrSb,505456.2032062666
DyCrSb3,162854.6373958878
DyCrSe3,261937.16912253233
DyCrSi,586481.2390255146
DyCrTe,393776.44491371565
DyCrTe2,421718.0939746041
DyCrTeO6,252707.44039842588
DyEr2Tl,117819.02755372178
DyErCo2,67889.46272846135
DyErTe,91208.04562691951
DyErTe2,84203.23729259451
DyFe2,653042.6733690923
DyFe2Ge,154253.53536280507
DyFe2Ir,805175.9264833883
DyFe2Pt,727002.5344609752
DyFe2Sb,526096.7377575383
DyFe2Si,154566.76458037534
DyFe2SiC,131134.61793957185
DyFe2Sn,523203.997034418
DyFe3,850859.5869895959
DyFe3(BO3)4,678372.788191522
DyFe5,1052355.5763465294
DyFe5Bi4O15,727703.0873621227
DyFe5P3,128370.79119755681
DyFeAs,332192.7066778948
DyFeAs2,236630.84920773917
DyFeAu2,332239.1376344938
DyFeC2,196257.38223611895
DyFeGe,416905.63816176925
DyFeGe2,133080.730883635
DyFeIr,489129.21355099976
DyFeIr2,618032.9360555697
DyFeO3,766400.7936712463
DyFePd2,413821.717305173
DyFePt,410377.9331653286
DyFeRh2,586432.2432493159
DyFeSb2,204898.1542344348
DyFeSi,212963.8280956612
DyFeSi2,146202.2573844918
DyFeTe2,293445.19249603053
DyGa2Co3,88795.4029990783
DyGeIr2,131375.2857016105
DyGeO3,59084.75558375175
DyGeRu,100351.79209313788
DyHfAs2,58765.76498280262
DyHfCo2,136583.66798874008
DyHfHg2,102009.7318184866
DyHfPb2,104573.76426949569
DyHgO3,66425.12093096637
DyHo,177459.57264680517
DyHo2Tl,118553.38968326522
DyHoCo2,69213.66336941488
DyHoTe2,83574.6469981729
DyIO9,155079.8895508526
DyIrO3,238216.2410595191
DyIrPt,93702.68845421847
DyIrRh,90233.40738330946
DyLu2In,86339.49285051152
DyLuCo2,56672.75892691356
DyLuTe,110101.20485380042
DyLuTe2,81929.72485541162
DyMg2Cr3S8,291434.2500988061
DyMg2Mn3S8,381896.922723311
DyMg2Mo3S8,270890.6771173954
DyMg2O4,108074.62101284979
DyMg2Ti3S8,93697.86327989172
DyMg2V3S8,193268.9356778932
DyMgCrS4,181948.86617155912
DyMgCu(WO4)2,110971.67001810356
DyMgHg,109326.8352273631
DyMgMn2O4,799036.1211290405
DyMgMnS4,240057.81396984943
DyMgMoS4,174745.0908466221
DyMgO3,153295.4010589151
DyMgS3,71348.48789146975
DyMgTiS4,59690.812184956136
DyMgVS4,120197.56600661864
DyMgWS4,164356.91135351936
DyMgZn,111765.58955541122
DyMn2CdO6,598774.6237863468
DyMn2O4,901882.102350993
DyMn2O5,738051.8893270965
DyMn2Pt,928973.0155942313
DyMn2Sb,755483.5921850958
DyMn2Si,484353.5934841684
DyMn2Sn,767276.8147609578
DyMn2ZnO6,607193.0975330379
DyMn4(CuO4)3,482707.9819635349
DyMnAl2,420862.7420413535
DyMnAs,432953.7898611282
DyMnAs2,458983.23718905123
DyMnAu2,498978.9994677268
DyMnB4,159916.9524908202
DyMnBi,369600.0844555019
DyMnBi2,338729.7992799247
DyMnFeO5,824369.8949241957
DyMnGa,495883.7436435417
DyMnGa2,456141.7315567803
DyMnGe,551862.3372070412
DyMnGe2,403214.87002891226
DyMnHg2,449769.8341045511
DyMnIn2,390049.58857037406
DyMnIr,649845.0175559737
DyMnIr2,599444.9975409537
DyMnNi2,657320.6177173035
DyMnO3,619290.4727398851
DyMnPd2,559332.5677081336
DyMnPt,560101.2071763331
DyMnPt2,582449.4391992013
DyMnRh,630159.6564250868
DyMnRh2,612813.9423942234
DyMnSb2,374805.9193819747
DyMnSi,568862.803265322
DyMnSn2,308762.6606954869
DyMnTe,329224.59924830514
DyMnTe2,363213.8774521073
DyMoO3,180094.87218355833
DyMoPd2,359917.71429384983
DyMoPt2,330534.4966484106
DyMoRh2,161222.48148187294
DyN7O15,107081.08364298136
DyNb2O4,82791.85681314209
DyNbAl2,186507.870903035
DyNbAu2,152992.36452750367
DyNbGa2,197303.05035558736
DyNbGe,148098.29089468895
DyNbGe2,154926.11470486995
DyNbIn2,188846.44311063422
DyNbO3,121376.05801070064
DyNbPd2,94825.53006474223
DyNbSi,149435.08394105383
DyNi3,52868.34570740141
DyNi5,160904.01073577348
DyNiIr,54847.99007412126
DyNiO3,181303.93384145622
DyNiPt2,67972.38597241465
DyNp2O4,687076.8698707395
DyNp3,1014691.1791542472
DyNpAl2,419869.8618709571
DyNpAs,621808.8766681657
DyNpAs2,408682.89361912076
DyNpGe2,437083.9759148767
DyNpIn2,400056.12260867003
DyNpIr,577341.3153809536
DyNpIr2,389267.5658782838
DyNpO3,446007.732837872
DyNpPd2,494952.0857774523
DyNpPt,579077.4286677741
DyNpRh2,429843.0583773637
DyNpRu2,349021.4606298398
DyNpSb2,374274.89608193433
DyNpSi2,421503.2700853813
DyNpTe2,478686.92969836376
DyO,76599.24405446026
DyO2,204694.81460189313
DyOs2PbO6,51238.70472370364
DyOsO3,305429.8856914519
DyPa2O4,259043.74072782876
DyPaAl2,100569.58909815703
DyPaAs,233043.5022776816
DyPaAs2,119935.01586759348
DyPaBi2,147310.35630422432
DyPaGa2,115954.75361972323
DyPaGe,139733.92793516826
DyPaHg2,189489.19757687504
DyPaIn2,122239.91309100013
DyPaO3,231552.57877341507
DyPaOs,117747.44893916648
DyPaPb2,191754.13274617313
DyPaPd2,50063.093929227616
DyPaPt,108326.17051347998
DyPaSb2,129041.58583776279
DyPaSi,121425.08475895277
DyPaSn2,155281.14171844034
DyPaTe2,102161.80286925143
DyPtO3,174499.42053978887
DyPu2Ir,1165319.7733919008
DyPu2O4,849762.1132851064
DyPu2Sb,1093532.7460721058
DyPu2Sn,1078907.7291819304
DyPu2Te,1063932.4386884808
DyPu3,1457520.1289322767
DyPuAl2,538166.8319836222
DyPuAs,768124.1351193096
DyPuAs2,533435.7207735443
DyPuAu2,558914.1083044489
DyPuBi2,464921.88076865545
DyPuCu2,627567.7927473729
DyPuGe,755656.0332869292
DyPuGe2,592433.3312154824
DyPuIr,688960.8991637487
DyPuNi2,695431.3639371203
DyPuO3,549429.7593221024
DyPuPb2,518031.980389265
DyPuPd2,648663.0557283686
DyPuPt,731016.3310097521
DyPuRh2,579886.4213384055
DyPuSb2,479506.995874803
DyPuSi,724257.8600212515
DyPuSi2,604685.9461815198
DyPuTe,736229.0730096371
DyPuTe2,570349.3273655317
DyPuTl2,540297.295190505
DyPuZn2,670439.1879328414
DyReO3,297897.15883092413
DyRePt2,302546.0631741433
DyRh2Pb,54827.91418488313
DyRhO3,235070.75410782246
DyRu3,92737.62924922406
DyRuO3,345417.3426466881
DyRuPt,213117.119960334
DyRuRh2,413029.985121094
DySc2Al,113155.91143508244
DySc2Au,215766.9827397877
DySc2CdO6,74429.1797343313
DySc2Ga,149589.27490222393
DySc2Ge,150577.3665933048
DySc2Hg,131221.98536038146
DySc2In,152017.55501627762
DySc2Ir,98815.30478734105
DySc2Pb,146104.1629570301
DySc2Pt,160346.04601522116
DySc2Si,149407.08809970826
DySc2Sn,143189.8332948161
DySc2Tl,174040.6570540039
DyScBi,113285.40656887616
DyScPb,95592.03857127287
DyScTe,111528.35386672505
DyScTe2,117987.67442366012
DySe,81296.71012631743
DySi(HO2)2,100893.44137452237
DySiO4,124496.14054965245
DySiRu,98615.0575081716
DySnO3,57864.515631374976
DyTaGa2,139488.18594702467
DyTaO3,122162.33112792538
DyTcAs,214260.95867383256
DyTcO3,470126.5951492845
DyTcPt2,315218.0732825468
DyTcRh2,503206.084022347
DyTcTe2,204627.8433482605
DyTe2Mo,102652.57332830243
DyTe2W,51126.73721350661
DyTeRu2,116083.56316297984
DyThTe,79921.05117310537
DyTi2O4,244179.1407637241
DyTi2Sn,87627.4360664019
DyTiAg2,208094.1357171058
DyTiAl2,109211.91662439234
DyTiAs,198449.91748689764
DyTiAs2,170668.8556568869
DyTiAu2,180598.9591622341
DyTiBi2,174200.92117498125
DyTiCd2,159665.73911421766
DyTiCu2,184924.27994748525
DyTiGa2,107800.1956589349
DyTiGe,168802.47285781417
DyTiGe2,234918.07181292286
DyTiHg2,172976.3118102048
DyTiIn2,146595.35487392056
DyTiIr,75410.24369361383
DyTiO3,154083.46350662044
DyTiPb2,217697.6386068696
DyTiPt,113657.19224728433
DyTiSb2,167894.7032563477
DyTiSi,130914.33318853474
DyTiSi2,242598.7899744079
DyTiSn2,225750.07616292874
DyTiTe2,97460.11213197415
DyTiTl2,179235.83942510796
DyTiZn2,123842.71941199903
DyTlO3,108363.60748597604
DyTlS2O9,94003.22163772707
DyTm2Ga,91675.2904845842
DyTm2Pb,71198.02604125094
DyTmCo2,63228.617619387594
DyTmTe,98026.07127618277
DyTmTe2,83344.45422669347
DyU2O4,527839.1316249581
DyU2S3O2,291404.51678038115
DyU3,264596.7881597664
DyUAl2,293736.3931089221
DyUAl4,202808.70425868835
DyUAs,450171.6022341526
DyUAs2,282862.81258544745
DyUAu2,303048.01893279765
DyUGa2,307684.86890014715
DyUGe2,314308.78929856414
DyUIr,410603.20581219683
DyUIr2,243859.48750637413
DyUN2,352197.15437141736
DyUNi2,280936.1694448103
DyUO3,327067.2808915699
DyUOs2,186818.74867011668
DyUPd2,309244.7188015878
DyUPt,383771.88477776106
DyUPt2,287904.0948024011
DyURh,418367.33624350093
DyURu2,208540.18368454577
DyUSb2,254817.03739643656
DyUSi2,321051.88877827855
DyUTe2,339908.5607096601
DyUTe4,121649.53009248161
DyUTe6,94798.44308478605
DyV2CdO6,237854.80948087302
DyV2O4,528926.6508125563
DyV2ZnO6,225675.29737705272
DyVAs,546567.997242986
DyVAs2,234433.10624522346
DyVAu2,385566.1554792507
DyVBi2,235052.81427473115
DyVGa2,347056.9777766212
DyVGe,316924.50213211187
DyVGe2,340898.1038643823
DyVIn2,335164.9122413022
DyVIr,51737.62529513402
DyVNi2,391409.47200393537
DyVO3,310910.059023395
DyVPd2,388351.91313188203
DyVPt,431058.49184247275
DyVPt2,361613.59023616416
DyVSb,587052.1592840309
DyVSb2,211505.24427006123
DyVSb3,89830.30891526246
DyVSi,253593.65889556234
DyVSi2,339171.0611423658
DyVSn2,298824.4000726051
DyVTe,502642.8560749245
DyVZn2,376133.83918609784
DyWO3,181853.6168640863
DyWO4,123472.0471739469
DyWO5,88234.60695240549
DyY(BiO3)2,52349.88430179251
DyY(FeO3)2,807679.7773984482
DyY(NiO3)2,183018.0224591346
DyY(RuO3)2,97521.66933946134
DyY(SbO3)2,65737.58557117588
DyY2Cd,59585.74349127019
DyY2Ga,110286.74821890352
DyY2Ge,83834.39981019693
DyY2Hg,78824.23229007263
DyY2In,111663.13242057661
DyY2Tl,125375.67052623986
DyY3,178935.14485422493
DyYCo2,77863.51639833162
DyYCr2O6,503658.82240481244
DyYMn2O6,617244.982730244
DyYTe2,91608.6070302427
DyYV2O6,327117.2252702247
DyZn(CoO3)2,275913.63284780417
DyZn(FeO3)2,771918.5034933228
DyZn(IrO3)2,73163.27082661887
DyZn(NiO3)2,93603.10392578521
DyZn(RhO3)2,54555.32429267442
DyZn(RuO3)2,104787.11272813288
DyZn(WO3)2,170671.147845867
DyZn2Cr,521444.06543766154
DyZn2O4,106812.68257457895
DyZnCr2O6,428356.9936753386
DyZrAg2,121897.3556552646
DyZrAs,78067.66315639154
DyZrAs2,102916.91314437092
DyZrBi,94980.50950952055
DyZrBi2,100386.13533322104
DyZrCu2,101877.28663521823
DyZrGe2,144425.5340185785
DyZrHg2,99665.5133451941
DyZrO3,60854.43842623148
DyZrPb2,156413.71794049136
DyZrSb2,105797.36869016217
DyZrSi2,145366.67459574173
DyZrSn2,161683.13472812658
Er(Al2Cr)4,108353.75136922444
Er(Al2Fe)4,259653.05344645085
Er(CrSi)2,134600.39530581492
Er(CuO2)2,124896.09086268372
Er(Fe2Ge)2,648865.4159428289
Er(FeB)2,387850.3751490597
Er(FeGe)2,222835.6134445224
Er(FeO2)2,974483.735813743
Er(GaFe)6,555525.0098086887
Er(HgO2)2,84507.72782456662
Er(MnAl2)4,360951.60822930007
Er(MnGe)2,454395.83601929626
Er(MnGe)6,570693.8355346847
Er(MnSi)2,419221.6259073979
Er(MnSn)6,519980.40954756027
Er(MoO2)2,66231.36752982817
Er(NiO2)2,342573.19788284367
Er(OsO2)2,103850.61565842791
Er(PO5)2,126210.38724087544
Er(PbO2)2,76721.70667771494
Er(PdO2)2,296595.82867068937
Er(PtO2)2,229649.86135235135
Er(ReO2)2,311528.8574930212
Er(RuO2)2,106264.14365688147
Er(SnO2)2,57452.932218014445
Er(TcO2)2,313192.05009105726
Er15Fe4Ru4C25,70678.35535943
Er2(SeO4)3,134641.63685708336
Er2Ag2O5,65556.10331836194
Er2AgO4,86942.30442004197
Er2AgPb,68400.21408089019
Er2Al3Fe14,1021813.5869530565
Er2AlCo,56646.22526255991
Er2AlCr,378234.6973317316
Er2AlV,336366.69848293724
Er2AsAu,84626.6066854304
Er2AuO4,86632.01981652745
Er2BiAu,75393.76607171945
Er2BiO4,81010.1069997672
Er2Co12Ni5,784353.7596629225
Er2Co12P7,184034.55069212904
Er2Co7,644445.6050060323
Er2Co7B3,231581.55815194958
Er2CoIr,50735.29850820125
Er2CoO4,287461.8979087765
Er2CoSi,94023.46296891107
Er2Cr2O5,569042.6926560765
Er2CrAs,330131.9433953182
Er2CrAu,403196.0265996516
Er2CrBi,297465.10345695686
Er2CrGa,397002.4822864331
Er2CrGe,402342.45375893463
Er2CrHg,380520.8258189933
Er2CrIn,378130.62715371413
Er2CrIr,409972.1284263792
Er2CrO4,370739.336451076
Er2CrPd,401293.37203269725
Er2CrPt,431453.63053729705
Er2CrRh,411224.91988715355
Er2CrRu,420563.7583946728
Er2CrS4,252379.88627383372
Er2CrSb,305937.69193797314
Er2CrSbO7,207372.92732833308
Er2CrSi,399472.9407529973
Er2CrSn,365708.7524874147
Er2CrTe,340189.02639758325
Er2Cu(B2O5)2,61506.65574404055
Er2Cu(GeO4)2,59314.18204198037
Er2Cu2O5,150440.53457511778
Er2CuO4,96635.70653412244
Er2F3,131318.79498447728
Er2Fe14B,1275206.740950725
Er2Fe14Si3,986959.3137730064
Er2Fe17,1368138.2014617792
Er2Fe17C3,1197267.4169094001
Er2Fe2O5,619272.2347805778
Er2FeAs,129618.81487212752
Er2FeAu,130151.30978815505
Er2FeBi,104572.68300860614
Er2FeGe,181603.58704288473
Er2FeGe4,125406.39576278215
Er2FePb,169211.6613639754
Er2FePt,125775.00005070963
Er2FeRu,191875.5898733349
Er2FeSbO7,350766.08536570775
Er2FeSi,181282.0208411319
Er2FeTe,134586.7607525556
Er2HfAs,197553.04317466967
Er2HfAu,173284.8798420223
Er2HfIn,211310.16261303655
Er2HfIr,172114.8372493671
Er2HfPd,123051.96152874177
Er2HfPt,155327.10323069163
Er2HfRh,154269.52087439227
Er2HfSb,184602.40709443484
Er2HfSn,205617.86339475118
Er2HfTe,177939.0690868318
Er2I3,68333.48756554177
Er2Lu2O5,83377.7832198452
Er2MgCr2O8,213212.7889567853
Er2MgMo2(ClO4)2,74765.95928219419
Er2MgNb2O8,105098.52190745536
Er2MgTl2(WO4)4,53995.138375457136
Er2MgV2O8,108053.05024953243
Er2Mn(GeO3)4,185842.08386161286
Er2Mn12P7,550889.7697786818
Er2Mn2O5,712624.8029114804
Er2Mn2O7,462094.8988354318
Er2Mn3Sb3O14,479187.4419181319
Er2Mn3Si5,168261.37249955384
Er2MnAs,241428.03315055787
Er2MnBi,248082.44864688092
Er2MnC4,94152.39515154388
Er2MnGe,309942.86198239564
Er2MnGe4,67443.93001215828
Er2MnIr,380666.7451286192
Er2MnOs,408273.476903698
Er2MnPd,343738.7489205899
Er2MnPt,358039.5090556675
Er2MnRh,376970.6558169642
Er2MnRu,400071.85105727904
Er2MnS4,315354.9807213795
Er2MnSb,250883.0298505263
Er2MnSi,313206.00980490266
Er2MnTe,247060.50804482002
Er2MnZn,322733.6344135408
Er2Mo2O5,124386.0637240457
Er2MoIr,207873.76977531068
Er2MoPt,83181.64579944812
Er2MoRh,180782.71237617542
Er2N,139215.6718536633
Er2N3,366464.7328426341
Er2NbAs,72550.70303631542
Er2NbAu,225342.15434060086
Er2NbGe,133275.9961181148
Er2NbIr,336580.1683413445
Er2NbPd,293426.0386701416
Er2NbPt,290166.728396213
Er2NbRh,332627.4329243286
Er2NbSb,62048.278235684855
Er2NbSn,126594.41132173024
Er2Ni17,264164.0355765083
Er2Ni2O5,359841.0790499884
Er2Ni7,92373.55207764923
Er2Np2O5,501460.2076651218
Er2Os2O5,123442.30691922536
Er2Pa2O5,196440.94996115216
Er2PaSb,174638.45662397027
Er2PaSn,140040.04031232302
Er2PbAu,59602.42767822783
Er2Pu2O5,729814.087062334
Er2PuAs,573343.1234849634
Er2PuAu,673755.0767266919
Er2PuGa,605893.7294203733
Er2PuIr,628358.7544152149
Er2PuPb,575325.2564971282
Er2PuPd,695068.3651081031
Er2PuRh,649164.8195081644
Er2PuSb,524767.4497952326
Er2PuTe,542068.3460242992
Er2Re2O5,102773.10786417815
Er2Ru2O5,138173.50378471767
Er2Ru2O7,288244.77546974417
Er2SbAu,82514.09161150634
Er2SbPd,65670.10527185164
Er2Sc2O5,66335.93339398887
Er2ScGa,92846.69386508204
Er2ScHg,57424.05228929299
Er2ScTl,125853.09374302972
Er2TaPt,276354.19420610665
Er2Tc2O5,136031.24934096387
Er2Tc2O7,421899.5780512434
Er2TeAu,109268.06921698114
Er2TePd,142902.61638347898
Er2TePt,102440.30782795559
Er2ThAs,74773.28571461361
Er2ThAu,144593.48270173278
Er2ThOF10,90282.65130775387
Er2Ti12(CuO4)9,135277.17406914826
Er2Ti2O5,142368.88386343216
Er2TiAl,261850.82151870197
Er2TiAs,266643.032243362
Er2TiAu,311640.6585131344
Er2TiBi,266280.9151094816
Er2TiCuO6,76383.69383914472
Er2TiGa,277187.9352176905
Er2TiGe,305259.9990902525
Er2TiHg,275597.63569182577
Er2TiIn,265873.8011819265
Er2TiIr,278278.15265111986
Er2TiPb,288908.53345064307
Er2TiPd,307718.977895291
Er2TiPt,316837.4552372642
Er2TiRh,297064.13460000884
Er2TiRu,264052.11137207056
Er2TiSb,255184.37413675542
Er2TiSi,309009.04186219646
Er2TiSn,290674.9692637974
Er2TiTe,246561.10443104253
Er2TiTl,273657.76719725464
Er2Tm2O5,86398.03296007462
Er2TmTl,109661.29159498794
Er2U2O5,289959.3303732676
Er2U3O11,97141.7041829693
Er2US3O2,118835.17152561672
Er2V2O5,434516.06448508485
Er2V2O7,149966.27503338436
Er2VAs,336874.20080613624
Er2VAu,378807.5845601086
Er2VFeO6,586360.6606108119
Er2VGa,351112.3136041845
Er2VGe,346053.02500742546
Er2VIn,330197.6576917086
Er2VIr,399056.55707812594
Er2VPd,363189.96991509374
Er2VPt,367970.30935459095
Er2VRh,403400.19854177017
Er2VRu,454582.9747586318
Er2VSb,284731.1081846514
Er2VSi,334270.30919924297
Er2VSn,308076.76290866145
Er2VTe,283356.44828535256
Er2W2O5,57160.11715871375
Er2ZnFe,112914.67194238157
Er2ZrAl,224632.47756146817
Er2ZrAs,183243.05776468883
Er2ZrAu,298128.3335772841
Er2ZrBi,174752.67653485775
Er2ZrGa,233968.7110785481
Er2ZrGe,219735.59319417388
Er2ZrIn,227028.2688492078
Er2ZrIr,231438.0900249768
Er2ZrPb,209712.11144895628
Er2ZrPd,271541.654765089
Er2ZrPt,270371.19238537404
Er2ZrRh,250556.99356445158
Er2ZrSb,168838.48186945863
Er2ZrSi,220819.74859225217
Er2ZrSn,210881.23852084644
Er2ZrTe,152721.4836050969
Er3Al3Cr2O12,242391.8801925106
Er3BeCrS7,119212.68034009538
Er3Co11B4,298261.3186233196
Er3Co6Sn5,59878.1646959264
Er3CrB7,60853.121669104476
Er3CrS6,142530.46977821103
Er3Mn3Ga2Si,411627.9356018143
Er3NF10,120431.63776590022
Er3Ni13B2,57460.31714180787
Er3NiGe2,53533.92970139521
Er3Np,375174.45155391743
Er3OF10,146736.45618157624
Er3Tl,69906.65158662022
Er3Tm,189773.42065103902
Er4CrS7,139311.41829448388
Er4CrSe7,122952.13270264654
Er4FeS7,144844.25778422895
Er4MgTi2O10,64481.557032212644
Er4MnGe8,79029.0890586955
Er4MnS7,180940.01203351453
Er4O5,84119.98081276393
Er5Mg(MoO6)2,177543.80559170147
Er6CoBi2,124831.89314899323
Er6Fe23,1092103.8148778907
Er6Mn(GeS7)2,97169.12829166776
Er6Mn(SiS7)2,99292.31696466258
Er6Mn4Al43,81059.16993766044
Er8Mn3Mo5O28,318093.3351475685
Er9MnS14,86672.7781875455
ErAl2Cr,373256.0926221777
ErAl2Fe,73476.24560404004
ErAl2V,316689.00231153495
ErAlFe2,303047.72470924346
ErAsOs,81584.91174308716
ErAsRu,148401.10225416726
ErBeO3,183977.8774483562
ErBiIr2,59218.5280105753
ErCd(CoO3)2,272156.23055274785
ErCd(FeO3)2,765450.1992396001
ErCd(NiO3)2,90452.32658140946
ErCd(RuO3)2,198936.06820166306
ErCd(WO3)2,160259.04893475477
ErCdO3,61081.45009720894
ErCo,55018.80795530234
ErCo2,383567.0924298351
ErCo2As,315614.6925156599
ErCo2Au,230383.97373067157
ErCo2Bi,267402.02603236784
ErCo2Ge,159818.40520302535
ErCo2Ir,537532.3023046753
ErCo2Pb,148865.77192407573
ErCo2Pd,337714.2705530885
ErCo2Pt,386681.80157431023
ErCo2Rh,500091.3799536888
ErCo2Sb,288104.672921576
ErCo2Si,167479.00151688594
ErCo2Te,224130.7841678592
ErCo3,580362.5943406131
ErCo3P2,86223.41231570372
ErCo5,54497.49099310513
ErCo5P3,57704.28171662471
ErCo5Si3,51345.49026626369
ErCoAs,151413.51721633453
ErCoAs2,242352.07953165265
ErCoAu,58489.935985982534
ErCoAu2,185930.699168055
ErCoBi,108275.69725953511
ErCoC,72013.61602077326
ErCoGe,209681.52232275257
ErCoIr,290114.6288660504
ErCoO3,353778.5028512647
ErCoPb,129736.2910530027
ErCoPd,190030.70665289732
ErCoPt,233938.23561279793
ErCoRh,255951.62876628095
ErCoRh2,393499.30262143875
ErCoSb,118443.85669706194
ErCoSi,211894.3656959494
ErCoSn,73175.13541882619
ErCr2CdO6,426845.57999928243
ErCr2O2,889461.9381423831
ErCrAs,569524.4044423786
ErCrAu2,522987.52375539695
ErCrGa2,401685.27435240475
ErCrGe,592133.3670510077
ErCrGe2,394731.50307981536
ErCrGeO5,306625.92650989565
ErCrHg2,480954.20297838474
ErCrIn2,374928.93844122643
ErCrIr,565984.8319914497
ErCrIr2,453436.4272296749
ErCrNi2,612869.7257218045
ErCrO3,508090.54176196246
ErCrO4,119860.39144464846
ErCrPd2,556884.8849235823
ErCrPt,599487.593215355
ErCrPt2,547856.447071768
ErCrRh2,515285.90582093416
ErCrSb,511446.5108459827
ErCrSi,593922.5938597005
ErCrSi2,393788.36377408856
ErCrSn,603311.8010663727
ErCrSn2,360096.94779218506
ErCrTe,399819.8492870264
ErCrTe2,422857.45083331224
ErCrTeO6,256229.69387877025
ErFe2,625088.7312971317
ErFe2Ge,156619.46943703396
ErFe2H3,514893.14623305324
ErFe2Ir,811823.1387673151
ErFe2Pt,736741.8628171859
ErFe2Rh,796146.672379446
ErFe2Sb,494692.8490251895
ErFe2Si,161268.5011091214
ErFe2Sn,496142.24131851055
ErFe3,837539.6569883468
ErFe4B,908403.8984896259
ErFe5P3,179486.85970419098
ErFeAs,333323.4346495958
ErFeAs2,232456.48138117982
ErFeAu2,339015.13416885183
ErFeC2,208651.3714166309
ErFeC6N6O5,143893.7845560722
ErFeGe,416048.6453206868
ErFeGe2,82980.3472241382
ErFeGe2O7,327738.25632769545
ErFeIr,493181.32355178276
ErFeIr2,630100.7991344209
ErFeO3,774725.0570957138
ErFePd2,425804.8431607992
ErFePt,418094.77260853845
ErFePt2,463563.3216383927
ErFeRh2,596836.2866847313
ErFeSb2,205204.0694454368
ErFeSi,417868.9620656506
ErFeSi2,143957.08231109238
ErFeSn2,187562.96731608963
ErFeTe2,297504.63465295377
ErGa2Co3,98586.91301214341
ErGa2Fe,239654.26203956243
ErGeIr2,133452.337274795
ErGeO3,59479.53240879392
ErGeRu,101901.94552852894
ErHfAs,60795.0252650294
ErHfAs2,82716.07594883749
ErHfCo2,138259.59205131873
ErHfHg2,102447.52874171388
ErHfPb2,104311.37272793929
ErHgO3,66904.95983635155
ErI3O11,149645.18745480737
ErIO9,235950.77813848964
ErIrO3,245505.45570639608
ErIrPt,75748.43802374737
ErIrRh,95902.04079327908
ErIrRh2,243900.25480644475
ErLuTe2,80678.55040865854
ErMg2O4,109169.06245419306
ErMgO3,147494.16219753397
ErMgZn,119491.3486839832
ErMn2CdO6,601328.5181716211
ErMn2Ir,1034654.3369591665
ErMn2O3,942385.8856968859
ErMn2O4,926764.3569377051
ErMn2O5,749933.3416235276
ErMn2Pt,946006.0166431305
ErMn2Sb,756702.2023632779
ErMn2Si,490531.9153128165
ErMn2Sn,769903.1579513499
ErMn2ZnO6,607558.6212353244
ErMnAl2,410631.2409691352
ErMnAs,442717.9270994244
ErMnAs2,457720.0538584574
ErMnAu2,504263.33806807577
ErMnB4,161281.05212518494
ErMnBi,376957.98770477396
ErMnCo2,759459.325724859
ErMnFeO4,933722.8719721895
ErMnFeO5,819784.8006909824
ErMnGa2,458187.7403214502
ErMnGe,556728.0040409678
ErMnGe2,399625.100891501
ErMnHg2,450803.3284231732
ErMnIn2,394576.1419400744
ErMnIr,656343.5384764638
ErMnIr2,601049.2384161407
ErMnNi2,662380.6918009728
ErMnNi4,611577.0198128676
ErMnO3,652061.6947274411
ErMnPd2,563182.3131037063
ErMnPt,569626.2833920424
ErMnPt2,588800.5069223575
ErMnRh2,616527.7802734891
ErMnRu2,462538.6944947697
ErMnSb2,372347.8560799937
ErMnSi,573693.3594289675
ErMnSn2,324570.961183903
ErMnTe,315473.0072706192
ErMnTe2,370673.78276839794
ErMoO3,186080.98845734776
ErMoPd2,350026.8686564864
ErMoPt2,322463.23493872286
ErMoRh2,158663.43360444927
ErN7O15,157279.1674495593
ErNb2O4,79358.61396194539
ErNbAl2,182422.8938206996
ErNbAu2,149680.03092143132
ErNbGa2,195676.53478668694
ErNbGe,148877.5087846116
ErNbGe2,162759.3358124554
ErNbIn2,189373.71216227804
ErNbO2,50905.5682329689
ErNbO3,125133.6557203407
ErNbPd2,79077.7658738783
ErNbSi,151876.50509490966
ErNi2Ru,216000.93938303023
ErNi3,55651.235520156726
ErNi5,163879.7958891923
ErNiIr,105650.33167578679
ErNiIr2,112629.19548108871
ErNiO3,184628.89542728756
ErNp2O4,705702.2601067927
ErNp3,1122099.1295302326
ErNpAl2,426458.2976196268
ErNpAs,632065.9306213402
ErNpAs2,416299.16164127475
ErNpBi2,370730.5466657079
ErNpIr,581988.8345683656
ErNpIr2,391293.47210220795
ErNpO3,482204.88992330956
ErNpOs2,340723.5464488475
ErNpPd2,492585.00792069634
ErNpPt,571314.4238159531
ErNpRh2,431626.5076622717
ErNpRu2,354170.92774148483
ErNpSb2,375044.25781732897
ErNpSi2,420796.0308381066
ErNpSn2,409198.36037437053
ErNpTe2,483024.5167219008
ErO,97175.53328030507
ErO2,212076.7836753941
ErOs2PbO6,120158.96260438002
ErOsO3,313456.4805545133
ErPa2O4,204285.7148363375
ErPaAl2,85004.55508089662
ErPaAs,227684.71968964848
ErPaAs2,117873.15928815285
ErPaBi2,146252.70122371055
ErPaGa2,103431.68006014334
ErPaGe,135910.84941849642
ErPaHg2,188344.82259914896
ErPaIn2,118157.5222097162
ErPaO3,190077.9790179202
ErPaOs,86723.12303565102
ErPaPb2,184389.60489129057
ErPaPt,106068.18694079551
ErPaSb2,122453.1627665322
ErPaSi,123731.76849034391
ErPaSn2,138242.22683746173
ErPaTe2,114283.27889348453
ErPdO3,176197.1922052124
ErPtO3,178994.473679283
ErPu2As,1186204.5130203445
ErPu2Ir,1160268.9169025358
ErPu2O4,858473.0111283009
ErPu2Pt,1183337.1859591259
ErPu2Sb,1076308.769389316
ErPu2Te,1069555.348966223
ErPu3,1491612.0942794038
ErPuAl2,546486.6319314039
ErPuAs,777591.8401691383
ErPuAs2,539757.2746908793
ErPuBi2,465183.2687837732
ErPuCd2,612359.8205882608
ErPuGe,715170.4779750968
ErPuGe2,594258.1554501157
ErPuHg2,546793.2626445051
ErPuIr,721077.5946165855
ErPuIr2,551884.7232533316
ErPuO3,554846.9823159165
ErPuOs,636973.7086517299
ErPuPb2,515394.307799361
ErPuPd2,641491.5915780063
ErPuPt,737374.927826388
ErPuRh2,585383.154521762
ErPuSb2,479418.6128656832
ErPuSi,728986.4246200204
ErPuSi2,610093.2390229268
ErPuTe,741185.3472020137
ErPuTe2,575679.9336840436
ErPuTl2,540364.7311523801
ErPuZn2,676490.9697264626
ErReO3,306774.95599627565
ErRePt2,296911.81034439337
ErRh2Pb,55660.887899506386
ErRhO3,243560.88204329612
ErRu3,77980.83350566421
ErRuO3,357491.5727492915
ErRuPt,224924.97327115774
ErRuRh2,418801.4203707073
ErSc2Au,114142.99222185982
ErSc2Ga,133399.02555346963
ErSc2Ge,136958.13059934933
ErSc2Hg,120604.93714342715
ErSc2In,134584.31998765265
ErSc2Ir,76176.12243535496
ErSc2Pb,142391.16258526163
ErSc2Pt,150501.4830700766
ErSc2Si,133033.37337325583
ErSc2Sn,137357.5324630089
ErSc2Tl,158967.02073574066
ErSc2ZnO6,97410.09698762708
ErScBi,155303.80221128764
ErScPb,95020.78541236243
ErScTe,114961.49470137033
ErScTe2,118059.32861446739
ErSe2NO11,65464.3819487418
ErSi(HO2)2,101639.5521900988
ErSiO4,126988.84862613132
ErSiOs,87337.62931254091
ErSiRu,100168.02063141354
ErSnO3,58512.79938931608
ErTaGa2,125270.37436940281
ErTaO3,125909.42922571448
ErTcAs,216055.27307498737
ErTcIr2,491497.0305148749
ErTcO3,429178.17272029386
ErTcPt,321271.5601116917
ErTcPt2,316488.38297923154
ErTcRh2,510605.1484166521
ErTcTe2,198509.35787162537
ErTe2Mo,102425.63029830458
ErTeRu2,113929.31446164339
ErThTe,86313.38234198904
ErTi2O4,246740.7058747051
ErTi2Sn,90191.81156540093
ErTiAg2,205407.80522563783
ErTiAl2,108765.28553317196
ErTiAs,200514.91416083428
ErTiAs2,170311.35381919474
ErTiAu2,173497.6304323661
ErTiBi2,174840.73144617656
ErTiCd2,149479.89342898526
ErTiCo2,140353.88790344598
ErTiCu2,179193.94856381006
ErTiGa,186781.32525506782
ErTiGa2,109081.14028555684
ErTiGe,136633.55122766225
ErTiGe2,238105.72757059112
ErTiHg2,168489.80015684298
ErTiIn2,148399.25311819042
ErTiIr,67788.8045362306
ErTiO3,154783.87325415068
ErTiPb2,219515.0255057757
ErTiPt,111531.89682412926
ErTiSb2,168298.23402059934
ErTiSi,129672.25657868884
ErTiSi2,242032.15637156548
ErTiSn2,226739.1197072442
ErTiTe,56501.60121148398
ErTiTe2,98439.76877106953
ErTiTl2,183942.79905830466
ErTiZn2,126579.3479756097
ErTlO3,219885.63227733088
ErTlS2O9,95261.8314829661
ErTm3,193468.4255599238
ErTmCo2,52966.8992725568
ErTmTe,107141.3241456921
ErTmTe2,82641.0553775226
ErU,382917.1982620158
ErU2O4,535508.6461331111
ErU2S3O2,283296.53431446827
ErUAl2,292227.47677050263
ErUAs,458551.19501217984
ErUAs2,285687.0573059006
ErUAu2,301178.6592931374
ErUBi2,261342.3731316477
ErUGa2,307570.7843842506
ErUGe2,314931.1460400169
ErUIr,401397.1228296115
ErUIr2,246155.9747624111
ErUN2,277873.0678534853
ErUO3,327204.0704459825
ErUOs2,187850.291739151
ErUPt,369397.79747433687
ErUPt2,283406.82456273655
ErUSb2,257250.45224002659
ErUSi2,320971.20426695683
ErUTc2,95274.11507057682
ErUTe2,345523.89267787116
ErUTe4,122677.3917759088
ErUTe6,94540.67293527802
ErV2O2,621453.1686821359
ErV2O4,532410.405862348
ErV2ZnO6,225419.57132172008
ErVAs,551767.5538811155
ErVAs2,236796.1107106104
ErVAu2,384803.7792655068
ErVBi2,238206.6040069947
ErVGa2,350977.82868077274
ErVGe,300172.9668561172
ErVGe2,342538.28515526094
ErVIn2,336920.765225611
ErVIr,93848.59892640328
ErVNi2,383214.0901314421
ErVO3,310832.37887922773
ErVPd2,388900.65744703077
ErVPt,425036.0485138656
ErVPt2,361572.5880618953
ErVSb,597703.3277751898
ErVSb2,208947.29041062028
ErVSi,250841.815390569
ErVSi2,341311.3440118189
ErVSn2,301188.1988267786
ErVTe,508406.78165255894
ErVZn2,370585.6472709561
ErWO3,187366.57757102267
ErWO5,89921.90616226735
ErZn(FeO3)2,773017.645179722
ErZn(IrO3)2,71315.17356915688
ErZn(NiO3)2,94248.83668614012
ErZn(RuO3)2,112956.04316171216
ErZn2Cr,522685.9333813942
ErZn2O4,108411.7361895301
ErZnCr2O6,430051.8362492724
ErZr2Ge,78468.10604009625
ErZr2Sb,165606.67596872975
ErZrAg2,114049.76815348917
ErZrAs,87517.50964446513
ErZrAs2,105424.63753652095
ErZrBi,100466.85205969178
ErZrCo2,141967.40460305256
ErZrCu2,95553.01023979954
ErZrGe2,143006.66344126916
ErZrHg2,101284.0591356298
ErZrO3,62357.755806586036
ErZrPb2,156384.82365624982
ErZrSb2,106834.67140946882
ErZrSn2,158967.48984990036
Eu,1730262.865691327
Eu(AgGe)2,611711.1691947868
Eu(Al2Fe)4,291228.4298510156
Eu(AlZn)2,330482.70650914405
Eu(AsPd)2,314072.202534956
Eu(BH4)2,589456.2071088941
Eu(BO2)3,93330.88604146258
Eu(ClO2)3,317444.92626101314
Eu(CoAs)2,127908.46504866642
Eu(CoGe)2,777158.013334486
Eu(CuO2)2,406381.06240656273
Eu(ErS2)2,218788.74488394594
Eu(FeO2)2,1061754.8153819258
Eu(FeSi)2,130559.5472924062
Eu(GaAs)2,273335.7786009145
Eu(GaGe2)2,412131.19182297133
Eu(HO)3,826027.3381755743
Eu(HgO2)2,163153.86375696372
Eu(InAs)2,232571.95616606917
Eu(LuS2)2,447046.13120902964
Eu(MgAs)2,534306.758074211
Eu(MgGa)2,278671.744682302
Eu(MgP)2,580142.821153311
Eu(MgSb)2,219287.1664947911
Eu(MnAl2)4,382608.6664295306
Eu(MnAs)2,499511.84285844356
Eu(MnGe)2,447292.01804002293
Eu(MnP)2,428549.81457076786
Eu(MnSb)2,606091.664883724
Eu(Mo3S4)2,116530.44214505093
Eu(MoO2)2,550501.3851637018
Eu(NiO2)2,226630.42680123769
Eu(OsO2)2,200877.22992080054
Eu(PO3)3,324841.97533017915
Eu(PdO2)2,194262.5426757821
Eu(PtO2)2,166897.02720043118
Eu(ReO2)2,396217.11741938925
Eu(ReO4)2,277504.3251872804
Eu(RuO2)2,205518.26073844635
Eu(TcO2)2,402466.58086608775
Eu(WO2)2,190910.11391033698
Eu(YS2)2,429927.18221941736
Eu(ZnGa)2,664996.7810769601
Eu16Sb11,1089520.6424018308
Eu2(AlAg)5,551182.7881997785
Eu2(AsPt)3,160258.94554367804
Eu2(BiPd)3,134274.13240895525
Eu2(WO4)3,78124.3919923772
Eu2(ZrSe2)5,282531.48738469725
Eu2AgAu,647152.588842797
Eu2AgBi,529335.2571134943
Eu2AgGe,599062.2130440265
Eu2AgHg,595151.6958600683
Eu2AgO4,250662.68735952018
Eu2AgPb,537959.5932272675
Eu2AgPd,652442.8852906005
Eu2AgPt,649357.2677639088
Eu2AgSb,554532.6048453832
Eu2AgSn,551910.2602756822
Eu2Al2O5,124057.94915162215
Eu2Al3Ag,980911.1840364145
Eu2Al3Ga,991439.9611880368
Eu2Al4O9,609309.4390320752
Eu2Al6Si3Au2,505819.37461217574
Eu2AlO4,96059.34605556518
Eu2AlP3Pt7,552461.8087777258
Eu2As3,981991.9009726928
Eu2As3Pt,873342.958177533
Eu2As7Pd12,346433.6118136493
Eu2AsAu,620047.9046217871
Eu2AuO4,252077.3701758131
Eu2B2O5,63424.98693218762
Eu2B4O9,759043.5417963946
Eu2BIN2,463285.8817300139
Eu2BO4,114482.80406985918
Eu2BPd6,823931.6819105984
Eu2Be2O5,85256.16188485525
Eu2Be2SiO7,814172.7600284655
Eu2BeO4,207092.59852600188
Eu2BiAu,545823.3906404158
Eu2BiO4,61398.37018320263
Eu2BiSbO6,834946.7356237469
Eu2Br2F,272163.3452185013
Eu2BrO2,91822.64314904899
Eu2C(NO)2,173111.90357444674
Eu2Cd3(AgO4)3,110832.9275639887
Eu2CdGa,582309.3822413331
Eu2CdGe,571428.1154317666
Eu2CdHg,562288.49211089
Eu2CdO4,161891.7126579758
Eu2CdPb,526213.4242456349
Eu2CdSn,537786.8288200403
Eu2Cl2F,277019.466484406
Eu2Co12P7,108017.79124548976
Eu2Co2O5,1433691.1452691606
Eu2Co4Si3Ge,810057.8558597631
Eu2Co5Ge3,956288.0214634043
Eu2CoAs,163518.95026077618
Eu2CoAu,56271.576404532956
Eu2CoBi,144476.50662105135
Eu2CoGe,143560.82860203274
Eu2CoIr,195668.51341751436
Eu2CoO4,1393266.9651448254
Eu2CoPd,115260.79087714413
Eu2CoPtO6,1130903.365801922
Eu2CoRh,79262.48662096281
Eu2CoSb,146488.66173269108
Eu2CoSn,135239.47681414546
Eu2CoTe,90121.22545565103
Eu2Cr2O5,484872.9281560404
Eu2CrAs,447154.00515577383
Eu2CrAu,406808.7691480242
Eu2CrBi,398161.39882170275
Eu2CrGe,430678.8705874812
Eu2CrInO6,1078011.669428361
Eu2CrO4,188953.97823287785
Eu2CrPb,389091.6180394418
Eu2CrPd,452474.2305600962
Eu2CrPt,466995.20166536
Eu2CrSb,397509.55469866353
Eu2CrSn,392071.3362123391
Eu2CrSnO6,1158898.2103866949
Eu2CrTe,373068.66824410413
Eu2Cu(GeO3)4,450515.89103127713
Eu2Cu(GeO4)2,683172.5479363545
Eu2Cu4Si3Ge,735233.0151432091
Eu2CuO4,194174.92208487118
Eu2CuSi3,1012278.9458951723
Eu2DyMnO6,1103556.493815367
Eu2DyO4,80289.89516947547
Eu2DySbO6,880959.8821472602
Eu2DyTaO6,874763.1798097884
Eu2ErO4,81216.6385626687
Eu2ErTaO6,892273.4354733927
Eu2F,138414.807142106
Eu2F3,93766.44941826309
Eu2Fe2O5,807338.7906597744
Eu2FeAs,267075.3973506244
Eu2FeAu,196443.34314331936
Eu2FeBi,233595.69800463936
Eu2FeGe,304285.44287987857
Eu2FeP3Pt7,726835.3268766414
Eu2FePd,244795.11244512355
Eu2FePt,247609.42221693488
Eu2FeSb,239192.47794878163
Eu2FeSbO7,1100367.9252434957
Eu2FeSnO6,1293803.3825697638
Eu2FeTe,174175.67766102275
Eu2Ga2O5,123268.99084082323
Eu2Ga7Ag,633915.0422701216
Eu2GaAg3,889043.0804214943
Eu2GaCo,51858.34784841575
Eu2GaHg,596141.1316387116
Eu2GdTaO6,1286076.153572985
Eu2Ge(BO4)2,130275.02929242954
Eu2Ge2O5,69794.59748201427
Eu2Ge2O7,124085.32138289972
Eu2Ge3Au,442454.84775117005
Eu2GeO5,164286.54054960317
Eu2H6Ir,1231311.0937311722
Eu2HCl2,303724.851426566
Eu2Hf2(MoO4)7,160849.67910539394
Eu2Hf2O7,80783.08211616668
Eu2HfFeO6,1278274.2469028563
Eu2HfSnO6,929419.5485161133
Eu2HfTe,228777.36270294499
Eu2HfTiO6,980416.1311340912
Eu2HfVO6,1071426.9123038442
Eu2HfWO6,1053190.7840090883
Eu2HfZrO6,900770.859716857
Eu2Hg2O5,81663.28694818684
Eu2Hg3(AuO4)3,95936.18349308112
Eu2HgBi,541119.9930745707
Eu2HgGe,582089.7133066958
Eu2HgO4,1001673.1697537452
Eu2HgSb,573406.9543720488
Eu2HoTaO6,440055.71009867854
Eu2I,64759.30094484966
Eu2In2O5,52598.65578255017
Eu2In3Cu,822518.57062776
Eu2InFeO6,1209090.9570219032
Eu2InHg,546689.6494358374
Eu2LuTaO6,909279.4394512693
Eu2Mg2O5,82015.67301767213
Eu2MgAg2(WO4)4,354097.4442507852
Eu2MgCd,537174.9405492081
Eu2MgCuO4,845472.5620740245
Eu2MgFe2O5,1277733.2023454735
Eu2MgGa3,906694.3020731139
Eu2MgIn,520720.8645368162
Eu2MgIrO6,215529.1752142657
Eu2MgS4,593500.6417479536
Eu2MgSe4,637884.5235098533
Eu2MgSn,529726.7216913586
Eu2MgTi2(ClO3)2,645520.3124091068
Eu2MgTi2O6,903354.204322234
Eu2MgTiO4,965669.9947680188
Eu2MgTl,522184.4753872371
Eu2MgVO4,1218625.7514887908
Eu2MgWO6,1011736.1340061208
Eu2Mn(GeO3)4,606193.8864610102
Eu2Mn2O5,1165428.628220003
Eu2Mn2O7,1327050.537252998
Eu2Mn3Sb3O14,874917.0500109096
Eu2Mn5Al12,289709.9475685983
Eu2MnAs,373463.070329627
Eu2MnAu,333073.6282606922
Eu2MnBi,323263.4332127706
Eu2MnGa,363536.87845419877
Eu2MnGe,423171.9283225073
Eu2MnHg,332217.356922642
Eu2MnIn,336405.63411295385
Eu2MnP3Pt7,743417.9817647939
Eu2MnPb,374511.7087833573
Eu2MnPd,363938.24086268333
Eu2MnPt,374859.1951732232
Eu2MnRh,431553.7328626949
Eu2MnSb,333819.9015089693
Eu2MnSbO7,1046667.1873780532
Eu2MnSi2O7,290080.863688876
Eu2MnSn,384071.2567685133
Eu2MnTe,270163.2345422227
Eu2MnTl,336695.78297036426
Eu2MnWO6,1301845.5694781363
Eu2Mo(WO6)2,434255.91332170664
Eu2Mo2O5,125578.74758950516
Eu2Mo2O7,132044.84204457255
Eu2Mo2WO12,435224.4944870101
Eu2N,1871718.4654367277
Eu2Nb2O5,111410.56487361019
Eu2Nb5O9,608010.2377609488
Eu2NbBiO6,827237.6430880068
Eu2NbFeO6,1328632.084666714
Eu2NbInO6,925109.6095215046
Eu2NbSnO6,931065.1842947192
Eu2NbWO6,1128294.5151128639
Eu2NbZnO6,926419.8992940196
Eu2Ni17,313042.45649989584
Eu2Ni2O5,767842.6342355572
Eu2Ni3(AgO4)3,401931.57066581835
Eu2Ni3Sb4,639827.6952095056
Eu2Ni7P4,709956.999027932
Eu2NiBiO6,1027437.8562642212
Eu2NiGe3,937397.3555823198
Eu2NiO4,1471884.0904173113
Eu2NiPtO6,1044990.2849002192
Eu2NiSbO6,1099598.53879994
Eu2NiWO6,1168179.514759703
Eu2Np2O5,486296.4779178155
Eu2O3,228661.3380885285
Eu2Os2O5,72129.07184222314
Eu2P3(HO3)3,459820.41157486744
Eu2P3Pt4,747440.99760715
Eu2Pa2O5,149681.8231240651
Eu2PdAu,645736.176047491
Eu2PdO4,181779.37101388013
Eu2PtAu,653336.8759597279
Eu2Pu2O5,594589.7177195379
Eu2PuAs,618343.1906017454
Eu2PuBi,504058.4301720614
Eu2PuGe,616972.9270319354
Eu2PuPb,520837.0873943828
Eu2PuSb,525646.6591962039
Eu2PuSn,538019.4679754925
Eu2PuTe,508403.28925091564
Eu2Re2O5,121128.47333473571
Eu2Ru2O5,189718.7481482181
Eu2S3,63140.34458243919
Eu2SO2,201429.11776280715
Eu2Sb3,820258.5228648231
Eu2SbAu,566011.8376650419
Eu2Sc2O5,158495.11012200933
Eu2ScAs,66848.80485356618
Eu2ScBi,72745.57387764848
Eu2ScNbO7,746331.2816802397
Eu2ScSb,63648.83755216015
Eu2SeS,1195265.5716579743
Eu2Si2O7,134382.99740383436
Eu2Si3Au,931890.8985486914
Eu2Si3Ni,1032372.4387060323
Eu2Si4IrPd3,712585.926492216
Eu2Si4Pd3Au,698207.7176507994
Eu2SiN3,80944.17237986533
Eu2SiO5,87937.40595082121
Eu2Sn,1316616.3692897495
Eu2SnS4,373835.12959676294
Eu2Ta2O7,420253.9409427763
Eu2TaAlO6,1079907.250384997
Eu2Tc2O5,135250.57068597138
Eu2TcPt,169418.03492563326
Eu2TcTe,219246.5458723072
Eu2TeIr,61408.22469023209
Eu2TeO2,109429.64401468216
Eu2TeOs,144456.10229232677
Eu2TeRu,126350.75525632904
Eu2ThBi,179499.72196110056
Eu2ThSb,144277.863144913
Eu2ThSn,145495.39534697199
Eu2ThTe,186754.34776703268
Eu2Ti2O5,178370.28570186187
Eu2TiAs,298630.7413144489
Eu2TiBi,265541.0572469449
Eu2TiCuO6,1111434.8096956504
Eu2TiInO6,907320.2013936457
Eu2TiNbO6,973783.0071081107
Eu2TiO4,1386404.2462961935
Eu2TiO5,166952.57327314516
Eu2TiPt,347815.0584427479
Eu2TiSb,269165.0811813579
Eu2TiSbO6,955188.7925061326
Eu2TiSn,252304.99048097277
Eu2TiTe,269623.9038654421
Eu2Tl2O5,56626.4448103694
Eu2Tl3(AgO4)3,173399.3903241785
Eu2Tl3(AuO4)3,77371.05024842803
Eu2TlCd,538110.5306448535
Eu2TlCl5,591738.7590549964
Eu2TlCo,81729.15114609885
Eu2TlHg,552405.0361099576
Eu2TlIn,526461.2225265591
Eu2TlSn,540778.9232699783
Eu2TlZn,570866.4599880574
Eu2TmTaO6,894873.802883298
Eu2U2O5,351354.17522182036
Eu2V2O5,329064.9974228788
Eu2VAs,399159.67412317015
Eu2VAu,405818.0361548344
Eu2VBi,357880.76552679
Eu2VO4,106321.9267863827
Eu2VPt,483764.3094941587
Eu2VSb,353607.293646154
Eu2VSbO6,1191679.8453841377
Eu2VSn,334744.94313946116
Eu2VTe,372014.87734226347
Eu2VWO6,1213397.0512077594
Eu2W2O5,155897.34374712393
Eu2YNbO6,866485.9448581731
Eu2YSbO6,880097.2498613978
Eu2YTaO6,867797.4274065279
Eu2YVO6,946599.2508377994
Eu2YWO6,941664.2468152009
Eu2ZnAg,628867.3326106649
Eu2ZnBi2,775125.7468671339
Eu2ZnCd,587327.6941433937
Eu2ZnGa,624133.4204773972
Eu2ZnHg,596440.6266824115
Eu2ZnIn,568991.3562798153
Eu2ZnP3Pt7,544299.8577259165
Eu2ZnRh,696252.3258262773
Eu2ZnSb2,840217.254664393
Eu2ZnSn,567937.9065937436
Eu2ZnWO6,1040558.7629845053
Eu2Zr2O5,55622.6321436424
Eu2Zr2O7,389044.7917021371
Eu2ZrAs,282760.85568584024
Eu2ZrBi,241113.47306233374
Eu2ZrCrO6,1132570.4101203664
Eu2ZrFeO6,1248591.7078323662
Eu2ZrNbO6,891231.590109242
Eu2ZrO4,1185131.6830038324
Eu2ZrSb,246908.95645496252
Eu2ZrSn,243968.48342623544
Eu2ZrSnO6,909675.167330507
Eu2ZrTe,232964.17137164157
Eu2ZrTiO6,975385.1840328195
Eu2ZrVO6,1093862.3534493488
Eu3(PPt)4,719004.9475988245
Eu3(SF2)2,108826.22138061323
Eu3Al2O7,1297442.205762909
Eu3As4,534284.1435538728
Eu3AuO6,192350.98935304818
Eu3B2(O2F)3,956333.2184680429
Eu3BWO9,167838.49438706713
Eu3BeO5,886259.3993448408
Eu3Br2,51868.21727306333
Eu3BrO4,187786.99581243776
Eu3Cl2,110925.70211821674
Eu3Cr,1745559.4006248831
Eu3Dy,1322225.0259393323
Eu3DySb3,879239.1844735036
Eu3Er,1344749.1385196012
Eu3FeO6,255754.5806334259
Eu3Ga5,520278.1701871483
Eu3Ga5O12,661929.2236485287
Eu3GaO6,194063.61907540893
Eu3Ge5,53583.80571962449
Eu3H,1522700.1704719784
Eu3Hf,1548207.0210798164
Eu3Ho,1336294.9460615455
Eu3InO,57011.749290669526
Eu3IrO7,171876.6174165543
Eu3Lu,1374579.5863672874
Eu3Mo,1719170.998802291
Eu3MoO7,1118056.5262438287
Eu3Nb,1802297.7588525843
Eu3NbO6,66387.48999469812
Eu3NbO7,180350.92494491025
Eu3Ni13B2,102028.68005123296
Eu3O4,185435.982577314
Eu3ReO7,62995.9567747457
Eu3Sc2(FeO4)3,106527.38842197627
Eu3Sc2Al3O12,666101.0356130434
Eu3Si4,1215690.1763446769
Eu3Si6N4O9,656642.7744021956
Eu3Sn5,836858.7590906305
Eu3Ta,1649712.8099217508
Eu3Ta5O15,610101.6286287965
Eu3Th,1371026.221344669
Eu3Ti,1640091.545225126
Eu3Ti2O7,1239364.0403168285
Eu3Tm,1377750.2625971131
Eu3U,1357347.6442056068
Eu3V,1795499.3855169187
Eu3V2O7,1384040.0177854288
Eu3W(ClO2)3,813401.5118663398
Eu3WO6,1247298.911816593
Eu3Y,1328181.9777902325
Eu3YMn4O12,1337208.3941192636
Eu3Zr,1527953.7308439645
Eu4Al,1237794.347526957
Eu4BPd12,820093.5023725241
Eu4Co4O11,483601.61484411143
Eu4Cr4O11,423073.32344878645
Eu4Fe4O11,763556.12741193
Eu4Mg(Fe2O5)2,1531986.3357245668
Eu4Mn4O11,596681.2628928584
Eu4Mo4O11,77210.84219021387
Eu4Pa4O11,116532.41887830722
Eu4Pd,1261496.6959826583
Eu4PdO7,1298533.4822603979
Eu4Pt,1203382.7712247488
Eu4Rh4O11,113362.39768791987
Eu4Ru4O11,202390.008351326
Eu4Ti3O10,1193882.7298478056
Eu4V4O11,247258.40188401274
Eu4Zn51,289591.13783348014
Eu5Ga3,1357571.8860802858
Eu5Mg,735858.23231533
Eu5P3O12F,1055246.0484505252
Eu5P3O13,1051453.8291642691
Eu6MgWO12,1171908.5679448307
Eu6Ni20P13,703940.2643819635
Eu6P19Rh30,462432.7842201457
Eu8Mn3Nb5O28,950587.2559327547
EuAg(WO4)2,330099.54167379293
EuAg2Pb,340971.34669007285
EuAg2Sn,354468.4158645322
EuAgAu2,363208.64319461776
EuAgGe,500471.3026776463
EuAgHg2,329099.52627003565
EuAgO2,791678.1067006958
EuAgSn,414697.52906913095
EuAl12O19,220417.91331233198
EuAl2Ag3,530580.4724873825
EuAl3(BO3)4,294081.70688273665
EuAl3Ag2,557825.5436098303
EuAl3Cu2,619513.7963797845
EuAl3Si,637035.0824588796
EuAl8SiAu4,239307.34768416328
EuAlAg4,528738.5256266018
EuAlGa,956349.6217114873
EuAlGe,467386.4494783851
EuAlGe2O7,421301.1044461226
EuAlO3,142300.84551364672
EuAlSi,484357.64177949517
EuAs2W,78833.6395155544
EuAsO4,109008.74654181101
EuAsPd,467600.5351749945
EuAsRh,64806.47483051015
EuAsRu,202536.21275279296
EuAuO3,60607.044248450344
EuB12,590953.6663797694
EuBO3,207496.81398353048
EuBeO3,286237.6157717192
EuBi2ClO4,66658.23124477174
EuBiAu2,321933.17332762986
EuBiPd2,369488.01924961485
EuBr,80028.97674987781
EuBr3,84660.05363567875
EuBrCl,804518.6470877988
EuBrO,152895.64329582363
EuC10,394844.5056006529
EuCN2,503532.0609237104
EuCd(BO2)5,57223.24472028786
EuCd(CoO3)2,476056.3242765442
EuCd(FeO3)2,699840.9351003304
EuCd(OsO3)2,110684.77817196352
EuCd(RhO3)2,200452.92440184343
EuCd(RuO3)2,267490.6004474694
EuCd2In,325062.80787363544
EuCd3S4,285482.16348802345
EuCdAg2,336817.8793924492
EuCdAu2,359984.33907001314
EuCdAu5,454563.6864295206
EuCdHg2,331531.18965789845
EuCl,67901.942404525
EuCl3,95489.69295042672
EuClO,174779.99654036353
EuCo2As,174879.10138242753
EuCo2Sb,151465.28025309954
EuCo2SiGe,796709.4499457404
EuCo2Te,278400.39416081726
EuCo9Si2,635782.1317792805
EuCoAs,283504.4792720801
EuCoAs2,165522.40947950233
EuCoAu,205513.46566380793
EuCoGe2,104675.65371837157
EuCoHg2,149254.14279287928
EuCoO3,413125.4669333357
EuCoPd2,254033.88443865653
EuCoPt,283646.3984929033
EuCoPt2,292794.03784963983
EuCoRh2,429983.97126118944
EuCoSb,243917.1300581263
EuCoSb2,144756.119330795
EuCoSn2,108602.54811172425
EuCoTe,136636.42113875298
EuCr3,2069395.6719488637
EuCrAs,620612.690140756
EuCrAs2,326544.4491134803
EuCrAu2,526178.8134188924
EuCrBi,513297.516769092
EuCrBi2,325912.42472352815
EuCrGa2,451723.32183551585
EuCrGe2,438219.7015948342
EuCrGeO5,206301.7827477139
EuCrHg2,458980.98497478844
EuCrIn2,406739.36447787884
EuCrO3,343057.3420410376
EuCrPb2,382357.9494845858
EuCrPd2,520868.46383774845
EuCrPt,548761.2631263261
EuCrPt2,509567.9522881961
EuCrRh2,475534.86486205424
EuCrSb,562117.8586871312
EuCrSb2,320299.53621058934
EuCrSn,454810.97283275775
EuCrSn2,392781.7732295385
EuCrTe,471694.2971570543
EuCrTe2,352064.27991077065
EuCrTeO6,453804.0897871495
EuCu(WO4)2,387548.11171849136
EuCu3Pd2,623003.2806442514
EuCu4Pd,694917.7423845928
EuCuO2,138771.76371360105
EuCuO3,60595.96505194746
EuCuSi3,728089.0565197796
EuCuSn,454153.9474080865
EuDy(NiO3)4,161358.06167817485
EuDy2O4,625715.836884989
EuDyCr4O12,295372.70760548225
EuDyO3,121364.49874756577
EuDyTi2O7,413264.85776249354
EuDyV4O12,342229.2583903057
EuEr,1017648.7766812344
EuEr2O4,647017.2134487615
EuErO3,123063.70670032101
EuErTl2,294947.04701560625
EuF3,210864.95285043272
EuFeAs,397359.7094083455
EuFeAs2,253992.68210632607
EuFeAu2,360772.1034901011
EuFeGe2,262848.4351542927
EuFeGe2O7,741524.6168708124
EuFeO3,688378.1526433103
EuFePd2,424336.0955617934
EuFePt,464254.746733376
EuFePt2,470125.93257418444
EuFeRh2,572897.1048366544
EuFeSb2,219983.7137999512
EuFeTe,243357.20022691938
EuFeTe2,278820.3773346976
EuGa2Fe,297735.10509000556
EuGa3(BO3)4,274608.1783441855
EuGa3Ag,633615.2653384156
EuGa3Cu,687129.8790466033
EuGa4Au3,397605.1470640976
EuGaAg4,533946.1482112596
EuGaAu2,361646.694057183
EuGaCu,554536.6989449183
EuGaGe2O7,392186.7820395523
EuGaO3,164310.03944407965
EuGaSi,494153.2804010128
EuGaSnSbO6,498377.41372131207
EuGdO3,119016.70704257645
EuGe2Mo,202449.19918309053
EuGeHO4,113196.66590267295
EuH,124969.1920823387
EuH2ClO2,108729.32830358646
EuH6CI3N,243200.4346440337
EuHSO5,106615.75027436443
EuHfCd2,64257.92812288827
EuHfCrBiO6,702668.3385414532
EuHfCrSnO6,640958.5375388514
EuHfF7,393284.7988340274
EuHfFeBiO6,832596.3265885793
EuHfTe,184272.77494351196
EuHfTe2,140493.2993672515
EuHfVSnO6,573920.081326883
EuHfZrSnO6,442378.78323864157
EuHg2Bi,278574.39004676195
EuHg2Pb,296494.2781278963
EuHgAu2,349967.4908571242
EuHo2O4,319800.7262874638
EuHo3,576944.0958643537
EuHoO3,121924.2031354331
EuI,67750.06747031248
EuICl,711431.3460293835
EuIO,86062.66528993704
EuIn2Co,86687.89171336102
EuIn2Fe,267884.2806970934
EuIn2Ni9,98715.6305571063
EuIn6Ni7,269691.23237356474
EuInAg2,346110.49559749087
EuInAu2,352758.1651373433
EuInGe,407885.3335165856
EuInHg2,318193.8286932099
EuInNi5,91689.2675986145
EuInO3,125969.36287765705
EuIrO3,82339.90709015593
EuIrPt,88709.9393096697
EuLuCuS3,526550.694454634
EuLuO3,125529.20619045864
EuMg(BO2)5,347037.7171574795
EuMg(ReO4)2,424946.48159701965
EuMg2H5,338018.29938750743
EuMg2O4,209046.14833429822
EuMgAg,437625.7396717556
EuMgAl11O19,184219.74205679318
EuMgBiSbO6,490730.3111755372
EuMgCd2,326356.1994888849
EuMgCoO3,514589.49897031114
EuMgCrO3,909416.2091570967
EuMgFeO3,826969.8197963302
EuMgGa,108149.11113174557
EuMgGa3,616310.7578475787
EuMgHg2,334011.46925337514
EuMgMnO3,1014410.3643307554
EuMgNiO3,449568.39857197896
EuMgO3,290465.4107820199
EuMgSnWO6,502713.50476530433
EuMgTl2,297735.64287747187
EuMgVO3,804420.6729508137
EuMgZn2,381551.80273430975
EuMn2CdO6,553822.5426444345
EuMn2O4,834608.0589476929
EuMn2O5,624547.0539995681
EuMn2Pt,1037159.8019055333
EuMn4(CuO4)3,439897.7098471375
EuMnAs,517589.30711988104
EuMnAs2,407784.9034987586
EuMnAu,483736.48999617255
EuMnAu2,491748.47000543936
EuMnBi,412865.7591351231
EuMnBi2,325633.7645296107
EuMnCd2,464611.45743745356
EuMnGa2,430920.12567530974
EuMnGe,595637.6325741154
EuMnGe2,414155.6372389465
EuMnHg2,422802.62800212874
EuMnIn,1288839.2448609502
EuMnIn2,382605.7000924199
EuMnNbSnO6,771608.7129125395
EuMnO3,521823.91728488274
EuMnPb2,363241.8243540675
EuMnPd,577848.6038233491
EuMnPd2,550695.6197981503
EuMnPt,597605.6330318081
EuMnPt2,578474.5661995176
EuMnRh2,670912.1533873193
EuMnSb2,344800.2793873032
EuMnSn2,377145.141032796
EuMnSnWO6,821456.283105
EuMnTe,346134.2285398467
EuMnTe2,409133.1913051064
EuMnTl2,388280.07520075276
EuMnZn2,521390.3411230502
EuMoAs2,116136.21408832904
EuMoO2,1528737.9768197117
EuMoO3,71068.16377189086
EuMoO4F,101240.84832930498
EuMoO5,579734.720086295
EuMoPt2,281428.6834411011
EuN,282802.83408820466
EuN3O14,194537.6098475683
EuNb2O6,273308.18526082445
EuNb3,679275.1554274831
EuNbAs,197122.722123164
EuNbAs2,191151.76508160555
EuNbAu2,223142.1568557179
EuNbBi2,170662.16509774633
EuNbCrSnO6,700961.6776525237
EuNbFeSnO6,837997.8913039501
EuNbGa2,119697.55747497723
EuNbGaSnO6,508004.29595296696
EuNbGe2,243851.8904702527
EuNbInSnO6,486293.6910267013
EuNbNO2,944591.6667730662
EuNbO4,119120.91538361453
EuNbSb2,172693.42789225254
EuNbSn2,236832.45523936648
EuNbTe2,94191.03745911986
EuNbZnBiO6,482157.34941574535
EuNi2B2C,467320.097169205
EuNi3,143290.84889591916
EuNi5,227263.68950724605
EuNi9Ge4,166667.61262321475
EuNiAs,128989.21158872025
EuNiRh2,264987.84149190877
EuNiSnWO6,652359.0723324043
EuNiTe,81749.32087921682
EuNp2O4,593720.3638129245
EuNpAs,632481.4066806164
EuNpAs2,313502.477209156
EuNpAu2,437773.6438979658
EuNpBi2,312940.9679194583
EuNpGe2,401623.5185127736
EuNpIn2,395344.55289143283
EuNpIr,487416.5102389401
EuNpIr2,338305.89431296627
EuNpO3,362092.4215417912
EuNpPb2,349176.7884311593
EuNpPd2,468260.3594807918
EuNpPt,537955.6257818467
EuNpPt2,438916.3534462781
EuNpSb2,309093.9022380844
EuNpSi2,412016.78443379066
EuNpSn2,361479.13105245616
EuNpTe2,393991.9275504489
EuO2,279168.89394228463
EuO3,409300.5227932211
EuOF,219744.05464741675
EuPO4,128384.66218635956
EuPPt,496781.5873689916
EuPa2O4,219961.95823479135
EuPaAs,179463.4155674877
EuPaAu2,58748.119306533954
EuPaBi2,65955.71625690344
EuPaHg2,105634.60346419342
EuPaIn2,80583.18074891785
EuPaIr,161477.28716974388
EuPaO3,114842.32158413091
EuPaO4,700332.5974637117
EuPaPb2,121260.51595499812
EuPaPd2,80594.85174970127
EuPaPt,70008.6283473594
EuPaPt2,66140.21457970889
EuPaSn2,112987.51784205041
EuPaTe,264705.2197173311
EuPaTe2,211792.50944486118
EuPbAu2,339049.22126571066
EuPd2Ru,235319.47189937969
EuPdRh2,219802.35587685087
EuPt2Rh,84549.95787919262
EuPtRh2,220118.02873667807
EuPu2As,1318223.1648825665
EuPu2Bi,1139143.5499490846
EuPu2Ge,1292251.5170538079
EuPu2Ir,1195800.016962706
EuPu2O4,745024.5511152997
EuPu2Pd,1213705.424138884
EuPu2Pt,1201424.1094020854
EuPu2Rh,1210848.4576956292
EuPu2Sb,1166722.5640778183
EuPu2Si,1312616.1299603987
EuPu2Sn,1156650.126442096
EuPu2Te,1125997.694978222
EuPuAl2,534570.4273493927
EuPuAs,739885.1658841339
EuPuAu2,567577.8162883959
EuPuBi,625895.5400507932
EuPuGe,624178.5001498625
EuPuGe2,541361.2583261472
EuPuHg2,507276.51035106875
EuPuIn2,479508.388878251
EuPuIr,635350.646930697
EuPuIr2,461499.57029619615
EuPuNi2,668222.1391345925
EuPuO3,473744.55089949886
EuPuPb2,441774.53509037546
EuPuPd2,599154.2668160883
EuPuPt,652607.446118226
EuPuPt2,572953.0208124758
EuPuRh,635124.785886906
EuPuRh2,538501.4232613838
EuPuSb,660026.9706497428
EuPuSb2,431700.84686094883
EuPuSi,637086.4004160574
EuPuSi2,554081.0254696662
EuPuSn,570077.2349958747
EuPuSn2,467512.20846395777
EuPuTe,712727.4990066896
EuPuTe2,466221.92591044906
EuReO3,63042.776163214694
EuRhO3,154677.6423226462
EuRuO3,257866.11053612042
EuRuPt2,245470.2876551907
EuS2,910849.6489949981
EuSb2,359184.04332959093
EuSbO4,118081.24285028662
EuSc2CdO6,143431.31870580197
EuSc2Pb,114922.0827705749
EuSc2Tl,107252.90681348089
EuSc2ZnO6,145131.5740018326
EuScAs,82084.51714626749
EuScBi,164865.78004278243
EuScO3,135551.8901756442
EuScSb,164067.87400797315
EuScSn,74736.79996895869
EuScTe,202659.50139014015
EuScTe2,72274.7295199297
EuSe2,787941.6086679935
EuSeClO3,78956.55929566188
EuSeO3,874462.7009523822
EuSeO4,681066.6602278254
EuSi2PdAu,663962.7785835813
EuSi2Pt,415384.6483584253
EuSi3Ni,764031.2613113996
EuSiAg,483446.04261398624
EuSiHO4,114892.262725313
EuSiNi2Ge,786553.3115884564
EuSiO4,225957.56045319652
EuSiPt2,413588.41499794537
EuSn2Mo,168866.83002965606
EuSnAu2,352026.0655285793
EuSnF7,79394.82165252397
EuSnRh2,419574.3712177219
EuTa3O9,306159.8360744538
EuTaAs2,166623.23703151674
EuTaAu2,139377.23180103826
EuTaGe2,166692.89052182567
EuTaNO2,963221.1788105121
EuTaO4,119330.14862327065
EuTaSb2,155472.39068804224
EuTaSn2,211090.8772460757
EuTaTe2,96151.82979355131
EuTcO3,117104.22076653881
EuTcPd2,383928.6071448436
EuTcPt2,373175.58142714767
EuTcTe2,100906.82058150215
EuTe2Pb,229499.92292673752
EuTh3,478323.3362011849
EuThCo2,60611.32630400782
EuThTe,142747.46030392774
EuThTe2,90392.19558674976
EuTi2CdO6F,137330.64516512747
EuTi4SnO12,202050.10280776495
EuTiAgO4,107597.34052369204
EuTiAs,279569.90395387984
EuTiAs2,107181.55242892707
EuTiAu,280106.42083159287
EuTiAu2,199034.45908098636
EuTiBi,253468.67638125198
EuTiBi2,172753.83446889787
EuTiCd2,168555.4648764672
EuTiClO3,98851.3700248433
EuTiGe,240860.78435390312
EuTiGe2,162496.08586973097
EuTiHg2,167764.17251968864
EuTiIn2,147984.0112878019
EuTiIr,53167.730586615944
EuTiNbBi2O9,292611.076111369
EuTiO14,557047.381358682
EuTiPb2,190668.07875273368
EuTiPd,232373.43869641278
EuTiPt,216820.19835505896
EuTiRh,85235.7404492314
EuTiSb2,152492.06428781393
EuTiSi2,159177.9852932069
EuTiSn2,189261.18612918616
EuTiTe,207596.4896403178
EuTiTe2,179120.31512183003
EuTiTl2,175864.51336279992
EuTiZn2,172526.3794741621
EuTl(WO4)2,321860.6000912537
EuTl2Cd,294559.47114521585
EuTl2Cr,403952.73981147946
EuTlAu2,318080.1574086134
EuTlHg2,308468.01020418765
EuTlO2,768002.1572111864
EuTlO3,118198.34603837773
EuTlS2O9,343721.0845350608
EuTm2O4,326554.95573464385
EuTmB12,455005.24444756034
EuTmO3,124090.93494669056
EuU2O4,437382.78671960713
EuU2S5,571357.7132414343
EuUAs,425005.30714744254
EuUAs2,201935.63840695287
EuUAu2,285965.3493886031
EuUBi2,199781.5414270937
EuUGa2,288371.2173788371
EuUIr,324194.5876183696
EuUO3,271740.4670188876
EuUPd2,303589.6331983089
EuUPt,397669.61894263944
EuUPt2,275969.4406489186
EuURh2,223188.0852676093
EuUSb2,188738.1858442576
EuUSi2,290054.5534549821
EuUSn2,266084.0416495667
EuUTe2,313198.0194494361
EuV2BiO8,315663.6970258465
EuV2CdO6,170360.3806036166
EuV2O4,417388.3165157385
EuV2ZnO6,173882.60282241864
EuV4SnO12,261264.62131771533
EuVAs,503015.25899665465
EuVAs2,262429.5955670787
EuVAu2,410853.13839959406
EuVBi2,258096.60692579875
EuVGa2,375720.05988042336
EuVIn2,337958.83737273247
EuVO2,1544431.4785157838
EuVO3,168463.0296241494
EuVO4,382173.4741680233
EuVPb2,310842.5767050994
EuVPt,392271.896494567
EuVSb,454041.64705428533
EuVSb2,239810.80049799295
EuVSn2,313021.5489471232
EuVTe,509107.3793972394
EuVTe2,265285.3793963484
EuWO2,1475374.6682724978
EuWO5,547829.5748415218
EuY(CoO3)2,407991.0995881869
EuY(FeO3)2,761743.1569890637
EuY(GaO3)2,72847.70915825522
EuY(NiO3)2,92196.22760546743
EuY(RuO3)2,212571.15009034096
EuY2O4,563071.7388552091
EuY3,479249.4431871713
EuYAl4,534190.9225617578
EuYAl6(BO3)8,149762.99092494816
EuYCr2O6,424783.00557840575
EuYMn2O6,598202.9627099714
EuYO2,1100740.223351213
EuYO3,120538.95924445409
EuYSc2O6,73064.89739476684
EuYTe,79284.24486526716
EuYV2O6,247808.1542927966
EuZn(CoO3)2,473523.5966896273
EuZn(FeO3)2,719119.291820745
EuZn(IrO3)2,54084.14608565192
EuZn(NiO3)2,204122.32769835455
EuZn(RhO3)2,189631.25916402807
EuZn2O4,208636.80599851193
EuZnAu2,361901.2701917922
EuZnBiWO6,537955.717755721
EuZnCr2O6,353580.869127735
EuZnGa,549810.4977742647
EuZnIn,78241.20040625852
EuZnIn3,487349.68278466613
EuZnO3,87146.76830034087
EuZnSnWO6,495131.1447003343
EuZr2SnO6,455093.57928091456
EuZr4O9,361834.98201420123
EuZr4SnO12,175267.31062800655
EuZrAs,117096.94953268184
EuZrBi2,73048.8245506274
EuZrCd2,95093.08839336147
EuZrCoBiO6,506590.086003409
EuZrCrBiO6,691238.147238691
EuZrF6,590080.5850925104
EuZrF7,387321.22408011224
EuZrFeBiO6,817876.9266118606
EuZrHg2,99760.8530013286
EuZrPb2,97259.55046785205
EuZrSb2,59076.63197958832
EuZrSn2,94533.8073911351
EuZrTe,167534.60860322896
EuZrTe2,164827.47458037827
EuZrVSnO6,560597.1493035777
Gd(Al2Cr)4,126822.00860674297
Gd(Al2Fe)4,264700.467123086
Gd(AlCu)6,356434.44713767734
Gd(AlGe)2,323029.83936762594
Gd(BiO2)4,297649.2792669292
Gd(ClO4)3,296763.2568073435
Gd(CrSi)2,135424.45929728277
Gd(CuO2)2,120677.83655083354
Gd(CuS)3,524836.6463602482
Gd(Fe5Si)2,1535702.4793898237
Gd(FeB)2,180912.46959323884
Gd(FeB)4,90154.62698192676
Gd(FeGe)2,187866.10347426258
Gd(FeSn)6,524366.5069339834
Gd(Ga2Fe)4,637381.4799574387
Gd(GaFe)6,555269.5484718038
Gd(HgO2)2,82589.69232794235
Gd(MnAl2)4,372036.37492243014
Gd(MnCo2)4,856769.1701305929
Gd(MnGe)2,444157.28660279914
Gd(MnGe)6,557534.2946591272
Gd(MnSi)2,415164.5808532152
Gd(MoO2)2,402960.3453124099
Gd(NiO2)2,337066.9975499936
Gd(OsO2)2,101719.3675144517
Gd(PbO2)2,75085.27462176506
Gd(PdO2)2,144453.5956938255
Gd(PtO2)2,211505.40808702912
Gd(ReO2)2,301892.95704543643
Gd(RuO2)2,103791.11168838164
Gd(SiNi5)2,456871.6256299202
Gd(SnO2)2,65923.54865531328
Gd(TcO2)2,306175.31074945425
Gd(TeO2)2,79097.1362165903
Gd(Ti3Sn2)2,50176.864494707144
Gd(WO2)2,51373.92055417377
Gd2(Al3Rh)3,571231.9810834324
Gd2(Ga3Ir)3,563354.8723126487
Gd2(SO4)3,467757.01677970076
Gd2(WO4)3,434308.03300765506
Gd2(Zn2Ge)3,300302.4009139922
Gd2Ag2O5,64645.29162806424
Gd2Ag3(HgO4)3,56416.828209805855
Gd2AgAu,712993.700736185
Gd2AgHg,702337.24749251
Gd2AgO4,81981.19371798735
Gd2AgTe,82201.25270434002
Gd2Al6Si4Au,246788.13815349567
Gd2Al6Si4Pt,254142.72097720535
Gd2AlCd,682727.2797870566
Gd2AlCr,358522.1203459812
Gd2AlFe3,1672456.9464055134
Gd2AlV,315188.085248675
Gd2AlZn,730863.1509501941
Gd2As4O11,482022.7947670472
Gd2AsO4,63279.35384182453
Gd2AsO5,1231356.2168331167
Gd2AsPd,84295.38456062111
Gd2AuO4,81961.91484273507
Gd2BiPd,90160.2560129536
Gd2BiTe,53174.6153937594
Gd2C,2037106.135452612
Gd2C(NO)2,1253720.6457650098
Gd2CdHg,716205.2603443036
Gd2CdIn,650972.5202200942
Gd2CdO4,561631.0591247973
Gd2CdS4,835910.70375144
Gd2CdSe4,701552.3838764194
Gd2Cl3,479562.30402219226
Gd2Co2O5,274663.68662280217
Gd2Co7,198592.70549024842
Gd2Co7B3,228950.11953809223
Gd2CoB3,1642128.7147825249
Gd2CoGe,93895.76621646465
Gd2CoO4,271021.07418421394
Gd2CoSn,92542.94121195805
Gd2Cr2O5,548658.9305707286
Gd2CrAs,313021.6297930961
Gd2CrAu,356718.591646575
Gd2CrBi,286710.34105400374
Gd2CrGa,373337.37148570543
Gd2CrGe,383610.0179996907
Gd2CrIn,351637.6167988735
Gd2CrIr,410051.6478883073
Gd2CrO4,350851.0593201881
Gd2CrPd,379906.35125399206
Gd2CrPt,404127.2682670544
Gd2CrRh,404135.1108050803
Gd2CrSb,298742.0144343226
Gd2CrSi,382193.8684281963
Gd2CrSn,347742.3431845476
Gd2CrTe,325685.99056005257
Gd2Cu(GeO4)2,848312.6088759587
Gd2Cu2O5,73953.92595671036
Gd2CuAu,736908.0379124195
Gd2Dy2O5,93179.1346495415
Gd2Fe14B,1260169.3086483679
Gd2Fe14C,1247653.323665693
Gd2Fe17,1390925.1055426742
Gd2Fe17C3,1188179.5233270612
Gd2Fe17N2,1837072.4913720272
Gd2Fe17N3,1301245.1894402448
Gd2Fe2O5,647279.9765468991
Gd2Fe5Si8,600847.8503741183
Gd2FeAs,124408.33198793973
Gd2FeBi,106516.9218613158
Gd2FeGe,177223.79934966273
Gd2FeHg,154941.3357287546
Gd2FeIr,169721.5367378409
Gd2FeO4,356466.3199011878
Gd2FePt,139802.1123995759
Gd2FeSb,120930.60337457249
Gd2FeSbO7,1268540.2947857687
Gd2FeSi,177524.80425640382
Gd2FeSn,163296.25376919258
Gd2GaAg,714909.5118425385
Gd2GaSbO7,930546.8880297019
Gd2GeAu,68735.19123552233
Gd2GeBr2,422923.7302926847
Gd2GeMoO8,851198.5751198382
Gd2Hf2(MoO4)7,190275.34549864038
Gd2Hf2O7,447128.6899111893
Gd2HfAs,116678.30203846528
Gd2HfAu,149529.1663342008
Gd2HfO5,1062720.8197225062
Gd2HfPd,124145.15724174213
Gd2HfPt,137629.79976660578
Gd2HfSb,132655.08344027988
Gd2HfTe,161372.90279090175
Gd2HgO4,1194347.3659882434
Gd2Ho2O5,84638.87491273278
Gd2In,59036.429270669505
Gd2InAg,687169.002545508
Gd2InFe,144567.79341734605
Gd2InHg,701104.9593869912
Gd2InSbO7,895005.0698771303
Gd2IrAu,765556.0515905776
Gd2MgAl,688624.2075722878
Gd2MgCd,672040.9204635548
Gd2MgCr2O8,747330.952569635
Gd2MgIn,649258.511381647
Gd2MgIrO6,79678.23827215772
Gd2MgMo2(ClO4)2,534719.0798128092
Gd2MgPtO6,1101408.9894606068
Gd2MgS4,791656.3231396348
Gd2MgSe4,779000.3715988111
Gd2MgTl,646007.5477174179
Gd2Mn(GeO3)4,682512.0923902518
Gd2Mn12P7,544775.7012339233
Gd2Mn17C3,270412.79923989315
Gd2Mn2O5,687944.5284869159
Gd2Mn3(SbS3)4,304355.87233060563
Gd2MnAs,249864.62225993696
Gd2MnBi,254355.76531003864
Gd2MnCoO6,1632168.3600041068
Gd2MnGa6,126959.37888780188
Gd2MnGe,298441.891510863
Gd2MnIn,301847.7025653552
Gd2MnIr,368752.4170823705
Gd2MnNiO6,1529129.3691622885
Gd2MnPb,277566.8625864476
Gd2MnPd,314175.297037506
Gd2MnPt,337917.59559469763
Gd2MnRh,359014.6619819087
Gd2MnRu,389350.1895136113
Gd2MnS4,1215067.7027546184
Gd2MnSb,266750.9301739909
Gd2MnSbO7,1181814.08179298
Gd2MnSi,304667.81418148475
Gd2MnSn,284574.868804638
Gd2MnTe,248339.75783880035
Gd2Mo2O5,118343.69476202862
Gd2Mo2O7,269636.8931957803
Gd2N,113442.26832730151
Gd2N3,344379.4742577859
Gd2Nb2N2O5,882895.6723050665
Gd2NbAs,85190.9658272231
Gd2NbAu,214146.2127168526
Gd2NbGaO7,928373.6210307985
Gd2NbInO7,868016.456992757
Gd2NbIr,310306.0568460223
Gd2NbPd,270045.21022816637
Gd2NbPt,271268.73719179205
Gd2NbSb,95885.99252377998
Gd2NbSn,135339.29112002073
Gd2Ni17,263237.33171112026
Gd2Ni2O5,347990.31252542284
Gd2Ni7,92494.29563783336
Gd2NiB10,1014100.147278176
Gd2NiO4,1675577.3410015395
Gd2NiPtO6,1227267.3343462376
Gd2NiRuO6,1404741.0156771925
Gd2Np2O5,525391.6837341487
Gd2Os2O5,53951.66408782749
Gd2P4O13,463422.8500733677
Gd2Pa2O5,215304.32850644807
Gd2PaSb,182100.4162871239
Gd2PaSn,110436.65827969923
Gd2PbAu,79641.86961596235
Gd2PbS4,824878.6496927588
Gd2PdRh,151546.1982356315
Gd2Pu2O5,718994.7436743675
Gd2PuAs,571431.6566111649
Gd2PuBi,500899.51044755435
Gd2PuGa,588428.7542748092
Gd2PuGe,565681.8986113719
Gd2PuIn,552291.5399186459
Gd2PuPb,541491.412609207
Gd2PuSb,513224.63622183114
Gd2PuSn,529781.366344492
Gd2PuTe,516121.6695107557
Gd2Re2O5,89249.42471512177
Gd2Re2Si2C,1054360.2243877593
Gd2Ru2O5,136259.21009408173
Gd2Ru2O7,278238.4495907599
Gd2SCl4,291544.10561817436
Gd2SbAu,74224.27367949826
Gd2SbO2,1273625.4758286073
Gd2SbPd,81626.6221989339
Gd2Sc2O5,63928.382476762614
Gd2Sc3Ge4,343362.2253650331
Gd2Sc3Si4,802239.9247492707
Gd2ScNbO7,894542.7405072708
Gd2ScTl,118384.98940021612
Gd2Si3,1214721.717853827
Gd2Si3Ni,1173308.8578795868
Gd2SiAu,59808.83893724378
Gd2SnAu,69613.26904315292
Gd2TaPt,251419.78071934587
Gd2Tc2O5,127547.50136146983
Gd2TcTe,80569.03889394215
Gd2Te4O11,248508.97951747148
Gd2TeAu,115366.25653143367
Gd2TePd,154791.29902804992
Gd2TePt,126869.98013958613
Gd2ThAs,82382.02112914046
Gd2ThAu,122467.51780110126
Gd2ThBi,75739.7714206699
Gd2ThSb,80109.1918388951
Gd2ThTe,125589.28613471704
Gd2Ti12(CuO4)9,345808.23948426935
Gd2Ti2O5,135664.80894459618
Gd2TiAl,239226.01680404803
Gd2TiAs,283844.9539051158
Gd2TiAu,285643.94428894855
Gd2TiBi,268727.11000947485
Gd2TiGa,256859.2082153479
Gd2TiGe,293028.75753923587
Gd2TiHg,220416.28743702156
Gd2TiIn,247620.35780651134
Gd2TiIr,273236.6920746057
Gd2TiO5,578825.9931696646
Gd2TiPb,277906.5473834537
Gd2TiPd,306003.3323884675
Gd2TiPt,310237.24061816005
Gd2TiRh,287123.67321199336
Gd2TiSb,257255.52098906765
Gd2TiSi,295644.0118267622
Gd2TiSn,277903.1627491839
Gd2TiTe,215213.9606428632
Gd2TiTl,255488.8517925821
Gd2Tl,74276.13848480285
Gd2TlAg,668481.8809662894
Gd2TlCd,502070.0775717671
Gd2TlHg,684620.8308284475
Gd2TlZn,687776.1683963996
Gd2U2O5,368694.4915617245
Gd2V2O5,416064.5855924248
Gd2V2O7,987957.0020399943
Gd2VAs,305442.78975254775
Gd2VAu,345903.3150092148
Gd2VBi,308127.0364809002
Gd2VFeO6,1481062.1415083695
Gd2VGa,329334.1853227612
Gd2VGe,330804.7700174234
Gd2VIn,309321.95594460313
Gd2VIr,374123.43710580125
Gd2VPd,353610.65249020763
Gd2VPt,357873.226545019
Gd2VRh,384034.581538644
Gd2VSb,262420.846289159
Gd2VSi,324918.57531606086
Gd2VSn,296253.0831053561
Gd2VTe,271641.29090088716
Gd2W2O5,53715.22986769361
Gd2W2O9,756864.9882313525
Gd2W4O15,403894.1527538907
Gd2Y2O5,93165.12231727719
Gd2YHg,66743.78126178766
Gd2YIn,96496.2728277788
Gd2YTl,114359.2508542998
Gd2ZnAg,718090.1773573686
Gd2ZnGa,754344.1100058169
Gd2ZnHg,722338.8532117525
Gd2ZnIn,690053.2148073962
Gd2ZnPtO6,1090476.8425022622
Gd2Zr2O7,659068.1025055392
Gd2ZrAs,165865.19007025284
Gd2ZrAu,223789.33594998083
Gd2ZrBi,142793.51707805245
Gd2ZrGa,218138.45404440095
Gd2ZrGe,223991.94241804382
Gd2ZrIn,216155.25320779203
Gd2ZrIr,222645.90740528013
Gd2ZrPb,217213.5627185937
Gd2ZrPd,260481.790200192
Gd2ZrPt,264094.3498385382
Gd2ZrRh,240242.01885662854
Gd2ZrSb,153812.99716555755
Gd2ZrSn,215234.13808576803
Gd2ZrTe,150174.8509270423
Gd3(BiO4)2,889589.074013148
Gd3(Co2Sn)4,256736.4724858165
Gd3(MnC3)2,152567.59160951577
Gd3Ag,1911623.40503117
Gd3AlCrS7,148809.85352770364
Gd3AlFeS7,147684.29183330902
Gd3AlNiS7,74884.27135045228
Gd3AlVS7,87135.36336074214
Gd3As5O12,651480.5289580348
Gd3AsO7,1347781.920373891
Gd3BBr3,1105253.2832417844
Gd3BeCrS7,114521.42166813034
Gd3Bi(Ru2O7)2,126900.93410619289
Gd3CrSe6,119399.36274899499
Gd3Dy,1683170.082539183
Gd3Er,1701785.3946795948
Gd3FeO6,339116.07508131483
Gd3Ga2,792755.4098049272
Gd3GaC,1670071.9103175695
Gd3InO6,1304627.7830712649
Gd3Lu,1719148.9607351557
Gd3Lu2(GaO4)3,732182.9951175981
Gd3MnAlS7,182839.96478397632
Gd3NbO7,1260902.6936414042
Gd3Ni13B2,53755.64267367974
Gd3OsO7,193975.20213091307
Gd3ReO7,128692.1382592726
Gd3RuO7,196169.95017064043
Gd3Sb4,955617.9935524459
Gd3SbO7,1272037.9569413841
Gd3Sc2Al3O12,792751.6290869743
Gd3Si2BrO8,955610.1249944931
Gd3TaO7,1269524.645623286
Gd3Ti2MnSi3,95988.87934682645
Gd3TiAlS7,60805.82697547967
Gd3TlC,1607288.5832460634
Gd3VGeO9,1019587.6706337263
Gd3W(ClO2)3,991954.3440341087
Gd3Y,1667491.247177298
Gd3Y13O24,322943.28745613125
Gd3Y5O12,638865.7908361151
Gd3YO6,1266441.4803127404
Gd3YV4O16,574242.2989673599
Gd3Zn5Ge,1091675.380598605
Gd4(FeB2)3,105188.37565289815
Gd4As2O9,1092425.517446683
Gd4Cr4O11,521451.51463216916
Gd4Cu5P7,942299.4575027259
Gd4Fe4O11,729444.6938051579
Gd4Ga2O9,1166504.0263070902
Gd4O5,94511.11430675747
Gd4PdO7,751698.0585585474
Gd5(RuO6)2,181963.4150570855
Gd5(RuO7)2,1174176.4771714737
Gd5AgS8,1106224.924588942
Gd5AgSe8,955587.3861883695
Gd5B3O13,1257838.2163550286
Gd5Si2BO13,1232203.6680027172
Gd5Y3O12,1049483.068798218
Gd6Fe23,1083532.753131199
Gd6MgIn2O12,1174762.6555827858
Gd6MgWO12,1385631.5559820447
Gd6WO12,1452152.673547064
Gd7Y5Nb4O28,741676.6495872424
Gd8Sb3O8,1354193.608466534
GdAg(WO4)2,398634.3556408951
GdAgSe2,331979.80424300244
GdAgSn2,340432.7468471902
GdAl22O34,107478.3962339726
GdAl2Cr,365874.98137693293
GdAl2Fe,99434.24773095627
GdAl2V,312676.34702896676
GdAl3Ni2,354836.73956175
GdAl4Ge2Au,161840.13860505802
GdAlCu4,785742.5742167344
GdAlGe2O7,482032.0454210657
GdAlNi4,796868.3531417467
GdAlRh,581020.0000618614
GdAlSi,527593.5342970095
GdAlZnGe2,614166.5739752041
GdAsO4,819972.3397528487
GdAsRu,201721.44779364247
GdAuO3,113913.88829356285
GdB2HO5,652567.652349241
GdB4Ru,520130.2150578917
GdBN2,1411821.086792521
GdBeO3,160565.74215183873
GdBiIr2,50570.01337198375
GdCd(CoO3)2,266876.7727675515
GdCd(FeO3)2,757649.6717503185
GdCd(IrO3)2,62225.40512813832
GdCd(NiO3)2,89334.34977273499
GdCd(RhO3)2,53618.22939350113
GdCd(RuO3)2,226063.80885059896
GdCdAg2,422952.2953530529
GdCdAu2,404948.87055085145
GdCdHg2,346655.40894284897
GdCdO3,116571.06058910009
GdCdPd2,411051.0759831161
GdCdPt2,409562.2009228242
GdCdRh2,460109.8198408535
GdCo,85559.19435215823
GdCo2,368611.26165607356
GdCo2As,304998.0480850805
GdCo2Bi,256018.79284441922
GdCo2Ge,154936.84108161525
GdCo2Ni2B,894738.426088618
GdCo2Pt,380594.0240692614
GdCo2Sb,277274.7261011301
GdCo2Si,162585.22647018303
GdCo2Sn,141635.49945125845
GdCo2Te,244710.01739717103
GdCo3P2,86997.07330277812
GdCo4Si,1177809.9953631393
GdCo9Si2,598258.7705818601
GdCo9Si4,209015.88507412432
GdCoAs,152030.55133523262
GdCoAu,74836.36832486237
GdCoBi,119444.64206273422
GdCoC,73324.93627088783
GdCoGe,230534.22201207705
GdCoGe2,64936.951224242235
GdCoIr,278925.7063898837
GdCoO3,464666.7721433417
GdCoPb,180892.7234852289
GdCoPd,188302.86902424035
GdCoPt,227690.443501962
GdCoRh,241055.766175798
GdCoSb,130783.42875763708
GdCoSi,173370.2715985283
GdCoSi2,77962.49213437742
GdCoSn,190512.04497048032
GdCoTe2,174102.1639016883
GdCr2CdO6,422971.80509786884
GdCrAs,553963.1527322102
GdCrAu2,516802.77613993554
GdCrGa2,397874.306785292
GdCrGe,572403.8596980347
GdCrGe2,396247.9988033616
GdCrHg2,474422.2208410419
GdCrIn2,370950.1125715678
GdCrIr2,456165.0999175666
GdCrO3,464473.0812042143
GdCrO4,114548.08137894957
GdCrPd2,546712.58022061
GdCrPt,589500.1736574932
GdCrPt2,540889.7457095414
GdCrRh2,523213.6989368988
GdCrSb,497804.2623710096
GdCrSi,581223.2463925133
GdCrSn,591378.5644973278
GdCrTe,390040.2650188104
GdCrTe2,419124.7164391104
GdCrTeO6,247526.0499962311
GdCu4Pd,761799.4830528126
GdCu5Se4,348789.80867510237
GdCu5Sn,600872.6555874262
GdCu5Te4,287998.60146041506
GdDy,1210424.411474565
GdDy2Cd,59443.97365082728
GdDy2In,105214.81697019131
GdDy2Pt,136240.1403463073
GdDyAl4,605855.027988117
GdDyC4,736213.7092409707
GdDyCo2,79736.79046662651
GdDyIn2,321033.8688752585
GdDyTe2,81469.42775830106
GdDyTl2,317505.01868855895
GdDyZn2,412067.12052280764
GdEr2In,105209.72990260787
GdEr2Pt,135665.84857953334
GdErAl6,247122.69656847836
GdErCo2,77423.05972433097
GdErHg2,322280.62418501516
GdErIn2,326438.6267587089
GdErRh2,401032.01336602535
GdErTe2,83836.26598056869
GdErZn2,413506.45822290354
GdF2,149475.3602646847
GdFe2,693097.2657252088
GdFe2BiO6,1377544.785565239
GdFe2Pt,712459.3242155797
GdFe2Sb,542370.7615207287
GdFe2Si,141661.90574748625
GdFe2SiC,1118179.8938697404
GdFe3,896994.197857414
GdFe3(BO3)4,702912.6185648371
GdFe4(BiO4)3,1017611.339939503
GdFe5,1058502.6772817525
GdFe5P3,126643.2771643442
GdFeAs,322911.82935175084
GdFeAs2,243674.6266061494
GdFeAsO,478924.9803480927
GdFeC2,179636.00800357803
GdFeGe,417239.56066288025
GdFeGe2,144436.95417118876
GdFeIr2,603730.0908832223
GdFeNi4,1218706.0824867764
GdFeO3,751452.0915820021
GdFePd2,411157.56924396846
GdFePt,402229.6846269757
GdFePt2,452238.1501615455
GdFeRh2,570297.0864048861
GdFeSb2,204289.14279096352
GdFeSi,212743.53282970772
GdFeTe2,286925.0312659105
GdGa2Co3,84255.31296034937
GdGa3(BO3)4,324548.5580841416
GdGaI,729144.214885282
GdGaRh2,486460.01026633807
GdGeIr2,128462.5518943838
GdGeRu,98510.7531236284
GdH18C4N6Cl3O8,140768.89134370172
GdH2I3O10,137983.88207011667
GdHCO4,856008.528117879
GdHO2,1399100.023325659
GdHSe,1256146.5825387074
GdHfCo2,101653.87459319227
GdHfF7,463595.78974349453
GdHfHg2,101260.78448241563
GdHfPb2,108694.96074697218
GdHfSb2,66004.64949136833
GdHgO3,68473.51205338232
GdHo2In,104951.95918276624
GdHo2Pt,136345.56730878152
GdHo2Tl,121892.17700847898
GdHo3,584539.5118279159
GdHoCo2,80848.48826611078
GdHoIr2,399074.63686107355
GdHoTe,77772.28729993473
GdHoTe2,82559.55850295129
GdHoTl2,319553.6174550009
GdI3O11,399001.7777000069
GdIO,931111.3444785124
GdIn2Cl5,289053.407732496
GdIn2Cu9,184457.48537105086
GdIn5Rh,401032.95093407814
GdInO3,496070.7802135758
GdIr2Pb,111532.93049190937
GdIrO3,234918.50285512034
GdIrPt,90772.07033427453
GdIrRh,86031.65158576421
GdLu2Al,78726.59788436625
GdLu2Bi,61418.984947717065
GdLu2Ga,97352.1194667403
GdLu2In,96749.67592844053
GdLu2Ir,78939.04903485207
GdLu2Pt,133538.63606923018
GdLuAg2,364395.61002107355
GdLuAl4,592424.2155942776
GdLuCd2,72991.44699798716
GdLuCo2,67722.8981436368
GdLuCu2,419481.23126533406
GdLuRh2,402935.85206585145
GdLuTe,101038.36755760526
GdLuTe2,83141.84397507875
GdMg2Ni9,117399.01867734683
GdMg2O4,106605.69118980978
GdMgAg2,424112.04125697934
GdMgAu2,93594.92015576451
GdMgCd2,353695.16163051286
GdMgHg,103694.45367605468
GdMgHg2,354638.6486330347
GdMgO3,153212.21492902073
GdMgRh2,471627.001009677
GdMgTl,423287.2440704351
GdMgZn2,422392.6299871869
GdMn2CdO6,595404.6065877835
GdMn2O4,1246083.702181417
GdMn2O5,728431.657089652
GdMn2PbO6,571512.2243941274
GdMn2Pt,925096.3524682258
GdMn2Sn,769161.5815749518
GdMn2ZnO6,605226.1370528996
GdMn4(CuO4)3,480536.2134411154
GdMnAl2,427281.16184034554
GdMnAs,424395.04076845373
GdMnAs2,456528.7377221938
GdMnAu2,491131.78857709334
GdMnB4,158355.17211427505
GdMnBi,351399.50369782886
GdMnGa,470487.5680387742
GdMnGa2,451596.39802323055
GdMnGe,533057.8097578646
GdMnGe2,405527.97305672406
GdMnGe2O7,296522.62240179465
GdMnHg2,444238.11840814434
GdMnIn2,385837.92550662643
GdMnIr,640935.00185499
GdMnIr2,597841.2216559249
GdMnNi2,646449.8283904942
GdMnO3,591958.0045761314
GdMnPd2,551643.2659980421
GdMnPt,548223.0971499468
GdMnPt2,577664.0942068807
GdMnRh2,607070.8559606003
GdMnSi,437116.34964777704
GdMnSn2,345224.67517842044
GdMnTe,335272.7135023504
GdMnTe2,357630.0686451389
GdMnZn2,488112.4083596045
GdMoO3,175685.11370425634
GdMoPd2,370551.3595338696
GdMoPt2,335603.82212772703
GdNO5,744038.0983393475
GdNb2O4,87194.00954185748
GdNb5Ag2O15,204461.09940124632
GdNbAl2,189487.582007866
GdNbAu2,200349.14151403547
GdNbGa2,196853.23575822596
GdNbGe,148097.31864005086
GdNbGe2,167277.06181094548
GdNbIn2,187552.28595420974
GdNbO3,116894.41118775021
GdNbPd2,112577.67348810918
GdNbSi,148677.49788431285
GdNbSi2,81027.44547536183
GdNi2PbO6,181619.60313642595
GdNi5,158094.38706979886
GdNiIr,59608.08213366676
GdNiO3,178784.52147641717
GdNiPt2,69656.6227377435
GdNiRh2,141571.6047924138
GdNp2O4,680566.1225751487
GdNpAl2,412891.1048320337
GdNpAs,617581.3526084841
GdNpAs2,408784.959983175
GdNpGe2,437565.9458595458
GdNpHg2,473250.3686926748
GdNpIn2,393775.24452228524
GdNpIr,565002.3570777244
GdNpO3,438724.43773379945
GdNpPd2,497120.32031887583
GdNpPt,590537.5246162942
GdNpRh,556222.4708407092
GdNpRu2,344694.34754771116
GdNpSb2,372708.793107681
GdNpSi2,420782.7360764748
GdNpSn2,419171.3866225263
GdNpTe2,469933.7342395648
GdOF,1452825.104276386
GdOsO3,295869.37988401874
GdPO4,437351.66903692845
GdPa2O4,200485.56106792457
GdPaAl2,117528.19154094074
GdPaAs,229090.00111556094
GdPaAs2,125694.88398953412
GdPaAu2,60532.97115608636
GdPaBi2,148755.7627524065
GdPaGa2,125176.08533064176
GdPaGe,132733.37851566717
GdPaHg2,195552.77441199878
GdPaIn2,126372.20305390401
GdPaO3,189542.42330519843
GdPaO4,822839.1814677203
GdPaPd2,57527.414475003774
GdPaPt,108373.93275493609
GdPaPt2,67177.89641029478
GdPaSb2,132287.9980891403
GdPaSi,114377.58531366021
GdPaSn2,176415.875036289
GdPaTc2,397252.29735686915
GdPaTe2,98888.34911769291
GdPd2Pt,62139.34325756988
GdPtO3,169411.06395889624
GdPu2As,1153802.1690465491
GdPu2Ir,1161349.221755776
GdPu2O4,837395.0189360338
GdPu2Pt,1192114.7371796216
GdPu2Sb,1080690.2288994046
GdPu2Sn,1079099.7737161578
GdPu2Te,1064347.7484952356
GdPuAg2,556798.2633465703
GdPuAl2,531015.0995103929
GdPuAs,756010.105628573
GdPuAs2,528803.9625478548
GdPuAu2,557185.8143633383
GdPuGa2,562721.1480201208
GdPuGe,729650.0322684337
GdPuGe2,583832.3335377988
GdPuHg2,546970.4327595321
GdPuIr,679268.9947377638
GdPuO3,540482.9263005545
GdPuPb2,511530.2210502806
GdPuPd2,647664.6301000807
GdPuPt,703345.9755451086
GdPuRh,678856.4927171066
GdPuRh2,569761.5334445911
GdPuRu2,495242.09840389894
GdPuSb2,479579.58717000554
GdPuSi,739403.3038008704
GdPuSi2,602047.9781146897
GdPuTe,715542.83351534
GdPuTe2,563674.3690322642
GdPuTl2,537029.3271399678
GdReO3,321601.9953938613
GdRePt2,310733.5456794354
GdRuO3,334534.3328880117
GdRuPt,214519.00774309077
GdRuRh2,403585.29032224923
GdSBr,810387.1789117473
GdSbO4,800110.8882681926
GdSbS,880805.6866750882
GdSc2Al,140798.5552203337
GdSc2Au,232773.01199414817
GdSc2CdO6,73344.5464705132
GdSc2Ga,174843.39777911175
GdSc2Ge,163567.97349136512
GdSc2Hg,170519.443281274
GdSc2In,170803.27172348756
GdSc2Ir,114537.51875793398
GdSc2Pb,149061.91353223834
GdSc2Pd,171723.41975839305
GdSc2Pt,173171.6708887309
GdSc2Rh,118697.43428781943
GdSc2Si,162626.46893234935
GdSc2Sn,152827.95101870695
GdSc2Tl,189610.7869688233
GdSc2ZnO6,84925.56880880945
GdScBi,97388.57662926769
GdScCo2,62801.202238151054
GdScPb,93783.60395290951
GdScSb,285250.08421406854
GdScTe,346211.52488773654
GdScTe2,117984.92203188843
GdSe2NO11,387211.36672190746
GdSi(HO2)2,97863.44887009825
GdSiO4,122048.6518931226
GdSiRu,96286.09991852561
GdSnGe,451858.6720938482
GdSnO3,54768.85798334233
GdSnPd2,424638.2379135779
GdTa3O9,392480.8504465298
GdTa4O12,224279.2382465941
GdTa7O19,189463.65438370762
GdTaGa2,144012.92690054377
GdTaO3,117170.73051304524
GdTc3,951968.7267048439
GdTcAs,212593.43992187816
GdTcO3,461555.6611638498
GdTcPt2,311601.78208050266
GdTcRh2,491948.8818541573
GdTcTe2,201807.20181123342
GdTe,80568.44849033187
GdTe2Mo,101260.19972897516
GdTe2W,68288.95808977725
GdTeRu2,116610.71331390923
GdTh3,462216.0265833324
GdThHg2,53908.0569805888
GdThN2,1000344.1516340012
GdTi2CdO6F,481985.89544746606
GdTi2O4,244648.6259369885
GdTi2Sn,80378.29910798812
GdTiAg2,212300.86191654069
GdTiAl2,111412.68057626623
GdTiAs,196280.46166497946
GdTiAs2,170898.91316078693
GdTiAu2,191882.1404262811
GdTiBi,173975.85963471042
GdTiBi2,173612.25882190492
GdTiCd2,164310.47344898537
GdTiCdSbO7,466375.7587097681
GdTiClO3,708731.7321318629
GdTiCu2,189932.23002053436
GdTiGa,201987.26258851876
GdTiGa2,105692.81933735781
GdTiGe,243196.76449128514
GdTiGe2,233792.52020786144
GdTiHg2,178306.42898664696
GdTiIn2,143313.2789730878
GdTiIr,133956.69280381541
GdTiNbBi2O9,347092.6365228651
GdTiO3,132155.02382087824
GdTiPb2,214334.1994465765
GdTiPd2,61266.82718491965
GdTiPt,116648.20315176023
GdTiSb2,168575.88768544066
GdTiSi,172805.27494665183
GdTiSi2,244755.975678145
GdTiSn2,222751.07065631272
GdTiTe2,95975.22574498512
GdTiTl2,180181.84041362553
GdTiZn2,119757.45050836135
GdTl(MoO4)2,336597.7197576465
GdTl(WO4)2,382685.7770280821
GdTm2Al,79100.54838466816
GdTm2Ga,102496.46988252952
GdTm2In,103430.70016607101
GdTm2Ir,81375.30892623546
GdTm2Pt,134363.85395574168
GdTm2Rh,85723.16829809628
GdTm2Sn,69240.61282662435
GdTmCd2,372186.96950952907
GdTmCo2,74790.45381773915
GdTmRh2,63238.28486556563
GdTmTe,88922.38824970044
GdTmTe2,83574.82186727795
GdU2O4,519618.09857114137
GdUAs,439674.4539215337
GdUAs2,280081.7154748407
GdUAu2,309555.18514545733
GdUC4,940188.6575739844
GdUGa2,309082.20568238536
GdUGe2,312710.733164333
GdUIn2,297066.1445420775
GdUIr,408061.76636896626
GdUIr2,242087.6142493809
GdUN2,1423965.5278034185
GdUNi2,289608.3329567822
GdUO3,318206.2494367614
GdUPt,405643.8223022266
GdUPt2,292892.80110032455
GdURu2,207316.74574271275
GdUSb2,255174.07392313867
GdUSi2,320509.9762456189
GdUTe2,332970.4129107748
GdV2CdO6,239068.42584645873
GdV2O4,519457.30728138663
GdV2PbO6,239215.79905797797
GdV2ZnO6,232702.23799545117
GdVAs,540827.3648970292
GdVAs2,232928.01776086385
GdVAu2,387764.39111124503
GdVBi2,233400.6257294053
GdVGa2,344417.3699560541
GdVGe,378865.6824292482
GdVGe2,336239.70183236693
GdVIn2,333296.1185819104
GdVO3,309980.49493673415
GdVPd2,386642.3292451258
GdVPt,435688.38705054676
GdVSb,575494.1684766122
GdVSb2,209773.2490186633
GdVSi2,336098.15342348587
GdVSn2,296677.36592661345
GdVTe,495882.3710827385
GdWC2,1220990.2492657546
GdWO3,173836.14919675377
GdY(BiO3)2,50170.144434920556
GdY(CoB)4,537447.6558244559
GdY(FeO3)2,818612.0000474559
GdY(NiO3)2,182207.00318505894
GdY(RuO3)2,90316.58188664097
GdY(SbO3)2,58364.04855345986
GdY(WO4)3,265552.4967352068
GdY2Al,90999.82953660094
GdY2Cd,68859.42074737574
GdY2Ga,118915.95195778081
GdY2Hg,85185.27721151387
GdY2In,117281.9541835533
GdY2Ir,87081.40163773565
GdY2Pt,136898.22656337547
GdY2Rh,95862.34944492605
GdY2Tl,130014.68535804193
GdY3,562135.7621876589
GdY3(FeO3)4,1068122.6421626005
GdY3V4O16,193789.17557755005
GdYAl4,604252.2844980336
GdYCo2,84665.18024554983
GdYCr2O6,501161.5512816337
GdYCu2,402953.8510614152
GdYCu4,644232.5305238804
GdYH4,946852.9041358101
GdYHg2,369559.41365344886
GdYMn2O6,658798.6911472703
GdYO2,870105.9956182555
GdYRh2,393814.95335801435
GdYRu2,77103.21468748484
GdYScSbO7,451935.4997995082
GdYTe2,89188.12511359838
GdYV2O6,325491.74531899573
GdYV2O8,385354.4681864891
GdZn(CoO3)2,273586.1491176972
GdZn(FeO3)2,769812.1638074886
GdZn(NiO3)2,93567.8476926552
GdZn(RhO3)2,58959.28139903167
GdZn(RuO3)2,94853.95194526737
GdZn(WO3)2,167097.18261485282
GdZn2Cr,526456.5783209306
GdZn2O4,105156.84888590963
GdZnCr2O6,431133.1343919393
GdZr,1255326.845475822
GdZr3F15,249192.52670323098
GdZr6(PO4)9,81238.89456859091
GdZrAg2,125107.83550927695
GdZrAs,79291.49601420555
GdZrAs2,94949.07837634708
GdZrBi,88487.13211149024
GdZrCo2,122595.70850294811
GdZrCu2,104873.38022988896
GdZrF7,456587.59430068266
GdZrGe2,152235.67109935748
GdZrHg2,98123.58463938558
GdZrO3,116238.18175940521
GdZrPb2,155766.26836245196
GdZrSb2,102286.00935653455
GdZrSi2,101291.07997055043
GdZrSn2,159097.2467944209
Hf2Sc2O5,51615.91815359234
Hf2ScAl,84080.94354362048
Hf2ScAs,167041.03714876832
Hf2ScAu,115116.39492700022
Hf2ScGe,61024.37024282195
Hf2ScPt,59754.15550580633
Hf2ScRu,85218.45880431462
Hf2ScSb,142389.54075290498
Hf2ScSi,67214.81395075009
Hf2ScSn,53294.89074562172
HfSc2Al,160546.42908597813
HfSc2As,70851.06343967086
HfSc2Au,278229.2226664682
HfSc2Ga,174740.31166655582
HfSc2Ge,108153.6419421017
HfSc2In,172770.07705616456
HfSc2Ir,237573.4389954381
HfSc2Pd,264065.0001346926
HfSc2Pt,290814.5542666806
HfSc2Rh,248945.26101380054
HfSc2Sb,53160.9072076663
HfSc2Si,108722.49715700003
HfSc2Sn,107110.00080516402
HfScAlCo,139726.4038924879
HfScAlCr,260024.30412139412
HfScAlNi,248852.43353210698
HfScAs,83552.34351557812
HfScAs2,102627.7363698406
HfScCd2,93382.59676001957
HfScCo2,149790.2355773184
HfScCoGe,282107.0663293673
HfScCoSi,290919.9333185471
HfScCoSn,252761.50949199084
HfScCrGa,264169.21959903074
HfScCrGe,136484.36218354464
HfScCrSi,141952.29226850873
HfScCrSn,122418.48166398895
HfScFeAs,67454.82723182575
HfScFeGe,98325.94010119364
HfScFeSn,122530.5495020881
HfScGaCo,141290.8594938124
HfScGaNi,256872.1169021891
HfScHg2,67561.13234732844
HfScInCo,128591.75695711312
HfScInNi,239300.39889009466
HfScMnAl,134782.18858692877
HfScMnGa,136872.47966704692
HfScMnIn,122814.57957739176
HfScNiSn,330017.750469867
HfScO3,76238.13215577019
HfScSiNi,131318.30843629772
HfScZnNi,138531.67413577653
Ho(Al2Cr)4,111424.37615026538
Ho(Al2Fe)4,260265.78466985348
Ho(ClO2)3,108524.34155036166
Ho(CrSi)2,134442.2097922342
Ho(CuO2)2,123880.19923000004
Ho(FeB)2,205677.78053353025
Ho(FeGe)2,198911.6213462068
Ho(GaFe)6,536918.7705553514
Ho(MnAl2)4,363913.7958610725
Ho(MnGe)2,450972.55758763134
Ho(MnSi)2,418924.1313309301
Ho(MnSn)6,519108.4472265416
Ho(MoO2)2,107174.63242008055
Ho(MoO3)2,234244.82949511893
Ho(NiO2)2,344099.93310477294
Ho(OsO2)2,103321.66059191238
Ho(PbO2)2,76098.37854410351
Ho(PdO2)2,293607.5329762449
Ho(PtO2)2,227133.17516795802
Ho(ReO2)2,309787.2219470757
Ho(RuO2)2,105655.9824805133
Ho(SnO2)2,59400.40084671443
Ho(TcO2)2,311727.5119768099
Ho(WO3)2,231189.50015636472
Ho2Ag2O5,65081.40486919516
Ho2AgO4,85515.80606342532
Ho2AgPb,70743.67579441119
Ho2Al2Fe15,1033382.1142117638
Ho2Al3Fe,213061.3302426207
Ho2AlCr,373252.8761458377
Ho2AlV,329839.8311201727
Ho2AsAu,85186.72662596431
Ho2AuO4,85496.95011536159
Ho2BiO4,80063.94633566162
Ho2BiPd,82198.09673827344
Ho2C,53449.192760202044
Ho2Co12P7,92380.42410005105
Ho2Co7B3,231363.93565862766
Ho2CoO4,283117.4899848713
Ho2CoPb,87204.8735915659
Ho2CoPt,58584.77605117902
Ho2CoPtO6,235586.1249932234
Ho2CoSi,94812.44003357555
Ho2CoSi2,122858.59224794681
Ho2Cr2O5,564214.2831945093
Ho2CrAs,325236.3841683293
Ho2CrAu,387363.6786624402
Ho2CrBi,292528.92080180044
Ho2CrGa,391772.2010639288
Ho2CrGe,398175.32134736667
Ho2CrHg,376904.4814775387
Ho2CrIn,372648.4520643011
Ho2CrIr,409186.01555310714
Ho2CrO4,366815.4866016166
Ho2CrPd,396579.78857381956
Ho2CrPt,424583.20752854925
Ho2CrRh,409096.23480822763
Ho2CrRu,414728.0946873568
Ho2CrSb,302622.7516393621
Ho2CrSbO7,68131.88179694537
Ho2CrSi,396443.8692614106
Ho2CrSn,361492.2214687293
Ho2CrTe,335754.46689343743
Ho2Cu(B2O5)2,60803.82672354931
Ho2Cu(GeO4)2,58760.94534609868
Ho2Cu2O5,153058.73542479944
Ho2CuO4,94575.68956861047
Ho2Er2O5,87144.82263705047
Ho2ErTl,116122.17305247934
Ho2Fe14B,1272194.373459982
Ho2Fe14C,1255733.7350995052
Ho2Fe17,1363864.612238374
Ho2Fe17C3,1193896.8811224687
Ho2Fe2O5,665895.7204056412
Ho2FeAs,129305.4620550881
Ho2FeBi,105895.27322211828
Ho2FeGe,180582.47102368477
Ho2FeGe4,128363.64749264038
Ho2FeIr,164540.70424837674
Ho2FeMoO7,412500.6283182436
Ho2FeO4,373030.21800840757
Ho2FePb,165816.07460926447
Ho2FeRh,134504.19994608706
Ho2FeRu,200128.60561442297
Ho2FeSb,123904.66184862856
Ho2FeSbO7,67828.2974393351
Ho2FeSi,180164.72072199426
Ho2FeSn,167543.6067679721
Ho2FeTe,131232.47847759599
Ho2Ga6Fe11,787046.6149045266
Ho2HfAs,190202.04135726875
Ho2HfAu,168744.9772387927
Ho2HfIn,208269.42772394442
Ho2HfIr,167190.3447291728
Ho2HfPd,123677.00493705783
Ho2HfPt,149804.64479840745
Ho2HfRh,144863.03287833257
Ho2HfSb,178681.89495949753
Ho2HfSn,208020.6826751
Ho2HfTe,172028.03607272115
Ho2I3,76998.39641399353
Ho2Lu2O5,80521.46408437757
Ho2MgAg2(WO4)4,55237.99247100743
Ho2MgCo,55110.65539517707
Ho2MgCr2O8,208954.22059555212
Ho2MgMo2(ClO4)2,73193.18988705556
Ho2MgV2O7,214104.92931584717
Ho2MgV2O8,105833.2417821185
Ho2MgV4O12,172920.77329425927
Ho2MgW2(ClO4)2,73573.85444612737
Ho2Mn(GeO3)4,184265.35367243915
Ho2Mn12P7,547545.2834553153
Ho2Mn2O5,707460.0022581981
Ho2Mn2O7,460900.6909499918
Ho2Mn3Co14,1019280.4631789924
Ho2Mn3Sb3O14,474229.85473085474
Ho2Mn3Si5,169186.70991987732
Ho2MnAs,242781.14490268953
Ho2MnBi,251358.4180121313
Ho2MnGe,307393.7229853893
Ho2MnGe4,73658.13065801897
Ho2MnIr,377639.2084928198
Ho2MnNi,342556.1518809767
Ho2MnNiO6,423552.38010633294
Ho2MnOs,405999.0078808739
Ho2MnPb,285867.71498344495
Ho2MnPd,337351.7026828952
Ho2MnPt,353358.4149010273
Ho2MnRh,371774.5679716476
Ho2MnRu,398042.9020817943
Ho2MnRuO7,354333.26074717793
Ho2MnSb,254536.1647892016
Ho2MnSi,310809.6334244663
Ho2MnTe,247097.0505963619
Ho2MnZn,320092.6467425108
Ho2Mo2O5,126756.75468723498
Ho2MoIr,199577.27589662946
Ho2MoPt,65799.46220587463
Ho2MoRh,171709.2546207357
Ho2N,134295.61517045795
Ho2N3,361416.35350906017
Ho2NbAs,76191.23823775696
Ho2NbAu,221546.55269156676
Ho2NbGe,135396.93700334805
Ho2NbIr,330638.29318793427
Ho2NbPd,288254.896259409
Ho2NbPt,285445.65806012385
Ho2NbRh,326536.44172801316
Ho2NbSb,73859.84322162079
Ho2NbSn,129800.10575717343
Ho2Ni(B2O5)2,123037.61872309771
Ho2Ni17,264253.2825321036
Ho2Ni2O5,325605.47398337786
Ho2NiRuO6,321531.7821027572
Ho2NiTe,116064.97920105052
Ho2Np2O5,426351.8983411448
Ho2Os2O5,122722.60915399426
Ho2Pa2O5,186530.58804376912
Ho2PaSb,173263.86831053975
Ho2PaSn,150915.91246185865
Ho2PbAu,67724.70507656262
Ho2Pu2O5,725950.5410987817
Ho2PuAs,564576.3582042758
Ho2PuAu,661781.5799238305
Ho2PuBi,508787.2850203358
Ho2PuGa,615698.6979833998
Ho2PuGe,582817.4367158462
Ho2PuIn,562910.5238378573
Ho2PuPb,568708.9978443139
Ho2PuPd,675768.0704013145
Ho2PuRh,643852.1094823726
Ho2PuSb,522805.32184344844
Ho2PuSn,538310.6883855672
Ho2PuTe,538517.0840514462
Ho2Re2O5,98655.10590706737
Ho2Ru2O5,65869.87937340954
Ho2Ru2O7,285665.97246656596
Ho2S3O20,286702.2887250752
Ho2SbAu,82084.03290382167
Ho2SbPd,63972.596951936815
Ho2Sc2O5,65571.67749046578
Ho2ScGa,95260.2746674024
Ho2ScHg,54259.696149063886
Ho2ScTl,126542.07252451719
Ho2TaPt,270780.44168489735
Ho2Tc2O5,136227.25173437403
Ho2Te(Mo3O23)2,102848.59277070405
Ho2TeAu,111633.12560832406
Ho2TePd,150429.35257322516
Ho2TePt,111028.41091895617
Ho2ThAs,77875.0090596402
Ho2ThAu,140272.4507019362
Ho2ThIn,52457.16707399314
Ho2ThSb,78133.71430554423
Ho2ThTe,112521.37368022825
Ho2Ti12(CuO4)9,135504.0620529564
Ho2Ti2O5,140401.1869158961
Ho2TiAl,257763.1425159848
Ho2TiAs,272195.7248968765
Ho2TiAu,306249.2780972876
Ho2TiBi,271056.01051597163
Ho2TiCuO6,76821.98236279628
Ho2TiGa,272654.8765429418
Ho2TiGe,301656.8575292639
Ho2TiGe2,107550.48566803454
Ho2TiHg,257738.20896853818
Ho2TiIn,262178.0509137312
Ho2TiIr,277351.3051143718
Ho2TiPb,286099.89316610026
Ho2TiPd,311342.78933440463
Ho2TiPt,316276.4844052933
Ho2TiRh,294211.6323409284
Ho2TiSb,256468.78110681876
Ho2TiSi,306283.5711019199
Ho2TiSn,287493.09976629604
Ho2TiTe,238693.60563719546
Ho2TiTl,269893.191994574
Ho2TlFe,145852.0405178918
Ho2Tm2O5,83648.55067426604
Ho2TmTl,114540.82440309826
Ho2U2O5,292598.1291204968
Ho2V2O5,426987.6370969857
Ho2V2O7,149655.09504200937
Ho2VAs,328092.0269765058
Ho2VAu,372794.25620416604
Ho2VFeO6,578715.4965395338
Ho2VGa,345205.19285183767
Ho2VGe,342064.8280377775
Ho2VIn,325621.064882582
Ho2VIr,392486.61746075645
Ho2VPd,360590.8981841663
Ho2VPt,366010.9098941681
Ho2VRh,397598.80386053736
Ho2VSb,279335.86771853257
Ho2VSi,333418.1109258722
Ho2VSn,306239.63859874185
Ho2VTe,280060.2446697156
Ho2W2O5,56122.58214804894
Ho2ZnFe,103650.29453845118
Ho2Zr2O5,97205.97284511679
Ho2ZrAl,221366.65064475482
Ho2ZrAs,177962.44148869885
Ho2ZrAu,286232.90835029044
Ho2ZrBi,166292.14326347262
Ho2ZrGa,232826.2631731416
Ho2ZrGe,221748.9745501228
Ho2ZrIn,225862.5190189172
Ho2ZrIr,229725.8441744485
Ho2ZrPb,212201.55921277232
Ho2ZrPd,268858.64497384586
Ho2ZrPt,267876.72404700017
Ho2ZrRh,248603.28596030502
Ho2ZrSb,161784.30130875777
Ho2ZrSi,220521.74969783207
Ho2ZrSn,212489.03937585943
Ho2ZrTe,150741.38385095482
Ho3Co11B4,295900.3683997324
Ho3Co6Sn5,63284.02367527975
Ho3CrB7,59163.086397955114
Ho3CrS6,141163.82932755954
Ho3Mn3Ga2Si,388490.55999233294
Ho3Ni13B2,57878.697927613786
Ho3Np,386103.0034847722
Ho3ReO7,114627.4738857791
Ho4CrS7,137774.1579242034
Ho4CrSe7,122071.7715124072
Ho4FeS7,144617.3596551175
Ho4FeSe7,131360.9797516757
Ho4MgTi2O10,69513.97792578774
Ho4MnGe8,81181.50099843428
Ho4MnS7,178562.7073233403
Ho4O5,94555.8454288283
Ho4US7,108798.94559697686
Ho5Mg,65181.29261092391
Ho5Mg(MoO6)2,173743.54842414366
Ho6Fe23,1093792.3028969993
Ho6MgWO12,68109.40772266597
Ho6Mn(GeS7)2,96276.45591744638
Ho6Mn4Al43,69815.16959959878
Ho6N8O33,95629.32919986005
HoAl2Cr,372369.1963259662
HoAl2Fe,74439.34565817028
HoAl2V,315906.70149495656
HoAlFe2,301220.0939524186
HoAsOs,86076.71424111116
HoAsRu,165942.63662757346
HoAuO3,116198.8539637795
HoBeO3,182506.11568215885
HoBiIr2,57531.11707465294
HoCd(CoO3)2,270565.29442690517
HoCd(FeO3)2,764006.9338022277
HoCd(NiO3)2,91594.20781902922
HoCd(RhO3)2,52188.85934657801
HoCd(RuO3)2,201696.24189286577
HoCd(WO3)2,172270.2493162467
HoCdO3,60526.580447982036
HoClO2,144338.23242358974
HoCo,68575.39473419572
HoCo2,381028.1702166767
HoCo2As,312009.1733257767
HoCo2Bi,263379.19897767843
HoCo2Ge,158420.7643496761
HoCo2Ir,536655.5309320381
HoCo2Pb,147439.60835662647
HoCo2Pd,335085.45369085413
HoCo2Pt,386720.72460618784
HoCo2Rh,498475.81232411583
HoCo2Sb,283425.0264696136
HoCo2Si,165270.03947154025
HoCo2Sn,146252.56824502573
HoCo2Te,228460.40894523956
HoCo3,572612.5976960834
HoCo3Cu2,419845.42206685705
HoCoAs,152731.2773283485
HoCoAs2,244496.55374055303
HoCoAu,65713.21718421296
HoCoAu2,185793.84029050145
HoCoB4,144549.65353722163
HoCoBi,112688.6432406965
HoCoC,71659.29691605536
HoCoGe,211034.1883001592
HoCoIr,287528.36508135614
HoCoO3,303068.61303793604
HoCoPb,140816.6150547301
HoCoPd,190221.30025818897
HoCoPt,232067.81243731422
HoCoRh,252579.0738930151
HoCoSb,123313.24718269965
HoCoSi,112780.59643035108
HoCoSi2,52694.362603507965
HoCoSn,82487.75779773855
HoCoTe2,177785.74551686225
HoCr2CdO6,425897.6765102889
HoCr2O2,877839.1280602872
HoCr2O6,267928.6085820499
HoCr2Si2C,318689.92748135276
HoCrAs,550377.9935101708
HoCrAu2,521397.4983501348
HoCrGa2,400778.479581568
HoCrGe,587631.4815263196
HoCrGe2,394806.5041068004
HoCrGeO5,306131.7540636419
HoCrHg2,475937.46358643606
HoCrIn2,374136.1208989522
HoCrIr2,453805.7059718961
HoCrNi2,610963.4421542616
HoCrO3,481121.0554966786
HoCrO4,125958.60886539277
HoCrPd2,555433.7545677716
HoCrPt,597065.1022421475
HoCrPt2,545984.8809417195
HoCrRh2,519228.9687568763
HoCrSb,507888.2795059548
HoCrSi,590748.1611413077
HoCrSi2,393026.3418564215
HoCrSn,601637.6486776916
HoCrTe,398624.4988541246
HoCrTe2,422572.20055641205
HoCrTeO6,254256.77916520264
HoCuO3,235059.1742562171
HoEr,182473.75223800627
HoEr2Tl,115369.33310020324
HoErCo2,64113.099262209485
HoErTe,97458.04263228957
HoErTe2,83670.83459712855
HoF2,147346.68909252633
HoFe2,633911.5675242847
HoFe2As,587765.10161839
HoFe2Ge,553248.6179449148
HoFe2Ir,808851.4367461483
HoFe2Pt,732659.6561221674
HoFe2Sb,513381.1961783215
HoFe2Si,158041.01385379626
HoFe2SiC,125967.4734251753
HoFe2Sn,508682.0127052175
HoFe3,843559.5517942365
HoFe3(BO3)4,681713.9997961102
HoFe5,1051991.2507236307
HoFe5P3,128105.71986815763
HoFeAs,332666.0909972539
HoFeAs2,236311.39061577737
HoFeAu2,335901.1342844011
HoFeC2,203131.01826998923
HoFeGe,416839.4666538062
HoFeGe2,104573.25532121622
HoFeGe2O7,66131.28185044433
HoFeIr,492323.29986580845
HoFeIr2,623754.0875130049
HoFeO3,771506.3684361042
HoFePd2,422009.5773688979
HoFePt,415072.9624141336
HoFeRh2,590857.2433791619
HoFeSb2,204272.02002577748
HoFeSi,213621.77223670328
HoFeSi2,145862.80498594174
HoFeTe2,295582.7638861486
HoGa2Co3,90913.75078521979
HoGeIr2,131878.89320020995
HoGeRu,101628.34648862938
HoH12C2O4F,80651.44566118131
HoHfAs,63695.63023990614
HoHfAs2,68270.32584819762
HoHfCo2,134652.1221139094
HoHfHg2,102156.91009149469
HoHfPb2,104552.71633572858
HoHgO3,66656.86363001748
HoIrO3,241521.6925066864
HoIrPt,75070.87136708178
HoIrRh,92958.81495357229
HoLuTe2,81079.36909547124
HoMg(FeO3)2,779604.6336619487
HoMg(MoO3)2,383178.8009361173
HoMg(WO3)2,376902.31415022584
HoMg2O4,108732.59783512965
HoMgCr2O6,441880.0854660136
HoMgMn2O6,613279.7056775643
HoMgO3,145993.09759091586
HoMgTi2O6,84839.69914748702
HoMgV2O6,256817.48541889925
HoMgZn,116007.16650637299
HoMn2CdO6,600032.1676706618
HoMn2O4,920437.3800451523
HoMn2O5,744773.2741733041
HoMn2Pt,941884.2385291428
HoMn2Sb,755001.7704815199
HoMn2Si,487301.7969940365
HoMn2Sn,767910.5316267374
HoMn2ZnO6,607060.0222201576
HoMn4(CuO4)3,483947.5491305274
HoMn6(Sn2Ge)2,540207.2688325972
HoMnAl2,418337.22497975634
HoMnAs,437517.5980853404
HoMnAs2,458515.54042057495
HoMnAu2,501532.03926796746
HoMnB4,160885.30198847852
HoMnBi,374218.3044284059
HoMnGa,495578.87896753376
HoMnGa2,457520.1452119106
HoMnGe,555082.0090179228
HoMnGe2,401761.5359850251
HoMnHg2,449866.31672069547
HoMnIn2,392362.7139785282
HoMnIr,652738.0037567603
HoMnIr2,600213.007083825
HoMnNi2,659790.5185040868
HoMnO3,611681.3136544954
HoMnPd2,561444.2176255317
HoMnPt,564941.0190936392
HoMnPt2,584925.8436666874
HoMnRh2,616705.7991940562
HoMnSb2,370883.76967639104
HoMnSi,570976.3272582215
HoMnSn2,343660.3658846027
HoMnTe,320984.43545566185
HoMnTe2,367031.990191415
HoMoO3,182941.58904967367
HoMoO5,89701.69330940642
HoMoPd2,354702.585651169
HoMoPt2,326887.6508308154
HoMoRh2,160975.87005120012
HoN7O15,125212.06615174263
HoNb2O4,80588.64325053288
HoNbAl2,184493.41924532028
HoNbAu2,151319.89375840622
HoNbGa2,196647.24926685143
HoNbGe,148140.99053725353
HoNbGe2,159146.8518959077
HoNbIn2,189178.36242849127
HoNbO3,123239.09069152937
HoNbPd2,87057.03697759828
HoNbSi,150878.6803616037
HoNi2Ru,213863.6911700572
HoNi3,56762.904178110315
HoNi5,162838.0813780296
HoNiIr,86644.37048853544
HoNiO3,182595.7228508729
HoNp2O4,696877.2384620653
HoNp3,1134820.5457058188
HoNpAl2,424312.65528537723
HoNpAs,626616.4849354114
HoNpAs2,413916.3076263226
HoNpBi2,367903.2401909039
HoNpIn2,397534.0379410763
HoNpIr,567992.5995958326
HoNpIr2,391107.02130627603
HoNpO3,474646.378321995
HoNpOs2,336067.9255183118
HoNpPd2,494324.66785736463
HoNpPt,575111.9066931187
HoNpRh2,430119.3721313243
HoNpRu2,351625.1744989805
HoNpSb2,371656.65770170826
HoNpSi2,421261.835088946
HoNpSn2,407855.3128816753
HoNpTe2,480465.2366442438
HoOsO3,308565.6075530555
HoPa2O4,209615.95172864935
HoPaAl2,96195.11672054608
HoPaAs,232079.9069744363
HoPaAs2,116378.33334099523
HoPaBi2,146373.12566374574
HoPaGa2,110414.68644066948
HoPaGe,138645.2467961112
HoPaHg2,188547.68507509775
HoPaIn2,120413.45052362242
HoPaO3,188543.92998975638
HoPaOs,104224.56257556748
HoPaPb2,188063.3751383851
HoPaPt,108207.92395209319
HoPaSb2,125770.52635889794
HoPaSi,121689.30661511028
HoPaSn2,147148.83902010135
HoPaTe2,112129.06954737092
HoPdO3,173882.6075995978
HoPtO3,176386.82258999837
HoPu2As,1170446.4057104497
HoPu2Ir,1162607.4618456021
HoPu2O4,856504.5209712851
HoPu2Pt,1185903.491003505
HoPu2Sb,1087555.5740599197
HoPu2Te,1075302.0520783237
HoPu3,1469463.8425037428
HoPuAg2,586708.8810725062
HoPuAl2,544146.3578131832
HoPuAs,772459.3695309717
HoPuAs2,538894.4750990338
HoPuAu2,558469.8935875545
HoPuBi2,479528.7527100132
HoPuCd2,610226.0392874947
HoPuGe,739640.0977648796
HoPuGe2,595777.28297334
HoPuIr,719940.5142882415
HoPuIr2,550938.4145659616
HoPuO3,552295.7567564921
HoPuOs,634212.5271720368
HoPuOs2,464638.97209401266
HoPuPb2,504348.30270404916
HoPuPd2,640110.8956101912
HoPuPt,706592.8097638194
HoPuPt2,616325.5337771269
HoPuRh,702335.988600222
HoPuSb2,477326.05908857036
HoPuSi,720492.5687911871
HoPuSi2,614427.098679182
HoPuSn2,521424.4194093396
HoPuTe,737761.6185983822
HoPuTe2,572587.4697599699
HoPuTl2,536611.4506286694
HoPuZn2,673888.6938416981
HoReO3,302459.0545897649
HoRePt2,299618.6045929835
HoRh2Pb,54799.90503349501
HoRhO3,239073.964954109
HoRuO3,351705.6767573677
HoRuPt,217095.71481037722
HoRuRh2,415776.4926635064
HoSc2Au,152128.18272445723
HoSc2CdO6,75188.94979636603
HoSc2Ga,139205.2552999402
HoSc2Hg,125262.92923808208
HoSc2In,140917.23288992242
HoSc2Ir,88406.42519135268
HoSc2Pb,71971.82358154996
HoSc2Pt,154534.84985023816
HoSc2Rh,100196.69441480585
HoSc2Si,137979.85716016655
HoSc2Tl,164857.86463281367
HoSc2ZnO6,93420.30445319245
HoScBi,144189.0887613749
HoScPb,95737.60582353533
HoScTe,113478.78818981636
HoScTe2,118219.99632312941
HoSi(HO2)2,100482.27464780062
HoSiO4,125456.6806845803
HoSiOs,85899.483217282
HoSiRu,99474.86672475452
HoTaGa2,132496.63686522297
HoTaO3,124213.73062812492
HoTcAs,215107.44621279195
HoTcIr2,488589.10520218324
HoTcO3,465792.53390490334
HoTcPt2,316011.83708247275
HoTcRh2,506319.69603871857
HoTcTe2,204783.27459435485
HoTe2Mo,103019.24971566848
HoTeRu2,114809.94197156529
HoThTe,82612.68357270476
HoTi2O4,247208.66977499993
HoTi2Sn,88653.87852959403
HoTiAg2,206895.77634826666
HoTiAl2,108918.58558455344
HoTiAs,199416.22302588943
HoTiAs2,170393.39253106914
HoTiAu2,176836.77152849457
HoTiBi2,174737.5584601094
HoTiCd2,155246.73614473938
HoTiCo2,138340.8014179802
HoTiCu2,180919.53916329128
HoTiGa,189602.52161416912
HoTiGa2,107903.30976299733
HoTiGe,127010.96845634398
HoTiHg2,170722.81676138405
HoTiIn2,147202.19984455084
HoTiIr,70690.62079556505
HoTiO3,154822.0605906875
HoTiPb2,218349.01192844007
HoTiPt,112184.71700189842
HoTiRh,129998.03763471179
HoTiSb2,168632.88339661446
HoTiSi,132012.49997296376
HoTiSi2,243240.03213291278
HoTiSn2,225928.78030892514
HoTiTe,53972.18110145343
HoTiTe2,97956.85559601836
HoTiTl2,182163.037170041
HoTiZn2,125417.15027498142
HoTm3,190328.5965924031
HoTmCo2,50807.924218900574
HoTmTe,101079.84920334101
HoTmTe2,83010.18052381325
HoU2O4,533627.4105375964
HoU2S3O2,292513.21186008886
HoU3,255949.16886678844
HoUAl2,292495.13680272497
HoUAs,454203.6668241393
HoUAs2,284111.7875334291
HoUAu2,303235.4697372561
HoUBi2,260602.76774465467
HoUGa2,307659.27487032383
HoUGe2,313965.6625947271
HoUIr,407484.0228369043
HoUO3,325094.9766826773
HoUOs2,186997.76911961634
HoUPt,380622.5896448553
HoUSb2,256534.00965235487
HoUSi2,320623.2825191611
HoUTe2,342668.8128115594
HoUTe4,122237.9942737012
HoUTe6,94983.24511496055
HoV2CdO6,237483.1515981239
HoV2O4,531301.5441919845
HoV2O6,87005.60318990145
HoV2ZnO6,239972.48239806434
HoVAs,548715.1362750395
HoVAs2,235549.95100117807
HoVAu2,384433.38619149005
HoVBi2,236818.0656889942
HoVGa2,349233.46760268207
HoVGe,311822.854696713
HoVIn2,335910.0089249609
HoVIr,136358.7307303724
HoVNi2,388892.78015105455
HoVO3,311257.81060260657
HoVPd2,388814.28386731475
HoVPt,430445.7563485646
HoVPt2,360211.491092332
HoVSb,591747.218330747
HoVSb2,212032.63229572406
HoVSi,251851.24251203515
HoVSi2,339971.1863053719
HoVSn2,299992.5817787235
HoVTe,505232.82472903916
HoVZn2,373118.91598597384
HoWO3,184684.38665564175
HoWO5,89079.38915975916
HoZn(CoO3)2,276900.2959970364
HoZn(FeO3)2,772396.8296708158
HoZn(IrO3)2,64849.73597028082
HoZn(MoO3)2,206788.29569697665
HoZn(NiO3)2,94381.26056258297
HoZn(RhO3)2,53673.35233324672
HoZn(RuO3)2,108317.62246868722
HoZn(WO3)2,268442.9670487417
HoZn2Cr,521939.33030481153
HoZn2O4,107248.67897480937
HoZnCr2O6,434144.9805966547
HoZrAg2,117801.21934530468
HoZrAs,76729.2098256768
HoZrAs2,104869.76501328251
HoZrBi,97651.94715638697
HoZrCd2,75827.51413781013
HoZrCo2,137757.26952412524
HoZrCu2,98428.1104713644
HoZrGe2,141999.963925128
HoZrHg2,100696.68583583727
HoZrO3,61707.62389230368
HoZrPb2,156374.8337953535
HoZrSb2,106468.70167456691
HoZrSn2,160148.55528419185
K2CaPrO4,65105.16494395547
K2Ce2Fe4O11,762943.877198029
K2Ce2O5,115319.81677837818
K2CeO4,188952.84458855866
K2Dy2O5,124793.0841003112
K2DyO4,199282.3028070159
K2Er2O5,126464.09752591429
K2ErO4,201416.21107253816
K2ErSbO7,194154.5808932946
K2Eu2O3,812668.737146688
K2Eu2O5,240953.56288055802
K2EuAgCl6,178152.11315255828
K2EuCl5,250944.0417831749
K2EuF5,425868.4918762677
K2EuO4,254885.13973753472
K2Gd(BH4)5,205143.6289300078
K2Gd2Mg(MoO4)4,441343.23448042036
K2Gd2O5,123837.33147997357
K2GdAuCl6,206851.3392323538
K2GdCl5,298543.05267367925
K2GdCuCl6,231183.6622213926
K2GdO4,197085.94073025277
K2Ho2O5,125176.66352671897
K2HoO4,201046.3760477675
K2HoSbO7,194112.6821238688
K2La2MgTi2O8,52189.11699154778
K2La2O5,116179.25846232928
K2LiCeF6,55156.23895775966
K2LiEuCl6,192431.87302843484
K2LiGdCl6,227676.94075137214
K2Lu2O5,129917.17613689424
K2LuSbO7,149612.66117773682
K2Na2Eu2MgNb2O10,424008.212444975
K2Na2La2MgNb2O10,51897.79313043267
K2NaEuCl6,174606.24996994095
K2NaGdCl6,206851.79686953715
K2Nd2IrO7,157707.91572416364
K2Nd2O5,118904.44127877799
K2Nd4MgNb2O12,58583.82320870226
K2Pm2O5,53420.826884283095
K2Pr2O5,116173.8500752594
K2RbEuV2O8,217025.5694747529
K2RbGdCl6,169380.28471245273
K2RbTbMgV2O8,67484.38210071574
K2Sc2O5,132587.48090538842
K2Sm2IrO7,160744.1959277333
K2Sm2Mg(MoO4)4,51022.040310795484
K2Sm2O5,55160.87517993918
K2Tb2O5,123540.64763442485
K2TbF6,71848.98027634913
K2TbO3,82397.67606559544
K2Tm2O5,127695.65732918178
K2Y2O5,125337.28705704822
K2YSbO7,190654.7948551883
K3Ce,80181.76894242152
K3ErMgV2O8,69310.83441486687
K3Eu,262789.1765339065
K3EuCl6,149258.97525710077
K3EuF6,245429.55364449864
K3Gd(BO3)2,357594.61054572195
K3GdCl6,197667.64920654302
K3HoMgV2O8,68893.34224439376
K3LuB2(PO7)2,160686.1602986613
K3MgScV2O8,72527.46636715828
K3Sc,86421.20060361472
K3YMgV2O8,67089.06700078755
K3YbMgV2O8,72376.1811445458
K4Eu(PS4)2,80383.11782464986
K4Gd2C3O9F4,386484.44970290235
K4TmP8(N4O17)2,199918.8919591749
K4TmP8H18(NO2)8,208137.77266495192
K8Gd3Si12ClO34,229382.5735457293
K9Gd3Si12(O16F)2,220037.30598517388
KBa2SmBi2O9,118674.60438560224
KBa3Y2(Co3O8)2,484100.2691900117
KBaCeWO6,58929.52554088646
KBaEuWO6,357764.2730270737
KBaGd(MoO4)3,227480.20884207162
KBaGdWO6,421134.111944219
KCaCeFeO6,202928.97562646648
KCaEuSeO6,420997.7070398777
KCaEuWO6,373283.28847596276
KCaGdSeO6,485157.4105187448
KCaGdWO6,436049.8778400743
KCe(ClO)4,289810.06206208596
KCe(MoO4)2,50803.60676817679
KCe(SO4)2,54766.7201582733
KCe(WO4)2,54563.70319568707
KCe2FeO5,306397.5917501634
KCe2FeO6,317009.6648712438
KCe3,238633.61879999892
KCe5S8,144322.6666400495
KCeFeMoO6,410599.1234396093
KCeHf2O6,66144.06781792812
KCeHfSnO6,66935.24074103881
KCeHfZrO6,64767.6901005299
KCeMg6,59996.280832527984
KCeMgWO6,72900.44823067554
KCeMnWO6,414845.5452223428
KCeNb2O6,75457.32540347998
KCeNdMnO6,202007.7933397772
KCeO3,190212.52766250388
KCeSnWO6,60044.74012645126
KCeTi2O6,76900.2594425453
KCeZr2O6,63539.92133840598
KDyBr3,54025.66464709134
KDyO3,215857.60294483427
KDyS2O9,94274.64648127099
KDyTi4O12,159042.31915092803
KErO3,220734.4229422595
KEu(GeO3)4,206578.55459708138
KEu(SnO3)2,406641.95696405886
KEu(WO3)4,379395.5122777967
KEu(WO4)2,56534.388814066566
KEu2Cl7,352055.1576464323
KEu3,1004513.0294978857
KEuAlBiO6,433984.17868653376
KEuBiSbO6,394802.2950311908
KEuBiWO6,421230.53105247766
KEuDyBiO6,343161.41327003425
KEuDySeO6,478997.8893942666
KEuDyWO6,442754.81719912594
KEuF4,640132.4032241576
KEuFeBiO6,751616.4241421553
KEuFeSnO6,717423.1748553759
KEuGe,84860.64411574097
KEuHf2O6,394025.97045728995
KEuHfFeO6,723216.347253704
KEuHfSnO6,399516.8317405196
KEuHfTiO6,432004.29642134794
KEuHfZrO6,386773.5418367253
KEuMgWO6,437602.46477088885
KEuMn4O12,372908.9625926689
KEuMnBiO6,679005.667487901
KEuMnSnO6,665074.5130551963
KEuNb2O6,473286.53945915576
KEuNb4O12,220946.84526827792
KEuNbBiO6,400740.47182635684
KEuNbInO6,399495.6876731536
KEuO2,821004.6776583146
KEuO3,193686.801330222
KEuSbWO6,434449.06540219154
KEuSnBiO6,418877.5521402933
KEuSnWO6,371532.3212194259
KEuV4O12,235329.50440417093
KEuYSbO6,372401.46144639
KEuYWO6,441333.417134947
KEuZr2O6,378588.1188245234
KEuZr4O12,324997.95969716046
KEuZrBiO6,420525.3764926598
KEuZrFeO6,721412.1131139941
KEuZrGeO6,451385.6405007415
KEuZrSnO6,388785.25762004696
KGd(FeO3)4,769140.7954821237
KGd(MoO4)2,357359.8264677559
KGd(NbCl3)6,97416.55207144648
KGd(SeO4)2,350320.76092772675
KGd2Cl7,452310.71051981667
KGdCO3F2,293972.58978038817
KGdF4,755353.5078505819
KGdH2C2SO9,323591.5493057426
KGdHf2O6,478935.070718413
KGdHfTiO6,503940.7920047538
KGdNb2O6,434124.52592722257
KGdNb4O12,259489.87857440917
KGdO2,976480.2821357289
KGdO3,209703.46760672878
KGdSnWO6,431117.6535773688
KGdTiO4,659398.5090682753
KGdV4O12,252343.53596439987
KGdZrTiO6,493519.90385916934
KHoCoSi2O7,171102.06415973065
KHoO3,214449.8473754476
KLa(FeO3)4,798504.7618528126
KLa(NiO3)4,527431.6533222704
KLa(SnO3)4,135330.93821925067
KLa2Bi,67840.86080484244
KLa2O4,64882.240219381696
KLa2Sb,58515.669721992876
KLaC4O11,64093.0681663201
KLaCoWO6,218289.5923698283
KLaCuWO6,72656.82460735897
KLaEuSbO6,368561.9232572719
KLaEuWO6,414411.5087909536
KLaFeBiO6,337303.5517454219
KLaFeSbO6,361627.88172864105
KLaFeSnO6,291721.2730882718
KLaGdSbO6,433328.9369322628
KLaHf4O12,134027.6936401389
KLaHfCrO6,144855.45854105457
KLaHfFeO6,287089.0030305776
KLaMnWO6,341980.28576691623
KLaNbCrO6,218233.30509150066
KLaNbFeO6,357760.865882644
KLaNbNiO6,73650.16340487337
KLaNbWO6,201170.5377216698
KLaNiSbO6,72599.12853129132
KLaNiWO6,146003.84660462983
KLaO3,188794.8337567417
KLaS2O9,89249.6076770249
KLaSmFeO6,200603.491422342
KLaTbGeO6,66797.13661308461
KLaTi4O12,155621.44664295303
KLaVWO6,213997.37323924492
KLaZr4O12,127942.70926865615
KLaZrCrO6,142096.6563766036
KLaZrFeO6,282057.0707164762
KLaZrVO6,70770.60874052624
KLiGd2(MoO4)4,387057.9259316574
KLiGdF5,583092.7072892633
KLu2O4,81384.07661779186
KLuO3,223756.7029060417
KMgSc(MoO4)2,75660.01108762708
KNaEuNbO5,69138.07834367588
KNaEuTaO5,69210.77871626089
KNd(ClO)4,73269.75019307723
KNd(FeO3)4,803001.1957318188
KNd(NiO3)4,518123.60260604904
KNd(SnO3)4,135829.27826349452
KNd2O4,67574.39337067305
KNdEuWO6,419424.4701812543
KNdFeBiO6,340916.3943458762
KNdFeSnO6,295548.7595653711
KNdHf4O12,134474.25953636412
KNdMnWO6,343915.40548686445
KNdO3,201231.98795140054
KNdTi4O12,156587.0148023084
KNdZr4O12,129681.01672071154
KNdZrFeO6,284986.2126983217
KPm2O4,69154.50403583143
KPmO3,200109.36782073855
KPmTe,96237.0104031022
KPr(ClO)4,76792.01574292258
KPr(FeO3)4,799092.4421262406
KPr(NiO3)4,526219.7559290143
KPr(SnO3)4,135724.052286804
KPr2O4,66038.43553912277
KPrDyGeO6,67612.15250113481
KPrEuSbO6,357757.38667552534
KPrEuWO6,409642.32611828484
KPrFeBiO6,338839.91891891416
KPrGdFeO6,685283.218382935
KPrGdGeO6,401315.58426016173
KPrHf4O12,133823.31207628542
KPrHfInO6,64040.498287501185
KPrHfWO6,134939.40332932444
KPrMnBiO6,265373.56074283307
KPrMnNbO6,288406.75703547156
KPrMnWO6,345646.82734622195
KPrNiWO6,146906.54525988837
KPrO3,194338.57055123392
KPrTi4O12,155917.34113278057
KPrVWO6,214744.4456577492
KPrYFeO6,209036.51248433246
KPrZr4O12,128410.21683541707
KRb2EuCl6,149700.16367207267
KRb2GdCl6,178538.96806741104
KSc2O4,90681.2696817112
KScBi,82599.36671652796
KScO3,238985.9955922222
KScSb,94542.70469885584
KScTe,177375.71081647853
KSm(FeO3)4,800090.5423746238
KSm(NiO3)4,512328.9353006212
KSm2I5,61955.097374903504
KSm2O4,70270.41664282048
KSmEuSbO6,364773.3436381187
KSmEuWO6,427260.4000690838
KSmHf4O12,134630.46144527406
KSmO3,201608.99320923287
KSmS2O9,91726.89248349147
KSmTe,96916.8075261939
KSmTi4O12,157545.72343416474
KSr3La8Mn12O36,552986.1189067527
KSrCeFeO6,199802.83454142703
KSrCeWO6,60893.617781420224
KSrEuSeO6,397600.7714103504
KSrEuWO6,365258.59398096823
KSrGdWO6,434119.2292422902
KSrLa4Mn6O18,552664.3423707648
KSrNdFeO6,255253.35429500547
KSrPrFeO6,252387.41035884753
KTb(FeO3)4,802392.2262676798
KTb2O4,74476.39752269772
KTb3F12,89967.85849095347
KTbEuNbO6,365884.6022242985
KTbEuSbO6,368840.6480196603
KTbEuWO6,437143.58673579234
KTbO3,210135.4944129215
KTbTi4O12,158978.35477792096
KTm2O4,79278.70403536144
KTmBr3,54653.541031071916
KTmO3,224118.48884091983
KY2O4,75195.49885557019
KY2Sb,80963.06634626647
KYMnWO6,351438.5443576891
KYO3,209410.08875906977
KYTe,99486.36144305987
KYb(WO4)2,59295.38963717083
KYb3,95413.81268557643
La(Al2Cr)4,127016.26315202907
La(Al2Fe)4,269448.18691979966
La(CeB8)3,62076.12564471716
La(ClO3)3,161134.60619692612
La(CoAs)2,184024.47085593088
La(CoO)3,661856.2215382651
La(CoP)2,111259.3475991385
La(CuO2)2,110836.83267706534
La(FeGe)2,483228.0720589144
La(MnAl2)4,405546.0983107039
La(MnGe)2,412965.32373413915
La(MnSi)2,384794.5535166598
La(Mo4O7)2,122703.96596168556
La(MoO2)2,467022.29373183544
La(NiO2)2,320242.0738627994
La(OsO2)2,97537.89813146625
La(PbO2)2,69871.5456676173
La(PdO2)2,90219.3840029648
La(PtO2)2,120534.89020823967
La(ReO2)2,288233.7696050522
La(RhO2)2,97751.4201203889
La(RuO2)2,99552.8259769605
La(SeO4)3,104337.16104303797
La(SnO2)2,75538.96672591081
La(TcO2)2,293008.7428480341
La(WO2)2,315796.3451253763
La10Mn9O30,503494.2433054367
La10US16,54796.52903445094
La11Mn12O36,575512.2724082711
La11V12O36,262883.3970632317
La12Fe11S30,328174.82137736626
La12Mn3(AlSe7)4,96741.80555362611
La12Ni6O25,158713.17327303565
La13Mn14O42,649535.1198841735
La14Mn13O42,529776.7754385018
La14Mn15O48,499828.1304914011
La14Mn16O45,601258.0795459519
La15(NiO4)8,158926.53020939103
La15Mn16O48,580184.0072684721
La16Mn15O48,538288.008908841
La16Ni8O33,169720.15554604112
La17Mn17O54,527762.7915768197
La17Mn18O54,579580.3274053825
La18Ni12O41,196717.48873089594
La19(RuO6)8,198092.3248228587
La19Mn19O60,533763.641942449
La2(CoNi)5,454661.97308750363
La2(N4O9)3,87927.3757741014
La24Ni12O49,176043.79300892638
La24Ni16O55,195890.02372989702
La2Ag2O5,62294.70774202366
La2Ag3(HgO4)3,145971.24361937924
La2AgO4,72674.71702628849
La2AlCo,83928.03696178988
La2AlNi9,54048.7465125477
La2AsPd,83729.45926697039
La2AsRu,56281.393522941435
La2Au2O5,50914.257108940255
La2AuO4,72729.93249576821
La2BTe,96264.0393409685
La2BiO4,68256.31149692617
La2BiPd,81711.36039012518
La2BiRu,52797.13657190476
La2C2S2O15,54086.22932737291
La2CdHg,55235.971244664084
La2Ce2O5,58792.95816920199
La2CeAs,78800.62368569849
La2CeAu,151546.0979371725
La2CeCd,104427.18654841612
La2CeGe,56599.42549325404
La2CeHg,133522.62624526364
La2CePd,151461.94319334227
La2CePt,150538.14314177967
La2CeS4,108193.79518743257
La2CeSi,56508.45058787057
La2CeTe,79327.67563844308
La2CeTe4,71957.36408056463
La2Co2O5,442304.9054430584
La2Co2Se2O3,365000.0668262125
La2Co2Si,96084.48407928302
La2Co3,183853.4560508725
La2Co7,254709.69282208377
La2CoGe,89771.9037224186
La2CoIr,51436.20392401722
La2CoNiO6,237437.9244415873
La2CoO4,239141.00357933482
La2CoPb,80562.8115261918
La2CoPtO6,74050.50221035293
La2CoRu,116719.27283497351
La2CoRuO6,74996.73474681002
La2CoSb,122584.54684056973
La2CoSi,93573.61823465307
La2CoSiO2,120255.58922316879
La2CoSn,85667.3809653276
La2CoTe,91557.64706432293
La2Cr2O5,526721.1210528545
La2CrAs,293489.0960068947
La2CrAu,296994.9889310469
La2CrBi,265567.04214828205
La2CrFeO6,597306.3099217928
La2CrGa,333201.7307383866
La2CrGe,353529.54066847527
La2CrHg,305744.5224547505
La2CrIr,374247.71919161873
La2CrPb,322200.60018131183
La2CrPd,314770.2706108113
La2CrPt,342337.6069580419
La2CrRh,361759.35161852953
La2CrSb,276330.37039665855
La2CrSn,324103.62740226585
La2CrTe,295912.2786680206
La2Cu2O5,64929.8404942343
La2CuIrO6,144700.3099146873
La2CuRhO6,144728.05550335563
La2DyTe,63711.84168867211
La2DyTl,71041.34915097093
La2ErPb,59338.86061265025
La2EuO4,237181.84274966552
La2EuS4,55750.90513118894
La2Fe(SeO)2,258442.97997059938
La2Fe14B,1228151.5001252454
La2Fe2I,142651.19931570344
La2Fe2O5,588872.8427758701
La2Fe2S2O3,498027.98756711686
La2Fe2S5,366779.7167715893
La2Fe2Se2O3,474163.08807681355
La2Fe4Sb5,312223.43089953973
La2FeAs,101820.7416680963
La2FeAs2O,227169.29742237
La2FeAs2RuO2,201211.432122594
La2FeAu,105728.6767287085
La2FeBi,91860.40192078186
La2FeCoO6,531366.8450124732
La2FeGe,171981.8568140489
La2FeIr,167931.2524118706
La2FeNiO6,457344.3776496793
La2FeO4,312487.660483049
La2FeP2O,237843.5784582543
La2FePb,153823.31473095313
La2FePd,101452.41389562562
La2FePt,121818.68966520694
La2FeRh,166296.60023110654
La2FeSb,96399.2198465358
La2FeSi,174915.59472894447
La2FeSn,160070.98508575038
La2FeSn4,97816.60582056222
La2FeTe,113169.53255456426
La2GaCo,86993.1126325734
La2GaFe,170561.8083929287
La2GaNiO6,76657.49550503993
La2GdTe,69713.52920196325
La2GeAu,72673.15059283383
La2Hf2O5,52327.72508906065
La2HfAs,117161.80618059532
La2HfBi,107680.05141605227
La2HfNiO6,141716.2852890676
La2HfPt,111159.75342466963
La2HfSb,110924.25167146945
La2HfSn,162154.7889388853
La2HfTe,171582.79949327515
La2HgTe,55973.978445769215
La2HoTe,54548.32556913658
La2HoTl,62412.32083457953
La2InCo,93875.91001098022
La2InHg,65794.50953395122
La2IrO4,228579.8829962653
La2LuTl,89800.8026527376
La2Mg(CoO3)2,121102.07764558349
La2Mg(CuO3)2,122263.83809533196
La2MgCo2Sb2(PbO6)2,149014.19856074816
La2MgCrO6,158497.91588475293
La2MgFe2(TeO6)2,284282.64864522446
La2MgFe2(WO6)2,376375.6882586888
La2MgFeO6,300566.36670706066
La2MgIrO6,75214.42391817707
La2MgMnO6,239801.8763912375
La2MgMnZnO6,289711.1268757647
La2MgMoO6,126259.9405736396
La2MgNbO6,70687.32734044037
La2MgNi9,95445.02256880162
La2MgRhO6,75762.82221803848
La2MgTiNiO6,118103.61068596502
La2MgV2O8,97101.26978449979
La2MgVO6,75820.85714611418
La2MgVZnO6,176532.87249498197
La2MgWO6,141166.93569141504
La2MgZnCoO6,189507.41341189982
La2MgZnMoO6,147836.25967399412
La2MgZnNiO6,127733.70127438565
La2MgZnSbO6,51841.57373588333
La2Mn(SeO)2,316782.7828762255
La2Mn2O5,640852.8226021518
La2Mn2Se2O3,570891.1766186806
La2Mn3CuGe4,390112.83352248796
La2Mn3FeSi4,326017.070304044
La2Mn3PbO9,552924.9750353851
La2Mn3ZnO9,572515.4369427826
La2MnAs,216851.6707027774
La2MnAu,279449.824659964
La2MnBi,228165.56905133984
La2MnCoO6,316093.1669742644
La2MnCrO6,520010.79407293105
La2MnGa,304012.1246146167
La2MnGaO6,297163.4816431837
La2MnGe,271900.77587489045
La2MnHg,276495.5143547896
La2MnIr,320671.3580118441
La2MnNiO6,400522.634813909
La2MnP2O,175544.63634466144
La2MnPb,240283.19875556073
La2MnPd,257488.28671997003
La2MnPt,284139.1151048765
La2MnRh,309790.85237906215
La2MnRuO6,351907.8131375866
La2MnSb,268546.59837535874
La2MnSb4,200831.74589173857
La2MnSi,280868.88643613766
La2MnSn,252493.08056012474
La2MnTe,250546.83825429378
La2MnVO6,448007.4787115099
La2Mo2O5,111855.77084118935
La2N3,291184.8738470626
La2NbNiO6,213466.22469031025
La2NbPt,217743.32568520604
La2NbSb,141312.4003386268
La2NbTe,100707.04898585324
La2Nd2O5,66860.79879428093
La2NdAs,69782.21055612121
La2NdAu,157462.3883879496
La2NdHg,75534.37149685407
La2NdPd,158849.3118595024
La2NdPt,153122.70377851036
La2NdTe,79685.9343614305
La2Ni2O5,166865.50474629455
La2NiAs2O,109725.63185675032
La2NiIrO6,225466.7707747643
La2NiMoO6,290572.890137078
La2NiO3F2,168462.22460635044
La2NiO4,197705.54204540656
La2NiP2O,58435.14835644865
La2NiPtO6,149780.79140171886
La2NiRuO6,303405.1755686158
La2Np2O5,572976.2988201131
La2NpSb,479451.7778061319
La2NpTe,477318.6790412128
La2Pa2O5,223261.28562038342
La2PaSb,198756.21695448153
La2PaTe,236990.93063457985
La2PbAu,76031.0283731022
La2Pm2O5,68853.08460039251
La2PmAs,60136.95126063799
La2PmAu,158141.38819629548
La2PmGa,87289.67801777343
La2PmHg,53357.896983265855
La2PmPd,157181.26307454295
La2PmPt,151807.89382964195
La2PmTe,78939.8080650833
La2Pr2O5,63775.00218749881
La2Pr2O7,98059.5464062025
La2PrAs,73342.29793620939
La2PrAu,155932.1324405784
La2PrCd,61485.31080080041
La2PrGa,66342.03343166795
La2PrGe,52243.312197432504
La2PrHg,107009.96161176213
La2PrPb,53493.598704858756
La2PrPd,156277.43386721058
La2PrPt,151920.16767704912
La2PrTe,79793.67886421611
La2Pu2O5,705981.294335235
La2PuAl,508730.77486006304
La2PuAs,668957.5806748475
La2PuAu,574935.2329561469
La2PuBi,561949.0913848467
La2PuGa,539146.2568575906
La2PuGe,624180.7016160578
La2PuIn,504514.5557775535
La2PuPb,547510.1363465003
La2PuSb,559019.1224917514
La2PuSi,617242.8281151123
La2PuSn,541798.5303618613
La2PuTe,542185.8259159406
La2PuTl,498431.98229213175
La2Re2O5,91915.4169841357
La2ReNiO6,366048.6292655951
La2Ru2I,74195.99685000937
La2Ru2O5,50979.56046701501
La2RuO5,184061.17144009526
La2SbO6,63543.981353817246
La2SbPd,81328.29457190153
La2SbRu,54588.56444828512
La2Sc2O5,55147.94630003341
La2ScAs,105296.09790139407
La2ScBi,150379.21568993284
La2ScGe,119089.23730127455
La2ScIn,71291.74528877475
La2ScMn,201564.7556776872
La2ScPb,114228.8897786526
La2ScSb,84026.04233316956
La2ScSn,109221.8675910884
La2ScTe,85942.74932955473
La2ScTl,122849.33114547384
La2SiAu,71947.49607417463
La2SiO4,57649.55841035744
La2Sm2O5,73067.14189822353
La2SmAs,53082.00698716329
La2SmHg,50185.02011677569
La2SmPt,138405.0059312037
La2SmTe,77648.47445046871
La2SnAu,74831.76735748377
La2Ta2O9,95534.72205817682
La2Tb2O7,105072.24102081612
La2TbTe,66508.97463812305
La2Tc2O5,104092.91282246179
La2TcNiO6,372682.964256615
La2TcTe,85416.81646166732
La2Te(Mo3O22)2,115381.4951026214
La2Te(MoO7)6,108705.39027252414
La2TePd,137251.36963311522
La2TePt,99936.54496190984
La2ThAs,107816.44193150218
La2ThAu,82087.74830713125
La2ThGe,55097.48491988735
La2ThPt,121869.83656752475
La2ThSb,84121.19748588071
La2ThTe,129629.40077372667
La2Ti2CrO9,105093.27943083216
La2Ti2CuO8,54079.017016354795
La2Ti2O5,210825.22079814336
La2Ti3CoO10,140426.77987507894
La2Ti3NiO10,93300.12288645793
La2Ti3VO10,130752.56983929282
La2TiAs,286587.5674734064
La2TiAu,237177.8192416494
La2TiBi,248088.6220140438
La2TiCoO6,151029.10224807757
La2TiCuO6,73634.85036540082
La2TiGa,211633.01150250327
La2TiGe,266608.6914794407
La2TiIn,201952.0276093046
La2TiIr,253483.1776454509
La2TiNiO6,152722.2082737145
La2TiPb,248684.0738773462
La2TiPd,257349.1272093123
La2TiPt,271826.17307406774
La2TiRh,256036.95632153345
La2TiSb,240042.7175543432
La2TiSi,266461.68626080145
La2TiSn,250117.17595359427
La2TiTe,204060.03947656386
La2TlAg,61155.32370728531
La2TlCo,92050.31760169938
La2TlHg,74583.13324079609
La2U2O5,283507.319889787
La2U2Se9,103626.704727693
La2U3O11,89160.2674537575
La2UAs3,145514.1541502452
La2USe4,203260.04455235603
La2UTe4,165979.63036252462
La2UTe5,79452.50251567876
La2V2O5,390870.8187462698
La2VAs,336674.58660044876
La2VAu,268563.5994423712
La2VBi,288005.46338325844
La2VGa,288949.91091385536
La2VGe,307193.6746254025
La2VIr,346838.9696816746
La2VPd,321543.3098595923
La2VPt,325971.62024264026
La2VSb,295437.0921249651
La2VSn,276736.9449983895
La2VTe,255759.17479567192
La2VZnO6,74691.12731035038
La2W2O5,55037.972347737195
La2YTe,68128.44618741173
La2YTl,74236.62883769724
La2ZnCrO6,150615.04691831217
La2ZnFeO6,299370.76282327593
La2ZnIrO6,73625.3522777285
La2ZnMoO6,140041.0374732744
La2ZnRhO6,74289.13425764178
La2ZnWO6,139128.53547947877
La2Zr2O5,64326.87230337564
La2ZrAs,167587.41134844086
La2ZrAu,129425.51148573095
La2ZrBi,163586.51454543695
La2ZrGa,161498.43647868637
La2ZrGe,186678.04499798446
La2ZrIn,161872.9245829619
La2ZrNiO6,139535.42952878
La2ZrPb,202568.69813531195
La2ZrPd,180178.79310755347
La2ZrPt,211775.34907383946
La2ZrSb,171872.60015485834
La2ZrSn,198680.63174095444
La2ZrTe,175164.70279556667
La3(CrN3)2,309133.3155118924
La3(NiO3)2,182974.0960617007
La3Al(FeO3)4,765441.6075304052
La3AlCoS7,56253.538331947704
La3AlCrS7,136858.27226339135
La3AlFeS7,138518.59039597682
La3AlVS7,80137.23013789579
La3BeCrS7,98263.0678225922
La3BeVS7,67612.1765294888
La3Cd(FeO3)4,720261.4223731383
La3Co2S7,107255.61144627734
La3Co3O8,426824.3843515787
La3CoSiS7,69996.15522671079
La3CoW(SO2)3,82431.41258675064
La3CrS6,122738.56697312043
La3CrW(SO2)3,130081.9142040929
La3Eu,453605.868839664
La3Fe2S7,317279.90433854336
La3Fe4AgO12,684880.0508480384
La3FeCoS7,228069.1583004667
La3FeNiS7,107255.26612357302
La3FeO6,296668.9294043266
La3FeSiS7,104871.17259936788
La3FeW(SO2)3,217386.99058784734
La3GaFeS7,136154.95528148062
La3Gd(BrO)4,250738.39294954107
La3Gd(ClO)4,278432.31780373096
La3InGe,51358.27259015959
La3IrO7,117503.92493585497
La3Mg2CrS8,76721.66185751907
La3Mg2MnS8,102095.36753320265
La3Mg2MoS8,76251.00966001861
La3Mg2VS8,51193.923527545994
La3Mg2WS8,76539.95990589741
La3MgTi4O12,100294.48170344968
La3Mn3O10,471702.5475682247
La3Mn4AgO12,539720.888956396
La3Mn8BiO20,654146.6655390467
La3MnFeS7,334882.6521583664
La3MnO7,123809.6677475205
La3MnS5,66652.51255226263
La3MnW(SO2)3,170210.93653442926
La3NdCr4O12,454897.44000459876
La3NdMn4O12,588681.7683604896
La3Ni2O7,194508.05928895823
La3NiW(SO2)3,57652.53248444609
La3OsO7,173378.51043913132
La3Pr(CoP)8,81088.03443478998
La3PrMn4O12,591273.2342455183
La3RuO7,177261.5976323206
La3Si(Mo2O7)2,273540.2846363325
La3Sm(FeO3)4,744239.5009798612
La3SmCr2(FeO6)2,610111.4319306363
La3SmCr4O12,457437.4118750833
La3SmV2Cr2O10,523262.7689020504
La3SmV2Cr2O12,381639.6399207783
La3SmV3CrO12,340347.69971528056
La3TaCo2O9,283592.8128332919
La3UAl8,99446.99606019756
La3Y(MnSi)4,279822.0556359452
La3YFe4(AsO)4,466814.9638372481
La4Co2Sn5,52681.19935314684
La4Co3O10,160291.02147047743
La4Co4O11,395499.6957382744
La4CoO8,51212.31623227424
La4CoS7,62122.009128156205
La4CrS7,115667.25405184095
La4CuO8,50887.379062236185
La4Fe(CoO4)3,427959.6910873492
La4Fe(NiO4)3,313735.3537638077
La4Fe(NiO5)2,343386.2871413912
La4Fe3NiO12,596883.32465728
La4FeS7,123036.11599791839
La4FeSe6O,125630.79255439734
La4GdSc15(BO3)20,57053.36219218348
La4MgCoO8,135090.13766418732
La4MgCr2O12,65255.87032100571
La4MgFeO8,174155.5915412649
La4MgGa2(FeO6)2,254635.02171376665
La4MgMnO8,188871.23508511993
La4MgNi3WO12,268784.12732862565
La4MgNiO8,88803.32325329662
La4MgTi3O12,73043.08323669533
La4MgTi4O10,65712.63234333239
La4Mn(Cu3S5)2,114593.08705666577
La4Mn(NiO4)3,274666.0597508091
La4Mn3NiO12,488810.3502657979
La4Mn3Sb8,269644.4860210873
La4Mn4O11,638850.7810803185
La4Mn5(Si2O11)2,423480.0353946429
La4Mn5Co(PbO9)2,509073.98128307384
La4MnS6O,173746.15180198575
La4MnSe6O,156093.3733782757
La4Ni3MoO12,223587.49693078222
La4Ni3O10,190558.04557051772
La4Ni3O8,167620.31595893743
La4Ni3WO12,222321.96338940642
La4Ni4O11,242273.37740893214
La4O5,94120.36083915744
La4Pr(CoP)10,129235.24943912348
La4Sm4Co7AgO20,379099.6862677695
La4Sm4Co7AgO24,85725.69760446013
La4SmMn5O15,609133.154766145
La4SnBi2,73510.69083587793
La4TiMn5(PbO9)2,477379.7764693258
La4V4O11,357538.3017790367
La4V5(Si2O11)2,200057.87939617436
La4ZnCu(RhO6)2,110015.27490139578
La5(MoO4)4,188720.73750858466
La5CuGe3,50169.292858218636
La5Fe4NiO15,627982.9545382162
La5Mg2Mn3O15,306159.29927856807
La5MgRe3O16,58202.27488191431
La5Mn5O18,375807.7232587021
La5Mn6O18,545950.7846597567
La5Mn7Co(PbO8)3,513119.33085732633
La5MnOs3O16,287205.85044890956
La5MnRe3O16,199767.39012789648
La5Pb3Cl,64619.370963476904
La5Pb3I,57575.575092627645
La5Re3NiO16,50740.471357037386
La5Sm3Co7CuO24,147693.41339544987
La5Sm3Cr6(FeO10)2,584840.0682582892
La5Sm3Cr7FeO20,590145.9478599513
La5Sm3Cr7FeO24,499657.81148964283
La5Sm3Cr8O20,588641.4056846823
La5Sm3Cr8O24,461729.03089991654
La5Sm3Ni7AgO24,157299.75188628444
La5Sm3V2Cr6O20,545178.565939963
La5Sm3V2Cr6O24,423879.1951807629
La5Sm3VCr7O20,572004.7032101161
La5Sm3VCr7O24,444751.82231605373
La5Sn3Br,53959.705326359406
La5Sn3I,56376.73299559602
La5Ti4FeO17,137981.9774367295
La5V3S6O7,104722.95916431211
La6Al4Fe9P,361467.83296915697
La6Al5Fe9,395720.8277927249
La6Co(SiS7)2,51442.35519035147
La6Cr(GeS7)2,67840.34498050701
La6Cr(SiS7)2,68061.57515860749
La6Fe(SiS7)2,69482.41063235853
La6MgWO12,56434.41867540346
La6Mn3O14,321497.55040845386
La6Mn5O18,435479.91380629584
La6Mn9Al5,299125.9653671288
La6Sm2Co7AgO20,376060.0176961784
La6Sm2Co7AgO24,182113.83661363018
La6Sm2Cr3(FeO4)5,571348.3059794706
La6Sm2Cr3Fe5O24,645722.2773853508
La6Sm2Cr5(FeO8)3,576873.1922443921
La6Sm2Cr5Fe3O20,574494.7986152065
La6Sm2V3Cr5O24,399637.382997736
La6Sm2V5Cr3O20,500986.66251220234
La6Sm2V5Cr3O24,357870.0606060225
La7(BrO6)3,226207.48059331617
La7(FeO8)2,124936.24514795527
La7Mn8O23,588719.683366732
La7Mn8O24,562967.0451248254
La7Sm(FeO3)8,751699.8045322411
La7SmCo6(AgO10)2,296115.35457449965
La7SmCo6(AgO12)2,200022.81024515445
La7SmCr2(Fe3O10)2,572788.6431149672
La7SmCr2(FeO4)6,682337.5933566806
La7SmCrFe7O20,574529.7985579778
La7SmCrFe7O24,718712.7535814157
La7SmMn2(Fe3O10)2,604625.9181130667
La7SmMn2(FeO4)6,647413.0354029916
La7SmMn3(FeO4)5,624034.7480021123
La7SmMn3Fe5O24,696500.8830826238
La7SmMn4(FeO5)4,636528.3502631667
La7SmMn4(FeO6)4,678728.8901756189
La7SmMn5(FeO8)3,643173.7737226987
La7SmMn5Fe3O20,651708.3949816617
La7SmMn6(FeO10)2,659854.5693682067
La7SmMn6(FeO12)2,643040.1750412302
La7SmMn7FeO20,677302.6182178045
La7SmMn7FeO24,610705.0935610735
La7SmMn8O20,686980.0012629863
La7SmMn8O24,607985.9510758877
La7SmMnFe7O20,591299.1770304814
La7SmMnFe7O24,736698.2591536284
La7SmNi6(AgO12)2,129311.65185576926
La7SmTi2V6O24,236059.70759685736
La7SmTi3V5O20,270736.62238507293
La7SmTi3V5O24,205614.0071604157
La7SmTiV7O24,279041.7621589224
La7SmV7CrO20,452857.7308638434
La7SmV7CrO24,317691.24657773995
La7SmV8O20,422435.3559498863
La7SmV8O24,300523.5335242433
La8Mn7O24,478647.06164521375
La8Mn9O27,566976.9699513634
La8Ni4O17,176031.60840921395
La9Mn10O30,568638.0220899731
La9Ni5O19,176370.9797200301
La9Ni6O19,203777.00809702746
LaAlCo4,422853.7788169781
LaAsRu,234078.04835715072
LaB4Rh7,102899.62378403294
LaB5HO10,52403.10523314349
LaBeO3,165751.69971646048
LaBr2,52398.48143217101
LaBr3O7,83932.28792837643
LaC,173149.3640100384
LaC2ClO7,137832.93498578417
LaCO4,109583.37050200574
LaCd(CoO3)2,439505.5148907765
LaCd(FeO3)2,735977.8149907454
LaCd(NiO3)2,86584.94006984291
LaCd(RuO3)2,203619.22511923165
LaCe,134736.47276707922
LaCe(CoO3)2,330701.73363098066
LaCe(FeO3)2,780771.5619859999
LaCe(NiO3)2,168801.99212131678
LaCe(O2F)2,79386.73989817184
LaCe(SiPd)4,56762.92766002393
LaCe2Cd,98672.70408447635
LaCe2Hg,108240.31358371417
LaCe2Mn3O9,711439.2421435084
LaCe2Te,71757.89264806754
LaCe3,70578.02198785493
LaCeAl2O6,84329.24150655165
LaCeB12,75801.05444119079
LaCeCr2O6,474928.26474048547
LaCeF6,83074.73888002547
LaCeHg2,103308.18491120418
LaCeMn2O6,644772.9967824535
LaCeN2,80203.43090916828
LaCePd,65563.59533155357
LaCePt2,52921.2479582252
LaCeSb,207077.25009584049
LaCeTe,216279.91137189465
LaCeTe2,64939.27369499191
LaCeTl,70830.31252591152
LaCeV2O6,309536.4605309688
LaCeZn2,50536.94950145358
LaCl3O7,122325.73586943312
LaCo2,58643.02050180819
LaCo2As,299421.22582006635
LaCo2Ge,157002.9476708023
LaCo2Ni3,388237.26859305636
LaCo2Sb,266507.41039927327
LaCo2Si,165032.651749631
LaCo2Sn,149868.10320116175
LaCo2Te,300301.58948692796
LaCo3Ni2,496572.5557631544
LaCo5,724238.1954911314
LaCo5H3,568800.1307768814
LaCo5H4,565060.5763835257
LaCo8Si5,130118.00825115787
LaCoAs,139978.3553735657
LaCoAs2,233315.32119855896
LaCoAsAu,170240.36738778156
LaCoAsO,86014.51035724142
LaCoAu,96697.0349219818
LaCoBi,123018.71831626212
LaCoBiAu,155240.31207989738
LaCoCuAs,87077.86022154574
LaCoCuBi,54253.984538259814
LaCoGe,192322.82810664817
LaCoGe2,69219.1112889178
LaCoNi4,267558.57561900833
LaCoO3,342195.91255756776
LaCoPO,103412.23002421318
LaCoPt,199114.61170580244
LaCoPt2,271581.9938056879
LaCoRh2,280473.1594882139
LaCoSbAu,152453.17492422933
LaCoSi,121878.76001487336
LaCoSn,196545.37748388035
LaCoTc2,435615.45049063134
LaCoTe2,179588.24102429516
LaCr2CdO6,410397.9545427419
LaCr2PbO6,394972.36633905635
LaCr2Si2C,116255.98171622676
LaCrAs,509856.94528873614
LaCrAs2,340374.791655618
LaCrAu2,448112.5912634917
LaCrBi,440752.1449927169
LaCrC6N6O5,167224.35521544458
LaCrCoO6,304505.1351028243
LaCrFeO6,412803.707720631
LaCrGa2,384069.972925609
LaCrGe,580002.5957969603
LaCrGe2,388284.74937156343
LaCrGe3,125339.59593755081
LaCrHO5,153008.16118258366
LaCrHg2,463515.4144781766
LaCrIn2,362762.896006627
LaCrMoO6,234956.87790701241
LaCrO3,462437.38266902533
LaCrO4,114363.4891031163
LaCrPd2,517230.7301624274
LaCrPt,563139.1655754106
LaCrPt2,519462.918354725
LaCrReO6,209859.41095506828
LaCrRh2,551363.4785776484
LaCrS2O,311702.01875223423
LaCrS3,282254.5580340882
LaCrSb,465291.47764592036
LaCrSb3,176623.27527977576
LaCrSbO6,156876.07594317343
LaCrSe2O,288055.40917933674
LaCrSe3,247633.2785148991
LaCrSn,550252.7428513452
LaCrSn2,367032.47050773684
LaCrSnO6,77545.18419773773
LaCrTe,367074.2253794001
LaCrTe2,414304.48510651017
LaCrTeO6,233109.5284813865
LaCu3(RuO3)4,171503.49538893145
LaCuNi4,108512.81528205198
LaDy(CoO3)2,349959.83615701826
LaDy(FeO3)2,805353.1488436793
LaDy(NiO3)2,175939.4530395676
LaDy(OsO3)2,60116.43270993908
LaDy(RuO3)2,111499.36464233288
LaDy2Au,171767.82768077086
LaDy2Hg,163223.88751189128
LaDy2Te,57169.671615463565
LaDyCd2,56726.234343198914
LaDyCo2,89702.32638633471
LaDyCr2O6,490079.9665135094
LaDyGa,67477.81216668856
LaDyMn2O6,648531.0637323371
LaDySb,186040.13621940473
LaDyTe,147365.44695644433
LaDyTe2,83251.0397010763
LaDyTl,80737.14020365312
LaDyV2O6,319158.55459439696
LaEr(CoO3)2,348469.72106405813
LaEr(FeO3)2,808639.0504103528
LaEr(NiO3)2,177227.73618208827
LaEr(OsO3)2,95742.07019279529
LaEr(RuO3)2,128462.73358037359
LaErCo2,89449.08619412594
LaErCr2O6,492388.670570554
LaErMn2O6,651397.0802973622
LaErSb,168276.33846794858
LaErTe,155265.69184414367
LaErTe2,85379.31359827823
LaErV2O6,320395.38374084845
LaEu(CoO3)2,432989.3004486978
LaEu(FeO3)2,737260.9421098712
LaEu(GaO3)2,79785.93288929542
LaEu(NiO3)2,87661.07612855604
LaEu(RuO3)2,185738.5148337257
LaEu2As,214968.44431568228
LaEu2Bi,218579.83917793204
LaEu2Ga,127256.28501823875
LaEu2Ge,173641.4065171226
LaEu2Hg,81217.03332995548
LaEu2NbO6,807138.5776022424
LaEu2Pb,184583.67939451005
LaEu2Sb,212023.63171540538
LaEu2SbO6,832871.8857113032
LaEu2Sn,176601.44463596435
LaEu2Te,172383.96227247093
LaEu2Tl,133928.74250882256
LaEuAg2,297404.2894742587
LaEuAl4,515850.9424899378
LaEuAu2,307454.7626158396
LaEuB12,445613.85368962865
LaEuCd2,275834.8793825937
LaEuCr2O6,411585.18216912093
LaEuHg2,285707.61200143007
LaEuMn2O6,578568.1996347955
LaEuO3,111485.88860225512
LaEuPd2,330666.6365612777
LaEuPd6,394274.05104968074
LaEuPt2,336864.156168726
LaEuS2,636982.6544939581
LaEuTe,72769.33076984988
LaEuV2O6,240617.03847275508
LaEuZn2,312685.756585206
LaF2,158518.54749600252
LaFe2PbO6,687875.9426736081
LaFe3(BO3)4,686165.3134018366
LaFe4(BiO4)3,743727.9617026369
LaFe5Bi4O15,734617.0110972769
LaFe5H12,411266.6337306994
LaFe5H2,1076341.1788767686
LaFe5H7,963646.2136165455
LaFe6(CoB)6,539527.2026354695
LaFe8Si5,556748.4651854376
LaFe9Si4,581181.383838796
LaFeAs,280919.1420418616
LaFeAs2,235279.64757136686
LaFeAsO,450829.98578674806
LaFeAu2,336677.6592305391
LaFeBi,242876.09265691228
LaFeCuNi3,334898.8403894452
LaFeGe,375424.831231885
LaFeGe2,201451.39786098848
LaFeMoO6,385767.4953219568
LaFeNi4,405110.0954266825
LaFeO3,728887.4577819811
LaFePO,479615.02620819904
LaFePd2,364460.24285124
LaFePt,358989.4012764272
LaFePt2,422404.57967836503
LaFeRh2,468875.2507400894
LaFeSb,252938.58966306818
LaFeSbO6,447966.301244281
LaFeSi,208328.03942042837
LaFeSn,368762.0982331398
LaFeTe,130824.0080361213
LaFeTe2,266160.8191169111
LaFeTeO6,229481.37381650743
LaGa2Co3,66410.20034428623
LaGa2Fe,260600.737930057
LaGa2Tc,77029.12605360385
LaGa3Co10,584853.5007309536
LaGa3Fe10C,860269.6244859414
LaGa4Fe9C,704973.9459311784
LaGd(BrO)2,495391.0807573241
LaGd(ClO)2,573322.889197722
LaGd(CoO3)2,350405.6372656394
LaGd(CuSn)4,300019.02692222415
LaGd(FeO3)2,801250.5176609711
LaGd(NiO3)2,174479.58009461671
LaGd(RuO3)2,94583.801642163
LaGd2Au,137943.28602651187
LaGd2Te,63056.0631377035
LaGd2Tl,85198.87353367747
LaGd3,1612543.3254747905
LaGd3(BrO)4,733400.9649449765
LaGd3(ClO)4,885950.5723986669
LaGdAl4,536631.6923185581
LaGdB12,454845.892971986
LaGdC4,659679.2322063162
LaGdCd2,61169.13292985461
LaGdCo2,89801.7771851609
LaGdCr2O6,487582.80938098585
LaGdGa,64039.22858340248
LaGdHg2,51273.27673966206
LaGdIn,77020.4583309164
LaGdMn2O6,646288.0124876171
LaGdN2,947894.8823110881
LaGdSb,195583.5751849362
LaGdTe,135270.85820690403
LaGdTe2,76072.92954278801
LaGdTl,82556.52782218889
LaGdTl2,289681.7685668401
LaGdV2O6,317612.8005632349
LaGe2Mo,88923.2372284669
LaHSe3O10,75063.24161307713
LaHfHg2,100723.00944339784
LaHfO3,63369.46747099818
LaHfPb2,125135.72404929572
LaHfSb2,66698.74814523711
LaHfSn2,132454.72301831763
LaHo(CoO3)2,348358.3775068045
LaHo(FeO3)2,807239.6391216696
LaHo(NiO3)2,176960.35315917776
LaHo(OsO3)2,83820.93082741645
LaHo(RuO3)2,117706.24591056701
LaHo2Au,177530.75826580677
LaHo2Te,52697.422430407125
LaHo3Mn8O20,699507.8467085364
LaHoCd2,53317.07355969439
LaHoCo2,89077.2733466842
LaHoCr2O6,491223.5302930609
LaHoGa,65537.55756192953
LaHoIn,66930.94121958889
LaHoMn2O6,650130.0717256612
LaHoSb,175263.18195591887
LaHoTe,151322.17541250648
LaHoTe2,82687.78528557449
LaHoTl,69843.31136349447
LaHoV2O6,319836.8548876019
LaInNi5,76565.71608943141
LaIrRh,72093.1443923707
LaLu2As,105315.00628920084
LaLu2Ge,55741.87026603782
LaLu2In,147267.14061255552
LaLu2Sb,57585.17560788829
LaLu2Tl,75870.0729581937
LaLuCo2,90497.29244347129
LaLuSb,134073.86835441756
LaLuTe,170507.19702393276
LaLuTe2,87115.01101209735
LaMg(FeO3)2,735627.1335008153
LaMg14Cr,102483.87358057975
LaMg14Mn,104102.59076836893
LaMg14Mo,59455.647939146256
LaMg14V,84259.32486241843
LaMg2Cr3S8,283432.6323632225
LaMg2Mn3S8,371281.3821182813
LaMg2Mo3S8,263999.6845037432
LaMg2Ni9,110173.30268214081
LaMg2O4,101637.52367981207
LaMg2V3S8,187278.50906875695
LaMg6Cr,195594.39625594838
LaMg6Fe,112713.73153834762
LaMg6Mn,182622.8838408525
LaMg6Ti,84576.78900414715
LaMg6V,164036.8810344917
LaMgCoO3,133830.97918427494
LaMgCoSi,72714.53966902442
LaMgCr2O6,415368.0511700382
LaMgCrBiO6,143281.8235381244
LaMgCrMoO6,385835.8788407207
LaMgCrS4,169666.2227546502
LaMgCrSnO6,230613.34785700572
LaMgCrWO6,385085.41448360204
LaMgFeAs,237495.4639828282
LaMgFeNiO6,419724.4853355039
LaMgFeO3,314984.8690432114
LaMgFeSb,180228.48001391697
LaMgFeSnO6,220502.85533844022
LaMgMnCrO6,523759.2091485
LaMgMnO3,348676.27799184347
LaMgMnS4,222691.68984048924
LaMgMnTe,352185.18951994425
LaMgMoS4,164908.38579126904
LaMgNiO3,63670.0969275696
LaMgO3,143094.3766934129
LaMgS3,64997.23375566719
LaMgTiCrO6,81369.31393973423
LaMgTiS4,55509.383037235166
LaMgVS4,112586.6028677247
LaMgWS4,52530.45006409483
LaMn2BiO6,585367.1639950848
LaMn2CdO6,569799.5554618791
LaMn2Ni3,777874.7199300611
LaMn2O4,875132.544941713
LaMn2O5,677109.5787345759
LaMn2PbO6,554009.6776028728
LaMn2Pt,866616.6450502531
LaMn2ZnO6,589941.5334469401
LaMn3Cr4O12,1041079.6028942787
LaMn3Ni2,1048687.9204439458
LaMn3V4O12,841272.2965077088
LaMn4(BiO4)3,585845.971188772
LaMn4(CuO4)3,706905.8894363454
LaMn7O12,1211075.289885462
LaMn8Bi3O20,665179.2724411475
LaMnAl2,411538.75570061157
LaMnAlNi3,347995.265479032
LaMnAs,405796.5536803334
LaMnAs2,435195.1614465611
LaMnAu,436254.25058946095
LaMnAu2,446385.22965708707
LaMnBi,348490.00459283334
LaMnBi2,347197.3655404252
LaMnCrO6,169913.85808797163
LaMnCuGe2,351202.0706238652
LaMnFe3(BiO4)3,701371.2991786979
LaMnFeSi2,282888.9555492861
LaMnGa2,416146.42740243534
LaMnGe,479352.9412561443
LaMnGe2,398219.701725694
LaMnHg2,410450.5272512289
LaMnIn,390191.873116065
LaMnIr,600715.6609512279
LaMnIr2,576236.0629649798
LaMnNi4,461674.2945171579
LaMnO3,604635.3553568894
LaMnPd,476169.98601631983
LaMnPd2,517426.00623102597
LaMnPt,491722.7741079726
LaMnPt2,550792.1845106402
LaMnRh,588265.140581433
LaMnRh2,572729.5988756858
LaMnSb,370133.92651287565
LaMnSb2,366400.8248018957
LaMnSbO,500179.70208576
LaMnSi,502191.77012604993
LaMnSi2,238412.65563192967
LaMnSn,441614.99243548245
LaMnSn2,351520.54543036636
LaMnTe,264726.90101590334
LaMnTe2,344550.0603446893
LaMnZn2,466807.2778247855
LaMnZnCrO6,500176.82606676634
LaMnZnFeO6,662809.7377318045
LaMoO2,421342.71662378294
LaMoO3,188525.36686560337
LaMoPt2,370568.9764065921
LaN3O13,96672.20978714366
LaNO5,85776.5905925952
LaNO6,296922.04772931826
LaNb2CuBrO7,50215.21876378718
LaNb2CuClO7,50250.40003846716
LaNb2O4,154820.5823419469
LaNbAs,72025.85193954484
LaNbAs2,188516.0730191918
LaNbAu2,256437.52874238425
LaNbBi2,112461.31657042755
LaNbGa2,185297.50023956178
LaNbGe2,200536.9802146071
LaNbPd2,215780.13686779997
LaNbPt2,100381.65904503113
LaNbSb2,123749.04547262509
LaNbSi2,190396.4627636844
LaNbSn2,183730.3571307305
LaNd(CoO3)2,326297.96147760056
LaNd(FeO3)2,789591.4695178192
LaNd(NiO3)2,171478.57155850978
LaNd2Cd,110493.57755308025
LaNd2Hg,121165.29376922948
LaNd2Te,74049.99534067133
LaNd3Cr4O12,459759.9662069511
LaNd3Mn4O12,592599.1263086029
LaNdCr2O6,480290.6986084411
LaNdGa,50043.38033563784
LaNdHg2,61911.2152002881
LaNdMn2O6,614928.5349392586
LaNdSb,205768.8593832093
LaNdTe,162214.35536127782
LaNdTe2,66419.61093790863
LaNdTl,77254.23702626445
LaNdV2O6,313000.1635191309
LaNi2PbO6,234995.81104685974
LaNi3Rh2,108665.2447148138
LaNi4(BiO4)3,301655.1337649208
LaNi4Pt,185889.2190076724
LaNi4Rh,228016.0488441047
LaNi5,144487.2102051022
LaNiGe,65920.63078211527
LaNiO2,173114.28860263398
LaNiO3,167271.30717556327
LaNiPb,77466.92125628247
LaNiPt2,72396.7579843408
LaNiTe2,79623.23342049407
LaNp2O4,628393.9845763652
LaNp3,944980.6178954004
LaNpAs,562568.2178827523
LaNpAs2,385071.56906586187
LaNpAu2,436667.3336398496
LaNpBi2,341677.8076414602
LaNpGa2,400258.74133027747
LaNpHg2,442712.9592648906
LaNpIn2,363564.20659042324
LaNpIr,513619.3949760108
LaNpIr2,382058.2785130686
LaNpO3,397333.29847730894
LaNpPb2,386963.90352575545
LaNpPd2,477831.3178997544
LaNpPt,569543.359243378
LaNpRh2,398362.6959587135
LaNpSb2,337994.5263730191
LaNpSi2,427241.68735016655
LaNpTe2,454654.2498977677
LaOs2Rh,532615.0898417231
LaOsO3,101574.23524223187
LaP2H2(WO2)3,459731.4761127646
LaP3H3WO9,113366.15588538717
LaPa2O4,182567.86750152963
LaPaAl2,136244.01188076378
LaPaAs,208974.80393635444
LaPaAs2,140645.4183836431
LaPaAu2,130653.58500743043
LaPaBi2,148572.95206115086
LaPaGa2,134518.7471247593
LaPaGe,109800.6733225113
LaPaHg2,201911.75931347607
LaPaIn2,130985.87165597561
LaPaO3,184564.88657415085
LaPaPb2,200516.4544414285
LaPaPd2,75325.24746907996
LaPaPt2,99568.2784578501
LaPaSb2,139048.0884535832
LaPaSi,89013.38541799971
LaPaSn2,198701.6400585472
LaPaTe,233757.3141405125
LaPaTe2,105135.81549588045
LaPbO3,50986.14907948327
LaPd2Ru,119690.53837406798
LaPm(CoO3)2,337124.35320044344
LaPm(FeO3)2,793211.8521274504
LaPm(NiO3)2,172603.15459471667
LaPm2Au,70252.68285420418
LaPm2Cd,114104.79550165634
LaPm2Hg,127333.56440063438
LaPm2Te,76104.76225668202
LaPmCd2,61991.834567491074
LaPmCr2O6,482549.7828348683
LaPmGa,54000.944726592104
LaPmHg2,59455.51790715203
LaPmIn,72751.01482492205
LaPmMn2O6,638778.4914345155
LaPmSb,203067.68445740387
LaPmTe,110233.74120071412
LaPmTe2,71214.02689825371
LaPmTl,79952.15796289695
LaPmV2O6,314435.53702170897
LaPr(CoO3)2,333247.6431662461
LaPr(CoP)4,135246.19234857327
LaPr(FeO3)2,785545.3684349917
LaPr(NiO3)2,170321.8369599708
LaPr2Cd,103748.62292731376
LaPr2Hg,113745.2559016396
LaPr2Te,72934.64671653538
LaPr3(CoP)8,200276.5806770006
LaPr3Mn4O12,597855.609718271
LaPrCr2O6,465399.9906786235
LaPrHg2,62424.77352127465
LaPrMn2O6,612212.3300193069
LaPrPd,57696.3487360049
LaPrSb,206774.1177697023
LaPrTe,104460.60778680613
LaPrTe2,65239.69963624031
LaPrTl,74134.81190704055
LaPrV2O6,311486.0390507004
LaPu2As,1250798.2311565473
LaPu2Au,1163332.58090658
LaPu2Bi,1140167.0671927934
LaPu2Ga,1242184.3628933276
LaPu2Ge,1253775.8837448054
LaPu2O4,681026.7893572612
LaPu2Pt,1184363.73651349
LaPu2Rh,1176934.6345241992
LaPu2Sb,1256620.8677885088
LaPu2Si,1259723.1958073447
LaPu2Sn,1161673.593526668
LaPu2Te,1144868.0704555677
LaPu3,1313845.9923032662
LaPuAg2,584474.2754720204
LaPuAl2,495868.52012426
LaPuAs,800240.2794943041
LaPuAs2,482968.63810596033
LaPuAu2,560309.9274833538
LaPuBi2,430573.7376753619
LaPuCd2,570566.4009015427
LaPuGa2,539533.5526999916
LaPuGe,744981.3249990437
LaPuGe2,551189.7837395376
LaPuHg2,524760.0158554827
LaPuIn2,508157.0343660621
LaPuIr,677069.9110126918
LaPuIr2,506048.1843889979
LaPuO3,516162.16758198943
LaPuPb2,467641.8245260976
LaPuPd2,610272.6329136401
LaPuPt,701476.711740569
LaPuSb2,434615.3452422203
LaPuSi,720315.1302520824
LaPuSi2,573571.5806295904
LaPuSn,664432.2770930157
LaPuTe,715381.858637169
LaPuTe2,538983.8193343426
LaPuTl2,513204.7894161687
LaPuZn2,613964.6370803383
LaReO3,257969.04477666668
LaRu2PbO6,181185.95152222802
LaRuO3,98823.2936585781
LaRuPt2,102209.1694733694
LaSc2Al,132867.2941107241
LaSc2CdO6,70672.27815829859
LaSc2Hg,295542.32716570824
LaSc2In,50655.98428249442
LaSc2Tl,61433.40014714246
LaSc2ZnO6,71073.58017939453
LaScAs,76843.62206600282
LaScBi,160732.80846763676
LaScCd2,50961.6342507785
LaScCo2,81634.80805695867
LaScGe,50615.35350623106
LaScIn,65013.2791068126
LaScPb,83207.5192385425
LaScSb,250823.37117867306
LaScSn,81718.18331961297
LaScTe,197855.30232038823
LaScTe2,127816.17064589409
LaScTl,63347.10607293731
LaSe,63881.28641455112
LaSi(HO2)2,92003.3227668356
LaSiIr2,104766.28648936868
LaSiNi,97748.12692161894
LaSiO4,110933.39174249239
LaSm(FeO3)2,795589.1866798598
LaSm(NiO3)2,165588.64286647973
LaSm(RuO3)2,61130.80523726391
LaSm2Au,103534.90319476416
LaSm2Hg,132206.70413795166
LaSm2Te,69936.84926009302
LaSm3(FeO3)4,759935.0913732749
LaSmCd2,64414.499417581006
LaSmCo2O5,456701.2131418002
LaSmCr2O6,473686.9884822307
LaSmGa,57861.40910535791
LaSmHg2,57462.89456700405
LaSmIn,74478.96234296756
LaSmMn2O6,640722.2888490182
LaSmNi2O5,309356.85338351893
LaSmSb,202459.03989663647
LaSmTe,113171.33668284494
LaSmTe2,73153.3302815328
LaSmTl,81632.41465746077
LaSmV2O6,315371.31664876005
LaTa2CuClO7,52451.48232630542
LaTa2O4,94098.4780939022
LaTaAs2,163410.61669681943
LaTaCrO6,157402.29671530952
LaTaFeO6,299775.0106963226
LaTaGa2,157067.98218898475
LaTaGe2,157198.13165781612
LaTaPd2,109169.71239738108
LaTaSn2,153128.66331543183
LaTaZnCrO6,140703.4254960564
LaTb(CoO3)2,349457.60411027214
LaTb(FeO3)2,803509.8479979767
LaTb(NiO3)2,175332.04324249594
LaTb(RuO3)2,103591.84844483988
LaTb3,172277.74778765425
LaTb3(Mo2O7)2,254067.20555374838
LaTbCd2,59129.33666512164
LaTbCr2O6,488891.6622769368
LaTbGa,66638.1968474953
LaTbMn2O6,646984.7295977465
LaTbTe,69848.21894446018
LaTbTe2,81139.63991977785
LaTbV2O6,318426.08955610567
LaTc2PbO6,257080.26303435367
LaTcAs,197943.2231503583
LaTcO3,255206.2567894086
LaTcPt2,268696.408797084
LaTcTe,95661.40227080796
LaTcTe2,187086.74943915024
LaTe,73540.0994700578
LaTe2Mo,94496.05996543996
LaTe2Ru,267941.7632033222
LaTe2W,91398.95715589722
LaTeRu2,115944.33565376667
LaTh4OF19,53583.4234679105
LaThUS5,134498.4727079982
LaTi2Ge,226656.78636316868
LaTi2O6,76209.05220033087
LaTi2Si,232874.76420279857
LaTi2Sn,216401.47673479636
LaTi6O12,83072.94415893534
LaTiAl2,108863.50991640068
LaTiAs,203601.06752853666
LaTiAs2,148755.46036760777
LaTiBi,188697.32774675495
LaTiBi2,167512.2600856819
LaTiCrO6,82902.8541144105
LaTiGa2,100674.58311200658
LaTiGe,166003.77356569312
LaTiGe2,213059.33367170725
LaTiHg2,204022.25776515043
LaTiIr,89055.41932780578
LaTiNiO4,103104.83487940225
LaTiO3,105931.97173080718
LaTiPb2,207739.95122346006
LaTiPd2,175534.56716157479
LaTiPt,173255.55205275584
LaTiPt2,159452.35543886237
LaTiRh,189226.17545435604
LaTiS3,60466.826596471685
LaTiSb2,162306.90571826635
LaTiSi,236509.64802682854
LaTiSi2,222729.0433406221
LaTiSn,234038.66076780503
LaTiSn2,209203.63829702322
LaTiTe,323844.1208717321
LaTiTe2,89090.21223991367
LaTiTl2,142801.63829441083
LaTiZnCrO6,80261.21328671598
LaTiZnFeO6,77685.24800169791
LaTl(SO5)2,75179.91999346207
LaTlNi,52747.08103891258
LaTm(CoO3)2,348754.999463468
LaTm(FeO3)2,805069.1587629922
LaTm(NiO3)2,178026.4263440216
LaTm(OsO3)2,102523.65123383886
LaTm(RuO3)2,130661.52863513674
LaTm2As,111099.09725817786
LaTm2Au,185412.9318796005
LaTm2Pt,60770.66609506953
LaTmCo2,90048.42708848974
LaTmCr2O6,494807.6490101074
LaTmMn2O6,655055.8146884806
LaTmSb,155543.25417633104
LaTmTe,158836.60287153447
LaTmTe2,86450.99038046891
LaTmV2O6,321366.4035674434
LaU2O4,468790.6303832273
LaU2O6,225366.9740605022
LaU2S5,260897.6857001295
LaU3,382142.88095493696
LaU3C8,55389.03113598466
LaUAl4,195369.8434166266
LaUAs,411742.53820078797
LaUAs2,270392.5164161619
LaUAu2,313110.15564575983
LaUBi2,242995.13336740973
LaUGa2,283898.24763469526
LaUGe2,306087.27951163746
LaUIr,378562.7625313451
LaUIr2,238135.72033007478
LaUN2,190459.7840333968
LaUO3,297459.1423837229
LaUO4,111334.16869463286
LaUPt,431813.12049563887
LaUPt2,300688.685837484
LaUS2,268865.84815758176
LaUSb2,241544.37083238325
LaUSn2,293051.7281566445
LaUTe2,336159.60456290666
LaUTe6,91628.5452694037
LaV,531725.9008822992
LaV2CdO6,236424.17493889743
LaV2O2,520081.7450926734
LaV2O4,513528.64422506304
LaV2PbO6,231242.84072146853
LaV2ZnO6,238781.17858732375
LaV3TeO15,174072.096073953
LaVAs,510024.6182667793
LaVAs2,230423.98862521045
LaVAu2,389114.26809586963
LaVBi,508732.5547078508
LaVBi2,212208.58952834216
LaVCrO6,166443.10763000042
LaVGa2,362320.3500137623
LaVGe2,317521.8090461546
LaVO3,287614.6014088888
LaVPd2,382881.73780504905
LaVPt,455059.6992155803
LaVPt2,364047.05347485456
LaVS3,187290.86955067777
LaVSb,524615.4525878511
LaVSb2,199788.28143434427
LaVSb3,70479.83483214484
LaVSi2,323541.78601868416
LaVSn2,281894.47343275644
LaVTe,460656.193344374
LaWO2,426904.1640311932
LaY(Co4B)2,409848.87738192047
LaY(CoO3)2,347145.7120705312
LaY(FeO3)2,803197.2218139851
LaY(MnSi)2,217361.6274909171
LaY(MnSi)4,501893.9591873933
LaY(NiO3)2,175612.77430864522
LaY(RuO3)2,110721.84055926203
LaY(SbO3)2,54305.33645276316
LaY2As,102594.0467240758
LaY2Au,180542.51230867708
LaY2Hg,224258.50347562958
LaY2In,143092.52687254763
LaY2Pb,56665.19458733572
LaY2Pd,88254.30292053087
LaY2Te,63959.86929200466
LaY2Tl,126001.40518907378
LaY3(MnSi)4,322215.75257329294
LaY3Ti4O12,154546.80517980648
LaYAl,66106.48044734154
LaYCd2,57766.17939104958
LaYCdIn,101234.09013229111
LaYCo10,797934.8289475826
LaYCo2,93008.99742576832
LaYCr2O6,488774.2039442103
LaYFe2(AsO)2,466986.1020122553
LaYGa,67693.9020458251
LaYIn,69698.09306310574
LaYInHg,79189.46597852404
LaYMn2O6,638046.2248854049
LaYNi10,214692.06361707652
LaYSb,117195.32083331168
LaYTe,90003.93980662474
LaYTe2,93504.53162847205
LaYTi2O6,75724.80190345965
LaYTl,73933.31753820015
LaYV2O6,318275.24073917395
LaYb(CoO3)2,429158.8240672347
LaYb(FeO3)2,747643.759062039
LaYb(GaO3)2,80129.87524859137
LaYb(NiO3)2,90197.42487179143
LaYb(RuO3)2,192227.89661367016
LaYb2As,131906.6695854911
LaYb2Bi,167985.81139739582
LaYb2Cd,80708.7677335872
LaYb2Ge,54713.41708125762
LaYb2Hg,84438.17828046378
LaYb2O4,76168.27350290994
LaYb2Pb,156386.46420373188
LaYb2Sb,164790.7673485677
LaYb2Sn,136692.0094875081
LaYb2Te,161391.72082529162
LaYbCr2O6,416855.7878919289
LaYbMn2O6,587060.7165526095
LaYbO3,99482.65014223059
LaYbSc2O6,65202.947828462864
LaYbTe,65717.70494408712
LaYbV2O6,243788.5330176501
LaZn(CoO3)2,426905.7346643808
LaZn(FeO3)2,740991.8523645289
LaZn(NiO3)2,88992.82478634194
LaZnCr2O6,415679.40149976034
LaZnCrFeO6,573515.4750353822
LaZnCrMoO6,382531.96281612566
LaZnCrSnO6,76687.17245808126
LaZnCrWO6,371843.51560930384
LaZnFeBiO6,276239.7841240263
LaZnFeCuO6,156559.7599299282
LaZnFeMoO6,443690.49934944377
LaZnFeNiO6,418381.713673613
LaZnFeSbO6,339958.2193748914
LaZnFeSnO6,208762.05482799857
LaZrAs,64116.8773043506
LaZrAs2,95797.20384574066
LaZrAu,143032.4543621343
LaZrAu2,56862.35784039787
LaZrBi,113155.72441195037
LaZrBi2,117127.2833265979
LaZrGe2,132375.8687431421
LaZrO3,56236.63792175255
LaZrPb2,162574.7269257447
LaZrPd,121544.90102095935
LaZrRh,53808.245952326055
LaZrSb,96486.56188672423
LaZrSb2,107135.81449708066
LaZrSn2,167200.4938728842
Li14Ce5Si11N19O7F2,69418.52971252336
Li17La12Zr8O48,90674.24548766913
Li19La12Zr8O48,73808.45013376337
Li2Ce2O5,147578.00572310615
Li2Ce2Si3,125939.63399084228
Li2CeGa,64248.20110571789
Li2CeIn,52747.882902699814
Li2CeN2,140269.60866179122
Li2CeO3,126061.55901391197
Li2CeO4,317190.33654810616
Li2CePb,66712.2501994356
Li2CeSn,70698.08145887312
Li2CeTl,53606.656410683776
Li2Dy2O5,169558.44477178587
Li2DyO3,142055.9340120258
Li2DyO4,336453.30968031095
Li2Er2O5,204323.80416941564
Li2ErO3,144242.55746089734
Li2ErO4,338786.1036465155
Li2Eu2O5,185820.85154855938
Li2Eu5O8,190737.985640059
Li2Eu5Sn7,811846.204520811
Li2EuGe,424019.8997827937
Li2EuIn,354660.40851599467
Li2EuO3,286304.03670758713
Li2EuO4,460045.71771558584
Li2EuSn,376442.01759172115
Li2Gd2O5,165203.92041158184
Li2GdIn,408261.904096228
Li2GdO3,138078.0547446164
Li2GdO4,332520.76505877526
Li2GdTl,412362.0852430742
Li2Ho2O5,171259.64206208213
Li2HoO3,143376.3411314279
Li2HoO4,339429.34577537706
Li2La2O5,123184.45077915731
Li2LaO3,127497.7308433852
Li2LaO4,326648.1236043737
Li2LaPd,81947.79319886456
Li2Lu2O5,177611.5433631317
Li2LuO3,148860.2374710655
Li2LuUS4,174669.24888513229
Li2LuZn,74597.31619660757
Li2Nd2O5,154142.5569844279
Li2NdO3,130355.60352163707
Li2Pm2O5,157478.19486512826
Li2PmO3,132330.2649271966
Li2Pr2O5,149753.0758728557
Li2PrF6,90314.76654411042
Li2PrO3,122545.08528432305
Li2Sc2O5,173196.77299579905
Li2ScFe(SiO3)4,207982.18184881384
Li2ScO3,161872.75234924667
Li2Sm2O5,159564.9416955954
Li2SmO3,133635.3404912404
Li2Tb2O5,167542.72823237028
Li2TbF6,99528.2498246971
Li2TbO3,140462.10220657758
Li2Tm2O5,176034.6440530786
Li2TmO3,146303.24952529318
Li2Y2O5,167842.89467074058
Li2YO3,141554.3109711677
Li3Ce,233283.59123905696
Li3Ce2(BO3)3,101336.21247248341
Li3Ce2(MoO4)3,122829.002194265
Li3Ce2(WO4)3,122656.36820776088
Li3Ce2Cr3O12,124900.44682314701
Li3Ce3Nb2O12,72481.98637656998
Li3Ce3Ta2O12,72684.61447320097
Li3Ce3V2O12,77142.33348301107
Li3Eu,632728.9340021468
Li3Eu2(BO3)3,107333.63225606181
Li3Eu3(HgO6)2,113730.9810705909
Li3Eu3(TeO6)2,648244.7797540338
Li3Gd,852553.4558177872
Li3Gd(NO3)6,176496.1551981307
Li3Gd3(TeO6)2,397032.08321619616
Li3GdO3,801448.4396131056
Li3La7(FeO8)2,200843.91189168658
Li3La8Ti9Cr3O36,117804.24443391124
Li3LaNiO4,180191.68046682823
Li3Nd2(N3O10)3,94729.5183077239
Li3Pm,52691.24442542431
Li3Sc2(MoO4)3,141900.83004189128
Li3Sc2(WO4)3,141765.49900736412
Li3Sc3(BiO6)2,82719.09952729775
Li3Sc3Nb2O12,88218.80747024505
Li3Sc3Ta2O12,88477.71492772648
Li3Sm,51555.61948688031
Li3Y(NiO3)2,153395.31652463548
Li3Y2(MoO4)3,131338.34804839062
Li3Y2(WO4)3,131544.1616570372
Li3Y3(BiO6)2,74375.05619527596
Li3Y3Nb2O12,79192.33204261035
Li3Y3Ta2O12,79389.33842982339
Li3Y4Ti4(S2O5)2,62429.87437770959
Li3Yb3(MoO6)2,122807.90350974226
Li3Yb3(WO6)2,121936.94957963865
Li3Yb3Cr2O12,130851.77465498883
Li4CeCrO6,73682.09027466564
Li4CeOsO6,212074.85579990078
Li4CeTcO6,142312.67233248285
Li4CeUO6,64287.837629184265
Li4DyCrO6,79830.80716859335
Li4DyOsO6,229011.20648701212
Li4DyTcO6,153152.3635514292
Li4DyUO6,69270.11376263911
Li4ErCrO6,80758.21436600444
Li4ErOsO6,231775.59914641068
Li4ErTcO6,155396.17408093554
Li4ErUO6,70056.11967447586
Li4Eu2O5,134953.2108079096
Li4GdCrO6,78272.95485384054
Li4GdOsO6,225930.88014484957
Li4GdTcO6,151256.93514503667
Li4GdUO6,68538.7233225929
Li4HoCrO6,80279.45278172717
Li4HoOsO6,230509.59378213107
Li4HoTcO6,155816.88472934702
Li4HoUO6,69594.68924953358
Li4PrCrO6,74618.22592519259
Li4PrOsO6,215038.42054304798
Li4PrTcO6,144239.4925631879
Li4PrUO6,64895.63337261241
Li4ScCrO6,86774.29476985462
Li4ScFe3(SiO3)8,316893.4519963906
Li4ScOsO6,247580.26054821876
Li4ScTcO6,165755.11869349965
Li4ScUO6,73977.61269971337
Li4SmCrO6,76847.44091472444
Li4SmOsO6,221899.1736306401
Li4SmTcO6,148650.33820992016
Li4SmUO6,67376.53334446262
Li4TbCrO6,79035.8365650771
Li4TbF8,71947.66847289701
Li4TbOsO6,227362.56501700447
Li4TbTcO6,152339.67208105116
Li4TbUO6,68919.23172539221
Li4Y3VO8,96143.69185105163
Li4YCrO6,79404.30463791979
Li4YOsO6,228260.2036905728
Li4YTcO6,152636.14349169092
Li4YUO6,68998.18109830288
Li5Sc2Fe3(SiO3)10,251280.11474999858
Li6Ce2O7,97883.14118255807
Li6Dy2O7,108503.33083207549
Li6Er2O7,108702.55591141591
Li6Eu(BO3)3,279129.8512916804
Li6Eu2O7,222982.8733458435
Li6Gd2O7,105687.97771198943
Li6La2O7,98392.58473970312
Li6Nd2O7,101598.24787305949
Li6Pm2O7,102479.03577587835
Li6Pr2O7,100054.08431304684
Li6Sc2O7,123777.10793683732
Li6ScFe5(SiO3)12,353585.446828148
Li6Sm2O7,103265.98683221669
Li6Tb2O7,108707.76816659121
Li7CeO6,123343.53731643438
Li7DyO6,130518.68248452505
Li7ErO6,131561.15765340827
Li7Eu8Si4Cl7O16,756183.5829237154
Li7EuO6,190649.60322699454
Li7GdO6,128986.1528808795
Li7LaO6,124676.14245826704
Li7LuO6,133924.4993906453
Li7PmO6,126567.91743197375
Li7ScO6,140928.26513115678
Li7SmO6,127344.52637588311
Li7TbO6,129758.23523062906
Li7TmO6,132332.65040377414
Li7YO6,129856.79355247774
Li8CeO6,60553.546260240815
Li8DyO6,65363.65838879286
Li8Er4O11,71302.51664012283
Li8Eu4O11,184365.21458022523
Li8EuO6,127844.19263336092
Li8EuSn7,178809.45773389496
Li8HoO6,65635.20080745596
Li8LaO6,61054.44738852295
Li8Lu4O11,73694.9616309239
Li8LuO6,66003.0613718239
Li8NdO6,62274.313193389775
Li8PmO6,62855.306535291325
Li8PrO6,61314.271020759625
Li8Sc4O11,80415.86742639152
Li8Sc5Fe3(SiO3)16,155281.33561229068
Li8ScFe7(SiO3)16,385685.92279399245
Li8ScO6,62208.274317443866
Li8SmO6,63287.506732083784
Li8TbO6,64996.23281320884
Li8Tm4O11,54144.780921856014
Li8TmO6,66150.75642764586
Li8YO6,65150.21450979822
Li9La12(SnO6)8,155658.8464134631
LiCe(MoO4)2,57332.83469678457
LiCe(WO4)2,56942.2678220751
LiCe10(Pb3O)2,231377.49626377237
LiCe2O3,283260.50295080786
LiCe2Pb,105538.58805780843
LiCe3,245243.87278013045
LiCeAu,106419.85072900985
LiCeHg,63681.60784221594
LiCeMg6,66490.16585371291
LiCeO3,249770.26019924233
LiDy2Mn4O8,874566.2232024546
LiDy2Nb2O8,50533.71717648169
LiDy3,52927.03739038434
LiDyGa,60653.61815284023
LiDyHg,58015.67705590203
LiDyO3,317345.34027381253
LiDyTl,107759.43711657927
LiEr3,53871.31452085509
LiErGa,128243.41938908484
LiErO3,312702.05140951986
LiEu(MoO4)2,350125.9084926726
LiEu(SO4)2,174900.24644759524
LiEu(WO4)2,351928.03952152736
LiEu2Cd,527408.7555994878
LiEu2CoO4,1363293.9724881842
LiEu2Cr2O8,761180.9744650049
LiEu2Ga7,647694.3101304481
LiEu2Hg,555319.1375738182
LiEu2IrO6,127214.95354352039
LiEu2RuO6,1177778.8870865293
LiEu2Tl,522635.8734440904
LiEu3,1342866.0772265405
LiEu3O4,86318.85944195674
LiEuF2,999881.9188045593
LiEuGa,91772.02466882463
LiEuGe,56651.29224187136
LiEuIn,80025.30453846895
LiEuO2,176240.04558022248
LiEuO3,421409.54678735824
LiEuP,1062264.7939009261
LiEuSi,112931.5452741507
LiEuSn,93814.37672758555
LiEuTiO4,113676.27064972004
LiEuTl,64421.42448925544
LiEuTl2,312845.20182748156
LiEuYFeO6,780842.8515534039
LiEuYO2,756223.9795031056
LiGd(MoO4)2,421921.93315274926
LiGd(SO4)2,371498.7063346307
LiGd(WO4)2,416202.29553582927
LiGd2Al,710750.0550835013
LiGd2Ga,739142.8688394288
LiGd2In,652410.08506895
LiGd2Rh,150916.48877256428
LiGd2Tl,689382.4403815058
LiGd3,1831130.316474602
LiGdAu2,420920.2674230469
LiGdGa,100152.61300881268
LiGdHg,57125.14579035351
LiGdHg2,377707.7854396211
LiGdIn,51018.70368592875
LiGdIn2,55901.01270562453
LiGdO2,1194477.4158134097
LiGdO3,325569.9456883926
LiGdS2,776825.8396906643
LiGdSe2,675358.1845228814
LiGdTl,101084.32302411985
LiGdTl2,322337.8409014506
LiHo2O3,108966.94401056808
LiHo2Ta2O8,60174.40639306953
LiHo3,55123.692357169006
LiHoHg,53395.45908195317
LiHoO3,309701.8183123456
LiHoTl,109759.18045812417
LiLa(C2O5)2,80197.2700211889
LiLa2Co2Sb2(PbO6)2,162078.2758991147
LiLa2Fe2(TeO6)2,328384.4256400983
LiLa2IrO6,152268.86037784777
LiLa2Mn3O9,537805.4373594308
LiLa2MoO6,74788.29691582444
LiLa2OsO6,225789.14911883057
LiLa2ReO6,150174.93497271035
LiLa2RuO6,229268.26011306504
LiLa2Te,72286.19134186333
LiLa2Ti2CrO9,156265.59767582302
LiLa2Tl,76740.00258159879
LiLa3MnO7,183754.32096622998
LiLa3Ti3CrO12,137653.90314432775
LiLa4Ga2(FeO6)2,318172.9270316829
LiLa4Ni3WO12,244885.45948192297
LiLa4NiO8,51878.34577521786
LiLa6Mn3O14,345519.29968899424
LiLa8Cu3O16,50712.24887387217
LiLaCoBi,78059.80514282857
LiLaFeTe,198669.03599594667
LiLaHg,71652.17576859455
LiLaMn4O12,700305.0663747768
LiLaO3,290302.0068142336
LiLaTi4O12,161727.3042825719
LiLaTiPd,102427.88310829547
LiLaZrPd,58313.06631532732
LiLu2O4,95771.09908523789
LiLu4(CoO3)4,454458.4033317724
LiLuAlCo,78495.70768283462
LiLuAlFe,136961.2615690432
LiLuCoBi,81975.14462720757
LiLuCoSi,52482.40447191173
LiLuCrAs,422274.61096849956
LiLuCrGa,569880.9868551772
LiLuCrGe,516688.1367204169
LiLuCrIn,554549.0695306554
LiLuCrSb,367775.1254289864
LiLuCrSi,530830.4736589772
LiLuCrSn,460779.38809153193
LiLuFeAs,155588.17334504222
LiLuFeBi,130416.18868546566
LiLuFeGe,294205.98260079673
LiLuFePb,235006.898462908
LiLuFeSb,153907.69738682458
LiLuFeSi,307365.1451994238
LiLuFeSn,254381.17662019917
LiLuFeTe,114958.31987773177
LiLuGa,65865.56604521102
LiLuGaCo,91721.92785622505
LiLuGaFe,335234.5174097919
LiLuInFe,311774.49099308957
LiLuIr2,73782.02837511004
LiLuMnAl,486936.09571196325
LiLuMnAs,308699.825438218
LiLuMnBi,252928.42814508485
LiLuMnGa,504361.19289257465
LiLuMnGe,419962.4926528097
LiLuMnIn,454475.874901017
LiLuMnPb,359638.07530459977
LiLuMnSb,285417.4279556839
LiLuMnSi,441761.3913442268
LiLuMnSn,369498.5102740107
LiLuO3,387860.49699200067
LiLuRh2,52148.41127513611
LiLuTiNi,180015.73415411336
LiLuTiPd,135473.73364384068
LiLuTlCo,81969.98437240167
LiLuZnFeO4,380630.99614716286
LiNd(C2O5)2,82869.02478769606
LiNd(FeO3)4,800814.9029208628
LiNd2IrO6,155451.39146344247
LiNd2O4,77636.90982209734
LiNd2O6,102369.56266496795
LiNd2OsO6,231086.75579995516
LiNd2RuO6,225915.83097251205
LiNdAu,100898.23094688937
LiNdHg,63775.40367776651
LiNdO3,296033.9403236264
LiNdTi4O12,159549.98513708793
LiPm2O4,79974.50515994914
LiPmHg,61882.06607131837
LiPmO3,272221.9415655355
LiPr(GeO3)4,168748.0582364657
LiPr2(BrO2)2,52466.418935012385
LiPr2IrO6,153768.667318311
LiPr2O4,75224.4682779657
LiPr2OsO6,228668.66946702512
LiPr2Pa2O8,50905.86422721256
LiPr2RuO6,222257.55383647446
LiPr2Zn2(PO)2,54800.79766308005
LiPrAu,52383.948367220066
LiPrHg,64597.9164913814
LiPrO3,290904.4986715039
LiPrPCO7,56091.48262674224
LiPrRh,59256.518641089446
LiSc2Al2(CO)2,81014.99561884305
LiSc2As,139082.3912869739
LiSc2Bi,119314.36047488444
LiSc2Ge,136131.6783150869
LiSc2O4,109491.90761046541
LiSc2Pb,129573.74294903953
LiSc2Sb,114101.3792552225
LiSc2Si,112309.70039155976
LiSc2Sn,107157.63490845825
LiSc4(FeO3)4,780233.2611227328
LiScAlCo,53150.2658122779
LiScAlCr,650562.150652707
LiScAlFe,210983.04120419972
LiScCoPb,50485.615332626694
LiScCrAs,458666.6139119897
LiScCrGa,615816.8932632839
LiScCrGe,578478.1290462499
LiScCrIn,612569.7103693564
LiScCrSb,399331.5960273767
LiScCrSi,560811.9670006785
LiScCrSn,512319.2636618479
LiScCu2,51272.404812688736
LiScFeAs,170940.22574612784
LiScFeBi,198018.8456181897
LiScFeGe,312859.39898119046
LiScFePb,234396.90425452392
LiScFeSb,148899.54961885602
LiScFeSi,311883.09064131044
LiScFeSn,269929.0898095506
LiScGa,72788.20289788196
LiScGaCo,75991.66776896827
LiScGaFe,234354.41005687913
LiScHg,109479.81068301418
LiScInCo,117173.73187729894
LiScInFe,240272.25632370458
LiScIr2,58030.32732238173
LiScMnAl,531137.5458820837
LiScMnAs,328022.52593600575
LiScMnBi,259938.8096898335
LiScMnGa,564196.3037958491
LiScMnGe,461746.0732627632
LiScMnIn,482846.6367173954
LiScMnPb,374722.2050371984
LiScMnSb,290533.79516629013
LiScMnSi,514260.6594185549
LiScMnSn,405057.7886607528
LiScO3,349483.44612637995
LiScTiAs,443324.7975510878
LiScTiBi,256886.90142108616
LiScTiGa,381673.0219081352
LiScTiGe,463585.0308392121
LiScTiIn,247754.04171260126
LiScTiPb,250561.05408856392
LiScTiPd,140468.86918303088
LiScTiSb,396758.2746691574
LiScTiSi,472066.3649258471
LiScTiSn,409883.1057730692
LiScTlCo,99034.5048537348
LiScVAs,572809.8946191826
LiScVGa,439573.52068287303
LiScVGe,565055.5665209438
LiScVSb,498421.23360629525
LiScVSi,502508.6502225645
LiScVSn,509030.83892213186
LiSm(C2O5)2,84795.19199715379
LiSm(FeO3)4,802299.3109287414
LiSm2Cr2O8,157107.38551936136
LiSm2IrO6,158667.47800646067
LiSm2O4,81537.11623608701
LiSm2OsO6,236246.23577141826
LiSm2RuO6,230836.08710397163
LiSm4(Mo2O7)2,276286.85628609627
LiSm4V4O12,331948.86217398936
LiSmAlF6,62589.396843608134
LiSmHg,58997.48441035002
LiSmO3,275358.49315593415
LiSmTl,82304.26126723709
LiTb2(PO4)2,56829.78908806228
LiTb2O4,86752.24296519684
LiTb2RuO6,238017.29931478814
LiTb3,67775.97017328434
LiTb4Al2(FeO6)2,348911.5583651445
LiTbO3,321320.32448459906
LiTbPrNiO6,239586.01341310955
LiTm2(ClO)2,56595.746593420285
LiTm2O4,98484.33014758729
LiTmGa,130278.83324999579
LiTmO3,316507.8204726205
LiTmU2S3O2,324042.95378877164
LiY2(FeO2)4,828446.1641052591
LiY2Bi,59008.5268344135
LiY2O4,87901.3283057862
LiY2Sb,62991.835756917986
LiY2Sn,65448.44262096699
LiY5(MoO6)2,139438.0408795193
LiYAlFe,169848.04744435658
LiYCoGe,118550.36524380089
LiYCoPb,106007.78802147383
LiYCoSi,91019.69528461542
LiYCoSn,113091.35990444756
LiYCrAs,404594.4224384116
LiYCrGa,563869.6832533444
LiYCrGe,493080.017234297
LiYCrIn,535293.4794236246
LiYCrSb,353837.9530533736
LiYCrSi,518099.0199558573
LiYCrSn,447644.1398068585
LiYFeAs,159034.14769098285
LiYFeBi,124727.09953979235
LiYFeGe,281417.6446083813
LiYFePb,237977.28249017126
LiYFeSb,175009.53130960616
LiYFeSi,293964.09104886133
LiYFeSn,254952.99528084838
LiYFeTe,108651.71127162653
LiYGa,62913.57746969276
LiYGaCo,104514.43277554533
LiYGaFe,360504.8143258792
LiYHg,65529.92496669719
LiYIn,50902.08253606361
LiYInFe,333653.2349035546
LiYIr2,72633.57547501197
LiYMnAl,479622.14672387205
LiYMnAs,307842.1236814272
LiYMnBi,241200.25421832982
LiYMnGa,496383.56547438074
LiYMnGe,383245.4530759072
LiYMnIn,432296.4877814301
LiYMnPb,346339.02251093276
LiYMnSb,289334.75778619613
LiYMnSi,421957.8546869012
LiYMnSn,357618.3177098316
LiYO3,328000.8455708254
LiYTiPd,98818.19615139576
LiYTiPt,108691.65432495836
LiYTl,54372.74681708634
LiYTlCo,153348.42246272473
LiYVRh,286911.00085141277
LiYb(WO4)2,65092.86017521728
LiYb3,147362.1018167748
LiYbNbO3,82775.07533158746
Lu(Al2Cr)4,105292.19782846076
Lu(Al2Fe)4,254771.90267466017
Lu(ClO2)3,94392.82085688444
Lu(Co2Ge)2,57197.040649432776
Lu(CrSi)2,135317.36819240637
Lu(CuO2)2,127817.6895150307
Lu(FeB)2,385177.8411256389
Lu(FeGe)6,567302.8512577482
Lu(FeO2)2,986138.8258751594
Lu(FeSn)6,519282.2818138001
Lu(GaFe)6,556731.076580475
Lu(MnAl)6,349525.4167839566
Lu(MnAl2)4,354608.3313506378
Lu(MnGa)6,561367.4285168627
Lu(MnGe)2,454985.2186900463
Lu(MnGe)6,572726.821916928
Lu(MnSi)2,536864.6859419516
Lu(NiO2)2,352901.6716061814
Lu(OsO2)2,106554.03494853042
Lu(PbO2)2,77492.94272852142
Lu(PdO2)2,300517.91251304955
Lu(PtO2)2,235980.0749193963
Lu(RuO2)2,108041.71091726258
Lu(TcO2)2,318412.5421420946
Lu10Mn13C18,86640.2818059777
Lu2Ag2O5,66684.53278137541
Lu2Al3Fe,228478.7240713929
Lu2AlCr,390893.91095440974
Lu2AlFe,122328.33441917694
Lu2AlPt,55884.1917910641
Lu2AlV,347389.7612070137
Lu2AuO4,86863.52192113438
Lu2Co12P7,184171.81250308733
Lu2Co17,1006074.5683951917
Lu2Co2O5,153570.27458998212
Lu2CoAu,67318.73808547865
Lu2CoB6,61703.87729036015
Lu2CoIr,125997.22161581449
Lu2CoO4,299222.700540262
Lu2CoPb,85249.96336288714
Lu2CoPt,83590.23391930884
Lu2CoRh,89457.01658000643
Lu2CoSi,111235.7368686774
Lu2CoTc,68723.45779624174
Lu2Cr2O5,582738.4109817948
Lu2CrAs,349574.1088451125
Lu2CrAu,430592.8619853446
Lu2CrGa,411777.64018075465
Lu2CrGe,414755.0630441715
Lu2CrHg,402118.0108479909
Lu2CrIn,393053.46065064624
Lu2CrIr,452899.01069377246
Lu2CrNi,454049.03367432643
Lu2CrO4,386398.45356248296
Lu2CrOs,443740.12848190457
Lu2CrPd,415282.4828270748
Lu2CrPt,492912.4716993461
Lu2CrRh,412378.9257612829
Lu2CrRu,436332.9992864707
Lu2CrSb,326045.9676886027
Lu2CrSi,411764.37712603074
Lu2CrSn,376203.1515775045
Lu2CrTe,345119.70273667143
Lu2Cu(B2O5)2,62636.184528190446
Lu2Cu2O5,155422.68548734466
Lu2CuO4,100266.21374745967
Lu2Fe14B,1281512.827501488
Lu2Fe17,1359646.7297013164
Lu2Fe17C3,1202398.6796853498
Lu2Fe2O5,687500.0335637308
Lu2Fe3O7,865886.7131314697
Lu2FeAs,130344.3206852854
Lu2FeAu,134276.3219801694
Lu2FeBi,109973.4112881938
Lu2FeCoO6,428406.4221963727
Lu2FeGe,93632.85987565969
Lu2FeIr,250102.2356563458
Lu2FeO4,392647.8701159132
Lu2FeOs,252336.37996037115
Lu2FePb,172697.43354876258
Lu2FePd,154722.62842716335
Lu2FePt,167367.26993491116
Lu2FeRh,203143.15531165738
Lu2FeRu,186282.71432845664
Lu2FeS4,235843.28319723284
Lu2FeSb,128822.30222313914
Lu2FeSi,92678.76198945419
Lu2FeSn,85894.74013119595
Lu2GaPt,55077.600340391975
Lu2HfAs,209183.22648953955
Lu2HfAu,180359.87145583812
Lu2HfIr,181002.10628087536
Lu2HfPd,124238.13501249877
Lu2HfPt,174460.02258502017
Lu2HfRh,178426.0161968805
Lu2HfSb,102162.32612469037
Lu2HfSn,98295.68799325134
Lu2InFe,156628.05593473613
Lu2InPt,51341.836331950464
Lu2IrO4,280608.1997159973
Lu2MgCr2O8,222918.22075105712
Lu2MgNb2O8,108669.41195509602
Lu2MgV2O8,111872.45102920072
Lu2Mn(GeO3)4,188705.3673688467
Lu2Mn12P7,562589.4446294259
Lu2Mn2O5,732495.7790563977
Lu2Mn2O7,473309.9607435927
Lu2Mn3Sb3O14,480674.0346331812
Lu2MnAs,243278.45385816542
Lu2MnAu,213178.88409113954
Lu2MnBi,239352.55171057658
Lu2MnCo,459835.70639205555
Lu2MnCoO6,512941.3176331089
Lu2MnGe,318203.2732304118
Lu2MnIr,459675.2549163982
Lu2MnNi,350022.9318255369
Lu2MnOs,416771.23338959215
Lu2MnPb,283890.7200137743
Lu2MnPd,411977.3645979137
Lu2MnPt,431419.88981970836
Lu2MnRh,457466.2899519737
Lu2MnRu,403121.4614107706
Lu2MnS4,286906.63914546964
Lu2MnSb,245570.08095105906
Lu2MnSi,319995.9497144842
Lu2MnTe,242927.90966624778
Lu2MnZn,329358.03345400776
Lu2Mo2O5,143300.8740449495
Lu2MoIr,225977.75247761878
Lu2MoPt,106037.58032689041
Lu2MoRh,199796.11564890202
Lu2N,142962.87434984223
Lu2N3,382621.6236165372
Lu2NbAu,229610.45464005254
Lu2NbGe,128908.4380634723
Lu2NbIr,352899.43073584535
Lu2NbPd,306012.2912268984
Lu2NbPt,304786.77289285866
Lu2NbRh,347314.920330643
Lu2NbSb,124260.95304212693
Lu2NbSn,115515.99122482349
Lu2Ni17,268708.00715587527
Lu2Ni2O5,365802.56647215865
Lu2Np2O5,437070.8339970286
Lu2Os2O5,133001.93633918592
Lu2Pa2O5,208303.38573973364
Lu2PtW,156486.1078702199
Lu2Pu2O5,736004.0704304932
Lu2PuAs,599850.6980366382
Lu2PuGe,617834.7227986112
Lu2PuIr,638862.0613326522
Lu2PuPd,700804.6868610141
Lu2PuRh,659542.5350509449
Lu2PuSb,554388.582918716
Lu2PuSn,595050.6210501965
Lu2Re2O5,115881.40101625831
Lu2Ru2O5,142255.70912741017
Lu2Ru2O7,294472.4775043927
Lu2S3O20,382544.642354022
Lu2Sc2O5,69145.1181558395
Lu2ScHg,67584.13505319862
Lu2ScTe,54074.83462769291
Lu2ScTl,122012.7791130053
Lu2ScV3O9,334360.94014266843
Lu2SiRh,54815.23847170197
Lu2SnRh,53238.936621078756
Lu2TaIr,342922.18245431734
Lu2TaPd,270453.9513622392
Lu2TaPt,293806.7453582548
Lu2Tc2O5,139357.36012524038
Lu2ThAu,155876.43555338559
Lu2Ti12(CuO4)9,136021.68879802965
Lu2Ti2O5,146928.56651309723
Lu2TiAl,272155.0753490188
Lu2TiAs,255213.0230723609
Lu2TiAu,324730.69844501355
Lu2TiBi,266559.763500603
Lu2TiCuO6,80687.25461254778
Lu2TiGa,286967.8202334854
Lu2TiGe,311413.2287231005
Lu2TiHg,309629.09775497403
Lu2TiIn,273744.44576671236
Lu2TiIr,280007.2095077674
Lu2TiOs,249713.5096491358
Lu2TiPb,293522.8228825806
Lu2TiPd,302304.3003846858
Lu2TiPt,308913.89186014025
Lu2TiRh,301415.27540517505
Lu2TiRu,269710.576871745
Lu2TiSb,250795.6655850414
Lu2TiSi,308800.5394696544
Lu2TiSn,288860.77828709676
Lu2TiTe,266415.3088573331
Lu2U2O5,247955.52127693445
Lu2V2O5,446867.0348091373
Lu2V2O7,151014.16886481142
Lu2VAs,361839.4975942338
Lu2VAu,397217.9348146914
Lu2VGa,361798.3747300892
Lu2VGe,354827.35244038684
Lu2VIn,341266.6424073258
Lu2VIr,416734.9553377429
Lu2VOs,464342.2441438541
Lu2VPd,369625.6458860539
Lu2VPt,373629.9248552979
Lu2VRh,419477.12963648123
Lu2VRu,479331.5065160674
Lu2VSb,311446.49755031546
Lu2VSi,340831.6381052166
Lu2VSn,313521.0497566743
Lu2VTe,291613.65486743255
Lu2W2O5,59620.28627538726
Lu2ZnCr,401935.7705634279
Lu2ZnFe,84137.4304900064
Lu2ZrAl,137882.65959579367
Lu2ZrAs,143780.41372449644
Lu2ZrAu,310190.28772075113
Lu2ZrBi,132984.59927663428
Lu2ZrGa,131804.9092102106
Lu2ZrGe,105706.59707800593
Lu2ZrIn,150992.083503897
Lu2ZrIr,237070.2329184556
Lu2ZrPd,276228.9846364637
Lu2ZrPt,276232.82838230307
Lu2ZrRh,252457.94815333263
Lu2ZrSb,139675.3700283502
Lu2ZrSi,107792.29806246495
Lu2ZrSn,104077.49463979136
Lu2ZrTe,164807.18587190117
Lu3(MnGa2)2,308379.8334109361
Lu3Cl,85014.81306753508
Lu3Co2Si3,108018.32429058877
Lu3Mg2CrS8,88267.86555019705
Lu3Mg2MnS8,116679.67484459023
Lu3Mg2MoS8,86956.24952464133
Lu3Mg2VS8,58561.63986144521
Lu3Mg2WS8,86927.84134474379
Lu3Mn3Ga2Si,390531.7968583249
Lu3MnFe3O10,858471.1249143953
Lu3Np,426357.17607964226
Lu3Pu,634657.2344972553
Lu3ScV4O12,332711.0936147529
Lu3Th,83590.71565362944
Lu3U,228049.13295209236
Lu4CrS7,148075.4641628839
Lu4FeS7,151875.6835937213
Lu4MgTi2O10,65798.89233723203
Lu4MnGe8,77568.504100098
Lu4MnS7,183753.75440066992
Lu4O5,76795.31537067782
Lu4V4O13,219577.01188331272
Lu6Fe23,1008716.4529141614
Lu6MgWO12,70638.71663121543
Lu6Mn23,273162.00158822327
LuAgO3,120729.12483974433
LuAl2Cr,373821.94701431977
LuAl2Fe,98927.5575923273
LuAl2V,319055.5836042739
LuAl3Fe7Si2,582219.4493374266
LuAlCdCo,56095.55058690811
LuAlCoAg,63605.19141720999
LuAlCoAu,68800.44260735251
LuAlCoCu,89954.2478619763
LuAlCoHg,77134.46555487627
LuAlCoIr,133929.88633267852
LuAlCoNi,181872.0544200666
LuAlCoPt,174456.69237792896
LuAlCoRh,113448.41355961132
LuAlCrAg,518706.85585567495
LuAlCrAu,534437.1999641578
LuAlCrCo,443937.32870368345
LuAlCrCu,549026.4159390199
LuAlCrHg,439024.6180497588
LuAlCrIr,445218.61930617737
LuAlCrNi,555376.2538668781
LuAlCrOs,442353.83054328547
LuAlCrPd,508251.523709667
LuAlCrPt,513136.44365219015
LuAlCrRh,448860.7969167164
LuAlCrRu,462669.2705608367
LuAlFe2,311300.6262552072
LuAlFeAg,224718.17660321484
LuAlFeAu,278129.74790106824
LuAlFeCo,141280.8173103146
LuAlFeCu,169630.56412593747
LuAlFeHg,257014.19710936607
LuAlFeIr,306169.11326990393
LuAlFeNi,207921.33859006996
LuAlFeOs,273731.1113706972
LuAlFePd,180146.40831539984
LuAlFePt,286269.98178975086
LuAlFeRh,288544.48123843153
LuAlFeRu,374428.78382977203
LuAlFeTc,337901.40685197397
LuAlRu2,98019.57260813624
LuAlVCo,322961.43481352966
LuAlZnCr,451407.74802019866
LuAlZnFe,264986.01446763217
LuBPd,68693.61491840798
LuBeAlFe,182509.82634066496
LuBeCoAs,88624.91614153987
LuBeCoSb,64389.65176023727
LuBeCrSi,430546.9539185145
LuBeFeGe,76423.23469194229
LuBeFeSi,81007.3376626377
LuBeGaFe,259670.81662197222
LuBeO3,132027.3183762438
LuBr3O8,80902.86488372061
LuCdCoAs,124107.01515202901
LuCdCoSb,112547.84264404737
LuCdFeAs,247220.4069181808
LuCdFeGe,313038.1655595796
LuCdFeSn,286952.12538100156
LuCdGaCo,65548.54857322603
LuCdGaFe,303959.1500385413
LuCdInCo,125211.11893831135
LuCdO3,62969.70044796718
LuCo2,391522.6123196918
LuCo2As,350545.0482472185
LuCo2Au,234634.18413039276
LuCo2Bi,270528.2938422939
LuCo2Ge,304681.69286634226
LuCo2Ir,542065.99284409
LuCo2Pb,152803.28683452765
LuCo2Pd,347069.0939458042
LuCo2Pt,387407.45385975274
LuCo2Rh,506239.89083121234
LuCo2Sb,294584.29649414716
LuCo2Si,171816.02154363232
LuCo2Sn,178616.93681779355
LuCo2Te,204083.48695613825
LuCo3,586189.8048437843
LuCo3P2,84039.17919967392
LuCo5P3,50519.46928752517
LuCoAgGe,74444.92152992942
LuCoAgSn,55426.027643124704
LuCoAs,146517.55478457618
LuCoAs2,81478.25457783404
LuCoAsAu,161703.16607862856
LuCoAsIr,277533.4481703992
LuCoAsOs,137323.69058570152
LuCoAsPd,164261.93107423896
LuCoAsPt,80839.152570689
LuCoAsRh,283207.5685939756
LuCoAsRu,148798.88028861757
LuCoAu,110118.02050089286
LuCoAu2,158994.43881761233
LuCoBi,91823.7065104579
LuCoBiAu,105549.99764880039
LuCoBiIr,221083.78398201065
LuCoBiPt,163269.70966430948
LuCoBiRh,223529.51526349536
LuCoBiRu,133174.50474628474
LuCoCuPb,79426.1133397603
LuCoGe,201388.18868793926
LuCoGeAu,163544.26971685403
LuCoGeIr,214681.05014841765
LuCoGePd,193674.09693184274
LuCoGePt,115587.12977710336
LuCoGeRh,197943.0290094351
LuCoHgAs,124113.29041724272
LuCoIr,336201.7080748491
LuCoIr2,195424.54142983712
LuCoIrPb,136528.15599664694
LuCoNi2,106368.47559232474
LuCoNiAs,199429.3548042448
LuCoNiBi,94587.2876205595
LuCoNiGe,224641.65716407992
LuCoNiPb,122975.63838054686
LuCoNiSb,81474.47588860159
LuCoNiSn,183961.69735066107
LuCoPbAu,137252.75254434632
LuCoPd,203635.56199539732
LuCoPd2,86284.54062649548
LuCoPdPb,165998.13845295878
LuCoPt,239431.82620723796
LuCoPt2,106199.2556709763
LuCoPtPb,92570.64368831679
LuCoRh,297625.5780332061
LuCoRh2,150706.59368229212
LuCoRhPb,136993.02071934156
LuCoSb,116947.22845423208
LuCoSbAu,125840.73062502097
LuCoSbIr,250876.54295465763
LuCoSbOs,137767.8091407683
LuCoSbPd,127781.67838465987
LuCoSbPt,171848.63929463262
LuCoSbRh,232509.57365145648
LuCoSbRu,139410.60124346294
LuCoSi,203372.4924584022
LuCoSiAu,147535.8719139684
LuCoSiHg,51455.88190407285
LuCoSiIr,226468.12653165433
LuCoSiNi,203461.5136030315
LuCoSiPd,52739.38144264328
LuCoSiPt,238899.91875068756
LuCoSiRh,203083.68766963165
LuCoSiTc,65041.08776855361
LuCoSn,93030.47012831457
LuCoSnAu,130788.22013259091
LuCoSnHg,74448.90517597354
LuCoSnIr,187718.91336480825
LuCoSnPd,60392.617678587594
LuCoSnPt,96279.760632884
LuCoSnRh,171462.67797367717
LuCoTcGe,97825.32719725934
LuCoTcSn,99482.1069041246
LuCr2O2,887059.1879907971
LuCrAgAs,545382.1671002411
LuCrAgGe,490164.78308730986
LuCrAgSb,498937.3632267251
LuCrAgSn,466617.37116739806
LuCrAs,564991.1613049312
LuCrAsAu,551817.9868025329
LuCrAsIr,543292.6108702733
LuCrAsPd,532109.8844090027
LuCrAsPt,533401.3786614183
LuCrAsRh,576882.5383056385
LuCrAsRu,411546.93784563185
LuCrAu,549500.262592228
LuCrAu2,494068.24003682536
LuCrBiAu,501306.1843002227
LuCrBiIr,524514.0478705887
LuCrBiPd,475253.50695819897
LuCrBiPt,485295.4631335235
LuCrBiRh,514319.0776543814
LuCrCdAs,456299.3432974175
LuCrCdGa,443334.6745784032
LuCrCdGe,455955.6046255622
LuCrCdIn,420201.3865597262
LuCrCdSb,414863.37431088334
LuCrCdSn,428182.6965434042
LuCrCoAs,694142.3793030009
LuCrCoGe,638410.9822558633
LuCrCoSb,662270.589502286
LuCrCoSi,648216.9121259875
LuCrCoSn,537578.4761311327
LuCrCuAs,535618.9926125854
LuCrCuGe,506298.46239859617
LuCrCuSb,486607.9450463274
LuCrCuSi,515867.6914990662
LuCrCuSn,492686.3611848952
LuCrFeGe,461270.6491928546
LuCrFeSi,483521.88769567275
LuCrFeSn,406993.72544774663
LuCrGa2,400473.25505195954
LuCrGaAg,482594.5081634516
LuCrGaAu,541641.1592567837
LuCrGaCo,524986.5575213546
LuCrGaCu,563933.467037646
LuCrGaHg,452970.9792544273
LuCrGaIr,454853.596090449
LuCrGaNi,568021.8214998768
LuCrGaOs,456200.378668873
LuCrGaPd,513398.3688340578
LuCrGaPt,516083.51018467173
LuCrGaRh,457964.4497396877
LuCrGaRu,446392.20875217527
LuCrGe,600132.4544262857
LuCrGe2,396088.71125236707
LuCrGeAu,523744.5652495243
LuCrGeIr,530842.496173803
LuCrGeOs,427583.9988694911
LuCrGePd,557759.7145050035
LuCrGePt,551153.5968403425
LuCrGeRh,536863.713680599
LuCrGeRu,432536.56592192926
LuCrHg2,479295.24718826637
LuCrHgAs,455736.0156556121
LuCrHgGe,484147.2199487137
LuCrHgSb,414462.0724027351
LuCrInAg,494118.74197577254
LuCrInAu,505422.50232339464
LuCrInCo,402300.64871623676
LuCrInHg,429292.8965598944
LuCrInIr,434313.2834230674
LuCrInNi,519916.8669829444
LuCrInPd,480486.62576250744
LuCrInPt,483987.5306004683
LuCrInRh,435585.0478125989
LuCrInRu,460393.11752784747
LuCrIr,579431.4223865037
LuCrIr2,455033.7963072654
LuCrIrPb,481553.0881452441
LuCrNi2,617792.7184199698
LuCrNiAs,568420.8630483837
LuCrNiGe,624370.2341846365
LuCrNiSb,515448.1409595618
LuCrNiSn,567772.360040306
LuCrO3,500040.01731101115
LuCrO4,123537.19255489903
LuCrO5,99169.37092207001
LuCrPbAu,448349.5460652007
LuCrPd,612502.9653720959
LuCrPd2,565783.3955925968
LuCrPdPb,506070.19244188716
LuCrPt,606097.5774417969
LuCrPt2,551032.2503567042
LuCrPtPb,507543.88279997336
LuCrRh,594461.7484608893
LuCrRh2,520399.7178573293
LuCrRhPb,484228.9685776433
LuCrRu2,263324.8973151803
LuCrRuAu,468414.33959974843
LuCrSbAu,500286.8291733529
LuCrSbIr,526975.1514669735
LuCrSbPd,486525.49490866787
LuCrSbPt,506296.8484129057
LuCrSbRh,547909.4849546751
LuCrSbRu,268816.3388391141
LuCrSi,600999.0707980432
LuCrSi2,401257.99217204395
LuCrSiAg,491094.24517914344
LuCrSiAu,502566.94563490525
LuCrSiIr,413130.3258244926
LuCrSiNi,628755.8435521071
LuCrSiOs,446189.14176729775
LuCrSiPd,566755.5625447993
LuCrSiPt,564640.9937967801
LuCrSiRh,448047.45662179746
LuCrSiRu,448448.44448842044
LuCrSiTc,360833.1947144402
LuCrSn,605235.2937450133
LuCrSn2,352002.22655284003
LuCrSnAu,487606.1457308403
LuCrSnHg,451164.96449703776
LuCrSnIr,498885.0707754997
LuCrSnOs,389045.9908278681
LuCrSnPd,519816.7694485802
LuCrSnPt,529158.137246594
LuCrSnRh,497345.6106125262
LuCrSnRu,390083.4132005498
LuCrTcAs,431586.0753800682
LuCrTcSb,392018.70686661784
LuCrTcSn,470673.2446612915
LuCrTe,410709.605802486
LuCrTe2,425784.5473967894
LuCu(BO2)5,55949.19838050911
LuCuIr2,84948.40992254754
LuF2,136293.2825927736
LuFe2,621666.3293458901
LuFe2As,557752.8988896146
LuFe2Ge,441129.73362736625
LuFe2Ir,819050.873305106
LuFe2Pt,746717.8114971624
LuFe2Rh,806288.427145404
LuFe2Si,458461.4267965568
LuFe2Sn,138761.7739872884
LuFe5P3,133770.7182608494
LuFeAgAs,359418.4475687769
LuFeAgGe,285538.9102479033
LuFeAgSb,258096.72689134278
LuFeAgSn,261361.74063041847
LuFeAs,335865.0182255107
LuFeAs2,224257.40692946472
LuFeAsAu,321841.31427932146
LuFeAsIr,363352.95700707025
LuFeAsPd,310391.37693571905
LuFeAsPt,328002.11232628964
LuFeAsRh,301480.0902686513
LuFeAsRu,282514.5211741582
LuFeAu,376933.0543540773
LuFeBi,256792.6600307461
LuFeBiAu,276043.65830436815
LuFeBiIr,255879.6211573216
LuFeBiPd,267883.6077761946
LuFeBiPt,286376.936297431
LuFeBiRh,293240.1139385641
LuFeC2,218698.66986442346
LuFeCo2,837349.9297763909
LuFeCoAs,550742.7885471624
LuFeCoGe,621908.7769695077
LuFeCoSb,149801.11739636827
LuFeCoSi,627559.2016166159
LuFeCuAs,287927.1084795483
LuFeCuGe,299388.5649818923
LuFeCuO4,650896.2149914987
LuFeCuSb,256510.86799656076
LuFeCuSi,284433.97446734615
LuFeCuSn,276994.89091175335
LuFeGe,286307.27675909566
LuFeGe2,70922.5585232704
LuFeGeAu,301220.72954080836
LuFeGeIr,235027.92285336976
LuFeGeOs,139085.54959450284
LuFeGePd,263794.1954044119
LuFeGePt,289030.5524343213
LuFeGeRh,227824.46666947787
LuFeGeRu,351333.3414305615
LuFeHgAs,252391.5870561874
LuFeHgGe,330804.1107456122
LuFeHgSb,226777.40385484477
LuFeIr,498413.50268541963
LuFeIr2,604355.3317269838
LuFeIrPb,215865.5825728688
LuFeNi2,476807.9518072287
LuFeNiAs,368962.04043117893
LuFeNiBi,246747.03155316671
LuFeNiGe,404930.32641332515
LuFeNiPb,230049.21820066092
LuFeNiSb,299527.554873236
LuFeNiSn,252924.76946182596
LuFeO3,825058.8692564538
LuFePbAu,275378.00911544217
LuFePd,426542.5022917361
LuFePd2,410664.7915905689
LuFePdPb,280164.66695183143
LuFePt,427860.7232443771
LuFePt2,445048.5862001516
LuFePtPb,290837.456306052
LuFeRh,475958.28727494413
LuFeRh2,529263.8013098476
LuFeRhPb,171403.11757590118
LuFeRu2,548548.3907042403
LuFeSb,287740.0524135306
LuFeSb2,207118.93020451316
LuFeSbAu,289755.8787567762
LuFeSbIr,277503.6952695952
LuFeSbPd,276352.9874522316
LuFeSbPt,294004.05777008965
LuFeSbRh,269715.9053753676
LuFeSi,226344.48631789474
LuFeSi2,142522.30821716873
LuFeSiAg,290860.02266022936
LuFeSiAu,301956.16096697445
LuFeSiIr,244483.63961178152
LuFeSiNi,402886.106840144
LuFeSiOs,147946.6227044168
LuFeSiPd,261662.35478319478
LuFeSiPt,275352.47171639756
LuFeSiRh,232312.1347404154
LuFeSiRu,358811.7278859055
LuFeSiTc,287645.2445556513
LuFeSn,351873.2194759409
LuFeSnAu,271910.4659649988
LuFeSnHg,297607.41411775997
LuFeSnIr,314806.15429878084
LuFeSnOs,126087.21673302967
LuFeSnPd,266509.92554074334
LuFeSnPt,280978.02334939747
LuFeSnRh,208081.74491051765
LuFeSnRu,126775.9637003682
LuFeTcAs,144781.0353495057
LuFeTcGe,284403.7661777106
LuFeTcSb,125935.69928109954
LuFeTcSn,255386.21518937626
LuFeTe,152838.08147847911
LuFeTe2,304463.2524112763
LuGa2Fe,176507.54008770135
LuGaCoAg,127159.33806009035
LuGaCoAu,171464.9208104484
LuGaCoCu,155492.7790672748
LuGaCoIr,138276.46465840386
LuGaCoNi,207877.4912519042
LuGaCoO4,324591.8327922747
LuGaCoPd,61105.44848414734
LuGaCoPt,177333.58751638228
LuGaCoRh,120386.77327421145
LuGaCuO4,109685.44737278314
LuGaFe2,482129.3672267245
LuGaFeAg,294230.2922069016
LuGaFeAu,300364.22947278887
LuGaFeCo,625406.7569921754
LuGaFeCu,296152.89294557413
LuGaFeHg,309895.458877639
LuGaFeIr,308589.7732602043
LuGaFeNi,423306.9077756756
LuGaFePd,306578.15452093456
LuGaFePt,332292.47946685436
LuGaFeRh,296099.79593309516
LuGaFeRu,390596.85836032627
LuGaRu2,106221.54153464828
LuGeIr2,100541.98734293936
LuGeO3,63163.90677518758
LuHf2Sb,160135.57021921227
LuHf2Sn,104113.6554052829
LuHfAs,82947.25480848734
LuHfAs2,63950.927783792846
LuHfCo2,145708.9093615709
LuHfHg2,103357.78245711842
LuHfSb2,74913.98876546623
LuI3O10,75102.80536924374
LuInCoAg,98550.65032888924
LuInCoAu,78138.25524511766
LuInCoCu,79124.5107995059
LuInCoHg,147114.97628162595
LuInCoIr,126068.44389396525
LuInCoNi,126659.21391519652
LuInCoPd,58568.78535720383
LuInCoPt,164040.61161068338
LuInCoRh,108597.15231906467
LuInFeAg,253571.89065118064
LuInFeAu,283829.4561861142
LuInFeCo,342537.74187891796
LuInFeCu,265027.00250895025
LuInFeIr,350226.8677768585
LuInFeNi,275232.26063817093
LuInFePd,293239.7026621798
LuInFePt,315447.9928538882
LuInFeRh,270453.7865468416
LuInFeRu,248838.13666828637
LuIr2Ru,412536.8824502643
LuIrO3,255100.14606758166
LuIrPt,78372.6125871202
LuIrRh,112476.29498739229
LuIrRh2,253918.4880753912
LuMg2Cr3S8,296674.77473921195
LuMg2Mn3S8,389578.348417769
LuMg2Mo3S8,278294.54997209983
LuMg2O4,111373.76341649551
LuMg2Ti3S8,95543.47874865893
LuMg2V3S8,195693.22610579585
LuMg2W3S8,204596.93484362427
LuMgCoAs,66592.31655828982
LuMgCoSb,69663.05408197182
LuMgCrGa,444910.8777261275
LuMgCrS4,186447.50584975627
LuMgCrSn,352558.1104091415
LuMgFeAs,242992.53091271914
LuMgFeSb,105092.84209686969
LuMgFeSn,140731.0709120512
LuMgGaFe,283158.0704215195
LuMgHg,102736.57768429388
LuMgInCo,76158.29204703703
LuMgMnAl,379409.37604294816
LuMgMnAs,365724.0586491224
LuMgMnGa,394981.9972710188
LuMgMnGe,381587.25365066424
LuMgMnS4,244819.37670298782
LuMgMnSi,356787.8790869129
LuMgMnSn,370647.8544108404
LuMgMoS4,179547.1698416789
LuMgO3,149778.96699326666
LuMgTe,66272.7523861472
LuMgTiS4,60813.845264728814
LuMgVS4,124095.33743859494
LuMgWS4,172400.1046050713
LuMgZn,115793.11624307415
LuMn2Ir,1045418.4077826058
LuMn2O4,958638.1097542043
LuMn2O5,764614.2742682034
LuMn2Pt,959466.5788179738
LuMn2Si,499984.76645374286
LuMn2SiC,482414.6420091472
LuMn2Sn,774881.1930324031
LuMn3,1370982.1224923849
LuMn4(CuO4)3,485092.73055829405
LuMnAgAs,475723.7810714038
LuMnAgGe,451918.15636130085
LuMnAgSb,416548.0452133332
LuMnAgSn,406106.08738505177
LuMnAl2,386777.16443993873
LuMnAlAg,472589.1895495169
LuMnAlAu,487095.09306895075
LuMnAlCd,403748.80315513397
LuMnAlCo,632255.5624055511
LuMnAlCu,503416.3533741104
LuMnAlFe,460817.0050310631
LuMnAlHg,420695.47093840357
LuMnAlIr,524622.8853547585
LuMnAlNi,596302.4652187943
LuMnAlOs,436444.6703996185
LuMnAlPd,499253.8130493409
LuMnAlPt,518691.1466831735
LuMnAlRh,531280.9558324623
LuMnAlRu,485267.3447865051
LuMnAlTc,412706.8952526934
LuMnAlZn,435837.72985626047
LuMnAs,465656.8987090235
LuMnAs2,453112.8563720398
LuMnAsAu,466448.56391125324
LuMnAsIr,557000.3825019842
LuMnAsPd,486930.83368573966
LuMnAsPt,520695.38353848783
LuMnAsRh,559379.6988415564
LuMnAsRu,392726.95333783556
LuMnAu,527655.6736153564
LuMnAu2,504226.47003915726
LuMnBPt,603222.2486849172
LuMnBeAs,430457.7237786871
LuMnBeGa,437666.09844423574
LuMnBeGe,417961.3331423405
LuMnBeSi,295809.62964243314
LuMnBi,382520.24919669365
LuMnBiAu,409183.29488805425
LuMnBiIr,486861.3692885868
LuMnBiPd,432019.1523477867
LuMnBiPt,460582.3809767297
LuMnBiRh,480612.6733037006
LuMnCdAs,355320.0789518399
LuMnCdGa,421106.718841509
LuMnCdGe,444523.7652992949
LuMnCdIn,395816.23700894887
LuMnCdSb,322536.7700149797
LuMnCdSi,446651.6697366617
LuMnCdSn,400222.0360291315
LuMnCo2,751025.4082092064
LuMnCoAs,695051.070519552
LuMnCoGe,718145.8704761907
LuMnCoSb,552983.6344803746
LuMnCoSi,744858.135165147
LuMnCoSn,626499.142829681
LuMnCu2,577559.1234646817
LuMnCuAs,506785.7632903514
LuMnCuGe,466820.1205154987
LuMnCuSb,392576.0360017753
LuMnCuSi,461587.87090744206
LuMnCuSn,431077.9535957292
LuMnFeAs,754153.6992162828
LuMnFeGe,690725.7099064558
LuMnFeSb,653479.1254967559
LuMnFeSi,552834.084800786
LuMnFeSn,557374.8783577894
LuMnGa2,453388.4703573235
LuMnGaAg,486422.01845763833
LuMnGaAu,496290.4871336558
LuMnGaCo,594706.994224195
LuMnGaCu,521711.73997636477
LuMnGaFe,598423.3457724829
LuMnGaHg,441719.108224082
LuMnGaIr,542323.6395234923
LuMnGaNi,596533.5156154854
LuMnGaOs,441644.6766363653
LuMnGaPd,514627.9995110454
LuMnGaPt,531561.3754170067
LuMnGaRh,548509.229255222
LuMnGaRu,497690.7169803659
LuMnGaTc,438378.76911183656
LuMnGe,573514.5443633042
LuMnGe2,328923.1059898382
LuMnGeAu,482023.8766168778
LuMnGeIr,561558.8244122075
LuMnGeOs,421628.5349240888
LuMnGePd,527683.2794072944
LuMnGePt,537367.918917161
LuMnGeRh,552502.9348831546
LuMnGeRu,454087.7631122001
LuMnHg2,454303.26248118945
LuMnHgAs,361827.0317033928
LuMnHgGe,457618.14991059067
LuMnHgSb,326505.32212279574
LuMnIn,492262.05975678324
LuMnIn2,399281.88876675355
LuMnInAg,449771.7390785217
LuMnInAu,459890.4544782909
LuMnInCo,536508.4311522058
LuMnInCu,479807.26953330275
LuMnInHg,414721.5330322446
LuMnInIr,517167.54934540053
LuMnInNi,542830.1357060263
LuMnInPd,482986.9820514419
LuMnInPt,499030.6278005395
LuMnInRh,514609.67524056067
LuMnInRu,399988.21521718067
LuMnIr,635027.4547340033
LuMnIr2,604099.6829730689
LuMnIrPb,506914.0152557021
LuMnNi2,602111.8584022576
LuMnNiAs,582549.5953274532
LuMnNiGe,592523.4839197411
LuMnNiSb,455587.94275511976
LuMnNiSn,534773.8594672743
LuMnO3,634445.0326370707
LuMnPbAu,435651.3673609623
LuMnPd2,529638.4883898202
LuMnPdPb,465719.63094471244
LuMnPt,583657.1254949889
LuMnPt2,596408.7315477679
LuMnPtPb,471848.10602495447
LuMnRh,647640.5778247453
LuMnRh2,622657.6029692608
LuMnRhPb,499205.278343249
LuMnRu2,447301.80138886767
LuMnSb,397598.53720478027
LuMnSb2,371016.2310940606
LuMnSbAu,417752.56096329103
LuMnSbIr,510454.36112563434
LuMnSbPd,435556.29480941175
LuMnSbPt,469355.6087285669
LuMnSbRh,504640.6299864814
LuMnSbRu,371383.7732576982
LuMnSi,578922.4183177026
LuMnSiAg,459635.905150708
LuMnSiAu,479497.6065027665
LuMnSiHg,463258.3475730125
LuMnSiIr,386541.6126976586
LuMnSiNi,610416.3123399307
LuMnSiOs,307738.5929797549
LuMnSiPd,526417.7777498194
LuMnSiPt,536104.5930352611
LuMnSiRh,377801.9450307738
LuMnSiRu,460324.4402709134
LuMnSiTc,451124.5241028682
LuMnSn,507589.613441602
LuMnSn2,342691.22960186907
LuMnSnAu,435810.8942598984
LuMnSnHg,413432.0357541501
LuMnSnIr,521204.10102286097
LuMnSnOs,459988.2529242111
LuMnSnPd,482447.1020319423
LuMnSnPt,493719.5846034558
LuMnSnRh,511124.4088490878
LuMnSnRu,510242.67181609734
LuMnTcGe,429557.9200375962
LuMnTcSb,268811.836195157
LuMnTcSn,389111.4333761186
LuMnTe,293318.7003341937
LuMnTe2,383109.2658833478
LuMnTlAu,453607.9519093493
LuMnTlIr,507786.7206955793
LuMnTlPd,481273.83983278275
LuMnTlPt,492736.9802971917
LuMnTlRh,504974.5539171482
LuMnZn2,482352.0559430995
LuMnZnAg,510332.1682532568
LuMnZnAs,390934.9404014238
LuMnZnAu,514999.46748338593
LuMnZnCd,457218.0447749548
LuMnZnCo,646265.3086910248
LuMnZnCu,552176.6479159148
LuMnZnGa,448891.7009806691
LuMnZnGe,473356.74239208957
LuMnZnHg,471619.9260292818
LuMnZnIn,411487.44089635694
LuMnZnIr,502242.81602689065
LuMnZnNi,585857.0632245106
LuMnZnPd,534576.3406810184
LuMnZnPt,539329.6164769921
LuMnZnRh,491297.417820116
LuMnZnRu,516550.2251308215
LuMnZnSb,347699.52347342344
LuMnZnSi,469411.4812427685
LuMnZnSn,405036.02383501315
LuMoO3,194729.24015484613
LuMoPd2,333065.69764470396
LuMoRh2,158853.94842209027
LuN7O15,111583.90320862301
LuNb2O4,74968.84438263482
LuNbAl2,171042.87708226373
LuNbAu2,142143.43517081087
LuNbCo2,226986.52258363328
LuNbGa2,193611.00950127337
LuNbGe,148872.62809176798
LuNbGe2,155660.45786750453
LuNbO3,131651.6123102569
LuNbPd2,63151.0836004136
LuNbSi,155440.6225506953
LuNbSn2,154420.841563147
LuNi2Os,275500.51464108494
LuNi2PbO6,166765.59547160618
LuNi2Ru,222987.07896134144
LuNi3,77008.98145167036
LuNi5,168303.48832784512
LuNiB,60555.16391306459
LuNiIr,117973.01745621496
LuNiIr2,119384.85062059318
LuNiO3,180174.57899467778
LuNiRh2,64890.72761895546
LuNp2O4,712371.9168818456
LuNpAl2,434139.89327900036
LuNpAs,641634.2891098319
LuNpAs2,419737.15577833616
LuNpBi2,370256.4873112102
LuNpGa2,444298.74737273366
LuNpGe2,430487.23644237465
LuNpIr,598228.010466663
LuNpIr2,393374.24361352087
LuNpO3,496991.4146360174
LuNpOs2,340030.1769413096
LuNpPd2,488384.0637227137
LuNpPt,574083.5056269041
LuNpRh2,434155.6623731807
LuNpRu2,356488.124290321
LuNpSb2,375857.3927431749
LuNpSi2,422187.0493048271
LuNpSn2,409026.41848907236
LuNpTe2,486863.75069294876
LuOsO3,324519.08412033203
LuPa2O4,206457.61014741898
LuPaAs,217506.84933796737
LuPaAs2,115027.98100241857
LuPaBi2,138379.98659092982
LuPaFe2,143190.76444065766
LuPaGa2,72857.13911270091
LuPaGe,141694.70045426485
LuPaHg2,181878.5121019766
LuPaIn2,111346.892109606
LuPaO3,174545.770937233
LuPaPb2,165657.9464535582
LuPaPt,107474.07355063666
LuPaSb2,113132.56657533001
LuPaSi,127430.01518634986
LuPaTe2,118748.54402464186
LuPdO3,184560.56458173043
LuPtO3,187759.01442281445
LuPu2As,1209594.2471431277
LuPu2Ge,1183004.33573453
LuPu2Ir,1152911.7404931814
LuPu2O4,872537.4830054017
LuPu2Pt,1146121.2216573742
LuPu2Sb,1107547.9654597116
LuPu2Te,1081378.9836766205
LuPuAg2,600765.9210799707
LuPuAl2,559194.9469694957
LuPuAs,789085.1198316509
LuPuAs2,546834.9205245933
LuPuBi2,477072.496150614
LuPuCd2,607576.3386197466
LuPuGe,750023.3125537925
LuPuIr,717154.5020816848
LuPuIr2,539462.6536169278
LuPuO3,562815.2482089923
LuPuOs,624582.2061196915
LuPuPb2,515268.8201088075
LuPuPd2,652315.7935577519
LuPuPt,727753.5538336306
LuPuRh,724102.2782480672
LuPuRh2,598007.9011804081
LuPuSb2,483603.895686907
LuPuSi,736319.9611872649
LuPuSi2,619442.0193268035
LuPuTe,757346.1784580473
LuPuTe2,577758.5883998306
LuPuZn2,672790.990128782
LuReO3,311651.0515893074
LuRePd2,320753.14940130676
LuRePt2,287686.1594528926
LuRhO3,252847.86163282747
LuRu3,69672.04060941719
LuRuO3,373382.89285243745
LuRuPt,223870.19712506596
LuRuPt2,139133.24929339092
LuRuRh2,425538.6023573905
LuSc(FeO3)2,776193.6360640991
LuSc2Bi,51073.15646049603
LuSc2Ga,115240.69832677295
LuSc2Ge,98632.71562172032
LuSc2Hg,105793.65430374141
LuSc2In,118985.55213830605
LuSc2Pb,71748.17779848972
LuSc2Sn,50863.54853410395
LuSc2Tl,147821.16673930947
LuSc3(MnSi)4,385547.3862988445
LuScAlFe,119467.31989146004
LuScAlNi,111349.30947808284
LuScBi,160039.97081906867
LuScCoGe,72977.32001087729
LuScCoSb,154033.622080171
LuScCoSi,137925.94196696545
LuScCoSn,118019.56642875244
LuScCrGe,254662.41983768935
LuScCrSb,122076.25356068833
LuScCrSi,264780.92309478426
LuScCrSn,226349.0325523662
LuScFeSb,119275.91925453737
LuScGaFe,129093.33386228164
LuScGaNi,112707.7607060285
LuScInFe,118869.16998500252
LuScInNi,107569.077376917
LuScMnAl,246910.93138700898
LuScMnGa,252122.7370543308
LuScMnGe,130641.54866343222
LuScMnIn,228253.107286226
LuScMnSi,137116.8329572631
LuScMnSn,119579.97454382962
LuScNiGe,67589.7105984016
LuScPb,92189.59562662171
LuScSiNi,98472.99333794114
LuScTe2,137624.43772843073
LuScTlNi,106679.60144292818
LuSiO4,131184.65016098044
LuSiOs,88651.4195688057
LuSiRu,195133.34168755944
LuSiRu2,99349.18359402458
LuSnO3,61309.50774579095
LuTaCoAu,51012.46320445342
LuTaO3,132569.19456172382
LuTc2Ni,97950.17681459637
LuTcAs,109463.31737843815
LuTcAu2,154511.24232501272
LuTcIr2,499245.3698388523
LuTcNi2,376791.7432487145
LuTcO3,376302.0299244032
LuTcPt,320560.00972068263
LuTcPt2,313129.87827037886
LuTcRh2,523293.1980319506
LuTcTe2,134647.63998675035
LuTe,80898.34537598371
LuTe2Mo,94434.97563349945
LuTeRu2,110980.4155974161
LuTi2Al,188485.1256426415
LuTi2As,226394.30983185006
LuTi2Ga,193951.60498112979
LuTi2Ge,152814.12871965207
LuTi2In,377689.57727882004
LuTi2O4,251919.05967216936
LuTi2Sb,206163.19661556336
LuTi2Si,156497.25568946163
LuTi2Sn,188948.5818901554
LuTiAg2,201905.43831153234
LuTiAl2,115692.19796023435
LuTiAlCo,141364.47887467023
LuTiAlNi,272201.53306982026
LuTiAs,205800.1308537294
LuTiAs2,169883.51136298783
LuTiAu,194094.04703049877
LuTiAu2,165664.34244435144
LuTiBi2,176239.41117363822
LuTiCd2,133535.55832807062
LuTiCo2,148966.3986733018
LuTiCoAs,413034.2393403192
LuTiCoGe,289285.07801111235
LuTiCoSb,388239.6319048106
LuTiCoSi,296680.99284721876
LuTiCoSn,258892.28421825139
LuTiCrGe,131745.29051576948
LuTiCrSi,136798.88881848945
LuTiCrSn,105762.49296340258
LuTiCu2,172508.95458328121
LuTiCuSn,352558.9377526881
LuTiFeAs,292335.09255147504
LuTiFeGe,75056.58070949644
LuTiFeSb,266362.8060701394
LuTiFeSi,80454.70482236768
LuTiFeSn,122812.76894414138
LuTiGa,175155.95786435378
LuTiGa2,109728.53900166418
LuTiGaCo,143403.67838643718
LuTiGaNi,276949.09498302895
LuTiGe,129733.36584736465
LuTiGe2,238762.90952825654
LuTiHg2,159233.42078413983
LuTiIn2,145716.17640040102
LuTiInCo,143651.73373651458
LuTiInNi,250413.1414550523
LuTiMnAl,126210.11889595704
LuTiMnGa,131216.9872611128
LuTiNiAs,340773.924324883
LuTiNiB,65901.65248692615
LuTiNiGe,404150.10840593406
LuTiNiSb,328608.4558047166
LuTiNiSn,363050.9380441367
LuTiO3,158742.1180838185
LuTiPb2,222050.8193824747
LuTiPd,142034.77857775707
LuTiPt,55612.93871237226
LuTiRh,160077.35049675478
LuTiSb2,169516.7525937258
LuTiSi,127514.93104903978
LuTiSi2,239754.98108717464
LuTiSiNi,407104.6439377452
LuTiSn,237451.6587364926
LuTiSn2,226140.69539041215
LuTiTe,65018.635349016855
LuTiTe2,99373.82625677952
LuTiZn2,128546.51335869622
LuTiZnNi,141887.33768832556
LuTlCoAu,163047.8789698765
LuTlCoCu,97255.54199966184
LuTlCoNi,138685.5408332881
LuTlCoPd,155032.20350641015
LuTlCoPt,164227.40108045118
LuTlCrAu,499251.4257398946
LuTlCrIr,388426.7439328032
LuTlCrPd,477955.0870236708
LuTlCrPt,481491.8020371205
LuTlCrRh,436040.1210160253
LuTlFeAu,284078.82228491653
LuTlFeIr,275448.4287646386
LuTlFePd,295942.07574042934
LuTlFePt,317446.5087890574
LuTlFeRh,266150.2112456127
LuTlS2O9,100191.73937094689
LuU2O4,500811.14575056155
LuU2S3O2,300060.81303449045
LuU4S5O4,318608.11656369054
LuUAl2,288745.0474846336
LuUAs,465317.4254960986
LuUAs2,289101.0545844445
LuUAu2,300686.38760640705
LuUB8,141794.99211888475
LuUGa2,306291.63575280795
LuUGe2,314978.6261824894
LuUIr,376317.83947339014
LuUIr2,248321.19759572975
LuUO3,377648.9848005762
LuUOs2,189025.00570551876
LuUPd2,295979.75212132337
LuUPt,359391.5314911575
LuUSb2,258876.6311174253
LuUSi2,317710.3758752866
LuUTe2,352987.82501028845
LuV2O2,631818.7549783346
LuV2O4,543186.6122747263
LuVAs,431906.96599770297
LuVAs2,236907.5434752334
LuVAu2,381062.00016813766
LuVCoAs,320604.94613005285
LuVCoAu,180162.0223853707
LuVCoGe,447864.89254873147
LuVCoSb,530597.3247190891
LuVCoSi,468456.7689375376
LuVCoSn,399854.3949373704
LuVCuRh,144671.77240153545
LuVFeAs,458371.8168091737
LuVFeGe,296880.33400406095
LuVFeSb,409484.89605387853
LuVFeSi,315166.05041704024
LuVGa2,356504.1837687886
LuVGaCo,324140.9480332778
LuVGe,268842.8165547397
LuVGe2,345209.89233662194
LuVIn2,338677.6949901407
LuVIr,85699.21482879807
LuVNi2,385218.1724939753
LuVO2,186841.05653680395
LuVO3,327294.61548223684
LuVPd2,387913.9720917404
LuVPt,409638.1856815613
LuVPt2,360209.52941858297
LuVRh,370904.6971412095
LuVSb,597982.7882774511
LuVSb2,210383.27447661365
LuVSi,251296.9579041856
LuVSi2,341473.42515311524
LuVSn2,303764.1949155169
LuVZn2,364965.0125988659
LuWO3,197038.5392809146
LuWO4,130404.15057304154
LuWO5,93177.13155839198
LuZn2Co,110890.28070293787
LuZn2Cr,510591.246284538
LuZn2Fe,348246.43543278816
LuZn2O4,110214.43817828267
LuZn4FeO7,285571.3015188597
LuZnCoAg,78832.3092540474
LuZnCoAu,159071.57285934867
LuZnCoBi,51139.32529256869
LuZnCoCu,105189.02376424284
LuZnCoHg,152796.5167259505
LuZnCoIr,159727.51534795735
LuZnCoNi,126109.75237888163
LuZnCoPd,75080.85490480727
LuZnCoPt,100481.19450629147
LuZnCoRh,147338.00702826845
LuZnCoRu,95321.20006816283
LuZnCrAs,491264.7838565173
LuZnCrAu,503396.7443295188
LuZnCrGa,468570.2365215604
LuZnCrGe,426418.83975521417
LuZnCrHg,483460.15053155
LuZnCrIn,437830.0417232797
LuZnCrIr,487298.7265782111
LuZnCrNi,484488.2343729789
LuZnCrPd,464176.5376868016
LuZnCrPt,463115.43488156074
LuZnCrRh,494500.0849372281
LuZnCrSb,445825.3076608399
LuZnCrSi,404088.6804316241
LuZnCrSn,410001.4705514854
LuZnFeAs,271910.0309950518
LuZnFeAu,320579.0091015984
LuZnFeGe,264105.27834999893
LuZnFeIr,383206.1413661813
LuZnFeNi,354323.2778542643
LuZnFeO4,529164.6086203011
LuZnFePd,326086.2578795171
LuZnFePt,348756.5233401364
LuZnFeRh,355649.82236480847
LuZnFeSb,229380.311848812
LuZnFeSi,86899.36674233458
LuZnFeSn,252496.63113590173
LuZnGaFe,290898.8414507173
LuZnInCo,63692.83059502918
LuZnInFe,263232.02646309696
LuZnO3,65668.25941258797
LuZnRu2,92179.82488905305
LuZr2Al,97718.27672020944
LuZr2As,155192.99379617954
LuZr2Bi,143273.5630863205
LuZr2Ge,92839.70267680436
LuZr2In,66426.70345597873
LuZr2Sb,157919.95274806273
LuZr2Si,57622.7049197726
LuZr2Sn,52217.015477937384
LuZrAg2,99795.74383960907
LuZrAs,118903.66183938741
LuZrAs2,108311.30332582028
LuZrBi2,108390.03050430598
LuZrCo2,149418.8078444558
LuZrCrSn,113236.24573222248
LuZrGaCo,130933.98351191681
LuZrGe2,127902.769979708
LuZrHg2,102984.89282982933
LuZrMnAl,123446.83641704993
LuZrMnGa,125752.2465365559
LuZrO3,63791.46874776224
LuZrPb2,155301.50483963278
LuZrSb,57995.772701633054
LuZrSb2,105920.70664947078
LuZrSn2,153364.57015481085
Mg2Sc3CrS8,94230.1611990164
Mg2Sc3MnS8,124086.30407419638
Mg2Sc3MoS8,92341.85802054603
Mg2Sc3VS8,62368.32847703181
Mg2Sc3WS8,92994.20774131906
Mg2ScCr3S8,302065.8725752319
Mg2ScCrCu4,234464.6461863663
Mg2ScFeCu4,211407.09445970552
Mg2ScMn3S8,393592.4585347525
Mg2ScMnCu4,259505.2416156315
Mg2ScMo3S8,278671.9437948322
Mg2ScTi3S8,97168.47133400089
Mg2ScV3S8,200081.72266744103
MgSc2Cr2O8,229502.90043004922
MgSc2Mn4O10,720359.0381879242
MgSc2Nb2O8,113332.83802131552
MgSc2Ti2O7,118045.8351096888
MgSc2V2O7,235600.88938182915
MgSc2V2O8,109228.24807974116
MgSc3,144642.04316733382
MgSc4(FeO3)4,697548.3676532527
MgSc4Ti2O10,85748.45927857682
MgSc5,209508.18530175724
MgScAlCr,435625.4889877282
MgScAlFe,248700.11998378788
MgScCoAs,88706.14134444715
MgScCoSb,92475.77876781498
MgScCr2Ag(H2O5)2,80384.6916825725
MgScCrAs,345590.11695331614
MgScCrGa,457533.3976971055
MgScCrGe,387311.51229053043
MgScCrS4,194076.75946045213
MgScCrSi,397758.55132085306
MgScCrSn,348850.23383323074
MgScFeGe,149535.94151178477
MgScFeSb,200289.07280837704
MgScFeSi,160214.47594523572
MgScFeSn,217776.91582030468
MgScGaFe,246305.05106391938
MgScHg,125343.0460319832
MgScMnAl,392547.71625719144
MgScMnAs,388568.1311177581
MgScMnGa,414154.00246828684
MgScMnGe,387350.91606252943
MgScMnIn,367912.3854463402
MgScMnS4,255275.42055500118
MgScMnSb,343527.1904375069
MgScMnSi,334502.91452595603
MgScMnSn,342984.56750070775
MgScMo3O8,358388.2565303055
MgScMoS4,186849.19751721644
MgScNi2SbO6,176137.31111003357
MgScS3,76742.32550252549
MgScTe,105502.91863987091
MgScTiBi,149545.5729907739
MgScTiGa,216680.23112367126
MgScTiGe,118341.86690538147
MgScTiIn,198255.7060935591
MgScTiPb,149146.52726708268
MgScTiS4,63598.69861240795
MgScTiSb,107938.66465599845
MgScTiSi,103657.74458433803
MgScTiSn,346228.5188962328
MgScTiZn,81111.3268026911
MgScTl(MoO4)2,78503.87358593973
MgScVAs,367097.5387076213
MgScVGa,381563.69876489724
MgScVGe,375966.563265851
MgScVS4,129376.45462904657
MgScVSb,331167.32827941637
MgScVSi,359852.48158427386
MgScVSn,409267.6411291771
MgScWS4,171563.7381355724
MgScZn,138400.26194184436
MgScZnCo,62780.03360870796
Na(Ce2Se3)4,156503.73582494174
Na2Ce2O5,133821.42665909696
Na2CeO3,103600.09398916973
Na2CeO4,243003.29853714982
Na2CePCO7,52025.5181154003
Na2Dy2O5,148348.8289178215
Na2DyO4,257898.3154966887
Na2Er2O5,152262.45482159188
Na2ErO4,261390.3741799324
Na2Eu2MgTi3O10,528336.675941788
Na2Eu2O5,161967.00837694306
Na2Eu2Ti3O10,88953.78117469624
Na2EuGeSe4,317422.531982722
Na2EuO4,338874.89009512326
Na2Gd2O5,148368.46263117273
Na2Gd4NCl9O,639693.6054714762
Na2GdCl5,343503.20937419194
Na2GdO4,254937.0841437734
Na2GdTa5O15,207978.7556549832
Na2Ho2O5,150578.211542645
Na2HoO4,259262.8693276319
Na2La2O5,130824.38635002752
Na2La7Ti8Mn2O30,136459.81189392993
Na2LaO4,251540.844027099
Na2LiEuCl6,198335.49635112184
Na2LiGdCl6,235520.39512111456
Na2Lu2O5,157803.53413512034
Na2LuO4,265464.2372203815
Na2Nd2O5,139741.11730811824
Na2Pm2O5,142396.74738113044
Na2Pr2MgTi2O8,52769.61560635554
Na2Pr2O5,137012.22581845004
Na2PrO3,104974.02469150518
Na2PrSiO5,77794.21159288348
Na2PrWO6,60449.547992316715
Na2Sc2O5,172976.21238484545
Na2ScO3,128313.98408946577
Na2Sm2MgTi2O8,55289.48037135424
Na2Sm2O5,143873.1062767055
Na2Tb2O5,147212.16170000957
Na2TbO3,109218.21575023173
Na2TbWO6,65723.38230567315
Na2Tm2O5,155187.23833947553
Na2Y2O5,148639.35903087724
Na2YO3,113633.74295458455
Na3Ce,131148.41919628438
Na3Ce2(NiO4)3,529395.2990818615
Na3Ce4Ti2(SiO12)2,97852.19253408647
Na3Eu,430465.2198558494
Na3Eu2(CoO4)3,226770.25003913257
Na3Eu2(GeS4)2,323917.42825594964
Na3Eu2(GeSe3)2,333644.5754253504
Na3Eu2(NiO4)3,447328.2388405197
Na3Eu2(SiSe3)2,389464.09680474957
Na3Eu2(SiTe3)2,307039.0651713254
Na3Eu3(HgO6)2,99289.85912162114
Na3Eu3(NiO6)2,254025.8552298883
Na3EuTi2Nb2O12,230184.82995326258
Na3EuV2O8,242938.47019746748
Na3Gd(PO4)2,370099.2411018943
Na3GdCl6,113363.08526466144
Na3GdI6,164480.88328652113
Na3GdMn3(AsO5)3,352845.977838245
Na3GdTi2Nb2O12,275547.3133072794
Na3GdV2O8,199774.44229343947
Na3La8Ti9Mn3O36,154341.42334930907
Na3LaMn3(AsO5)3,343013.40408338286
Na3Sc,55294.91258167563
Na3Sc2(MoO4)3,96561.67828503827
Na3Sc2(WO4)3,96183.13646964025
Na4Ce2(Si4O11)3,67950.79469126891
Na4Eu(GeSe3)2,186861.58871885043
Na4Eu(SiTe3)2,154786.7423231917
Na4Eu2GeAs4,438019.9583976598
Na4Eu2GeP4,478928.14375457884
Na4Eu2P4Pb,442847.0246181077
Na4Eu2SiAs4,458505.6939450915
Na4Eu2SiP4,486753.2490936747
Na4Eu2SnAs4,421914.096669693
Na4Eu2SnP4,454666.3339430746
Na5Ce3Ti6Nb2O24,58765.38059929933
Na5CeO6,165991.62541133421
Na5GdO4,397956.17641636
Na5Nd11Ti10Mn6O48,239756.61422346055
Na5PrO6,211032.47284229324
Na5TbO6,216881.9414240668
Na5Y2(SiO4)6,85636.71630557177
Na8Gd2O7,463927.8202950398
Na8Sc4O11,63092.73256622159
Na8Y4O11,55829.28657450089
NaCa2La7Mn10O30,558077.3438268802
NaCaCeFeO6,207516.85700503064
NaCaEuSeO6,435041.41616438236
NaCaEuWO6,386440.1839136334
NaCaGdSeO6,497233.8400485872
NaCaGdWO6,443199.14432339114
NaCaYFeO6,282811.62454920675
NaCe(CO3)2,76829.39593195393
NaCe(MoO4)2,55163.91187616685
NaCe2Au,51291.18175548556
NaCe2Se3,145999.0286345866
NaCe3,282550.4644823548
NaCe5S8,148313.38068533622
NaCeAu2,59636.06488412796
NaCeC4O11,110789.21868630285
NaCeH2S2O9,51542.14721193612
NaCeHf2O6,67255.77377762846
NaCeHfNbO6,117691.03697919975
NaCeHfZrO6,65754.6831174556
NaCeHg2,61889.60470316712
NaCeMg6,53840.46256289205
NaCeMnWO6,424281.58545205626
NaCeNb2O6,74974.47408492472
NaCeO2,148595.66624077212
NaCeO3,239557.12637220087
NaCeS2,93859.72840442427
NaCeTi2O6,79997.03718991166
NaCeTiNbO6F,64897.479933349765
NaCeZrNbO6,110154.52373345164
NaDy2Bi,98337.5706996167
NaDy3,104114.74022744298
NaDyIrO4,94453.82673428388
NaDyO3,250234.4845523007
NaErCu2F8,122061.55704964032
NaErO3,253057.35567408171
NaEu(MoO4)2,336846.5885557148
NaEu(WO3)2,624755.9744965121
NaEu2Cl6,554290.2996897522
NaEu2Sn,602974.0494107615
NaEu2Tl,488264.7372525345
NaEu3,1152809.374278691
NaEuAu2,326618.76961692615
NaEuBiWO6,421866.5606747379
NaEuCl4,328674.0567455223
NaEuCu2F8,470144.26993255987
NaEuDySbO6,383513.8109106861
NaEuDySeO6,480260.73087847664
NaEuDyWO6,449338.0521066608
NaEuF4,668712.8901010354
NaEuGa,82647.8600636977
NaEuGe,50017.91256563643
NaEuHf2O6,409668.3589272553
NaEuHf4O12,326590.75575541676
NaEuHfFeO6,748211.6864264352
NaEuHfNbO6,477221.8582226096
NaEuHfSbO6,486143.59767334803
NaEuHfSnO6,405640.25682409276
NaEuHfTiO6,436382.2515915899
NaEuHfWO6,558817.009963846
NaEuHfZrO6,394831.20470787527
NaEuHg2,314923.26997454587
NaEuNb2O6,462721.9216249608
NaEuNbInO6,396287.81780793716
NaEuNbSbO6,454976.881851917
NaEuNbSnO6,498714.4067327935
NaEuO2,947367.1128956922
NaEuO3,371550.5679807299
NaEuPb,83580.06001376495
NaEuSbWO6,438971.8023908876
NaEuSi,100507.61459437037
NaEuSnSbO6,474831.6249273513
NaEuTi2O6,479799.87600086624
NaEuTi8(PO4)12,60184.32504575231
NaEuTiBiO6,462139.2431575046
NaEuTiNbO6F,392994.28353665647
NaEuTiO4,104610.49878989879
NaEuTiSnO6,437906.0526476521
NaEuTl2,288563.5885892541
NaEuV4O12,249315.64481716955
NaEuYSbO6,392442.5744592323
NaEuYWO6,448612.0653312623
NaEuZr2O6,391881.2558943561
NaEuZr4O12,316098.2141315887
NaEuZrSbO6,478636.18047898257
NaEuZrSnO6,396817.15359645034
NaEuZrTiO6,423612.17989937146
NaEuZrWO6,544845.1160549757
NaGd2Bi,77271.89528878644
NaGd2Hg,54835.15867341939
NaGd3,1663785.9984897026
NaGd3Ti2(SbO7)2,696026.1272677173
NaGdF4,871503.5537412434
NaGdGa,72556.08965760803
NaGdHf2O6,474079.46372830606
NaGdHg2,331059.31350494653
NaGdO3,260380.1754079757
NaGdTi2O6,568705.143147336
NaGdTiNbO6F,463297.04753943434
NaGdTl2,308570.78267602687
NaHo2Bi,103522.60084735342
NaHoIrO4,95669.80921976326
NaHoO3,251248.22904907796
NaLa(NiO3)4,503019.7930919156
NaLa(RuO3)2,273093.9995226234
NaLa2Cd,60940.01170028965
NaLa2Hg,71758.2493032023
NaLa2IrO6,139728.9115888191
NaLa2OsO6,208690.24732739248
NaLa2RuO6,210666.0993057248
NaLa2TaTi2O12,71504.17099475655
NaLa2Ti2MnO9,205243.2834644359
NaLaCoBi,74450.1629757833
NaLaCoSb,77019.01831860236
NaLaCoWO6,205669.60662971053
NaLaEuWO6,410757.08448536263
NaLaFeTe,90099.12756333998
NaLaGdSbO6,440680.2443984571
NaLaMnWO6,361118.1541719113
NaLaNiWO6,153448.68002496532
NaLaO3,231835.5242327146
NaLaTa2O9,188951.67723344883
NaLaTi4O12,158690.21999275172
NaLaTi8(CuO4)6,132689.38775595222
NaLaTiPt,99053.94676067871
NaLaVSbO6,144612.41658948266
NaLaVWO6,218624.35080404012
NaLaZrFeO6,288588.23868191766
NaLaZrVO6,72095.02779746606
NaLiTbWO6,63610.099284579905
NaLu(ReO5)4,164771.85500499298
NaLu3,123558.1004843295
NaLuCoAs,88407.87923986335
NaLuCoSb,80119.98915579515
NaLuO3,260148.7412987474
NaNd(FeO3)4,802470.9353261993
NaNd(NiO3)4,515529.92021529085
NaNd(SeO5)2,172621.4187970689
NaNd2IrO6,144356.89708816653
NaNd2O4,73157.55486360015
NaNd2OsO6,215150.0936283807
NaNd2RuO6,217040.2846850915
NaNd3Ti3MnO12,186908.5169934486
NaNdB6O13,65814.25988415806
NaNdC4O11,116258.41637626816
NaNdCoWO6,224939.14519079233
NaNdEuWO6,452350.5040525292
NaNdHf4O12,138622.42500165987
NaNdMnWO6,366967.9963657698
NaNdO3,247300.84717566107
NaNdPCO7,50064.82232318162
NaNdTi4O12,158437.2126312206
NaPm2O4,75007.89729832739
NaPmO3,251015.81075506177
NaPr(FeO3)4,800601.7444032232
NaPr(SeO5)2,171079.6751131451
NaPr2IrO6,142353.22051744515
NaPr2O4,71423.52224298901
NaPr2OsO6,212073.17396662172
NaPr2RuO6,214461.29736890498
NaPr2Ti2MnO9,205891.289636113
NaPr3Mn4O12,552557.3599478254
NaPrCuWO6,75054.82997669041
NaPrEuNiO6,619971.5676014354
NaPrEuWO6,436677.01453447447
NaPrHf4O12,137150.30613244904
NaPrHfGaO6,72625.08619334317
NaPrMgNbO6,72644.39933184347
NaPrMnWO6,353697.3427903887
NaPrO3,243828.06734713702
NaPrTi4O12,157990.48115763578
NaPrYFeO6,213644.0877857862
NaPrZr4O12,132553.7308087581
NaPrZrFeO6,290458.5076065774
NaSc(NF3)2,233396.18616668743
NaSc2As,118438.5418617243
NaSc2Bi,140822.19662835702
NaSc2O4,100262.19010377096
NaSc2Pb,138016.19047784788
NaSc2Sb,101331.78615087329
NaSc3,183820.57598201514
NaScO3,289756.5651040922
NaSm(FeO3)4,801690.5150406474
NaSm(NiO3)4,515158.9817232721
NaSm2Bi,59255.536962145336
NaSm2IrO6,147612.01024784718
NaSm2O4,76273.01512506472
NaSmCu2F8,117264.87692128678
NaSmEuWO6,430280.0680674491
NaSmHf4O12,139783.31322607273
NaSmMnWO6,358215.4487892397
NaSmO3,238577.6641620369
NaSmTi4O12,159865.6293566707
NaSrCeFeO6,203458.6985709106
NaSrCeWO6,61285.72848315019
NaSrEuSeO6,406232.5669189797
NaSrEuWO6,394086.40620002884
NaSrGdSeO6,486984.6335470421
NaSrNdFeO6,260847.42617036778
NaSrPrBiO6,58248.59085347162
NaSrPrFeO6,257502.32279333804
NaTb2O4,80828.22320892579
NaTb3,107706.76519986155
NaTbEuSbO6,375840.35924366704
NaTbEuWO6,446821.4905048152
NaTbIrO4,94543.08277736192
NaTbMnWO6,375290.90358018083
NaTbO3,247743.03040587774
NaTbTi4O12,160894.2773929636
NaTm2O4,86515.9180299891
NaTmO3,256669.91379513041
NaY(FeO3)4,797901.0291382616
NaY2Bi,103386.27501031464
NaY2O4,84548.09471356287
NaYCoSb,78300.29664830567
NaYFeTe,197811.0856689406
NaYGa,106084.04845829382
NaYHg,52868.60666659429
NaYIrO4,96286.91643832251
NaYMnWO6,372839.0416339972
NaYO3,236780.76760597425
NaYTiPt,79537.393607568
NaYb3,137121.54369710787
Nd(Al2Cr)4,127638.02712975825
Nd(Al2Fe)4,267999.84734993713
Nd(BO2)9,172742.01867062144
Nd(BrO6)3,238729.76561802672
Nd(ClO)3,128529.922705593
Nd(CoAs)2,175948.11097617063
Nd(CoP)2,183131.86195366806
Nd(CrSi)2,138053.75155452453
Nd(CuO2)2,114789.329669307
Nd(Fe2B)6,899262.0129548126
Nd(FeB)4,77538.655736216
Nd(FeGe)2,499163.1656952437
Nd(FeO2)3,1192610.4450675214
Nd(Ga3Co)3,78224.93399900959
Nd(MnAl2)4,401055.90522668185
Nd(MnGe)2,430013.97763711115
Nd(MnSi)2,400701.71590787254
Nd(NO5)3,169600.13866595586
Nd(NiO2)2,401161.50659811404
Nd(OsO2)2,98815.42762073492
Nd(PO5)2,115704.98225895125
Nd(PbO2)2,72658.63140556416
Nd(PdO2)2,150314.47900491543
Nd(PtO2)2,164314.0843214934
Nd(ReO2)2,291960.13811197074
Nd(RhO2)2,71097.30364987275
Nd(SnO2)2,76948.79507658575
Nd(TcO2)2,296872.3123340002
Nd(WO2)2,288195.5613013342
Nd10US16,57357.03056767867
Nd19Ti20O60,106219.66249932905
Nd2(N4O9)3,92185.6919031199
Nd2(OF)3,219942.74486076692
Nd20Mn19O60,549555.326181255
Nd20Mn20O59,607982.9029536409
Nd2Ag2O5,63795.16462485332
Nd2AgO4,75656.90111700211
Nd2Al2Fe15,1026333.0418981935
Nd2Al8Fe9,496052.5659431761
Nd2AsPd,90471.7970210155
Nd2AsRu,51273.795219973596
Nd2AuO4,75766.13756049205
Nd2B2O5,58491.21322186612
Nd2BiO4,71320.03234897555
Nd2C3O17,156001.09436079217
Nd2CdHg,78808.11380291788
Nd2Co3,221502.55662054734
Nd2Co7,596692.193354537
Nd2Co7B3,232134.43910502573
Nd2CoNiO6,237104.37790169864
Nd2CoO4,273842.6440123202
Nd2CoPtO6,227857.55657452447
Nd2CoRuO6,102756.25157270815
Nd2CoSi,97760.35447805878
Nd2Cr2O5,523070.780541839
Nd2CrAs,298606.95361784555
Nd2CrAu,317972.27854475024
Nd2CrBi,279133.8299232979
Nd2CrGa,341474.2399799535
Nd2CrGe,358605.80519234296
Nd2CrIr,397150.0638698923
Nd2CrO4,323911.0738782648
Nd2CrPd,342720.7214969888
Nd2CrPt,367442.29094537254
Nd2CrRh,389709.9326853194
Nd2CrSb,289927.2509776387
Nd2CrSn,327838.33810303657
Nd2CrTe,318423.9487461922
Nd2Cu(GeO4)2,56116.213557918665
Nd2Cu2O5,86495.64066710985
Nd2EuBeO5,561247.1271848137
Nd2EuS4,403534.5207183533
Nd2EuSe4,355961.44476547866
Nd2Fe14B,1239687.9850843265
Nd2Fe14C,1233445.7539485197
Nd2Fe15Co2H3,1239287.3536482207
Nd2Fe17C3,1175795.6476855366
Nd2Fe17H3,1309180.0589628022
Nd2Fe17N3,1293519.7583663876
Nd2Fe2O5,616492.0193908362
Nd2Fe2Se2O3,486003.0774071626
Nd2FeAs,118338.91599405193
Nd2FeAs2O,250521.5384888445
Nd2FeAu,121850.13868426582
Nd2FeCo17Si8,221841.20636844294
Nd2FeGe4,106247.7952676142
Nd2FeIr,172241.7163978329
Nd2FeNiO6,465734.4459137463
Nd2FeO4,330136.3553922032
Nd2FeSb,118103.90492373315
Nd2FeSb4,100043.68956717168
Nd2FeSi,176030.07987610684
Nd2FeSi3,156624.6388367166
Nd2FeTe,139218.44881610942
Nd2Ga2Co15,758263.1430412635
Nd2Ga2Fe15,1103090.1571016842
Nd2GaFe,169640.83969680822
Nd2Gd2O5,82606.52935677336
Nd2GdTe,56177.16322296816
Nd2GeAu,76729.87976030378
Nd2H13(CO)12,104234.7656314378
Nd2Hf2O5,83279.94830750757
Nd2HfAs,98139.75176710881
Nd2HfPt,126019.57221416946
Nd2HfSb,87796.97184865239
Nd2HfTe,165466.90939714844
Nd2InHg,70719.47862309033
Nd2IrO4,237085.3633777786
Nd2MgCr2O8,198226.19518848314
Nd2MgIrO6,77014.194784879
Nd2MgNb2O8,103402.93831058517
Nd2MgTi2S2O5,71805.93288761188
Nd2Mn2O5,656382.132990544
Nd2Mn3(SbS3)4,299041.05369913
Nd2Mn3Sb3O14,458912.0242051745
Nd2MnAs,259147.22064751282
Nd2MnAs2O,305344.1740081876
Nd2MnAu,280790.5632211112
Nd2MnCoO6,482838.9691561205
Nd2MnCrO6,531139.8069712035
Nd2MnFeO6,675778.6080301442
Nd2MnGaO6,301768.6975450998
Nd2MnGe,283944.7388162336
Nd2MnHg,282334.6550833313
Nd2MnIr,348904.09837414586
Nd2MnNiO6,405907.1997766522
Nd2MnO4,403248.949569464
Nd2MnP2O,310200.47249627917
Nd2MnPt,310924.7040083608
Nd2MnRh,335306.5115022523
Nd2MnRhO6,298221.2944909294
Nd2MnSb,298708.1225108751
Nd2MnSb2O,273691.62426678906
Nd2MnSi,294002.2851300751
Nd2MnSi2,238646.07150324155
Nd2MnTe,283193.5023199932
Nd2Mo2O5,109967.20194407579
Nd2Mo2O7,247006.60997490812
Nd2MoO4,116975.48557979237
Nd2NbPt,246031.9866426318
Nd2NbSb,132359.8847189874
Nd2NbSn,144051.27650609036
Nd2Ni17,258891.95142577888
Nd2Ni2O5,334916.48199930193
Nd2NiO4,204788.84394024315
Nd2NiPtO6,148491.33692190252
Nd2NiRuO6,300718.1566350635
Nd2Np2O5,577969.1163469885
Nd2P3H5WO9,139934.91929084432
Nd2Pa2O5,168818.2421949942
Nd2PaSb,191848.86875741443
Nd2PaTe,235134.20065201703
Nd2PbAu,79389.94550859928
Nd2Pu2O5,701365.968406661
Nd2PuAs,553469.6683411971
Nd2PuGe,581196.8759741077
Nd2PuPb,523059.91090770543
Nd2PuTe,513467.5502021861
Nd2Re2O5,53663.32211268819
Nd2Ru2O5,53338.29399684514
Nd2Ru2O7,262569.3777987029
Nd2RuO5,151194.61822904064
Nd2S2F,71941.77770920428
Nd2SbPd,86295.77143214963
Nd2SbPt,63476.34873736058
Nd2SbRu,50412.00984993568
Nd2Sc2O5,58714.68427368449
Nd2ScIn,83803.29705734143
Nd2ScPb,77427.11889666102
Nd2ScSn,72060.19867763412
Nd2ScTe,71503.31818078464
Nd2ScTl,94702.27496640953
Nd2SiAu,72714.84106260793
Nd2Sm2O5,86962.34961299085
Nd2SmTe,64859.26889472729
Nd2SnAu,76181.16711087468
Nd2Ta2O9,98555.66126411817
Nd2Tc2O5,105773.27312800012
Nd2TcTe,85857.07957556896
Nd2Te(Mo3O23)2,114503.6850686782
Nd2Te(MoO7)6,103516.8835005557
Nd2TeAu,78305.06484608763
Nd2TePd,143603.9863601408
Nd2TePt,123082.25997223188
Nd2ThAs,80335.89282828497
Nd2ThAu,97128.2174923599
Nd2ThSb,75809.25576686786
Nd2ThTe,138636.09097079936
Nd2Ti12(CuO4)9,134103.16228050823
Nd2Ti2O5,131257.78402526333
Nd2TiAl,209327.58081052304
Nd2TiAs,274260.23545667913
Nd2TiAu,261243.44667241487
Nd2TiBi,251683.57855195453
Nd2TiCuO6,75762.78809076613
Nd2TiGa,221099.4070312653
Nd2TiGe,273005.66477206064
Nd2TiIn,215434.9061204333
Nd2TiIr,266092.4995615809
Nd2TiPb,258503.0477765527
Nd2TiPd,264303.4167458525
Nd2TiPt,296551.2746439009
Nd2TiRh,273326.67948329815
Nd2TiSb,247332.9689689677
Nd2TiSi,275744.57789810264
Nd2TiSn,258896.10248276207
Nd2TiTe,200056.2668017547
Nd2Tl,86918.18661974029
Nd2TlHg,76100.70482882524
Nd2U2O5,265865.2937121408
Nd2USe4,206517.37376068742
Nd2UTe4,171226.58195585952
Nd2UTe5,97857.56152697754
Nd2V2O5,392068.18029331684
Nd2V2O7,151901.3009376643
Nd2VAs,300731.9457063651
Nd2VAu,294584.69904769544
Nd2VBi,269044.5050673733
Nd2VFeO6,526439.6285696012
Nd2VGa,298763.1663549104
Nd2VGe,309804.25101925613
Nd2VIn,280895.30130522203
Nd2VIr,352295.7496241051
Nd2VPd,334547.3683875275
Nd2VPt,340180.96623591636
Nd2VRh,371256.5714218811
Nd2VSb,261470.69703447583
Nd2VSn,279239.42903440265
Nd2VTe,254553.11385153083
Nd2W2O5,50737.76736319138
Nd2ZnHg,60392.932983194645
Nd2Zr2O5,107366.23566606504
Nd2ZrAs,135103.32113045861
Nd2ZrAu,143457.66634678192
Nd2ZrBi,140932.94091212706
Nd2ZrGa,163649.9143696958
Nd2ZrGe,210216.93632003776
Nd2ZrIn,166680.5114570841
Nd2ZrPb,207922.5912291016
Nd2ZrPt,251810.4153367139
Nd2ZrSb,146808.90140778729
Nd2ZrSn,209193.84439209
Nd2ZrTe,162884.46343106925
Nd3AlFeS7,141480.44248751685
Nd3AlNiS7,72350.86276446538
Nd3BeCrS7,108749.21624513836
Nd3Co11B4,295331.26734231034
Nd3Co13B2,319452.74665407406
Nd3Co6Sn5,117644.60472935627
Nd3CrS6,128478.3316586861
Nd3Er,84001.81014028308
Nd3Eu,445409.9490816999
Nd3Fe3Sb7,190869.29876996198
Nd3FeO6,313089.9167142524
Nd3GaCo3,79278.90389622541
Nd3GdAl4O12,301381.095031828
Nd3GdZr4O14,216720.39254774296
Nd3Ho,83677.04050613182
Nd3IrO7,122406.05457507806
Nd3MnAlS7,174490.48145799886
Nd3MnBi5,132404.54368990235
Nd3NiGe2,64627.618509266926
Nd3Np,344773.3652221014
Nd3OsO7,182575.98727485395
Nd3ReO7,121280.67073484733
Nd3RuO7,181044.61683326977
Nd3Sc2(FeO4)3,520564.8829232468
Nd3Si(Mo2O7)2,280393.28162003396
Nd3Tm,83433.5432709998
Nd3Y,82603.00731531739
Nd4(FeB2)3,108269.65007083138
Nd4Br9,70907.11223381542
Nd4Co4O11,250503.39417450843
Nd4CoS7,98086.7966840248
Nd4CoSi4(C2O11)2,55220.62699816003
Nd4Cr4O11,503286.4919088169
Nd4CrS7,123429.17869155422
Nd4CuNiO8,99177.24616632427
Nd4Fe4As4O3F,465423.7500427567
Nd4Fe4O11,698957.6787626118
Nd4FeCo3(AsO)4,303963.76952603355
Nd4FeS7,127367.39373062723
Nd4FeSn8,52303.56498339497
Nd4Mg(RhO3)4,65034.43096344786
Nd4Mn(NiO4)3,279212.9874318476
Nd4Mn3NiO12,499800.22628946847
Nd4MnSe6O,162374.79852435327
Nd4MnSn8,96104.55409747407
Nd4Mo31O56,567903.8397809013
Nd4Ni3O8,95721.15138275163
Nd4NiS7,64901.16630129745
Nd4O5,56604.01410516495
Nd4V4O11,348677.7486630027
Nd4V5(Si2O11)2,159461.6410717297
Nd5Co19B6,351637.1054864687
Nd5Co21B4,505570.4118226836
Nd5Fe5As5O4F,468668.4353645546
Nd5Mn8(PbO8)3,563186.0809266815
Nd6Mn(SiS7)2,89611.39637595908
Nd6MnS10,118520.98704450157
Nd6N8O33,94844.57582509553
Nd7(BrO6)3,103940.02570182379
Nd9Mn10O30,573802.9126997994
Nd9Ti10O30,84867.94758695703
NdAl2Cr,367105.1305967451
NdAl2V,310328.27052729245
NdAsIr2,66888.68616772242
NdAsRu,224261.56695930107
NdB4Rh7,111188.43202110233
NdBeO3,172317.50187795277
NdC3O10,71916.29224670168
NdC3O11,174640.77440749764
NdCO4,116405.27023657701
NdCd(CoO3)2,273893.8838355277
NdCd(FeO3)2,745583.1405145462
NdCd(RuO3)2,225757.93999595527
NdCdO3,55373.348087273785
NdCo2,324441.2662820419
NdCo2As,290579.83791935316
NdCo2Ge,157471.24185917233
NdCo2Sb,263264.8755175587
NdCo2Si,165286.38359379853
NdCo2Sn,144463.93600767347
NdCo2Te,268267.8687103593
NdCo3P2,88244.99888357334
NdCo9Si2,590569.9352802562
NdCoAs,76992.01190954371
NdCoAsO,89597.44548016861
NdCoAu,89943.99748181441
NdCoBi,124439.99113114647
NdCoGe,227309.96339518888
NdCoO3,438967.0386976484
NdCoPb,207979.91281693836
NdCoPd,181462.64198709407
NdCoPd2,198439.01286535882
NdCoPt,216920.3345703801
NdCoPt2,276134.7235979072
NdCoRh2,326408.3186681133
NdCoSb,135696.9760296821
NdCoSbPbO6,70190.88746426032
NdCoSi,112790.55667394747
NdCoTe2,171967.11491874163
NdCr2CdO6,415213.1189827786
NdCr2O2,853709.3911472087
NdCr2Si2C,135618.53172277892
NdCrAs,525871.5273383352
NdCrAu2,509686.2801502599
NdCrBi2,347159.763981555
NdCrGa2,388788.320454982
NdCrGe,559665.6858861097
NdCrGe2,399232.92739227245
NdCrGe3,140974.97391220008
NdCrGeO5,288994.5300762196
NdCrHg2,469275.3573157498
NdCrIn2,364628.60382138495
NdCrO3,472456.8198050504
NdCrO4,108131.23017700527
NdCrPd2,528054.5471610273
NdCrPt,571823.7855831883
NdCrPt2,524285.45092803077
NdCrRh2,531182.561370963
NdCrS2O,325756.6220616237
NdCrS3,290417.42658965243
NdCrSb3,209831.58818299675
NdCrSe3,252144.88060374866
NdCrSn,568571.6531478635
NdCrSn2,375961.972585596
NdCrTe2,411269.66379816696
NdCrTeO6,241764.69008628733
NdCu3(RuO3)4,173087.68983771326
NdDy(CoO3)4,609348.7727568833
NdDy2Au,201539.98413231625
NdDy2Hg,102253.11824519452
NdDy2In,115535.12393737609
NdDy2Pd,158258.5513342683
NdDy2Pt,144120.2311996332
NdDy2Sn,69794.99172532423
NdDy2Te,51928.669314046914
NdDy3,165794.21577983978
NdDyCo2,95029.68423812675
NdDyHg2,51577.33305689577
NdDyTe,60634.226338685075
NdDyTe2,74407.8470731686
NdDyTl,55684.83404440028
NdEr2Au,204906.46434151795
NdEr2Ga,124161.52257648244
NdEr2In,121614.78128550485
NdEr2Pd,154918.48170340707
NdEr2Pt,145759.01231197416
NdEr3,104715.20795773306
NdErCo2,95026.2378074207
NdErTe,75383.69621148189
NdErTe2,81377.49856595001
NdEu2As,235864.22188897015
NdEu2BeO5,1053458.8248311474
NdEu2NbO6,838570.9696915797
NdEu2SbO6,842290.1635635427
NdEu2TaO6,823372.7418009022
NdEu3,1330367.2323858242
NdEuAg2,318710.6753287042
NdEuB12,441328.8040980276
NdEuHfCrO6,722794.902512095
NdEuHfFeO6,827711.2457674057
NdEuHfMnO6,778098.9939025433
NdEuHfTiO6,472818.42022383213
NdEuHg2,297267.61035262607
NdEuMnFeO6,1078838.2979409548
NdEuNiSbO6,664105.6519134272
NdEuO3,92569.0768591585
NdEuZrFeO6,827217.0065097829
NdEuZrTiO6,475816.406469967
NdEuZrVO6,615359.8716969432
NdF2,137922.6005515982
NdFe3(BO3)4,692026.6044187329
NdFe5Bi4O15,665517.8498766007
NdFe6Bi(BO3)8,686526.8816903085
NdFeAs,308076.53982901847
NdFeAs2,263730.89683230646
NdFeAsO,460601.3594722247
NdFeAu2,310521.27917821374
NdFeC6(N3O2)2,120024.70400277464
NdFeC6N6O5,134334.68002122812
NdFeCo3B,519809.3734673913
NdFeGe,393370.78382079815
NdFeGe2,180651.53262454807
NdFeGe2O7,323618.6806600403
NdFeO3,764305.7047047262
NdFePt,376798.401658588
NdFePt2,435011.0079680692
NdFeRh2,525176.5348975497
NdFeSb2,211235.95536535268
NdFeTe2,275380.7035080461
NdGa2Co3,75116.97157095697
NdGa2Mo,269361.4776603105
NdGa4Co9,374561.84712499124
NdGaAg,55314.478544723635
NdGd2Au,196400.0295255035
NdGd2Hg,94865.9860535754
NdGd2In,110085.8489540974
NdGd2Pd,152318.83358382096
NdGd2Pt,143509.32578300362
NdGd2Te,53693.32798469259
NdGd3,1644425.2134830807
NdGdGa,62142.24687098705
NdGdHg2,394755.78202350443
NdGdIn,70414.09293631098
NdGdTe,51706.570894909026
NdGdTe2,67777.74359656006
NdGdTl,79092.12690658259
NdGeRu,90874.54932208506
NdH12(NO5)3,56681.62386298113
NdHfCo2,110843.70366783072
NdHfGe2,73105.78315247892
NdHfHg2,97480.7098624585
NdHo2Au,202856.39457797466
NdHo2Ga,122540.14193394598
NdHo2In,118398.59037669898
NdHo2Pd,156063.51779054813
NdHo2Pt,143912.07973762334
NdHo2Sn,70506.06219917843
NdHo3,166540.74954140562
NdHoTe,67169.04046075373
NdHoTe2,76907.64171244686
NdIO9,170423.2785576569
NdIr2Pb,107580.81683371843
NdIrPt,82503.20601325468
NdIrRh2,207387.5856175223
NdLu2Au,206785.49343280162
NdLu2Ge,113580.94963667492
NdLu2In,132998.16794859778
NdLu2Pb,119771.84494087724
NdLu2Pd,149800.46063447295
NdLu2Pt,146603.21547078877
NdLu2Sn,123547.21096050568
NdLu3,155215.58330201128
NdLuCo2,90766.1202301579
NdLuTe2,83699.4092028453
NdMg2Ni9,114154.26134278359
NdMgCu(WO4)2,104724.31353713786
NdMgHg,80955.15131791147
NdMgO3,154349.90144728535
NdMgS3,66884.42874357558
NdMgZn,71008.07087861255
NdMn2CdO6,584726.3372725515
NdMn2O5,715808.6039732228
NdMn2Pt,896055.1329717708
NdMn2ZnO6,596483.7112736673
NdMn4(CuO4)3,718763.1708672079
NdMn7O12,1199400.6888344483
NdMnAl2,428393.5655869468
NdMnAs,399764.8782201119
NdMnAsO,577298.5712118052
NdMnAu2,468208.9561006448
NdMnB4,151303.19214078155
NdMnBi,351670.0976927803
NdMnFeBiO6,570930.4982607763
NdMnFeGe2,384960.2910657876
NdMnGa2,431177.7346373942
NdMnGe,378189.9374414949
NdMnGe2,405539.97352345515
NdMnHg2,429012.2451175749
NdMnIn2,372150.3289093939
NdMnIr,612811.8259764456
NdMnIr2,584425.780798687
NdMnO3,565179.094042961
NdMnPO,608173.3599081972
NdMnPd2,531397.7665644197
NdMnPt,517186.56952198345
NdMnPt2,558247.2424349356
NdMnRh2,587969.905771126
NdMnSb,375693.8123068724
NdMnSbO,509871.09804933093
NdMnSi,408813.0847348544
NdMnSi2,253783.0784252912
NdMnTe,326593.1152812692
NdMnTe2,346052.61530960846
NdMoO3,309771.9698398417
NdMoPt2,349615.35160402284
NdN2,55421.97613758664
NdN3O13,129252.96640135291
NdNO6,166136.67743672416
NdNbAl2,195330.89578590574
NdNbAu2,220246.47307227345
NdNbGa2,193554.02744775664
NdNbGe2,177582.8519965734
NdNbPd2,140586.4061888021
NdNbSi2,151441.21663337713
NdNbSn2,162508.28887318878
NdNi5,152322.69462042692
NdNiGe,82625.65616412323
NdNiO2,174068.67167298464
NdNiO3,170277.5115317966
NdNp2O4,655791.5475777261
NdNpAs,580677.1310981164
NdNpAs2,397105.20882156264
NdNpGa2,412519.18169175135
NdNpIn2,375318.5447900933
NdNpIr,545122.8733230721
NdNpIr2,380126.24892129644
NdNpO3,416343.6796139272
NdNpPt,581637.0428106186
NdNpSb2,362191.95180529443
NdNpSi2,420118.18873439374
NdNpSn2,400158.3296563094
NdNpTe,543896.8023343553
NdNpTe2,454034.1417715874
NdO2,173894.29619561986
NdO3,51272.84916175282
NdOsO3,278973.70752648724
NdP2(HO2)3,112317.40342225776
NdP2(HO4)2,134512.84185026312
NdP2H2(WO3)2,330446.6127675745
NdP4NO12,72371.17823047814
NdPa2O4,195673.53372633742
NdPaAl2,137535.35575447927
NdPaAs,205725.1331954637
NdPaAs2,142657.20676374086
NdPaAu2,111549.25968005662
NdPaBi2,150853.48819984225
NdPaGa2,138284.18541030743
NdPaGe,133196.39182805113
NdPaGe2,51320.64789466061
NdPaHg2,208068.94427120447
NdPaIn2,134445.2228182091
NdPaO3,182951.8111197522
NdPaPb2,204409.99944786742
NdPaPd2,86997.94882588871
NdPaPt,91687.0144707644
NdPaPt2,99332.77225271723
NdPaSb2,137605.61277804038
NdPaSn2,195358.11883979046
NdPaTe2,87505.11202666201
NdPbO3,52141.95226524837
NdPd2Ru,147321.989101361
NdPdRh2,91195.15407842644
NdPtO3,158834.56839069596
NdPtRh2,91738.93940251115
NdPu2As,1204859.0686099462
NdPu2Ir,1152060.0304577358
NdPu2O4,813581.332775796
NdPu2Pt,1175279.9825299163
NdPu2Sb,1085771.053428272
NdPu2Sn,1151756.629211961
NdPu2Te,1078845.0566934892
NdPu3,1414198.6982900086
NdPuAl2,515117.46148739336
NdPuAs,730320.8679242792
NdPuAs2,511945.0244229347
NdPuAu2,559719.218896373
NdPuGa2,552866.8944543923
NdPuGe,714923.2694119365
NdPuIn2,558980.3740168172
NdPuIr,669022.5108630045
NdPuIr2,507726.06118421204
NdPuNi2,646152.2186032383
NdPuO3,520211.1034708035
NdPuPb2,486095.3510797346
NdPuPd2,633026.6589934838
NdPuPt,710715.810163124
NdPuRh,655608.8045052169
NdPuSb2,463641.3051515413
NdPuSi,757742.5129031163
NdPuSi2,590642.5706634239
NdPuSn2,515977.07454675285
NdPuTe,682597.5341766303
NdPuTe2,553098.8779093011
NdPuTl2,523519.2168955576
NdReO3,144296.03583400222
NdRuO3,150390.33245030625
NdRuPt2,120647.4446617653
NdSc2Al,178834.20682220923
NdSc2Au,242711.5610604508
NdSc2CdO6,72197.23225717993
NdSc2Ga,208141.19942966744
NdSc2Ge,171045.92476603045
NdSc2Hg,295586.92545149423
NdSc2In,196978.74450804858
NdSc2Pb,134292.2380477179
NdSc2Pd,172702.07992520713
NdSc2Pt,178918.42015871045
NdSc2Rh,107606.07331214439
NdSc2Si,176869.01042983096
NdSc2Sn,153748.72248896578
NdSc2Tl,210309.9247020238
NdSc2ZnO6,73338.76269226844
NdScAs,148461.84593328
NdScBi,79513.05684431766
NdScGe,52409.58945285468
NdScSb,275001.39012280526
NdScTe,219786.61486930694
NdScTe2,113980.52637971356
NdScTl,67757.13420492379
NdSi(HO2)2,88846.62583520467
NdSiNi,84893.59897736114
NdSiO4,112377.50753999372
NdSm(CoO3)4,631499.4517857012
NdSm(FeO3)4,781006.4722950659
NdSm(NiO3)4,416925.44071895943
NdSm2Al,78432.1065928228
NdSm2Au,187512.12382461416
NdSm2Hg,86292.0245802146
NdSm2Pd,150943.00857296682
NdSm2Te,61876.43718339769
NdSmGa,60305.08734834184
NdSmHg2,67036.84737760712
NdSmIn,76859.57581384764
NdSmTe2,63367.602391964756
NdSmTi4O12,80400.66814212964
NdSmTl,83334.82034762447
NdTa2O4,70044.09700451439
NdTaAu2,126363.63985357425
NdTaGa2,151583.8530996117
NdTcAs,210293.3957166956
NdTcO3,289831.55923531397
NdTcPt2,300388.98572854645
NdTcTe2,193443.98477566516
NdTe2Mo,98642.38495899332
NdTe2W,91125.48072468916
NdTeRu2,115779.29086161275
NdThUS5,131789.23888884147
NdTi2O4,238594.1906071036
NdTiAl2,109493.03585088311
NdTiAs,192840.65094011082
NdTiAs2,164150.56893771497
NdTiAu2,205627.54998889292
NdTiBi2,171110.1731939906
NdTiCd2,177173.3710650214
NdTiCrO5,290674.86650336505
NdTiGa2,105813.3980263809
NdTiGe,186146.86779201447
NdTiGe2,226787.16090456874
NdTiHg2,189328.23098275266
NdTiIn2,138507.32227937703
NdTiIr,171606.1615860516
NdTiO3,123369.00810621819
NdTiPb2,208809.74143353925
NdTiPd2,162264.48823075823
NdTiPt,145342.9894079363
NdTiSb2,168765.2838060938
NdTiSi,219678.31939384414
NdTiSi2,236961.76111496735
NdTiSn2,215960.03146038708
NdTiTe,58909.531638699795
NdTiTe2,92158.33101675026
NdTiTl2,180918.50318715573
NdTiZn2,97445.90735320629
NdTm2Au,205637.62298979485
NdTm2Ga,125452.40434601341
NdTm2In,122520.21368434152
NdTm2Ir,101938.05676938494
NdTm2Pt,145688.50393346092
NdTm2Rh,99254.77747625647
NdTm3,104294.52244779658
NdTmCo2,92584.8276381032
NdTmTe,82427.77929247911
NdTmTe2,82464.06590176365
NdU2O4,498133.4999887052
NdU2S5,256663.9776378374
NdUAs,416087.1944147018
NdUAs2,272365.8830623387
NdUAu2,312357.64868320816
NdUGa2,298399.4262179051
NdUGe2,307159.0624197972
NdUIr,396724.0596164362
NdUO3,302500.25690160866
NdUPt,439719.38137219095
NdUPt2,302571.1005451448
NdUSb2,248573.60589333085
NdUSi2,315304.8087491019
NdUSn2,296377.450634895
NdUTe2,315956.98024123075
NdUTe6,92271.20900241264
NdV2CdO6,239530.23108835588
NdV2O2,591603.3981686472
NdV2O4,503319.07090425777
NdV2ZnO6,237582.34445702643
NdVAs,524686.0715915554
NdVAs2,232556.249683735
NdVAu2,388415.2917155447
NdVBi2,231329.73836981985
NdVGa2,341941.62214385136
NdVGe2,324749.58626227995
NdVIn2,330450.2607728671
NdVO3,306778.61735449947
NdVPd2,381731.3922081882
NdVPt,440852.51565284317
NdVPt2,360754.4019069019
NdVSb,544541.9634304831
NdVSb2,212210.1432738299
NdVSb3,161538.98666618438
NdVSi2,325994.63921122527
NdVSn2,287325.6826948884
NdVTe,476405.3957680862
NdWO3,160329.91158643333
NdY(FeO3)2,808436.5212055501
NdY(NiO3)2,178616.71227191633
NdY(OsO3)2,61892.008674057084
NdY(SbO3)2,56183.78548269134
NdY2Al,115571.54864038859
NdY2Au,201301.2142765287
NdY2Ga,135100.82203488634
NdY2Hg,171625.48307241363
NdY2In,131339.28389993627
NdY2Ir,110307.5608596984
NdY2Pd,161362.00655710648
NdY2Pt,149330.13280782464
NdY2Rh,114234.49425441664
NdY2Si,74855.93899065221
NdY2Sn,74648.05847120206
NdY2Te,59316.8505220287
NdY2Tl,143057.1244493823
NdY3,176997.83435513327
NdYCo2,96581.58803718985
NdYCr2O6,493955.47357769293
NdYMn2O6,653843.1936613308
NdYTe,74335.91374812492
NdYTe2,86702.49872107431
NdYTl,52839.13351388306
NdYV2O6,321051.07615754916
NdZn(CoO3)2,411282.2257838626
NdZn(FeO3)2,759901.7223454403
NdZn(IrO3)2,72706.57589123647
NdZn(RhO3)2,57255.98773769033
NdZn2O4,101537.18341759316
NdZnCr2O6,423098.78487881104
NdZrAg2,132237.6526087744
NdZrAs2,80462.91994742396
NdZrBi,73011.70833867636
NdZrCo2,91670.82797953792
NdZrHg2,93261.79776545272
NdZrPb2,151821.05319721473
NdZrSb2,74599.7528463291
NdZrSn2,164298.18615592428
Np2Sc2O5,561681.3533185445
Np4Sc4O11,569692.5115883227
NpSc2O4,336113.5348027722
NpSc2Pt,609875.7679520155
NpSc2Sb,526740.3259947124
NpSc2Sn,532016.897538316
NpSc3,483300.350595909
NpScAl2,466690.72624233883
NpScAs,694956.1158851506
NpScAs2,446847.4814588298
NpScAu2,473693.28590076027
NpScBi2,409092.43340168014
NpScIn2,433642.9313481278
NpScIr,633645.3690627443
NpScO3,532790.3723711318
NpScPd2,530710.4543291822
NpScPt,630881.0870451165
NpScPt2,499196.5285613204
NpScRu2,390171.6603123981
NpScSi2,437966.69193151104
NpScTc2,329828.63795554935
NpScTe2,517102.42544133076
Pm(PtO2)2,185724.8048080017
Pm(ReO2)2,295020.440372892
Pm(RuO2)2,101865.7559747263
Pm(SnO2)2,77116.05826613128
Pm(TcO2)2,299544.90204121155
Pm(WO2)2,61758.032996786176
Pm2Ag2O5,63960.462889828916
Pm2Ag3(HgO4)3,130233.73611491358
Pm2AgO4,77280.57269948142
Pm2AsPd,92717.9139646318
Pm2AsRu,50979.1958993401
Pm2AuO4,77376.20127327986
Pm2B2O5,57556.03131644573
Pm2BeHg,60775.493473478666
Pm2BiO4,72858.85726315378
Pm2BiPd,86535.72310397065
Pm2CdHg,79495.22886827128
Pm2CoIr,61195.672305992055
Pm2CoO4,257117.0300260722
Pm2Cr2O5,529923.0969665728
Pm2CrAs,299540.890002994
Pm2CrAu,327623.9249781087
Pm2CrBi,280702.494923331
Pm2CrGa,350251.454874561
Pm2CrGe,367308.47408889723
Pm2CrIn,327641.084786822
Pm2CrIr,403887.0793427869
Pm2CrO4,333292.7048521989
Pm2CrPd,352877.3764891422
Pm2CrPt,375698.5097758501
Pm2CrRh,395838.2072680253
Pm2CrSb,292317.3181299736
Pm2CrSi,366422.4092555655
Pm2CrSn,332976.0905882167
Pm2CrTe,317634.58564952237
Pm2Cu2O5,73543.37963240015
Pm2CuO4,85384.55188183814
Pm2Dy2O5,77391.37578530546
Pm2DyRh,60457.35532002943
Pm2Fe2O5,654418.8613806209
Pm2FeAu,118654.36887905569
Pm2FeGe,174834.16555473782
Pm2FeHg,155256.94509355212
Pm2FeIr,171086.77331772886
Pm2FeO4,338088.5625858661
Pm2FePb,157614.97081811898
Pm2FeSb,117954.75092940513
Pm2FeSi,177040.84304067914
Pm2Gd2O5,94953.9410972217
Pm2GdPt,52587.63597317725
Pm2GdRh,97529.75863581545
Pm2GeAu,80399.59687276607
Pm2Hf2O5,68079.80171339132
Pm2HfAs,102218.73663279534
Pm2HfPt,128045.81584654085
Pm2HfSb,87534.34936534429
Pm2HfTe,165974.48056814502
Pm2InHg,68638.32091191338
Pm2IrO4,243645.29661360185
Pm2Mn2O5,662630.0178656088
Pm2MnAs,258402.7758504596
Pm2MnGe,287811.5323873925
Pm2MnHg,285648.9762805588
Pm2MnIn,295558.4871777068
Pm2MnIr,354698.2700495113
Pm2MnO4,411737.80362847267
Pm2MnPt,316739.1253720453
Pm2MnRh,342055.14319553366
Pm2MnSb,283178.7902659862
Pm2MnSi,297018.0413116384
Pm2MnTe,275258.52911874006
Pm2Mo2O5,111757.4225836536
Pm2MoO4,321910.0803163278
Pm2NbAs,123847.08693584584
Pm2NbPt,252600.88985580762
Pm2NbSb,130321.15993650863
Pm2NbSn,141645.8950729033
Pm2NbTe,69308.5457883747
Pm2Nd2O5,74370.21058226973
Pm2NdAu,181312.81503387986
Pm2NdHg,82224.19135643712
Pm2NdPd,146070.21872890263
Pm2NdRh,100192.80552219135
Pm2NdTe,65203.82890721796
Pm2Ni2O5,339236.7174561813
Pm2NiO4,173006.5096766981
Pm2Np2O5,531846.4858024663
Pm2NpO4,270764.6299936329
Pm2OsO4,330111.8914552726
Pm2Pa2O5,149593.04170514207
Pm2PaSb,189997.13059721136
Pm2PaSn,107827.15655803533
Pm2PaTe,237870.0061950669
Pm2PbAu,81442.12037603391
Pm2PdO4,79716.01151404505
Pm2Pr2O5,60707.69041871703
Pm2PrAu,176671.08803539514
Pm2PrHg,104942.8221782321
Pm2PrRh,96334.91176686157
Pm2PrSn,59354.1864222977
Pm2PrTe,68512.86558417806
Pm2Pu2O5,709515.4080671552
Pm2PuAs,568468.1549350546
Pm2PuBi,503440.3804669972
Pm2PuPb,535209.088907996
Pm2Re2O5,53773.11674448423
Pm2Ru2O5,53687.23077547549
Pm2SbPd,88512.78379707954
Pm2SbPt,62654.26999544797
Pm2Sc2O5,60054.12640457697
Pm2ScIn,89474.7252472858
Pm2ScPb,78782.81136807878
Pm2ScTe,63925.33645815085
Pm2ScTl,100890.40941904858
Pm2SiAu,75175.17457575456
Pm2Sm2O5,92506.92739477626
Pm2SmPd,154485.29673681277
Pm2SmPt,143917.1367409812
Pm2SmRh,101669.19252117643
Pm2SmTe,61987.90388492808
Pm2SnAu,78704.24569612651
Pm2Tc2O5,107555.86294215303
Pm2TcTe,83310.80464841326
Pm2TeAu,85271.5800747284
Pm2TePd,144952.94616941956
Pm2TePt,124265.04027247771
Pm2ThAs,82640.53932629857
Pm2ThAu,104107.04971857824
Pm2ThSb,76928.36549787536
Pm2ThTe,136458.37655315065
Pm2Ti2O5,132103.43229293244
Pm2TiAl,216462.25245388155
Pm2TiAs,279960.98027232365
Pm2TiAu,267024.7142541848
Pm2TiBi,254774.99004606428
Pm2TiGa,230015.3775915776
Pm2TiGe,279024.0727540301
Pm2TiIn,224073.58765191474
Pm2TiIr,269428.24684943847
Pm2TiPb,264260.4463695122
Pm2TiPd,273465.53878335666
Pm2TiPt,302453.7345276109
Pm2TiRh,276995.7110924454
Pm2TiSb,251027.15209081513
Pm2TiSi,281868.6363405441
Pm2TiSn,264635.2015439898
Pm2TiTe,200712.26946795735
Pm2TlCd,63476.36913816637
Pm2TlHg,75955.11401051984
Pm2U2O5,374820.9394374201
Pm2V2O5,398987.19161626487
Pm2VAs,300085.4820773952
Pm2VAu,307732.4903427503
Pm2VBi,273587.7592593828
Pm2VGa,306392.4130997511
Pm2VGe,315640.6532363657
Pm2VIn,288550.0219056961
Pm2VIr,358219.0249001424
Pm2VPd,339749.0826526879
Pm2VPt,347540.875322427
Pm2VRh,375691.61027591955
Pm2VSb,261366.30874878654
Pm2VSn,283696.1162546436
Pm2VTe,260652.81786359393
Pm2W2O5,51159.560285059866
Pm2YRh,84175.32760915757
Pm2ZnHg,64778.24416908498
Pm2Zr2O5,115893.40967478378
Pm2ZrAs,139257.7205655692
Pm2ZrAu,152293.05282321505
Pm2ZrBi,140923.1887105135
Pm2ZrGa,177223.28785207888
Pm2ZrGe,216945.75666686872
Pm2ZrIn,181225.1521026369
Pm2ZrPb,212550.01290353673
Pm2ZrPd,233672.74379329354
Pm2ZrPt,256820.9895422644
Pm2ZrSb,146727.48427421786
Pm2ZrSn,211816.175648918
Pm2ZrTe,159155.9141308012
Pm3Gd,519155.68247739517
Pm4Co4O11,406160.4374802614
Pm4Cr4O11,509492.359603827
Pm4Fe4O11,707649.8702550884
Pm4Mn4O11,688671.54831826
Pm4O5,80442.23667758574
Pm4Ti4O11,121422.71956503135
Pm4V4O11,354365.18968784384
PmAl2Cr,366527.59569887177
PmAl2V,310744.5041913598
PmAsIr2,71598.54067199142
PmAsRu,221557.4822352317
PmBeO3,192508.29517216128
PmCd(FeO3)2,749709.0654518835
PmCd(NiO3)2,88040.09872418756
PmCd(RhO3)2,52016.3936082749
PmCd(RuO3)2,230866.78000584934
PmCdO3,55766.270832240334
PmCo2As,295509.30753159965
PmCo2Bi,253093.14596225196
PmCo2Ge,156434.9790716624
PmCo2Sb,268547.55204830854
PmCo2Si,160024.47219925592
PmCo2Sn,142162.80493056777
PmCo2Te,260143.06374048596
PmCoAs,147610.97655241782
PmCoAu,86613.1588543364
PmCoGe,252765.66846536385
PmCoO3,330553.45610091777
PmCoPd,184409.5517432523
PmCoPd2,200449.1975395666
PmCoPt,219898.33493679523
PmCoPt2,275002.40879259416
PmCoRh2,340183.0215846672
PmCoSb,134381.7643725618
PmCoSi,255513.69549698348
PmCoSn,220209.81880030644
PmCr2CdO6,417566.63953366707
PmCr2PbO6,402229.0312603565
PmCrAs,532770.3895033968
PmCrAu2,515006.165085582
PmCrBi2,346996.5393129942
PmCrGa2,391733.7452139592
PmCrGe,557716.0083575908
PmCrGe2,399596.4092041427
PmCrHg2,471481.71739918983
PmCrIn2,366682.31344041997
PmCrO3,457187.84385942895
PmCrPd2,535130.2493510131
PmCrPt,576279.6830369626
PmCrPt2,531785.5994186868
PmCrRh2,530136.7333657461
PmCrSb2,357057.117232164
PmCrSn,576641.6302196969
PmCrTe,380026.10148557136
PmCrTe2,414159.51268801076
PmDy2Au,201862.47436195516
PmDy2Hg,91158.91967687881
PmDy2In,112679.36067767862
PmDy2Ir,50529.771107483204
PmDy2Pd,159859.29672049778
PmDy2Pt,144439.37810968046
PmDy2Rh,109494.12662152038
PmDy2Sn,69277.46904306402
PmDy2Tl,131785.81226051663
PmDyTe,62973.751746308524
PmDyTe2,76479.4089411852
PmEr2Au,204789.4649544082
PmEr2Ga,120547.1869507978
PmEr2In,116905.14449550038
PmEr2Pd,155757.67278403978
PmEr2Pt,144223.3573820152
PmEr2Rh,103608.71479722606
PmEr3,104036.00036240563
PmErCo2,90774.32917622235
PmErTe,76855.19375601449
PmErTe2,82240.35457934342
PmEu3,1329923.2935006386
PmEuHg2,302106.12387464853
PmEuO3,115703.06296915791
PmEuPd2,357955.6848586093
PmEuPt2,358191.1625170762
PmEuRh2,354177.33799317223
PmEuTe,81458.59041898625
PmEuZn2,334915.3706212973
PmF2,141170.25726060697
PmFeAs,314025.2610146781
PmFeAs2,256474.48119268013
PmFeAu2,315616.8564905447
PmFeGe,400555.76184408664
PmFeGe2,227775.73212277662
PmFeO3,724776.3861436672
PmFePd2,392229.9224281601
PmFePt,385647.2576929651
PmFePt2,439837.44061100954
PmFeRh2,538426.5098920213
PmFeSb2,206350.11276419152
PmFeTe2,279010.7053319996
PmGa2Mo,262716.7764718162
PmGd2Au,196850.19881132766
PmGd2Hg,83056.88790418506
PmGd2In,108927.23396804086
PmGd2Pd,155608.65243048492
PmGd2Pt,144205.16992905008
PmGd2Rh,108334.99901138591
PmGd2Sn,67263.58981647083
PmGd2Te,50962.97842821441
PmGd3,1652972.0062933492
PmGdAl2,333128.99011223705
PmGdCo2,90099.58339953156
PmGdCu2,384122.0372323219
PmGdGa,51986.30947692976
PmGdHg2,400258.4913839855
PmGdIn,50433.63368433657
PmGdIn2,295204.0055246941
PmGdMg2,345549.97528737853
PmGdTe2,70519.62985682537
PmGdTl,66503.84927462092
PmGeRu,185473.05197637703
PmHfCo2,96485.831168624
PmHfGe2,78640.7858254624
PmHfHg2,99230.96621601733
PmHfPb2,112009.94058691306
PmHo,158321.44264864444
PmHo2Au,203585.3084916514
PmHo2Hg,90600.62203203031
PmHo2In,115696.07086340898
PmHo2Pd,157273.83458072125
PmHo2Pt,143624.5279671951
PmHo2Rh,107081.26537197341
PmHo2Tl,131279.1301163348
PmHoCo2,91567.51154097685
PmHoTe2,79500.81939197512
PmIn2Co,61898.515508283555
PmInNi,56352.699606890856
PmIr2Pb,108663.75498262333
PmIrO3,221045.29371785955
PmIrPt,85973.10176592733
PmIrRh,77073.45664413796
PmIrRh2,211851.55181811893
PmLu2Au,207277.73258787062
PmLu2Ga,125043.39789631066
PmLu2Ge,92879.0272938776
PmLu2In,123841.22332438544
PmLu2Ir,95503.36858849623
PmLu2Pb,115613.95488248757
PmLu2Pd,149835.8321592811
PmLu2Pt,144234.86107122703
PmLu2Rh,93162.62064042794
PmLu2Sn,115659.13631052132
PmLu3,160862.61674043714
PmLuCo2,86028.45179848623
PmLuTe,94027.60277559499
PmLuTe2,84206.3648685023
PmMgHg,90000.11743955131
PmMgO3,141249.0734557461
PmMgS3,67938.9574128181
PmMgZn,80492.77941705358
PmMn2CdO6,588033.8306218944
PmMn2Pt,897570.8492290401
PmMn2ZnO6,599717.2732720495
PmMnAl2,430255.25308134424
PmMnAs,405967.018352169
PmMnAu2,474909.33938960795
PmMnBi,353978.8473458106
PmMnBi2,344805.9322735777
PmMnGa2,441212.02767769323
PmMnGe,517232.73968563933
PmMnGe2,406681.35940496955
PmMnHg2,434654.44407069497
PmMnIn2,376192.11960445304
PmMnIr,621033.4258831432
PmMnIr2,589119.2320462102
PmMnO3,625258.0355913604
PmMnPd2,538085.2955810695
PmMnPt,526409.7077191006
PmMnPt2,563657.8566698142
PmMnRh2,593473.9469441012
PmMnSb,380236.4325759378
PmMnSi,535457.1303983965
PmMnTe,329169.92700471345
PmMnTe2,349020.9783784875
PmMoO3,326549.2769546668
PmMoPd2,390140.9764617668
PmMoPt2,342894.043789813
PmNbAl2,194187.12858133402
PmNbAu2,212693.76155897882
PmNbGa2,194215.73256621172
PmNbGe,145962.99784688794
PmNbGe2,177145.8782495462
PmNbIn2,185066.24272420906
PmNbPd2,134824.1321504384
PmNbSi2,142617.19024046292
PmNbSn2,160498.0832714652
PmNd2Au,173906.42413667432
PmNd2Te,67668.21413126885
PmNdGa,58481.603007330734
PmNdHg2,73118.33463241739
PmNdTe2,61497.23631224926
PmNdTl,82443.3834951843
PmNiGe,70043.86705611763
PmNiIr,50994.93186851261
PmNiO3,173601.05956745672
PmNpAl2,399338.08166899596
PmNpAs,589201.502731687
PmNpAs2,400667.3172944956
PmNpGa2,424925.9625458503
PmNpGe2,436510.73987952806
PmNpIn2,379836.20343266864
PmNpIr,545004.0989163874
PmNpIr2,382202.98506550567
PmNpO3,426040.08148500347
PmNpPt,592652.6718555856
PmNpRu2,335164.003055981
PmNpSb2,365213.3154433833
PmNpSi2,420298.20103919617
PmNpSn2,403973.1610849967
PmNpTe2,461974.47340122686
PmO2,179128.63289397742
PmOsO3,285183.92167800467
PmPaAl2,134531.47712966386
PmPaAs,212576.05079907094
PmPaAs2,137487.54914465672
PmPaAu2,100743.75959568263
PmPaBi2,150158.1187351506
PmPaGa2,135532.19739990358
PmPaGe,132223.87481756278
PmPaHg2,206368.19670952734
PmPaIn2,132380.13122905893
PmPaO3,186167.48348625613
PmPaPb2,204186.82040549227
PmPaPd2,77196.13860879213
PmPaPt,98446.83193844928
PmPaPt2,93310.8170283317
PmPaSb2,135781.9680505124
PmPaSi,110434.94361617933
PmPaSn2,192355.79019805766
PmPaTe,222776.04047303827
PmPaTe2,91657.35472638314
PmPd2Ru,150879.33151432025
PmPr2Au,164611.0822533749
PmPr2Pt,132303.79526224008
PmPr2Te,69146.7850561405
PmPrCd2,60244.52639914522
PmPrGa,56536.49691095245
PmPrHg2,72712.46297580007
PmPrTe2,54691.33183736939
PmPrTl,80651.04652011128
PmPt2W,191572.84313996544
PmPtRh2,95468.28568730317
PmPu2As,1188072.7771617114
PmPu2Au,1175822.002810353
PmPu2Ir,1154903.9087428015
PmPu2O4,820769.8905610372
PmPu2Pt,1179104.6926341488
PmPu2Sb,1074168.2917893885
PmPu2Sn,1138883.5439377245
PmPu2Te,1074918.5973829967
PmPu3,1440647.857035928
PmPuAl2,522170.1639687339
PmPuAs,736124.5455595584
PmPuAs2,517794.137918085
PmPuAu2,547161.3338020868
PmPuBi2,450601.5273527261
PmPuGe,723707.6948019853
PmPuGe2,573904.4751389166
PmPuHg2,587669.2619184669
PmPuIn2,517318.64454485837
PmPuIr,677559.8856797165
PmPuIr2,514009.04635131895
PmPuO3,470863.4028669242
PmPuPb2,503936.45213844295
PmPuPd2,644039.2926404449
PmPuPt,706960.3586375103
PmPuSb2,468366.890283441
PmPuSi,740238.4993080788
PmPuSi2,604355.0928755654
PmPuSn2,519232.41626158025
PmPuTe,770226.802139455
PmPuTe2,552147.6295808402
PmReO3,319906.4261584779
PmRh2Pb,51010.81189022108
PmRuO3,146957.8964461378
PmSc2Al,169914.04301922728
PmSc2Au,242854.39693664532
PmSc2CdO6,72639.50042337872
PmSc2Ga,202179.05221754714
PmSc2Ge,171282.28375329112
PmSc2Hg,297261.2900382722
PmSc2In,193436.2634765429
PmSc2Ir,110728.20086572759
PmSc2Pb,140625.0438355616
PmSc2Pd,174097.91462850786
PmSc2Pt,180858.37802390143
PmSc2Rh,117889.65889856893
PmSc2Si,175524.01005841323
PmSc2Sn,154868.2739729179
PmSc2Tl,206459.40231163506
PmSc2ZnO6,75876.64236634945
PmScAs,154130.7806531876
PmScBi,82076.40556407701
PmScCo2,75757.0518111724
PmScIn,59841.84987050895
PmScPb,86669.7961929787
PmScSb,278117.95558410086
PmScTe,336972.5926992058
PmScTe2,117239.08451580584
PmScTl,56865.85194114238
PmSi(HO2)2,87054.17292732172
PmSiNi,68512.43865972734
PmSiO4,118080.07125121958
PmSiRu,175155.05520640098
PmSm2Au,187327.35843343424
PmSm2Cd,60261.6042667533
PmSm2Hg,79624.51599112283
PmSm2In,100312.64286896412
PmSm2Pd,155745.6705428165
PmSm2Pt,142696.08720386808
PmSm2Te,59456.57027899359
PmSmGa,61410.84642945323
PmSmHg2,51294.73364723536
PmSmTe2,63800.375498708694
PmSmTl,83221.58531294015
PmTaGa2,149581.0737489054
PmTcAs,210423.03187175177
PmTcO3,293476.09927313874
PmTcPd2,326122.61786451755
PmTcPt2,303480.4106123156
PmTcTe2,196322.85136310218
PmTe2Mo,99699.72612671746
PmTe2Ru,61883.69005317505
PmTe2W,88977.90041675676
PmTeRu2,116352.38570586882
PmTi2O4,238111.82221542185
PmTiAl2,109144.53667518326
PmTiAs,193689.0892610779
PmTiAs2,166924.15948264656
PmTiAu2,205329.57735765234
PmTiBi,170438.51875567777
PmTiBi2,171577.83833869122
PmTiCd2,173274.6819856605
PmTiGa2,106164.40712953809
PmTiGe,244027.46626371384
PmTiGe2,229268.9790263393
PmTiIn2,138288.1365286181
PmTiIr,133142.08783744852
PmTiO3,139776.64397588104
PmTiPb2,210469.29997843504
PmTiPt,136973.3607548796
PmTiSb2,168870.4247462111
PmTiSi,212626.63795633157
PmTiSi2,240590.67048813743
PmTiSn2,217856.94099882437
PmTiTe2,93334.81483235663
PmTiTl2,180965.59050583083
PmTiZn2,106135.93814671507
PmTlNi,58598.32435388739
PmTm,162598.42278619678
PmTm2Au,205611.57207558074
PmTm2Ga,121214.7367106168
PmTm2Ge,76282.51878298457
PmTm2In,116067.60163469645
PmTm2Ir,99104.28851689018
PmTm2Pd,155289.9029407317
PmTm2Pt,143980.24897092345
PmTm2Rh,99348.2382119564
PmTm2Sn,75112.57156240183
PmTm3,169772.49677738774
PmTmCo2,85835.62688635862
PmTmTe2,83402.79028856262
PmU2O4,504428.32256865257
PmUAs,423259.21714430896
PmUAs2,274723.3664822089
PmUAu2,312125.47239395056
PmUGa2,302157.50177940493
PmUGe2,309398.9293965557
PmUIr,400030.745897992
PmUO3,313886.88112658134
PmUPt,433324.6401022515
PmUPt2,301546.4960566847
PmUSb2,250016.66923895778
PmUSi2,317284.4256994466
PmUTe2,319927.9913747277
PmV2CdO6,239764.13394998197
PmV2O4,511905.68514652574
PmV2ZnO6,235795.39514080726
PmVAs,529530.7706336075
PmVAs2,232633.3211264097
PmVAu2,389341.658279329
PmVBi2,231291.2725395552
PmVGa2,341469.74341562844
PmVGe2,326799.7082763732
PmVIn2,328924.9804311644
PmVO3,311420.42803236295
PmVPd2,383273.1603177827
PmVPt,443320.2497007196
PmVPt2,359561.94212634733
PmVSb,554635.4259720073
PmVSb2,211024.5821130419
PmVSi2,329048.14920545934
PmVSn2,290913.35540087754
PmVTe,483675.0468748259
PmWO3,76161.10978984524
PmY,158937.44627004038
PmY(FeO3)2,816531.3456058031
PmY(NiO3)2,181301.46306544167
PmY(OsO3)2,55277.94419473284
PmY(RuO3)2,90819.53589720468
PmY(SbO3)2,57756.07054074393
PmY2Al,110826.4931477306
PmY2Au,200055.55518979562
PmY2Ga,131367.70674912815
PmY2Hg,103440.62079699649
PmY2In,126954.45917256211
PmY2Ir,107637.82750410051
PmY2Pd,161922.74910561743
PmY2Pt,148348.10077769042
PmY2Rh,113984.83392214168
PmY2Si,80241.0557606298
PmY2Sn,73445.20111252287
PmY2Te,57395.637841274714
PmY2Tl,139525.47993858677
PmY3,176022.50279747156
PmYCr2O6,496234.7131693168
PmYMn2O6,656749.0411761237
PmYTe2,81354.60482647775
PmYV2O6,322405.43549465353
PmZn(CoO3)2,92855.91250487971
PmZn(FeO3)2,763712.6342726377
PmZn(NiO3)2,91152.53424769806
PmZn(RhO3)2,60061.21616179883
PmZn(RuO3)2,50767.10551860617
PmZn2Cr,523156.37714504515
PmZn2O4,102923.62136252824
PmZnCr2O6,425458.7153255959
PmZrAg2,131070.37862702408
PmZrAs2,81868.51692389295
PmZrBi,76085.37564979693
PmZrBi2,68229.20715703553
PmZrCo2,104038.74813492924
PmZrGe2,153492.3073642881
PmZrHg2,95612.9941046786
PmZrPb2,155082.2881558187
PmZrSb2,77728.46318545465
PmZrSi2,152474.32657390446
PmZrSn2,164149.05625865675
Pr(Al2Cr)4,125836.18471989298
Pr(Al2Fe)4,268223.58754282404
Pr(BrO2)3,75692.03100736956
Pr(ClO)3,110255.41197602297
Pr(ClO2)3,95511.84016792402
Pr(CoAs)2,178377.26211051948
Pr(CoO3)2,594492.7234250762
Pr(CoP)2,167315.73156042368
Pr(CuO2)2,112650.6115246677
Pr(FeB)4,73430.53044183642
Pr(FeGe)2,495784.90026182175
Pr(FeO3)2,771043.2806790619
Pr(MnAl2)4,404218.6399286045
Pr(MnGe)2,434470.9494507934
Pr(MnSi)2,398543.1489767543
Pr(MoO3)2,222213.80981975136
Pr(NO5)3,129835.16962728719
Pr(NiO3)2,420406.63832689135
Pr(PtO2)2,123409.77269182191
Pr(ReO2)2,289338.82270399417
Pr(RhO2)2,88836.72771025606
Pr(RuO2)2,99987.88459757344
Pr(SnO2)2,76306.85532774791
Pr(TcO2)2,294274.2492066502
Pr(WO2)2,319982.1298735626
Pr(WO3)2,220052.37852094584
Pr10Ni5O22,184433.72834544466
Pr10US16,56454.72918071317
Pr11O20,126287.44528738168
Pr12Mn11O36,519306.41857586504
Pr2(N4O9)3,85429.58830531882
Pr2Ag2O5,63125.03910915079
Pr2Ag3(HgO4)3,145998.30749770184
Pr2AgO4,74169.58774852169
Pr2Al2Co15,725430.2572297731
Pr2Al2Fe15,1019880.065179397
Pr2Al3Co14,608274.6573911317
Pr2AsRu,51352.06881364273
Pr2AuO4,74220.73320166895
Pr2B12Br2O27,123764.72976778203
Pr2B2O5,58672.40106428219
Pr2BiO4,69879.48457486145
Pr2BiRu,51815.958780975605
Pr2CdHg,73797.03139671928
Pr2Co12P7,183053.2179272386
Pr2Co17,953694.3546476093
Pr2Co7,589979.1880897959
Pr2CoIr,65777.14526722151
Pr2CoO4,268780.5471280632
Pr2CoPtO6,74974.37719253663
Pr2CoRuO6,74685.37297178723
Pr2Cr2O5,518595.2077741675
Pr2CrAs,295845.6028729368
Pr2CrAu,308465.30629997404
Pr2CrBi,276767.2265644277
Pr2CrGa,334201.43749095994
Pr2CrGe,351040.62856420607
Pr2CrIr,391833.3522733786
Pr2CrO4,317373.46565704496
Pr2CrPd,329261.8719660814
Pr2CrPt,357530.30653178017
Pr2CrS4,221757.896721032
Pr2CrSb,288229.3770517753
Pr2CrSe4,194335.62975583825
Pr2CrSn,322849.18635208614
Pr2CrTe,317336.80999959004
Pr2Cu(GeO4)2,53233.562192548496
Pr2Cu2O5,95134.76193401654
Pr2CuS2O,52576.2261756395
Pr2EuS4,396933.7263366051
Pr2EuSe4,351602.95236170036
Pr2Fe14B,1233627.8054627946
Pr2Fe17C3,1172063.9639078653
Pr2Fe17N3,1290547.775957329
Pr2Fe2O5,608555.3028001571
Pr2Fe2S2O3,512834.4255587379
Pr2FeAs,119915.10066153837
Pr2FeAs2O,241275.6721235586
Pr2FeAs2RuO2,205273.840007052
Pr2FeAu,114263.84101658095
Pr2FeGe,172092.92273253552
Pr2FeGe4,109440.34236338208
Pr2FeO4,322810.2982535542
Pr2FeP2O,247619.5467422354
Pr2FePt,134619.59611150055
Pr2FeSb,120029.05266756895
Pr2FeSi,178211.0214289243
Pr2FeSi3,150955.46195072774
Pr2FeSn4,94155.76309637573
Pr2Ga2Co15,754089.9310194489
Pr2GaFe,175134.46832449306
Pr2Gd2O5,70083.05588083621
Pr2GdTe,59041.34889414928
Pr2GeAu,77100.5450277509
Pr2Hf2O5,95211.55632563912
Pr2HfAs,96225.23668907673
Pr2HfPt,125233.71952164243
Pr2HfSb,89314.35644352752
Pr2HfSn,136352.7931638064
Pr2HfTe,165704.81057980924
Pr2InHg,61903.368028249766
Pr2IrO4,232469.41555456907
Pr2Mg(MoO3)4,294031.59298530524
Pr2MgCr2O8,193108.02978123492
Pr2MgIrO6,76245.82246836633
Pr2MgMn2(GeO5)2,383853.1279771821
Pr2MgNi9,95774.86790430186
Pr2MgTi2S2O5,71514.17130042294
Pr2MgV4O12,165771.10767413114
Pr2Mn2O5,646523.7697369012
Pr2Mn2Se2O3,576211.2636735336
Pr2Mn3(SbS3)4,297152.445109286
Pr2Mn3Sb3O14,455621.9727043423
Pr2MnAs,260849.56431755752
Pr2MnAu,283086.96468035516
Pr2MnGa,309667.61344013945
Pr2MnGe,279571.7580191561
Pr2MnIr,344229.6524509309
Pr2MnNiO6,389516.91955644294
Pr2MnO4,394806.8177228857
Pr2MnP2O,53419.11426860902
Pr2MnPt,302084.6473110049
Pr2MnRh,328958.4898974522
Pr2MnRhO6,292880.6710135252
Pr2MnSb,301636.959254228
Pr2MnSi,289102.84607781586
Pr2MnSn4,143731.30130999093
Pr2MnTe,291302.7960785747
Pr2Mo15O28,527234.2812259869
Pr2Mo2O5,109113.06282989065
Pr2MoO4,113016.03981260763
Pr2NbPt,238720.74905498826
Pr2NbSb,136182.51433770134
Pr2Nd2O5,56258.77668504858
Pr2NdAu,163782.03935754971
Pr2NdTe,71090.25987632337
Pr2Ni2O5,330546.06566756446
Pr2NiO4,201612.50274563153
Pr2NiPtO6,146875.2106729032
Pr2NiTe,117082.3377464831
Pr2Np2O5,568250.4192270946
Pr2NpO4,256630.3848503851
Pr2OsO4,158693.4021264633
Pr2P3H5WO9,136336.36010567198
Pr2Pa2O5,260323.89911163738
Pr2PaSb,192306.85171355042
Pr2PbAu,77039.54470963556
Pr2PdO4,74636.46513897649
Pr2Pu2O5,694378.4499593595
Pr2PuAs,552502.5007625491
Pr2PuPt,581936.3462610594
Pr2PuSb,497193.4378184826
Pr2PuTe,510182.1397761891
Pr2Re2O5,51223.90472732641
Pr2Ru2O5,53095.77689722823
Pr2Ru2O7,65773.71215427411
Pr2RuO5,147713.74857543188
Pr2S3O20,244182.7997045717
Pr2Sc2O5,57312.615576724136
Pr2ScIn,77932.6255632515
Pr2ScPb,73097.8051882429
Pr2ScSn,69238.9982042758
Pr2ScTe,75177.55259109536
Pr2ScTl,88671.74764928642
Pr2Sm2O5,65361.849813132874
Pr2SmTe,68898.07824615459
Pr2Ta2O9,97406.52593326618
Pr2Tc2O5,104391.65376655146
Pr2TcTe,86196.50038381731
Pr2Te(Mo3O23)2,114857.07734411702
Pr2TeAu,72728.4222660363
Pr2TePd,142355.9015271558
Pr2TePt,123448.99227799557
Pr2ThAs,79905.75025548456
Pr2ThAu,89473.8633543937
Pr2ThSb,77482.40582487005
Pr2ThTe,139333.82095791513
Pr2Ti2O5,129824.08318782247
Pr2TiAs,270377.1498179756
Pr2TiAu,247556.58727938638
Pr2TiBi,247520.46692989787
Pr2TiGa,214664.86739256958
Pr2TiGe,267174.533646937
Pr2TiIn,208060.17946650306
Pr2TiIr,261781.04785252357
Pr2TiPb,252400.43953581454
Pr2TiPd,257805.7728383404
Pr2TiPt,290810.6358957777
Pr2TiSb,244369.13340951176
Pr2TiSi,269538.48136159714
Pr2TiSn,254019.9469065926
Pr2TiTe,198107.48145933443
Pr2Tl,86225.1055111127
Pr2U2O5,249294.81417554952
Pr2UP3,156660.11893669405
Pr2USe4,205795.53773896862
Pr2UTe4,169063.06048435642
Pr2UTe5,79592.10702546824
Pr2V2O5,387542.5978849553
Pr2VAs,300705.52309663186
Pr2VAu,283487.6850369047
Pr2VBi,266277.99069166504
Pr2VFeO6,521081.1974801409
Pr2VGa,291250.4490454677
Pr2VGe,303722.5719843154
Pr2VPd,329104.9932356706
Pr2VPt,332936.73642118234
Pr2VSb,261542.86412408637
Pr2VSn,274797.73039990274
Pr2VTe,249993.4146014217
Pr2W2O5,52898.983689476205
Pr2Y2O5,85754.37035643289
Pr2YTe,50322.200053426866
Pr2ZnAg,50090.849472212096
Pr2ZnHg,59288.869703285425
Pr2Zr2O5,74291.05417673488
Pr2ZrAs,133725.65812928078
Pr2ZrAu,136491.66798275537
Pr2ZrBi,139986.6319366583
Pr2ZrGe,201719.59608293974
Pr2ZrIn,166154.97539464894
Pr2ZrPb,205582.60822477224
Pr2ZrPt,245476.73737835497
Pr2ZrSb,145866.29290414214
Pr2ZrSn,205658.72491726145
Pr2ZrTe,162811.16656610902
Pr3AlFeS7,139770.0191003186
Pr3AlNiS7,69874.42339805211
Pr3BeCrS7,107258.76515797527
Pr3Bi(Ru2O7)2,60343.850936131625
Pr3Co11B4,292776.06058407784
Pr3CrS6,126035.72065238244
Pr3Er,83365.80653170454
Pr3Eu,401782.4580933709
Pr3IrO7,120226.62853387158
Pr3Lu,80692.90333188644
Pr3Mn4PbO12,565132.5437970512
Pr3MnAlS7,172019.78615419197
Pr3MnBi5,132713.19694625976
Pr3NiGe2,63151.16874504641
Pr3Np,357284.286146235
Pr3OsO7,179511.00700764326
Pr3ReO7,119199.7684085708
Pr3RuO7,181624.60346182078
Pr3Sc2(FeO4)3,511919.41233019595
Pr3Tm,82504.97450831081
Pr4(CoB2)3,77822.29332843759
Pr4(FeB2)3,108349.02593416015
Pr4CoS7,95710.2669585605
Pr4Cr4O11,497143.25035314483
Pr4CrS7,120544.54539653445
Pr4Fe4O11,685991.1789448997
Pr4FeS7,123835.5682145451
Pr4Ni4O11,244983.80007006822
Pr4NiS7,62960.53312373483
Pr4Ti4O11,112471.36919922166
Pr4V4O11,314580.1988772092
Pr4V5(Si2O11)2,202650.97634831164
Pr5(RuO6)2,166206.9023505659
Pr5AgSn3,64488.41631794193
Pr5Co19B6,347470.9618471934
Pr5Ni19,53989.130354385794
Pr5Sn3Au,61443.270415633364
Pr6MnS10,116414.12268426883
Pr6N8O33,93404.63562649462
Pr6O11,132835.56907530353
Pr7(BrO6)3,115767.42006000328
Pr7Mn8O24,564308.3316720171
Pr7O12,79538.7035292746
Pr8Ni4O17,131012.53566226595
Pr9Be4O20,101601.38750532459
PrAsRu,226491.0362327645
PrBeO3,143373.55384136311
PrC2BrO7,170580.39109455238
PrC2ClO7,241437.52087755754
PrCd(FeO3)2,740877.4400633932
PrCd(NiO3)2,86835.85594108708
PrCd(RuO3)2,221336.9575839579
PrClO2,116636.67301706226
PrCo2Ge,157368.56492277663
PrCo2Sb,261284.15531192775
PrCo2Si,165513.04208363817
PrCo2Sn,147401.46380523132
PrCo5H4,70466.818719052
PrCoAs,142618.11911934684
PrCoAu,92854.92952241651
PrCoGe,225556.24447136512
PrCoGe2,70270.26838528327
PrCoO3,206031.5633447938
PrCoP,149403.9389377727
PrCoPb,208391.79523654628
PrCoPd2,196051.73681317366
PrCoPt,214077.21287924834
PrCoRh2,315077.54964088835
PrCoSb,131112.59606539836
PrCoSbPbO6,69798.24097011104
PrCoSi,136960.70006901424
PrCoSn,219659.39527199944
PrCoTe2,171293.9676206329
PrCr2CdO6,412882.80042299215
PrCr2O2,594464.1475859892
PrCr2O6,256818.2981249403
PrCr2PbO6,397311.088188058
PrCr2Si2C,156388.83232925
PrCrAs,516803.8495487735
PrCrAu2,506329.96397007885
PrCrBi2,348031.92205964687
PrCrGa2,387802.24173245556
PrCrGe,549010.1038814358
PrCrGe2,398531.62919586647
PrCrGe3,133390.0776915784
PrCrHg2,467406.10049030225
PrCrIn2,362749.51920866856
PrCrO3,436870.89676957694
PrCrO4,106143.97211452566
PrCrPd2,522753.38590504206
PrCrPt,563896.8405679929
PrCrPt2,521625.7452777167
PrCrRh2,532698.9372916394
PrCrSb,471022.1988393348
PrCrSb2,350415.0311966093
PrCrSb3,207473.70225142306
PrCrSe3,249210.74868869135
PrCrSn2,375105.17747834494
PrCrTe,371194.54791163706
PrCrTe2,408468.0745860157
PrCrTeO6,239816.66973513548
PrDy2Au,200156.96864351403
PrDy2In,116535.21909632982
PrDy2Pd,154339.77397604423
PrDy2Pt,142643.95665113718
PrDy2Sn,68590.2175389093
PrDy2Te,53681.530384203106
PrDy3,166308.53075890077
PrDyHg2,55022.365775373386
PrDyTe,58685.770971454076
PrDyTe2,71670.7905228504
PrDyTl,68437.00643327726
PrEr2Au,204000.71697443488
PrEr2Ga,128442.42735476568
PrEr2In,125001.41691534707
PrEr2Pd,150867.67495803098
PrEr2Pt,145918.4239590308
PrEr3,77471.56019808052
PrErTe,73387.16082282279
PrErTe2,78326.19338969476
PrEu2As,247454.40920668823
PrEu2Bi,171961.07102270587
PrEu2Ge,198870.77037094944
PrEu2NbO6,823905.2762193768
PrEu2Pb,183619.73685370223
PrEu2Sb,126556.05576560354
PrEu2SbO6,831884.2751684334
PrEu3,1262620.1231378308
PrEuAg2,317275.6395061864
PrEuCuS3,501813.67792418937
PrEuDySiO6,508376.60088722734
PrEuHfCrO6,721774.8538121431
PrEuHfFeO6,836972.5439281258
PrEuHfMnO6,799475.4237714334
PrEuHfVO6,638833.3440131706
PrEuHg2,290711.3560045138
PrEuMnNbO6,819104.7060095862
PrEuMnSbO6,827286.9743473885
PrEuMnWO6,893432.1938073516
PrEuO3,94084.48913108397
PrEuZn2,324994.9737332287
PrEuZrCrO6,702199.6739402193
PrEuZrFeO6,800576.2631936983
PrEuZrMnO6,757497.4339347733
PrEuZrVO6,623347.379974229
PrF2,146116.0547044797
PrFe2PbO6,711308.5295143832
PrFeAs,301800.1239135872
PrFeAs2,264577.22400407377
PrFeAsO,455142.6849801263
PrFeAu2,308022.3567544956
PrFeGe,384284.5992362452
PrFeGe2,204409.9944262369
PrFeO3,736910.5894585389
PrFePO,481439.55162424
PrFePt,371881.3686580381
PrFePt2,428518.5234163661
PrFeRh2,512042.01088900736
PrFeSb2,213842.4569237994
PrFeTe2,271443.5518932119
PrGa2Co3,74329.08666894805
PrGd2Au,194539.45484853457
PrGd2Hg,125800.61517787946
PrGd2In,108115.11731409213
PrGd2Pd,153449.74066576167
PrGd2Pt,140735.16367043072
PrGd2Te,56118.40059830953
PrGdAl4,570226.3199023262
PrGdGa,62778.96308516876
PrGdHg2,62555.76859423674
PrGdTe2,63872.511148046724
PrGdTl,82377.62000737448
PrHIClO13,129511.47946216293
PrHfHg2,95712.158229293
PrHfO4,113646.41135545685
PrHo2Au,201916.11398939733
PrHo2Ga,123806.61487417389
PrHo2In,121569.11825763287
PrHo2Pd,152332.33524152436
PrHo2Pt,143946.35247361608
PrHo2Sn,67691.99121467705
PrHo2Te,51766.66077123164
PrHo3,169276.26036658484
PrHoCo2,98646.33072882573
PrHoTe,65453.547009134214
PrHoTe2,73560.78293215178
PrHoTl,51844.385730280905
PrI3O10,75416.70650592522
PrIClO13,145393.74716859934
PrIO9,107492.26887576784
PrIr2Pb,106850.02355270924
PrIrPt,74917.40928423991
PrLu2As,96708.80106009754
PrLu2Au,206661.48061438184
PrLu2Bi,52007.99433419942
PrLu2Ge,127004.13743209664
PrLu2In,140627.20952845187
PrLu2Pb,119894.85757889984
PrLu2Pd,147331.16761268582
PrLu2Pt,146500.8909958811
PrLu2Sn,124375.81428928653
PrLu3,151489.5374933312
PrLuCo2,91878.71141727292
PrLuTe,93763.56455493273
PrLuTe2,82662.66846074979
PrMg(BiO3)2,64119.95021346581
PrMg(CoO3)4,669615.712594478
PrMg(FeO3)2,743582.5655580646
PrMg(MoO3)2,367930.6027972031
PrMg(WO3)2,363219.25390214217
PrMgCoO3,170594.28862990518
PrMgCr2O6,418262.4154308642
PrMgHg,69850.14006912208
PrMgMn2O6,584925.64707087
PrMgO3,137663.45137274606
PrMgS3,65316.8606267116
PrMgTi2O6,73808.34747333762
PrMgV2O6,245799.59326146622
PrMgZn,59839.26188951045
PrMn2CdO6,581386.0878886359
PrMn2O5,689651.1053724092
PrMn2PbO6,556870.7961273491
PrMn2ZnO6,588019.4351760264
PrMn4(CuO4)3,473240.24535758304
PrMn7O12,1239824.1525093124
PrMnAl2,425731.0558608774
PrMnAs,393730.77626257396
PrMnAu2,459268.86872129445
PrMnB4,148909.72569747627
PrMnBi,346045.3291450376
PrMnCoGe2,320185.2878811583
PrMnCu10,219561.24860984867
PrMnGe,486745.9039801357
PrMnGeO5,370920.9736978641
PrMnHg2,423333.4629045605
PrMnIr,604896.3637209085
PrMnIr2,578835.8772312135
PrMnO3,557923.9119317335
PrMnPd2,525592.9015508726
PrMnPt,507869.542770105
PrMnPt2,552285.8847706227
PrMnRh2,582200.7797694445
PrMnSb,370802.65985588497
PrMnSi,401087.33341740095
PrMnSi2,270730.2893792835
PrMnTe,326757.31800676393
PrMnTe2,343325.7013423606
PrMoO3,312883.08417272713
PrMoO5,79550.20762150547
PrMoPt2,354190.59583773336
PrN(ClO)4,76531.27598758922
PrN2,53494.88936196372
PrNbAu2,222933.88652842148
PrNbGa2,193314.49038052466
PrNbGe2,180627.78474191908
PrNbPd2,144718.38100225324
PrNbPt2,82603.3379447116
PrNbSi2,154645.6663326135
PrNbSn2,165453.1816336643
PrNd2Au,169831.63678311987
PrNd2Hg,98472.5799170409
PrNd2Te,70503.710467874
PrNdCd2,51694.38095369792
PrNdGa,53488.38879529233
PrNdHg2,73098.50232369293
PrNdSb,85799.45231082811
PrNdTl,77997.61380814925
PrNi2PbO6,223887.28820373575
PrNi5,150835.03488671174
PrNiGe,92801.66894015635
PrNiO3,170105.7579779235
PrNiPb,67264.73713202053
PrNiRh2,126929.8950768972
PrNpAs,570755.6340042243
PrNpAs2,393501.3829718351
PrNpGe2,423259.07485181245
PrNpIn2,375973.0900678208
PrNpIr,537155.4701122155
PrNpIr2,377254.15519876446
PrNpO3,411614.575119809
PrNpPt,574207.72908162
PrNpSb2,358678.6641141252
PrNpSi2,419988.1235691854
PrNpSn2,410494.5216914187
PrNpTe,536101.3562892441
PrNpTe2,447797.1503470685
PrO2,205705.36853536684
PrOsO3,277235.7607307517
PrPaAl2,139322.91254246703
PrPaAs,197817.17411900958
PrPaAs2,143602.96902879755
PrPaAu2,121368.17007862718
PrPaBi2,150878.82851968793
PrPaGa2,139997.2491056133
PrPaGe,132721.2249187708
PrPaIn2,135297.72567338866
PrPaO3,178377.3951913006
PrPaPb2,204699.5232557792
PrPaPd2,95411.1512799701
PrPaPt2,101141.86098652474
PrPaSb2,138308.67499788196
PrPaSn2,197157.16133185403
PrPaTe,210642.16590861697
PrPaTe2,84787.80645416069
PrPbO3,99304.5171286169
PrPd2Ru,142496.40812665538
PrPdRh2,86532.34928573028
PrPtRh2,86821.67795088174
PrPu2As,1206982.8291218325
PrPu2Au,1156408.345754372
PrPu2Ir,1140596.9528095059
PrPu2O4,810539.8729918663
PrPu2Pt,1167385.8704917242
PrPu2Sb,1106352.043420459
PrPu2Sn,1143068.0280644011
PrPu2Te,1074691.629408836
PrPuAl2,507508.61161617516
PrPuAs,720778.5382931887
PrPuAs2,506528.4365129065
PrPuAu2,560556.7377086079
PrPuCd2,592330.724635944
PrPuGa2,545807.189430537
PrPuGe,738777.3747182573
PrPuIn2,526206.9066647864
PrPuIr,656305.4038920553
PrPuO3,518979.0617903818
PrPuPb2,495018.7755829816
PrPuPd2,611173.621707408
PrPuPt,696240.2712221576
PrPuSi,750063.0595567778
PrPuSi2,581256.5851332217
PrPuSn2,511960.71120822005
PrPuTe2,543687.2461141755
PrPuTl2,515102.07218498364
PrRe3O16,160691.8309277653
PrReO3,273489.3922724119
PrRu2PbO6,205245.3616828054
PrRuO3,148137.2301709495
PrRuPt2,119095.0274639376
PrS2NO12,190742.08227397208
PrS2NO8,102661.65606294274
PrS3(NO3)3,219433.44093729721
PrSc2Al,185910.6715437769
PrSc2Au,241326.67865898443
PrSc2CdO6,71777.62250927533
PrSc2Ga,218109.12955989348
PrSc2Ge,166025.38608517498
PrSc2Hg,293951.13970660407
PrSc2In,201232.70726310887
PrSc2Pb,123614.15431629009
PrSc2Pt,169279.27359259163
PrSc2Si,173702.7891222787
PrSc2Sn,148661.0116000308
PrSc2Tl,217991.06538644416
PrSc2ZnO6,72141.7739798152
PrScAs,140226.33902275824
PrScBi,75560.35920553375
PrScCo2,91442.3649493968
PrScGe,51468.3402182511
PrScSb,270359.80641804234
PrScTe,215500.8236677701
PrScTe2,115573.4018838454
PrScTl,74538.25025759844
PrSe2NO13,134417.96120803495
PrSiNi,93686.15226835849
PrSiO4,110485.58644032903
PrSm2Al,77341.52794795058
PrSm2Au,184312.33317678052
PrSm2Cd,74906.21792698726
PrSm2Hg,109963.31505474832
PrSm2Rh,103606.70163197792
PrSm2Sn,61513.77483789187
PrSm2Te,65318.07794229182
PrSmCd2,71578.33444149238
PrSmGa,59148.16377680611
PrSmHg2,70443.4946924956
PrSmIn,75362.2801282402
PrSmTe2,63558.23775704453
PrSmTl,82294.18166380233
PrSnIr2,92373.45724330941
PrSnO3,51346.309165646606
PrTa2O4,132577.25697343424
PrTaAu2,126391.88902154398
PrTaGa2,152776.57459782992
PrTc2PbO6,273556.9810568317
PrTcAs,212013.7365986202
PrTcO3,286803.1647841709
PrTcPt2,296430.53809903166
PrTcTe2,190639.88442409004
PrTe2Mo,96041.98166534948
PrTe2Ru,119396.57484199367
PrTeRh,60644.31014373504
PrThUS5,130515.89447974466
PrTi2O4,236913.82146508334
PrTi2O6,81053.87305387012
PrTiAl2,107638.96448845814
PrTiAs,191822.892384243
PrTiAs2,160714.53615648684
PrTiBi2,169880.67709669797
PrTiCd2,179435.5395933658
PrTiGa2,104250.09105485278
PrTiGe,181885.82796267694
PrTiGe2,224096.28906211883
PrTiHg2,192793.75479432967
PrTiIn2,138142.05414963435
PrTiIr,173537.19905535466
PrTiO3,123293.94925760246
PrTiPb2,206350.87223051128
PrTiPd2,159883.1770968264
PrTiPt,153746.80552719708
PrTiSb2,169234.2212598728
PrTiSi,219040.41960790465
PrTiSi2,234032.716096581
PrTiSn2,213850.67819028543
PrTiTe2,90746.86005080146
PrTiTl2,181052.76871219737
PrTiZn2,91400.27465440393
PrTl(SO5)2,76321.78967460142
PrTlNi,53765.59430098468
PrTm2Au,204788.91474528224
PrTm2Ge,81227.30604264536
PrTm2In,130172.62614922257
PrTm2Ir,101457.08602393472
PrTm2Pd,152063.39259065522
PrTm2Pt,146750.5559098169
PrTm2Sn,105809.71656657841
PrTm3,170102.7693140501
PrTmTe,81929.68626496583
PrTmTe2,81016.22665806967
PrU2O4,491131.6783939615
PrU2S5,262093.4687502396
PrUAs,408314.3254003413
PrUAs2,270126.4499136821
PrUAu2,313887.3333601486
PrUGa2,295322.3567131546
PrUIr,389534.3591230557
PrUN2,246761.32192533952
PrUO3,295501.05670278135
PrUP2,248262.89606183593
PrUPd2,325203.8372962852
PrUPt,434351.3101851687
PrUPt2,303218.4086336915
PrUS2,278820.5917433867
PrUSb2,246482.6525923533
PrUSi2,314646.5539526628
PrUSn2,295890.2145686633
PrUTe2,325311.4673791213
PrV2CdO6,239153.10860271697
PrV2O2,586837.7692457817
PrV2O4,535414.0200780064
PrV2O6,82842.73253661997
PrV2ZnO6,237185.0516009283
PrVAs,519480.39692477847
PrVAs2,231761.3314554176
PrVAu2,386549.91290573264
PrVBi2,230918.51957714776
PrVGa2,342228.07173354714
PrVGe2,320173.89602002845
PrVIn2,330750.3661932711
PrVO3,279328.1293720246
PrVPd2,379987.74679166626
PrVPt,438286.8877379034
PrVSb,535740.4250940721
PrVSb2,213026.60687164558
PrVSb3,164406.29132453035
PrVSn2,284830.84023936413
PrVTe,468557.8937337636
PrWO5,78928.6835048292
PrY(CoO3)2,162412.09137404023
PrY(FeO3)2,803713.006602517
PrY(NiO3)2,177605.432208896
PrY(OsO3)2,69142.8170669413
PrY(RuO3)2,109582.64173490743
PrY(SbO3)2,55077.51332915023
PrY2Al,121088.46156575574
PrY2Au,202353.98605525258
PrY2Ga,139731.606257563
PrY2Hg,236110.7871886789
PrY2In,137343.11432557763
PrY2Pb,64749.94520650101
PrY2Pd,158185.45287872988
PrY2Pt,148989.3909722531
PrY2Rh,114801.42937827812
PrY2Si,79735.32496792461
PrY2Sn,83052.21937697356
PrY2Te,60412.033786971486
PrY2Tl,149080.1960520801
PrY3,178565.87996101525
PrYCr2O6,491463.04937096755
PrYHg2,52781.22958840623
PrYMn2O6,650529.5250619729
PrYTe,186317.6671507044
PrYTe2,84196.00469739689
PrYTl,60391.26079326774
PrYV2O6,320254.2393910092
PrZn(CoO3)2,346286.1417411044
PrZn(FeO3)2,747361.825188191
PrZn(IrO3)2,61876.09706496826
PrZn(MoO3)2,176354.9523476262
PrZn(NiO3)2,90016.79523587186
PrZn(WO3)2,176368.93101453985
PrZn2O4,100522.52550422942
PrZnCr2O6,419032.72352079366
PrZrAg2,133143.59640430947
PrZrAs2,76817.35616203523
PrZrBi,73635.87535377675
PrZrGe2,148335.3305878377
PrZrHg2,90538.76189846576
PrZrPb2,154529.25196102093
PrZrSb2,72248.52664035716
PrZrSn2,163541.93366909004
Pu2Sc2O5,794408.1324306333
Pu2ScAs,1262602.45720061
Pu2ScGe,1259542.6233476584
Pu2ScPt,1322140.9936907988
Pu2ScSb,1161806.7654072554
Pu2ScSn,1157628.9183609001
Pu2ScTe,1157024.8439612302
Pu3Sc,1620308.0323210647
PuSc2Al,715712.0957897858
PuSc2As,753889.1197897743
PuSc2Bi,649249.5442869617
PuSc2Ga,786297.8783306394
PuSc2Ge,807254.4656277966
PuSc2O4,566452.7673516044
PuSc2Sb,655730.4157710604
PuSc2Sn,740689.0077972478
PuSc2Te,674979.7199005379
PuScAl2,588725.5307749871
PuScAs,889499.7824154869
PuScAu2,599999.7674842548
PuScBi2,506164.72999267915
PuScCd2,656598.8438393258
PuScCu2,681286.1958136137
PuScGe,786125.7892222437
PuScGe2,630718.5433709167
PuScHg2,682923.7957756473
PuScIr,754366.3688681503
PuScO3,682120.6604251361
PuScOs,662555.8452815533
PuScPt,783327.062896375
PuScPt2,664469.3502655233
PuScRh,759701.9665057969
PuScSb,885225.48848873
PuScSb2,517497.78978255537
PuScSi,788432.4794088075
PuScSi2,657251.6984718146
PuScSn,760688.3348369477
PuScSn2,564031.0639604201
PuScTe,857593.3385200938
PuScTe2,614236.3291180182
PuScTl2,591815.0834963017
PuScZn2,723273.5370753182
Rb2Ce2Fe4O9,639042.9628830529
Rb2CeN5O19,100660.6782356893
Rb2CeO4,171870.5355996633
Rb2Dy2O5,81936.27680892377
Rb2DyO4,180386.99351091747
Rb2Er2O5,55480.085393801324
Rb2ErO4,182019.75073768856
Rb2Eu2O5,133805.80612794324
Rb2EuAgCl6,176072.48067297874
Rb2EuCl5,231788.4645723868
Rb2EuCuCl6,207663.44386217996
Rb2EuF5,365444.58325456746
Rb2EuGa(SiO3)4,171832.57319084622
Rb2EuO4,231976.47255565482
Rb2Gd2O5,52038.63824059671
Rb2GdAgCl6,204956.49803818273
Rb2GdCl5,273679.23959281546
Rb2GdO4,178388.0488413217
Rb2Ho2O5,67208.86186611505
Rb2HoO4,181460.97698982613
Rb2La2O5,50262.38598003291
Rb2LaO4,177226.233015495
Rb2Li14Pr3O14,68926.44219847475
Rb2Li14Tb3O14,73065.1238117804
Rb2LiCeF6,52759.60501866838
Rb2LiEuCl6,188561.1899755872
Rb2LiGdCl6,222567.91196487754
Rb2Lu2O5,56535.42965296001
Rb2LuO4,183951.52307809872
Rb2NaEuCl6,171038.93834178167
Rb2NaGdCl6,203166.7599985043
Rb2Nd2Mg(WO4)4,51440.05110036635
Rb2NdO4,173820.43262873325
Rb2Pm2O5,50272.68375944669
Rb2PmO4,175325.58517864844
Rb2Pr2Mg(WO4)4,50566.81432439252
Rb2Pr2O5,50239.24475627111
Rb2PrO3,67467.98092654874
Rb2PrO4,173225.24754086687
Rb2Sc2O5,98528.65590503332
Rb2Sm2O5,50965.55684056212
Rb2Tb2O5,53354.21323677953
Rb2TbF6,65560.73651225849
Rb2TbO3,74796.44830857303
Rb2Tm2O5,87998.27007001071
Rb2Y2O5,57756.32474874272
Rb3Ce(Cl3O)2,77452.85655810342
Rb3EuCl6,151077.1252356046
Rb3EuF6,227474.91736476487
Rb3Gd,371003.39744624036
Rb3GdCl6,167659.71937776235
Rb3GdF6,271270.4171206759
Rb3Nd,53991.31933198011
Rb3Nd(Cl3O)2,102890.13670276986
Rb3Pm,53892.145879883494
Rb3Pr,55454.46966204391
Rb3Pr(Cl3O)2,101947.01044246748
Rb3TbMgV2O8,66712.51616080852
Rb3YN6,407637.91172537045
Rb3Yb,57171.43618610674
Rb4CeH12C3O17,50829.66942969885
Rb5Gd(MoO4)4,128511.39785933011
RbBa2YO6,69191.59861429996
RbCe3,257563.87498453044
RbCe3Te8,51993.273927915645
RbCeF4,94537.48096365696
RbCeO3,183402.81882313205
RbDy(SO6)2,166173.63517513088
RbDyO3,199833.52857234434
RbDyS2O9,91740.72776851694
RbErO3,202767.5193979927
RbErS2O9,93316.74947221426
RbEu(MoO4)2,320948.1042638865
RbEu(SO4)2,56705.54155760871
RbEu(WO4)2,321593.2118365451
RbEu2Cl5,581197.0224158234
RbEu3,928370.7580800676
RbEu3F10,154647.31160036704
RbEuCl3,358703.7865118514
RbEuGe,78556.07349182521
RbEuGeS4,281112.6806906431
RbEuO2,128479.76705534928
RbEuO3,147339.83915437863
RbEuS2,73274.95286563157
RbEuTe,61684.636057806754
RbGd(MoO4)2,350245.99754956353
RbGd2Cl7,441034.3494361564
RbGd3F10,952745.1010403842
RbGdO3,192530.48723167623
RbHoO3,201394.96040747516
RbLa2Sn,83799.67001165095
RbLa9(IrO6)4,140325.68396311082
RbLaO3,177602.7968957616
RbLaSe2O13,119768.386370313
RbLuO3,216245.5553847242
RbLuS2O9,95139.29626600802
RbLuTe,88167.91554760622
RbNd(ClO)4,70080.47691375711
RbNd(SO6)2,64302.66831782783
RbNdMnWO6,305301.1317707188
RbNdO3,190534.32719692882
RbNdSe2O11,130316.32490033997
RbPmO3,194702.45619971998
RbPmSb,68450.99463790287
RbPmTe,50821.957855774584
RbPr(ClO)4,73471.09241539997
RbPr(SO6)2,62933.24657806918
RbPrO3,188469.4605311803
RbPrSb,72094.50579583316
RbPrTe,102691.32157616591
RbSc2O4,87114.59650723507
RbScAs,101257.47017044623
RbScO3,214809.89479821982
RbScTe,177387.07004042354
RbSm(ClO)4,71566.25099645968
RbSm(SO6)2,65094.99371069744
RbSm2I5,61120.21517323004
RbSm2O4,67929.99501513097
RbSmO3,194944.11271578184
RbSmSb,65779.01117218306
RbSmTe,154711.9590655735
RbTb(SO6)2,206914.18653550925
RbTb2O4,71920.86867638225
RbTbF5,79269.53507038877
RbTbO3,199191.4114870986
RbTbS2O9,91140.35746147076
RbTm2O4,76528.95495438918
RbTmO3,202121.54720006822
RbTmS2O9,94073.8122055959
RbY2O4,72644.36220750326
RbYMnWO6,310485.35493622586
RbYO3,199975.77829878373
RbYTe,50939.38648251092
RbYb3,127899.33645966892
Sc,305942.1999392123
Sc(Al2Fe)4,254193.7277811802
Sc(CuO2)2,120264.47435244892
Sc(Fe2P)2,411480.97757038404
Sc(FeGe)6,573703.9780025391
Sc(FeSi)2,142447.0549229324
Sc(GaCo)6,190506.87499776634
Sc(GaFe)6,561219.3131469634
Sc(MnAl2)4,336075.04976144014
Sc(MnGe)6,581609.7948891163
Sc(MnN)3,691386.6288391785
Sc(MnSn)6,527318.6118404192
Sc(NF2)3,318560.6281798787
Sc(SeO5)2,130239.39383918107
Sc(TcO2)2,333815.40236437175
Sc(US2)3,371886.3018813162
Sc(ZnCo)2,283365.3794378781
Sc10Mn17S32,629919.2651338212
Sc10V10O37,274648.28553013207
Sc2(PO4)3,106768.81723974523
Sc2(VSi)3,227133.21232161587
Sc22Fe7S40,169918.88424413672
Sc2Ag2O5,75336.01620337773
Sc2Ag3(HgO4)3,60308.94440530044
Sc2AgAs,107976.7539410636
Sc2AgGe,139234.12036372122
Sc2AgPb,95969.39482646818
Sc2AgSb,110549.38932698936
Sc2AgSn,82346.31813245775
Sc2AgTe,119947.50329417859
Sc2AlAg,97690.03801215129
Sc2AlCr,390276.62575565383
Sc2AlCu,89748.70852747644
Sc2AlFe,92281.08760149326
Sc2AlMo,73841.77910008206
Sc2AlNi,65974.02280412175
Sc2AlPd,64623.96547227286
Sc2AlV,429557.83084159845
Sc2AsAu,124788.28751755436
Sc2AsPd,186226.41660873676
Sc2AsPt,89539.4352268771
Sc2AsRh,106991.80481527721
Sc2BPt,65802.13498556052
Sc2BeAu,68336.7286668621
Sc2Bi2O5,97957.31119015306
Sc2BiAu,99015.59496911678
Sc2BiIr,74939.98609208368
Sc2BiO4,92601.13588634027
Sc2BiPd,188543.52324493014
Sc2BiPt,143902.01182071335
Sc2BiRh,108606.55780026528
Sc2BiRu,55585.24990185756
Sc2BiTe,86597.3550661341
Sc2CdCu,58746.26521556524
Sc2CdGa,118523.95411291606
Sc2CdSn,51230.17842366769
Sc2Co2Mo3,136059.3366190395
Sc2CoGe,124399.50113589456
Sc2CoNi,67498.55008862402
Sc2CoO4,333759.8401856848
Sc2CoPb,62205.30033672251
Sc2CoPd,62881.809172827656
Sc2CoRe,93936.14938681918
Sc2CoSb,128927.71696596578
Sc2CoSi,76062.29731192316
Sc2CoSn,64500.64369839993
Sc2Cr2O5,652280.7401622804
Sc2Cr3Si4,145280.72630152965
Sc2Cr4Si5,68906.98435575214
Sc2CrAs,257836.9153486871
Sc2CrAu,526771.5960479248
Sc2CrB2Rh5,189249.21348577837
Sc2CrB6,127293.89373506086
Sc2CrBi,331787.44976650097
Sc2CrCo,470691.22652402363
Sc2CrGa,406194.4986744843
Sc2CrGe,320296.56665139727
Sc2CrIn,402492.2362644698
Sc2CrIr,456336.6222822156
Sc2CrN3,153295.9532756893
Sc2CrNi,475681.1492363626
Sc2CrO4,433204.99212994834
Sc2CrOs,496493.63588055136
Sc2CrPd,498375.3902622744
Sc2CrPt,496705.97091625445
Sc2CrRh,470737.1488546509
Sc2CrRu,494516.932833776
Sc2CrSb,231735.43478955718
Sc2CrSi,316164.8537505795
Sc2CrSn,293686.1951574283
Sc2CrTe,309029.98520893493
Sc2Cu2O5,164437.45026716712
Sc2CuO4,112651.89041619391
Sc2CuPb,77739.77497206863
Sc2CuSn,131614.86202977423
Sc2Fe2O5,770799.6132955662
Sc2FeAs,90461.52380118679
Sc2FeAu,204179.81137306918
Sc2FeB2Ir5,304375.4504988574
Sc2FeB2Rh5,298893.90714735497
Sc2FeB2Ru2Rh3,242153.40183481833
Sc2FeB2Ru4Rh,187732.48874851788
Sc2FeB2RuRh4,285512.5635500507
Sc2FeBi,128259.16526347333
Sc2FeGe,92714.65485009993
Sc2FeHg,115204.13956516211
Sc2FeIr,191719.63174439577
Sc2FeO4,437904.48532031005
Sc2FeOs,249491.9464991963
Sc2FePb,171382.2648301375
Sc2FePd,162434.98072398073
Sc2FePt,185256.1581899956
Sc2FeRh,161973.50303617519
Sc2FeRu,228419.88282295928
Sc2FeS4,257839.25928726958
Sc2FeSb,122672.16016498997
Sc2FeSi,85332.5358506119
Sc2FeSn,87510.9804431945
Sc2FeTc,284942.3323266951
Sc2FeTe,151976.57508562473
Sc2GaAu,118333.42978094007
Sc2GaFe,113919.51867752959
Sc2GaMo,73898.27385037584
Sc2GaNi,68592.74794901018
Sc2GaPd,65099.420662227974
Sc2GaPt,66327.01521080705
Sc2GeAu,123949.57769685009
Sc2GeIr,59586.64978128268
Sc2GeMo,121311.31337671875
Sc2GePd,123551.61964014426
Sc2GePt,124666.49010768767
Sc2GeRh,68753.12930491402
Sc2H2O5,212151.61167630926
Sc2HO4,114683.52001315795
Sc2Hg3(AuO4)3,105540.7713437104
Sc2HgSb,51389.16864024526
Sc2In,95666.04652428336
Sc2InFe,121769.30123290638
Sc2InNi,61491.35704231793
Sc2InPd,59545.65890338409
Sc2IrO4,311287.21044288453
Sc2IrPb,59743.725102375625
Sc2Mn12P7,685611.345434854
Sc2Mn2O5,836287.2031788768
Sc2Mn2O7,502147.2293498948
Sc2MnAg,287144.592692459
Sc2MnAl,131566.8052804518
Sc2MnAs,115890.80757170805
Sc2MnAu,296438.0417028176
Sc2MnB2Rh5,275984.0557101105
Sc2MnBi,226975.72425066208
Sc2MnC,98996.5965260895
Sc2MnCd,292498.7502159063
Sc2MnCo,373467.76647061855
Sc2MnCu,155130.159610118
Sc2MnGa,284354.9292624979
Sc2MnGe,233524.18193232297
Sc2MnHg,303788.75120538473
Sc2MnIn,271010.21404548554
Sc2MnIr,344325.1536765263
Sc2MnNi,250521.9238255477
Sc2MnO4,536615.2912117522
Sc2MnOs,428897.89962710865
Sc2MnPb,294792.6485456867
Sc2MnPd,408111.570212208
Sc2MnPt,431053.0441905353
Sc2MnRh,430580.2252584641
Sc2MnRu,399893.32543693733
Sc2MnS4,313278.0634765024
Sc2MnSb,111948.28111141169
Sc2MnSe4,269313.06017063203
Sc2MnSi,53312.15743910875
Sc2MnSn,212164.78219015175
Sc2MnTc,476846.7175141992
Sc2MnTe,160297.99555828286
Sc2MnTl,296855.6777178666
Sc2Mo2O5,148075.26987449254
Sc2MoIr,183847.37180415186
Sc2MoO4,402756.9343952363
Sc2MoPt,74269.04058611036
Sc2MoRh,170114.58204027917
Sc2NbAl,93509.48993406045
Sc2NbAs,125875.65084157408
Sc2NbAu,231743.18335393717
Sc2NbGa,75113.56350652812
Sc2NbGe,69860.03625312849
Sc2NbIn,130620.41684343775
Sc2NbIr,403800.24263412243
Sc2NbO4,274582.72435271007
Sc2NbPd,323858.8329474756
Sc2NbPt,325558.99214361253
Sc2NbRh,397176.01849064097
Sc2NbSb,114351.65998771731
Sc2NbSi,71682.31436307219
Sc2NbSn,67715.46844697994
Sc2Ni2O5,369792.01295036613
Sc2Ni7,91205.74300325752
Sc2NiAs,90505.26633881287
Sc2NiB2Ir5,122479.5235846618
Sc2NiGe,126055.67749951081
Sc2NiO4,224655.20801352238
Sc2NiPb,112092.39946179415
Sc2NiSb,137445.86988042615
Sc2NiSn,113641.23369777983
Sc2NiTe,88568.76659643234
Sc2O5,291270.0293359093
Sc2Os2O5,91506.22664329383
Sc2OsO4,408754.24169373297
Sc2Pa2O5,244234.67327357407
Sc2PaO4,126874.64094715161
Sc2PbAu,170455.3991758261
Sc2PdPb,110720.01333696932
Sc2PdW,71874.72951385425
Sc2PtO4,205937.07331693463
Sc2PtPb,113918.35724835668
Sc2PtW,117016.2835540915
Sc2Re2O5,113019.23177958514
Sc2ReO4,470585.1726408534
Sc2RhO4,312734.4653719924
Sc2RhPb,59860.39000260455
Sc2RhW,200459.6666824117
Sc2Ru2O5,67444.86810048547
Sc2RuO4,415015.81511025777
Sc2Sb2O5,77661.7565231496
Sc2SbAu,118042.92306124711
Sc2SbIr,91018.42751235007
Sc2SbO4,95563.16969087868
Sc2SbPd,205577.56320127196
Sc2SbPt,152437.52372905676
Sc2SbRh,122961.41529047617
Sc2SbRu,59656.60885490602
Sc2SbTe,87158.65399261795
Sc2Se3,58990.78626507771
Sc2Si2O5,53059.14159763449
Sc2SiAu,131442.06532446016
Sc2SiIr,52191.57776430356
Sc2SiMo,119427.07506450215
Sc2SiNi,132062.75209228502
Sc2SiPd,129449.52065600877
Sc2SiPt,135740.94870005167
Sc2SiRh,70551.21602010168
Sc2Sn2O5,68782.28057179679
Sc2SnAu,179219.9084919374
Sc2SnHg,65052.772423127884
Sc2SnIr,62166.25325797705
Sc2SnMo,110645.80650324775
Sc2SnPd,114334.4861738563
Sc2SnPt,118914.08731329853
Sc2SnRh,62057.168143512725
Sc2TaAu,245077.85123100664
Sc2TaIr,387985.8281976253
Sc2TaPd,316870.6958785827
Sc2TaPt,342177.3641889807
Sc2TaRh,399221.8787310144
Sc2TaSb,115605.85682495449
Sc2TaSi,68545.68918284132
Sc2TaSn,62484.82202262208
Sc2Tc2O5,153155.3678952921
Sc2TeAs,95490.9152333819
Sc2TeAu,165037.46791240817
Sc2TePd,169463.27397544574
Sc2TePt,148786.20801739837
Sc2Ti2O5,214589.3058217895
Sc2Ti3Hg2,137224.10744956872
Sc2TiAl,286506.4083757331
Sc2TiAs,215508.25459544692
Sc2TiAu,380662.47735947726
Sc2TiBi,297996.9275321761
Sc2TiCd,372244.7689655177
Sc2TiGa,314285.812418937
Sc2TiGe,358781.42906312266
Sc2TiGe2,63958.92667588235
Sc2TiHg,393681.9043690357
Sc2TiIn,310288.475558017
Sc2TiIr,320984.3160268432
Sc2TiNi,344470.4948166079
Sc2TiOs,278702.530401875
Sc2TiPb,345810.1419669378
Sc2TiPd,361256.9858184611
Sc2TiPt,346700.4433217173
Sc2TiRh,349829.1324838162
Sc2TiRu,314856.86668166355
Sc2TiSb,247506.72014820384
Sc2TiSi,350500.8186420878
Sc2TiSn,343254.3916851019
Sc2TiTe,223745.09820206207
Sc2TiTl,177835.40783435162
Sc2TiZn,343309.37728622934
Sc2TlCd,50302.70632380115
Sc2TlCr,57589.35453136871
Sc2TlFe,81431.64939025493
Sc2TlNi,61249.31690531636
Sc2TlPt,60034.63729538748
Sc2TlV,68070.55420924675
Sc2U2O5,416289.24021108507
Sc2UPt,309865.58864650136
Sc2USb,386127.08424213855
Sc2V2O5,501986.4989040764
Sc2V2O7,157211.08067115638
Sc2VAs,272759.18512014707
Sc2VAu,436252.7820204559
Sc2VB2Ir5,66509.27909892461
Sc2VGa,445457.50409980805
Sc2VGe,379431.51811647974
Sc2VHg,382369.9876299632
Sc2VIn,376242.3204059662
Sc2VIr,480336.7005716162
Sc2VNi,443086.1305914384
Sc2VO5,105126.89319366809
Sc2VOs,503480.56274541403
Sc2VPd,416362.1715288013
Sc2VPt,412036.9988928582
Sc2VRh,479185.485588369
Sc2VRu,537386.2451077469
Sc2VSb,241406.82958990443
Sc2VSi,390549.5624452201
Sc2VSn,346233.9156345128
Sc2VTe,291339.8572501492
Sc2VZn,396575.5474691833
Sc2W2O5,73964.50407477282
Sc2W5(SeO4)3,387524.91489959165
Sc2ZnCr,434477.60565454536
Sc2ZnCu,61745.69705659467
Sc2ZnSn,50237.50079814422
Sc3(MnNi2)2,334955.9181927467
Sc3(VGe2)2,246542.91970861857
Sc3Ag,108151.33208565116
Sc3Al,100913.05856958308
Sc3Au,91063.64965916677
Sc3Bi,67302.86841794786
Sc3Cd,82570.13641106806
Sc3Cl,50348.074224652926
Sc3F,127201.6059628573
Sc3FeC4,67018.01881919698
Sc3Ga,147920.74112176322
Sc3Ge,176512.85897232665
Sc3Hg,104428.03937320621
Sc3In,152967.0085410353
Sc3O,252484.201393351
Sc3O2,57100.4474193278
Sc3Pb,196993.40379712282
Sc3Pd,67568.38725353706
Sc3Sb,130706.45700181578
Sc3Si,132442.96591099186
Sc3Sn,200785.8946347663
Sc3Tl,176383.35916789703
Sc3V,157680.49650917054
Sc4Co3Sb4,124209.3882536882
Sc4FeSi7,54558.84573000909
Sc4Mn4Si7,342905.5895830154
Sc4MnSi7,80232.25158545957
Sc4O5,153718.9784876057
Sc6Co16Si7,121702.78664779293
Sc6CoTe2,81461.90954203112
Sc7(Mn3Ge4)2,310059.11569732503
Sc7Cl12,123795.02148938476
Sc7Cr5Ge9,81824.6041497225
Sc7V9O24,377411.94225499907
ScAgHg,66235.99439359634
ScAl2CoCu4,61627.63092476759
ScAl2Cr,406391.42142376245
ScAl2CrCu4,223427.3699793671
ScAl2Fe,75021.47078767617
ScAl2FeCu4,239375.86913680285
ScAl2V,323150.0959177509
ScAl2VCu4,81729.05950818694
ScAlCdFe,247947.41517171293
ScAlCoAu,60164.508157014505
ScAlCoCu,95450.91277477141
ScAlCoHg,73230.69840344548
ScAlCoIr,144716.70247420168
ScAlCoMo,346932.29138855834
ScAlCoNi,167209.7807497081
ScAlCoOs,186101.1953845091
ScAlCoPd,56591.4580790773
ScAlCoPt,172151.1194568545
ScAlCoRh,125433.53570696835
ScAlCoRu,192477.08406442744
ScAlCoTc,211908.91600159425
ScAlCrAg,556125.6355533409
ScAlCrAu,574528.1798414326
ScAlCrCd,442648.1708507966
ScAlCrCo,504503.7666377486
ScAlCrCu,588662.0543168734
ScAlCrFe,613168.4860993547
ScAlCrHg,451304.62073829403
ScAlCrIr,457986.1075490097
ScAlCrNi,608278.8608183224
ScAlCrOs,300682.0641083452
ScAlCrPd,538621.6143634719
ScAlCrPt,544847.1296345452
ScAlCrRh,468326.2190351596
ScAlCrRu,428838.26059486147
ScAlCrTc,267389.7487246057
ScAlFe2,487597.2583156767
ScAlFeAg,232715.04411050692
ScAlFeAu,240577.69987011436
ScAlFeCo,635834.4906172164
ScAlFeCu,225917.37217097494
ScAlFeHg,261149.36012979306
ScAlFeIr,326268.8067035633
ScAlFeNi,443750.9435959984
ScAlFeOs,385780.2761382222
ScAlFePd,187617.2800806569
ScAlFePt,210557.66867074536
ScAlFeRh,312098.86754061526
ScAlFeRu,388632.0124097478
ScAlFeTc,403379.29265932925
ScAlRu2,105708.87263874519
ScAlVCo,359088.2130802697
ScAlVCu,438454.36175223795
ScAlVFe,93361.69084698439
ScAlVNi,454338.15310040955
ScAlVZn,437288.0735368513
ScAlZnCr,513932.24897971086
ScAlZnFe,230709.94007940814
ScAsIr2,80802.65146957799
ScB(PO5)2,175024.9204678844
ScBIr,88659.47499510043
ScBeAlCr,456500.2710476594
ScBeAlFe,124937.46376171951
ScBeAlV,268153.18728312413
ScBeCrAs,341696.2258542397
ScBeCrGa,477002.1463694506
ScBeCrGe,440484.6056188731
ScBeCrSi,445697.2655570089
ScBeFeGe,82605.38290803476
ScBeFeSi,51828.55641709101
ScBeFeSn,154257.3804228167
ScBeGaFe,216576.3775614033
ScBeVAs,412660.257999974
ScBeVGa,288679.51889159204
ScBeVGe,361235.51003627875
ScBeVSi,352711.93166613596
ScBiIr2,77228.5017599284
ScBr2,109348.57750150598
ScBr2O7,53000.35060846764
ScBr3O7,121266.80197001169
ScC,139024.0977528613
ScCd2Co,135143.7546584748
ScCdAg,55234.08598207498
ScCdCo2,79845.61016470348
ScCdCoAs,129647.4467449502
ScCdFeAs,268884.9206805985
ScCdFeGe,284238.2865649133
ScCdFeSb,241610.85848455867
ScCdFeSi,279295.6572490791
ScCdFeSn,264760.6276858487
ScCdGaFe,265505.8782946219
ScCdInCo,61029.19827292935
ScCdInFe,287668.1523171814
ScCdO3,144507.27085063327
ScCdTe,82554.41802571634
ScCl2,68526.42226610899
ScCo(Cu2Ge)2,87894.90993898125
ScCo2,398192.50136698224
ScCo2As,371587.1757934113
ScCo2Au,219226.439321256
ScCo2Bi,292441.6132542755
ScCo2Cu,432584.34931941243
ScCo2Ge,177595.89509611507
ScCo2Ir,577984.4580627823
ScCo2Ni,425027.5198383614
ScCo2Os,715491.8279247594
ScCo2Pb,162969.012913706
ScCo2Pt,416913.1089615115
ScCo2Rh,557438.9423082427
ScCo2Ru,689178.9281964446
ScCo2Sb,330313.0168252116
ScCo2Si,309524.7386636415
ScCo2Sn,165238.3333226992
ScCo2Te,193583.2553475848
ScCo3,642394.1517545349
ScCo5P3,99334.73365333618
ScCoAs,166255.07597728915
ScCoAsAu,123637.11737988263
ScCoAsIr,290500.16502743075
ScCoAsOs,153397.92888507032
ScCoAsPd,66282.91821958749
ScCoAsPt,198375.13983887358
ScCoAsRh,295495.01777152304
ScCoAsRu,292295.2812449583
ScCoAu2,65525.712888773465
ScCoBPd,172157.5997465239
ScCoBPt,184676.86719601363
ScCoBiAu,81728.69714707762
ScCoBiIr,238475.48269514146
ScCoBiPd,131167.75227430352
ScCoBiPt,81258.73738382848
ScCoBiRh,225390.99735939936
ScCoBiRu,140487.4343312421
ScCoCu2,67198.08479287162
ScCoGe,198662.6101880027
ScCoGeAu,123550.17749244464
ScCoGeIr,226407.07631059788
ScCoGeMo,262235.37905173155
ScCoGePd,184095.71578590042
ScCoGePt,124576.00488355439
ScCoGeRh,213097.32150058867
ScCoGeRu,214409.19754735293
ScCoHgAs,134298.16901542997
ScCoHgGe,51312.81248724667
ScCoIr,352442.21953238273
ScCoIr2,463226.3920049784
ScCoIrPb,144820.17671357482
ScCoMoAs,142490.8625479579
ScCoNi2,250518.63842320972
ScCoNiB,148638.21047702176
ScCoNiGe,188212.78113598825
ScCoNiPb,116857.4505256032
ScCoNiSn,161775.77414660668
ScCoO3,288569.1674418685
ScCoPb,95694.57071929434
ScCoPbAu,72741.46678374837
ScCoPd,193359.33317240365
ScCoPd2,207393.34451894148
ScCoPdPb,74561.19387492629
ScCoPt,226971.26618640916
ScCoPt2,247465.7440781906
ScCoPtPb,100753.60135035276
ScCoRe2,293494.67457656574
ScCoRh,269451.6834532542
ScCoRh2,395655.6086261055
ScCoRhPb,175170.65245386597
ScCoRu2,490860.5669742433
ScCoSbAu,90508.44247976386
ScCoSbIr,257421.0968871597
ScCoSbMo,118436.22263708168
ScCoSbOs,146055.3803088099
ScCoSbPt,76951.70217997042
ScCoSbRh,123189.8723765166
ScCoSbRu,145617.03661201263
ScCoSi,107397.62781135591
ScCoSiAu,79887.35520784781
ScCoSiIr,237271.35002657055
ScCoSiNi,185920.66772493985
ScCoSiPd,160488.28204014956
ScCoSiRh,219260.61525028734
ScCoSiRu,217752.3734847027
ScCoSn,85116.21725873226
ScCoSnAu,82569.32338262837
ScCoSnHg,58384.844217343736
ScCoSnIr,190275.82622421597
ScCoSnPd,148896.46741827397
ScCoSnPt,102855.90761427779
ScCoSnRh,178395.9103317854
ScCoSnRu,182533.52001011692
ScCoTc2,288390.4360163816
ScCoTcSn,58438.921217055904
ScCoTe2,168633.39148324865
ScCr(Cu2Ge)2,302950.6340694679
ScCr(Cu2Si)2,301581.69234420854
ScCr(Cu2Sn)2,269629.3376027616
ScCr(GaCu2)2,249162.3404778385
ScCr(InCu2)2,256396.9544728266
ScCr(PbO3)2,132277.2928393182
ScCr2Si,402151.7596761191
ScCrAgAs,537109.8143880604
ScCrAgGe,498467.98521224153
ScCrAgSb,471715.39695920644
ScCrAgSn,483611.9920801709
ScCrAs,588221.8803676671
ScCrAsAu,578736.1315382747
ScCrAsIr,358072.57842996274
ScCrAsOs,325817.75403519045
ScCrAsPd,561873.520051532
ScCrAsPt,568770.1246792288
ScCrAsRh,352041.0637926649
ScCrAsRu,163373.9653460939
ScCrAu2,514418.5082805215
ScCrBiAu,511236.25542974955
ScCrBiIr,527654.745060155
ScCrBiPd,504735.98262387485
ScCrBiPt,516553.13321710285
ScCrBiRh,544118.0520160432
ScCrCdAs,482477.5411853491
ScCrCdGa,455282.75176653976
ScCrCdGe,408970.19867953984
ScCrCdIn,425480.41956335405
ScCrCdSb,435807.685394087
ScCrCdSi,393499.0552815563
ScCrCdSn,382373.63973844884
ScCrCo2,582714.816289354
ScCrCoAs,725109.9597753035
ScCrCoGe,640240.8525919283
ScCrCoSb,673452.9513764052
ScCrCoSi,657313.6896376839
ScCrCoSn,610065.9451755467
ScCrCuAs,446663.62449438043
ScCrCuGe,526273.7659035868
ScCrCuRu,396050.46780525515
ScCrCuSb,403150.55478780146
ScCrCuSi,579896.2020500142
ScCrCuSn,510378.1255106336
ScCrFeAs,501066.85629813804
ScCrFeGe,500647.2431672793
ScCrFeSb,600570.451777882
ScCrFeSi,519380.79439836746
ScCrFeSn,433705.1766232822
ScCrGa2,407576.65110378934
ScCrGaAg,565000.604610443
ScCrGaAu,578497.6968339724
ScCrGaCo,484130.2467878097
ScCrGaCu,615016.6687904681
ScCrGaFe,556832.8383336959
ScCrGaHg,463994.22612834704
ScCrGaIr,473075.2057177443
ScCrGaNi,613348.5030035975
ScCrGaOs,386944.2547295626
ScCrGaPd,543922.4591004688
ScCrGaPt,548328.0360769756
ScCrGaRh,478445.9483376282
ScCrGaRu,448721.65371921647
ScCrGaTc,239854.13695879397
ScCrGe,630868.8449119406
ScCrGe2,224297.41817068667
ScCrGeAu,553243.4941073727
ScCrGeIr,423251.8113591801
ScCrGeOs,456270.70026486646
ScCrGePd,591251.6878615433
ScCrGePt,592664.586729421
ScCrGeRh,564721.6159004839
ScCrGeRu,468532.40488812537
ScCrHgAs,486914.8287272255
ScCrHgGe,462622.3141912135
ScCrHgSb,442127.5259775108
ScCrIn2,367126.8899630409
ScCrInAg,526557.3271256967
ScCrInAu,538021.1118420442
ScCrInCo,428567.7350303383
ScCrInCu,623307.2966012417
ScCrInHg,439620.6391897065
ScCrInIr,449843.39114319393
ScCrInNi,555367.5051026077
ScCrInPd,505528.1382575738
ScCrInPt,511744.205903066
ScCrInRh,453960.90842379065
ScCrInRu,472169.84891765396
ScCrIr,576951.7452992641
ScCrIr2,184969.25037598147
ScCrIrPb,508338.5648044333
ScCrNi2,654710.9926964494
ScCrNiAs,623341.2062485357
ScCrNiGe,733211.333407616
ScCrNiSb,546841.6924162174
ScCrNiSn,665669.2202417403
ScCrO3,519894.5524381524
ScCrO4,121311.7810041837
ScCrOs2,169762.96380647973
ScCrOsAu,402475.0632047973
ScCrPbAu,473235.38094730256
ScCrPd2,594160.4157204034
ScCrPdPb,536358.1390130969
ScCrPt,636560.3811180033
ScCrPt2,551072.1468836886
ScCrPtPb,544511.1098893771
ScCrReSi,210060.77589870922
ScCrRh2,508500.9621552369
ScCrRhPb,510726.870855146
ScCrRu2,201855.4216040505
ScCrRuAu,476123.3164674639
ScCrRuPb,395574.9271628981
ScCrSb,561215.3852965719
ScCrSbAu,517441.3675864964
ScCrSbIr,336713.7718069403
ScCrSbOs,283586.3664543259
ScCrSbPd,511206.68929857656
ScCrSbPt,537636.1110045181
ScCrSbRh,336943.07268423104
ScCrSbRu,414771.23120169
ScCrSi,630559.8062035448
ScCrSi2,159313.40295808372
ScCrSiAg,506343.8301870752
ScCrSiAu,551218.2612695518
ScCrSiHg,452282.39798787405
ScCrSiIr,436412.0509134445
ScCrSiNi,703915.9549184823
ScCrSiOs,475938.65892296756
ScCrSiPd,594146.0633929183
ScCrSiPt,565928.3826120186
ScCrSiRh,434634.22972726123
ScCrSiRu,468471.9856042414
ScCrSiTc,221390.2108140634
ScCrSn,664056.4116130285
ScCrSn2,347465.0078686637
ScCrSnAu,510527.00388690905
ScCrSnHg,427149.4465581708
ScCrSnIr,523083.230371322
ScCrSnOs,410591.1426321628
ScCrSnPd,550825.8372281664
ScCrSnPt,568296.3293090939
ScCrSnRh,524933.1888626132
ScCrSnRu,441688.0420663714
ScCrTcAs,458673.2955918518
ScCrTcGe,236626.26742377365
ScCrTcSb,413701.7105339174
ScCrTcSn,447418.13660939457
ScCrTe,437986.5789382489
ScCrTe2,455329.00621246494
ScCuIr2,89953.84828273067
ScCuO3,118136.46877618294
ScF2,73273.05668219466
ScFe,246007.84464090716
ScFe(Cu2Ge)2,241670.4405938982
ScFe(Cu2Si)2,241069.0849220982
ScFe(Cu2Sn)2,208069.00654100598
ScFe(HgO3)2,242536.56594874887
ScFe2,593594.0793165022
ScFe2As,372280.0594666659
ScFe2Au,719469.7493593522
ScFe2BO5,760668.9903193649
ScFe2Co,893499.4305571773
ScFe2Ge,460212.80282747647
ScFe2Ir,830352.866093835
ScFe2Ni,806769.0660805479
ScFe2Pd,752508.4505850197
ScFe2Pt,783421.9680682339
ScFe2Rh,838826.6452134115
ScFe2Ru,812451.7910586494
ScFe2Sb,330186.2089059253
ScFe2Si,470356.46417890966
ScFe2Sn,416105.10209344805
ScFe2Te,160471.02857482524
ScFe2W,174952.92414674652
ScFeAgAs,339188.0668750557
ScFeAgGe,293425.9899653848
ScFeAgSb,241053.715815807
ScFeAgSn,269910.0883232412
ScFeAs,336511.29923202004
ScFeAs2,198699.0262345599
ScFeAsAu,316892.43749357446
ScFeAsIr,321856.7269051842
ScFeAsPd,329384.44225839025
ScFeAsPt,345149.2622410164
ScFeAsRh,322743.1311168514
ScFeAsRu,298968.91003962577
ScFeAu2,356404.6161368098
ScFeB,140080.34116996644
ScFeBRh,165532.64249961037
ScFeBi,254980.99198465655
ScFeBiAu,264742.71889111656
ScFeBiIr,235388.72584781548
ScFeBiPd,276891.31707199896
ScFeBiPt,296240.50425830495
ScFeBiRh,281578.93979302485
ScFeC2,209225.37397977812
ScFeCo2,852822.0681212322
ScFeCoAs,566070.3334553462
ScFeCoBi,165916.81731734617
ScFeCoGe,646689.8460004934
ScFeCoSb,505957.32023187535
ScFeCoSi,643988.8362224654
ScFeCoSn,560227.1933168094
ScFeCuAs,299198.03711103415
ScFeCuGe,330064.3726584652
ScFeCuSb,219359.36944423313
ScFeCuSi,284429.95883118856
ScFeCuSn,271165.6623251482
ScFeGe,349557.0805407726
ScFeGe2,143227.3563756702
ScFeGeAu,306418.45952478296
ScFeGeIr,251978.00045953796
ScFeGeOs,135512.92133950518
ScFeGePd,272367.48207787453
ScFeGePt,286957.01001245773
ScFeGeRh,242361.13230265753
ScFeGeRu,363829.5105674167
ScFeHgAs,259871.0143058992
ScFeHgGe,309180.0873193896
ScFeHgSb,236098.03410197745
ScFeIr,517433.64291459625
ScFeIr2,635960.3793653336
ScFeIrPb,210351.28675626506
ScFeNi2,529888.1412530226
ScFeNiAs,384188.9305052282
ScFeNiBi,256008.58635837585
ScFeNiGe,407043.4256409168
ScFeNiPb,200759.27868184706
ScFeNiSb,341386.2076427274
ScFeNiSn,350937.7953524255
ScFeO3,810742.1347270701
ScFePbAu,280623.901254697
ScFePd,458591.98188041645
ScFePd2,199960.01938886402
ScFePdPb,276643.1747190767
ScFePt,442123.49652642827
ScFePt2,458219.82797137665
ScFePtPb,292787.58706385375
ScFeRe2,214087.70993169615
ScFeReSi,290765.02868615836
ScFeRh,500962.33562552603
ScFeRh2,503974.40029411967
ScFeRhPb,289021.47737850796
ScFeRu2,514317.49847618886
ScFeSb,273386.3094742584
ScFeSb2,213310.36362495765
ScFeSbAu,277977.3185288212
ScFeSbIr,287805.47762030177
ScFeSbPd,289612.48454102845
ScFeSbPt,307657.06020265666
ScFeSbRh,287044.11100931803
ScFeSbRu,275900.96742230526
ScFeSi,61369.28062251776
ScFeSi2,142631.91797510063
ScFeSiAg,299429.581350449
ScFeSiAu,314606.5243829974
ScFeSiHg,308215.8353231013
ScFeSiIr,261912.40240731143
ScFeSiMo,218943.6123744208
ScFeSiNi,389232.8516923771
ScFeSiOs,369517.23122218257
ScFeSiPd,270992.7760981116
ScFeSiPt,292611.46447864326
ScFeSiRh,245092.6370735279
ScFeSiRu,372469.34165949747
ScFeSiTc,417953.6338737932
ScFeSn,284923.06676818035
ScFeSn2,145791.32547176312
ScFeSnAu,278895.7488206675
ScFeSnHg,273471.1188748516
ScFeSnIr,224522.01283388244
ScFeSnOs,122520.98359603822
ScFeSnPd,250966.65762885957
ScFeSnPt,267964.13352013135
ScFeSnRh,215973.37253051615
ScFeSnRu,328878.1160041038
ScFeTc2,279771.28688700515
ScFeTcAs,137944.88366173583
ScFeTcGe,423633.38505222334
ScFeTcSb,119979.33863504822
ScFeTcSn,252798.74960117435
ScFeTe,159092.52737346388
ScFeTe2,314972.9994427038
ScGa2FeCu4,254190.5368222185
ScGa4Fe3Co8,718469.0931373392
ScGaCo2,181238.19680066028
ScGaCoAg,119729.64580262938
ScGaCoAu,87692.00985937886
ScGaCoCu,119981.60379862442
ScGaCoHg,86888.46759821197
ScGaCoIr,147509.32452446045
ScGaCoNi,195373.60301187207
ScGaCoPd,69505.16820764622
ScGaCoPt,181647.11318793154
ScGaCoRh,130996.54644520911
ScGaCoRu,205384.20636852452
ScGaCoTc,267817.38739809475
ScGaFe2,495624.1257144121
ScGaFeAg,269280.06857500866
ScGaFeAu,274211.89166468114
ScGaFeCo,640795.0851142657
ScGaFeCu,322773.89460220846
ScGaFeHg,310641.85728417354
ScGaFeIr,326099.4108474005
ScGaFeNi,439820.9391403204
ScGaFeOs,402601.9101040143
ScGaFePd,193350.3329737435
ScGaFePt,293871.5507845317
ScGaFeRh,312825.960598804
ScGaFeRu,409777.7442696765
ScGaFeTc,425440.4721366602
ScGaNiMo,268032.9164106357
ScGeIr2,86781.15997208632
ScGeRu2,106618.96323784895
ScH2O3,178401.15254439035
ScHgAu,52099.26370633695
ScHgO3,139866.50673727447
ScHgW2,67556.30534795148
ScI2,84924.63357166137
ScIn,77958.61416134717
ScIn2CoCu4,126563.1136061762
ScIn2FeCu4,229413.18329882945
ScInCoAg,53154.24609876021
ScInCoAu,79708.3045141903
ScInCoCu,97508.6116993078
ScInCoHg,74558.69556038943
ScInCoIr,131917.92283787072
ScInCoNi,177205.22256438294
ScInCoPd,65960.38620805484
ScInCoPt,162778.12360336957
ScInCoRh,117296.32347564738
ScInFeAg,224653.81343374163
ScInFeAu,275275.3484733739
ScInFeCo,137675.5071442205
ScInFeCu,209787.0822695416
ScInFeIr,341960.0713168824
ScInFeNi,135590.31045260007
ScInFePd,291063.42394141614
ScInFePt,315416.75626746553
ScInFeRh,287707.3760170662
ScInFeRu,381650.3402687561
ScIr2Ru,439367.2806096478
ScIrO3,288360.37311893236
ScIrPt,74023.22846969702
ScIrRh2,265430.39658039086
ScMn(AlCu2)2,279652.1687760559
ScMn(Cu2As)2,323086.99038849253
ScMn(Cu2Ge)2,326035.9931124891
ScMn(Cu2Si)2,327905.11004217796
ScMn(Cu2Sn)2,293928.78810408496
ScMn(GaCu2)2,300951.7379642142
ScMn(InCu2)2,276692.7631478615
ScMn(ZnCu2)2,272857.3555865847
ScMn2Al,650465.7795225343
ScMn2As,486425.253884537
ScMn2Ga,492763.3616639336
ScMn2Ga3S8,297957.4678120131
ScMn2Ge,485121.7487400824
ScMn2Ir,1033173.996589092
ScMn2O5,721183.817827296
ScMn2Pd,1000998.0311983026
ScMn2Pt,1001349.8615545104
ScMn2Rh,1059035.6395867786
ScMn2Sb,307410.2480201594
ScMn2Si,514292.7413134237
ScMn2Sn,756496.2816710868
ScMn3(BiO3)4,421493.49549183564
ScMnAg2,537175.3501487836
ScMnAgAs,464375.010992179
ScMnAgBi,406704.4080152139
ScMnAgGe,458816.81168762257
ScMnAgPb,406076.57237934874
ScMnAgSb,405980.98654844466
ScMnAgSn,410610.54664626345
ScMnAl2,301298.0626579154
ScMnAlAg,496615.9082197843
ScMnAlAu,508578.4879663432
ScMnAlCd,397392.3976063423
ScMnAlCo,635847.9899187454
ScMnAlCr,742428.0395591832
ScMnAlCu,473935.7226062638
ScMnAlFe,494750.2697744171
ScMnAlHg,410018.8042273863
ScMnAlIr,537929.6690129767
ScMnAlNi,636460.6218117384
ScMnAlOs,492588.4770310429
ScMnAlPd,524706.125308364
ScMnAlPt,545332.3589485993
ScMnAlRe,460694.8506919932
ScMnAlRh,539686.080672335
ScMnAlRu,503943.9085523174
ScMnAlTc,238918.67780417931
ScMnAlZn,428070.2171722513
ScMnAs,504503.6283028587
ScMnAs2,425799.66006953904
ScMnAsAu,474965.30411123164
ScMnAsIr,591899.7754231325
ScMnAsOs,157214.9686252341
ScMnAsPd,482109.40662071155
ScMnAsPt,517307.479396503
ScMnAsRh,595328.1170991438
ScMnAsRu,415712.66761189443
ScMnAu,541432.4171466175
ScMnAu2,527185.2026697515
ScMnBPt,646228.6728224095
ScMnBeAl,432543.5636836753
ScMnBeAs,118223.58663466967
ScMnBeGa,445841.5346727329
ScMnBeGe,304245.29567659576
ScMnBeSi,296510.9232489378
ScMnBeZn,503206.6242628935
ScMnBiAu,437477.59984112566
ScMnBiIr,509458.84725740383
ScMnBiPd,417538.15014243615
ScMnBiPt,454452.47824600333
ScMnBiRh,507989.7075643141
ScMnCdAs,379653.38624593534
ScMnCdGa,415134.16102876415
ScMnCdGe,437557.3163827766
ScMnCdSb,347386.7070668418
ScMnCdSi,419982.202062159
ScMnCdSn,399190.64777171565
ScMnCo2,773960.8026288564
ScMnCoAs,707911.4280824474
ScMnCoGe,765131.7414676051
ScMnCoSb,647413.1668690612
ScMnCoSi,785364.1089580663
ScMnCoSn,690391.9393716773
ScMnCrAs,441217.01471451396
ScMnCrGe,459157.4256788973
ScMnCrSb,452379.2408364177
ScMnCrSi,297683.92016176094
ScMnCu2,614182.4502431015
ScMnCuAs,399785.61597989354
ScMnCuGe,456259.19088914635
ScMnCuSb,354623.69176029175
ScMnCuSi,381536.93667898444
ScMnCuSn,430279.95162483514
ScMnFeAs,790326.0678182219
ScMnFeGe,646282.904825968
ScMnFeSb,711070.0278543688
ScMnFeSi,676621.3743959485
ScMnFeSn,670215.3607367608
ScMnGa2,404143.91668161564
ScMnGaAg,512688.6331145852
ScMnGaAu,525863.4704285058
ScMnGaCo,641414.2483381995
ScMnGaCu,526948.4963603516
ScMnGaFe,494658.6149264957
ScMnGaHg,426415.4316581924
ScMnGaIr,557217.6636245956
ScMnGaNi,656643.0654917085
ScMnGaOs,507017.014105793
ScMnGaPd,545664.4267198788
ScMnGaPt,560443.2230729471
ScMnGaRh,564436.7230096798
ScMnGaRu,518274.6017791986
ScMnGaS4,317696.29468411434
ScMnGaTc,398793.20612955396
ScMnGe,599948.4362618726
ScMnGeAu,478048.0778395683
ScMnGeIr,393552.6633810176
ScMnGeOs,455759.8379152573
ScMnGePd,544310.8221700175
ScMnGePt,555078.1757651205
ScMnGeRh,388469.7669797678
ScMnGeRu,468607.3131143728
ScMnHg2,473956.99736110494
ScMnHgAs,373118.4806100725
ScMnHgGe,462596.4248180383
ScMnHgSb,339606.5262512578
ScMnIn2,393121.0812368446
ScMnInAg,472574.95946845785
ScMnInAu,485838.89283033984
ScMnInCo,617178.9955503691
ScMnInCu,508876.7243533776
ScMnInHg,400631.6353194753
ScMnInIr,535824.43053251
ScMnInNi,598057.2254190481
ScMnInOs,433345.5134549558
ScMnInPd,511149.08042871836
ScMnInPt,524497.8946603843
ScMnInRh,539238.1776130792
ScMnInRu,413901.79794723546
ScMnIr,700776.8203483965
ScMnIr2,626530.5664799882
ScMnIrPb,527191.6739340391
ScMnNi2,716391.5253345007
ScMnNiAs,554520.9793966193
ScMnNiGe,612754.0959573446
ScMnNiSb,495166.8851940463
ScMnNiSn,558122.3438789066
ScMnO3,665386.8044281243
ScMnOs2,358631.4621654382
ScMnPbAu,437401.2870431626
ScMnPd,590581.5873823185
ScMnPd2,553602.5385719453
ScMnPdPb,490526.9648081779
ScMnPt,593108.2491778514
ScMnPt2,346414.66846456274
ScMnPtPb,501653.257054696
ScMnReSi,468338.36420600774
ScMnRh,686583.5185921942
ScMnRh2,649436.3638868928
ScMnRhPb,519747.19621176017
ScMnRu2,409511.79427575745
ScMnRuPb,467256.65566759504
ScMnSb,425540.5154665274
ScMnSb2,343250.8872588941
ScMnSbAu,409195.6348407138
ScMnSbIr,522163.5958339473
ScMnSbOs,139325.39994593224
ScMnSbPd,424779.7708459877
ScMnSbPt,462419.5324435469
ScMnSbRh,513211.08424268605
ScMnSbRu,393962.2443118129
ScMnSi,604840.5232153569
ScMnSiAg,467221.672757262
ScMnSiAu,473066.97864187753
ScMnSiHg,455871.01328528934
ScMnSiIr,415162.8592857545
ScMnSiMo,184966.76154183477
ScMnSiNi,619927.8524407892
ScMnSiOs,468888.8073922384
ScMnSiPd,515684.8164293075
ScMnSiPt,478183.5344242372
ScMnSiRh,405208.9207084875
ScMnSiRu,477539.5038110996
ScMnSiTc,390352.7581302988
ScMnSn,532361.2875646551
ScMnSn2,292834.0573623915
ScMnSnAu,433680.20856969117
ScMnSnHg,419048.09915595525
ScMnSnIr,542619.8523089595
ScMnSnOs,503519.7958220114
ScMnSnPd,501236.44581031817
ScMnSnPt,513559.0292679482
ScMnSnRh,533950.673974193
ScMnSnRu,511958.61526110047
ScMnTcAs,313807.8108591074
ScMnTcGe,451086.74760641577
ScMnTcSb,279936.8191296547
ScMnTcSn,404564.63958282134
ScMnTe,325637.1098880101
ScMnTe2,367294.52771911514
ScMnTlAu,480878.6956374914
ScMnTlIr,534522.8246682659
ScMnTlPd,508409.9652348982
ScMnTlPt,516584.18924542924
ScMnTlRh,533863.4786054669
ScMnTlZn,407667.89152332506
ScMnVAs,117831.9866489026
ScMnVGe,118084.80255057049
ScMnVSb,385263.0041118996
ScMnVSn,391300.0091168795
ScMnVZn,99964.03411175334
ScMnZn2,526032.6288013909
ScMnZnAg,539756.5417725877
ScMnZnAs,434903.5363214265
ScMnZnAu,548325.5000175682
ScMnZnCd,471269.3847953962
ScMnZnCo,497067.90609275096
ScMnZnCu,582211.9546591057
ScMnZnGa,479332.4639774565
ScMnZnGe,431947.4925933942
ScMnZnHg,492685.3636855832
ScMnZnIn,423240.24583972176
ScMnZnIr,524359.0490496808
ScMnZnNi,632642.6936920146
ScMnZnOs,552785.6952604663
ScMnZnPd,570372.4964010112
ScMnZnPt,574525.3430086405
ScMnZnRh,518968.85671640805
ScMnZnRu,540290.9829084811
ScMnZnSb,382175.74704986025
ScMnZnSi,361419.03590327286
ScMnZnSn,382427.0838549893
ScMo(PbO3)2,67430.68042749935
ScMo3O8,185949.83830365326
ScMoAu2,241417.99945239743
ScMoO3,288125.0111786087
ScMoPd2,196808.2191961871
ScMoPt,65282.24136552012
ScMoPt2,75474.58141558079
ScNF4,217643.59877926297
ScNbAl2,147436.97561342278
ScNbAlCo,302114.4309437379
ScNbAlCr,138661.33584089417
ScNbAlNi,415830.2774510955
ScNbCo2,262164.4256053139
ScNbCoAu,54412.43065810056
ScNbCoGe,425359.3388099058
ScNbCoSi,445283.90995359863
ScNbCrGa,141108.70918795923
ScNbFeSi,155149.4678554776
ScNbGa2,169537.18885109757
ScNbGaCo,292586.7306008356
ScNbGaNi,419077.75210224773
ScNbIn2,170996.71756399915
ScNbNiGe,283056.13027112425
ScNbNiSn,267331.5180412237
ScNbO3,208422.8535512865
ScNbSi,68428.2822545077
ScNbSiNi,74351.82224516968
ScNbSn2,111889.0669200413
ScNi(PbO3)2,153646.41941297907
ScNi2Ru,207476.96576791292
ScNi3,89662.38832555918
ScNi5,164388.21224894715
ScNiB,106835.70683920977
ScNiGeMo,128033.9133421018
ScNiIr,129367.30800745238
ScNiIr2,57763.0404920811
ScNiO3,191882.21100066372
ScNiRh2,143770.90801361273
ScNiRu2,106423.13437006917
ScNiSnMo,110201.06553161434
ScO,105936.03904127856
ScO2,244985.24181556268
ScOsO3,412754.44382793334
ScOsPd2,151288.15650461262
ScOsRh2,52888.135932426994
ScPO6,137802.40978093282
ScPaAl2,91983.49978232641
ScPaAs,263829.704927905
ScPaAs2,153169.51236860827
ScPaBi2,163711.59627830496
ScPaGa2,100770.1472096984
ScPaGe,150634.51047148753
ScPaIn2,124227.78267820987
ScPaO3,234183.46937527054
ScPaOs,128563.75646720706
ScPaPb2,197118.66839427146
ScPaPt,68642.40403328172
ScPaSb2,145264.01656145975
ScPaSi,94158.58535325344
ScPaTe2,142576.77906588203
ScPd2Ru,152723.02199619505
ScPdRh2,61459.38569220902
ScPtO3,213621.71069097318
ScPtRh2,61619.44881599252
ScRe(PbO3)2,139061.38328368476
ScRe2Ir,77937.87410746222
ScRe2Rh,134478.34852290325
ScReO3,373213.7857791851
ScRhO3,286023.25901938975
ScRu(PbO3)2,193777.70300618393
ScRuO3,425169.8737616319
ScRuPt,143169.6604826852
ScRuPt2,152796.23549293837
ScRuRh2,298258.0137928152
ScS,87183.57355876836
ScS2,80698.75166583998
ScS2NO8,95872.03981192809
ScSb2Ir,71389.02490428905
ScSb2Ru,98007.79819153098
ScSbO3,66473.76513720574
ScSe,83708.07384524995
ScSi(HO2)2,117981.12393104407
ScSiNiMo,60230.80803027833
ScSiOs,86483.96275408796
ScSiRu,102606.18285628429
ScSn,64686.27105100344
ScSn(HgO3)2,73977.09960872092
ScSnO3,125610.51215328921
ScTa2O4,53656.71741556977
ScTaAlCr,138940.3314853481
ScTaAlFe,61779.92711354194
ScTaCoAu,53129.06713295854
ScTaCrGa,140924.5488440176
ScTaGa2,87267.12228862543
ScTaMn2,248228.95429146482
ScTaO3,223413.9194608963
ScTc(PbO3)2,143547.354226561
ScTc2As,59701.800853938694
ScTc2Ir,157226.37244676074
ScTc2Ni,106911.90214126914
ScTc2Pd,86025.44063219478
ScTcAs,117351.02279301352
ScTcAu2,148591.9772932234
ScTcGe,56691.06882788696
ScTcIr2,512804.97956173884
ScTcNi2,332728.72442124074
ScTcO3,425910.74962067034
ScTcPd2,329250.85118790675
ScTcPt,164887.38023280783
ScTcPt2,296496.3904871967
ScTcRh2,266050.1330425226
ScTcTe2,155214.88545198567
ScTe2Mo,75497.7843504563
ScTe2Pb,66219.0981437955
ScTeO3,60215.7772481585
ScTeRu2,122735.28690780708
ScTi2Al,201466.33015037805
ScTi2As,250109.53187779174
ScTi2Bi,213761.66049483366
ScTi2Co,377187.7808728964
ScTi2Ga,206660.25664798456
ScTi2Ge,197671.07948881114
ScTi2In,200362.73970706746
ScTi2Ir,184019.1261561972
ScTi2Ni,453969.4191245371
ScTi2Pb,249281.01437748905
ScTi2Pt,202397.77380502448
ScTi2Rh,197424.41438440516
ScTi2Ru,115589.89568020201
ScTi2Sb,227269.24419519122
ScTi2Si,207282.89545540974
ScTi2Sn,194095.32325928716
ScTi2Tc,146575.838187852
ScTi2Te,301696.91071692924
ScTi2Zn,387131.20345993544
ScTiAg2,218673.46360017426
ScTiAl2,107733.69370792138
ScTiAlCo,152093.1578047103
ScTiAlCr,262421.9928611932
ScTiAlCu,271131.10876572225
ScTiAlNi,291872.3664111473
ScTiAlV,343721.38567017496
ScTiAlZn,220734.29690608845
ScTiAs,378204.84821992763
ScTiAs2,186223.59470016183
ScTiAu,154298.19292463755
ScTiAu2,157756.12306164132
ScTiBeAs,170824.69571413274
ScTiBeGe,138084.33462863407
ScTiBeSb,194974.81245714676
ScTiBeSi,132977.5337717899
ScTiBeSn,130010.90845768004
ScTiBi2,185298.43236385396
ScTiCd2,127526.92979355565
ScTiCoAs,451835.979420837
ScTiCoB,109760.94515250638
ScTiCoBi,246775.6648979872
ScTiCoGe,303590.6369739558
ScTiCoPb,255816.3399757923
ScTiCoSb,409487.73918885173
ScTiCoSi,321579.30103506515
ScTiCoSn,272442.75304703345
ScTiCrGa,272701.961493448
ScTiCrGe,139546.03548139127
ScTiCrSi,146194.20403399348
ScTiCrSn,122005.71052318964
ScTiCu2,162930.9783969159
ScTiCuAs,95315.03948588781
ScTiCuB,167783.69810646836
ScTiCuBi,151593.44690566204
ScTiCuGe,228617.57249705962
ScTiCuPb,179260.8536707568
ScTiCuSb,105899.61700208842
ScTiCuSi,234242.45709615014
ScTiCuSn,427306.753272509
ScTiFe2,72870.07036629305
ScTiFeAs,275431.42728853005
ScTiFeB,92053.03761712667
ScTiFeBi,239138.34643547935
ScTiFeGe,155496.44912537106
ScTiFePb,122627.97362687351
ScTiFeSb,276100.9121089177
ScTiFeSi,150498.269052697
ScTiGa,179861.17859220912
ScTiGa2,119544.32322361879
ScTiGaCo,153112.5361957001
ScTiGaCu,412438.92579658073
ScTiGaNi,296163.70299940504
ScTiGe,257052.29695546278
ScTiGe2,258819.6024129145
ScTiHg2,152021.57067111428
ScTiIn2,134615.92208981136
ScTiInCo,135878.02050396963
ScTiInCu,253211.28476215043
ScTiInNi,263395.4645015224
ScTiIr,54762.48477453712
ScTiMn2,422371.1005989751
ScTiMnAl,129644.63173672455
ScTiMnBi,109607.7355222603
ScTiMnGa,138483.92641751585
ScTiMnIn,119840.60261698966
ScTiMnPb,182833.0966337172
ScTiMnZn,124142.54426668375
ScTiNiAs,396402.7160564569
ScTiNiB,60741.831630115346
ScTiNiBi,202958.16681481036
ScTiNiGe,444935.8290642679
ScTiNiPb,271840.09276808304
ScTiNiSb,390171.37016063946
ScTiNiSn,390242.22193478304
ScTiO3,157128.88886178812
ScTiRh,128549.62040662231
ScTiSb,334990.6001634607
ScTiSb2,179944.26138965288
ScTiSi,210264.60778563397
ScTiSi2,262641.4732911079
ScTiSiNi,464914.0130373308
ScTiSn,246797.73477330612
ScTiSn2,248548.74237553542
ScTiTe,299179.3146525423
ScTiTe2,181195.03450205986
ScTiTl2,110375.8888199063
ScTiTlNi,260881.45644415435
ScTiVAs,143977.98179544628
ScTiVGa,263011.10071841563
ScTiVGe,282079.07716567564
ScTiVIn,225817.13498366482
ScTiVSb,98981.06898346996
ScTiVSi,292941.11033455585
ScTiVSn,250448.3289691053
ScTiZn2,82635.38030897648
ScTiZn2O6,88081.30641016431
ScTiZnAs,142663.1878668824
ScTiZnBi,173644.1123947758
ScTiZnCu,195808.30925710822
ScTiZnFe,57247.17656108056
ScTiZnGa,444272.6154872811
ScTiZnGe,126464.06630569464
ScTiZnNi,150932.83237018247
ScTiZnPb,156728.9207758331
ScTiZnSb,154589.96587683377
ScTiZnSi,130546.73341079953
ScTiZnSn,249896.16570203166
ScTlCoAu,83113.1111704964
ScTlCoCu,93962.74934035756
ScTlCoNi,153199.87907510236
ScTlCoPd,164548.37394584104
ScTlCoPt,166327.9640225774
ScTlCoRh,115740.19332564632
ScTlCrAu,531866.5018303426
ScTlCrIr,402005.2552835552
ScTlCrPd,501083.20290309296
ScTlCrPt,507484.311845875
ScTlCrRh,457000.0501167817
ScTlFeAu,282035.3275994999
ScTlFeIr,259406.95069841354
ScTlFePd,296877.3456968089
ScTlFePt,325664.6758472636
ScTlFeRh,338607.64262114605
ScU2(B2C)3,211242.92748806105
ScU2O4,505896.2845917649
ScU3Sb5,308322.2774293399
ScU8S17,277041.95755092776
ScUAl2,319492.76141210616
ScUAs,522272.5452154563
ScUAs2,309038.0717582427
ScUGe2,326494.29500736296
ScUIr,446208.13734110846
ScUO3,408021.396103052
ScUOs2,208112.32739617658
ScUPt,418921.93107215286
ScURh2,290171.67286713613
ScUS2,321138.34448709723
ScUS3,236306.3340848293
ScUSb2,277109.3646814492
ScUSi2,330569.4556141807
ScUTc2,78456.71282131167
ScUTe2,376599.62693133845
ScV(Cu2Ge)2,191864.4745825918
ScV(Cu2Si)2,176819.46675062805
ScV(Cu2Sn)2,181054.7867625622
ScV(GaCu2)2,96190.71761085869
ScV(InCu2)2,114148.88737865373
ScV2O2,563540.8407186959
ScV2O4,569826.6565967259
ScV2Os,128496.05314334975
ScV2Rh,248987.33040569437
ScV4Si3,74087.55923789371
ScVAs,410362.27930143115
ScVAs2,239425.8851042336
ScVAu2,398830.70363446826
ScVCo2,351466.9093522486
ScVCoAs,174566.70597629598
ScVCoAu,90271.4974704205
ScVCoCu,80194.30262516737
ScVCoGe,481085.32385992026
ScVCoSb,537011.5216816068
ScVCoSi,503703.9900311864
ScVCoSn,418136.6805077143
ScVCrGa,57144.95507142978
ScVCuAs,429188.7549106282
ScVCuGe,396680.7978075165
ScVCuRh,261052.94998825266
ScVCuSb,411226.8136760833
ScVCuSi,480427.57902067783
ScVCuSn,496441.4975837073
ScVFeAs,435117.92721182003
ScVFeGe,318982.68786876084
ScVFeSb,430325.5548105391
ScVFeSi,326530.61962497735
ScVFeSn,339624.083752029
ScVGa2,347914.1655696652
ScVGaCo,351906.8530137937
ScVGaCu,451440.57483071706
ScVGaFe,114264.35153634354
ScVGaNi,454063.33163426
ScVGe,252568.0696340256
ScVIn2,339904.7837821187
ScVInCo,328588.2427060464
ScVInNi,380986.97168307484
ScVNiAs,333674.1182027081
ScVNiGe,600933.7014158145
ScVNiSb,508940.9515495857
ScVNiSn,539243.1654615883
ScVO2,563287.7491649517
ScVO3,342044.9781552963
ScVPt,130454.50311823734
ScVRh2,114416.08518850897
ScVSb,662698.2202636884
ScVSb2,183346.3866951296
ScVSi,257623.52823211503
ScVSi2,338649.11584669724
ScVSiNi,558492.2000600237
ScVSn2,306817.9985997011
ScVTe,547431.0487460732
ScVZn2,364983.9942380019
ScVZnAs,387453.60082088684
ScVZnCo,341756.29949029296
ScVZnCu,361313.54790303885
ScVZnGa,352791.6049108073
ScVZnGe,380536.1055858788
ScVZnIn,370457.55794358574
ScVZnNi,379832.44712126494
ScVZnSb,344623.66934419295
ScVZnSi,360052.71577068785
ScVZnSn,364595.98226271936
ScWO3,296400.83550575684
ScZn2Co,54815.88582174535
ScZn2CoCu4,91606.21795914139
ScZn2Cr,526483.29544479
ScZn2CrCu4,236822.8295275351
ScZn2Fe,300219.0835960418
ScZn2FeCu4,234806.98627092235
ScZn2FeO6,278378.16568495735
ScZn2O4,116065.00208804884
ScZn2SnO6,82723.85764824013
ScZnAg,55363.9044993843
ScZnCdCo,83456.17524920647
ScZnCo2,226127.14734618046
ScZnCoAg,94001.65755488661
ScZnCoAs,55456.92202057104
ScZnCoCu,106366.17887790925
ScZnCoHg,152561.4141458832
ScZnCoIr,167198.447836463
ScZnCoNi,132716.08198168082
ScZnCoPd,78184.84190985418
ScZnCoPt,107050.51016383432
ScZnCoRh,160545.21321774006
ScZnCoRu,247109.84693487058
ScZnCrAs,479596.4568811705
ScZnCrAu,533914.3835456902
ScZnCrCu,548948.6087545011
ScZnCrGa,480870.5219440544
ScZnCrGe,411197.54169912223
ScZnCrHg,504181.4258555436
ScZnCrIn,446997.72310542123
ScZnCrIr,499547.9859596949
ScZnCrNi,508206.2873886782
ScZnCrPd,481818.7039269331
ScZnCrPt,480816.697126857
ScZnCrRh,509024.37498262327
ScZnCrRu,476651.30563991657
ScZnCrSb,450334.84841109515
ScZnCrSi,418279.29082048615
ScZnCrSn,386502.68442328344
ScZnFe2,625118.4630390526
ScZnFeAs,284099.200236028
ScZnFeAu,316606.06224180583
ScZnFeCo,618833.0270419877
ScZnFeCu,312806.4560084125
ScZnFeGe,193602.34360601098
ScZnFeHg,336650.9061394003
ScZnFeIr,398151.66809203476
ScZnFeNi,459722.92942706164
ScZnFeOs,473973.52889564016
ScZnFePd,325365.2713410825
ScZnFePt,356477.75722930883
ScZnFeRh,384084.9191071592
ScZnFeRu,428145.29151244415
ScZnFeSb,119964.60575036304
ScZnFeSi,160901.0087823694
ScZnFeSn,218021.06657305313
ScZnGaFe,259471.70942992368
ScZnInFe,260125.26144152874
ScZnMo3O8,62806.08317418465
ScZnRu2,76731.18876708853
Sm(Al2Cr)4,124358.64837430314
Sm(Al2Fe)4,267025.55251340265
Sm(ClO)3,214973.19134805136
Sm(CoP)2,179417.0388241624
Sm(CrSi)2,132658.6561625777
Sm(CuO2)2,117443.77500531563
Sm(FeGe)2,499082.2823528226
Sm(FeO2)2,888771.741863966
Sm(MnAl2)4,267355.73560243455
Sm(MnGe)2,437348.7742670061
Sm(MnSi)2,409606.69556861965
Sm(MnSn)6,515264.59100533265
Sm(ReO5)3,148169.33284850421
Sm(SeO4)2,97319.20259601885
Sm(SnO2)2,73425.438162372
Sm(TcO2)2,301280.368990443
Sm(WO2)2,57309.937717214845
Sm2(MnBi2)3,339320.64612276864
Sm2(N4O9)3,92035.01570932053
Sm2Ag2O5,64173.89087690128
Sm2AgO4,78116.42370093364
Sm2AsPd,93173.9138092529
Sm2AuO4,78289.67340274861
Sm2B2O5,56007.17759160864
Sm2BeHg,59252.94554328787
Sm2Bi,95512.37522637036
Sm2BiO4,73929.22925607473
Sm2BiPd,88937.93388553198
Sm2CdHg,73414.38601312126
Sm2Co12P7,92666.78435165613
Sm2Co17,969913.8173553458
Sm2Co17N3,898544.8770636374
Sm2Co2O5,233771.85816389025
Sm2Co7,612046.1438758828
Sm2Co7B3,223977.8291236047
Sm2CoIr,60695.71303879306
Sm2CoNiO6,241172.14452457076
Sm2CoO4,260648.52552071944
Sm2CoPtO6,225464.41087211118
Sm2CoRuO6,76471.09119287846
Sm2Cr2O5,545978.4670352039
Sm2CrAs,302893.54785880644
Sm2CrAu,336753.6840693576
Sm2CrGa,357506.19657205814
Sm2CrIn,335068.7313306904
Sm2CrIr,406237.1893149199
Sm2CrO4,338152.795940052
Sm2CrPd,366415.9531247667
Sm2CrPt,385278.87758016994
Sm2CrRh,399919.8663733047
Sm2CrSb,294472.59742575575
Sm2CrSi,371933.8352577245
Sm2CrSn,338223.996547583
Sm2CrTe,318605.2837208566
Sm2Cu(GeO4)2,55648.56428552693
Sm2Cu2O5,81335.12861158403
Sm2Dy2O5,69443.47572169124
Sm2EuSe4,365389.8655808026
Sm2Fe14B,1251026.6064276425
Sm2Fe17C3,1180390.6401764462
Sm2Fe17N3,1297377.0982990658
Sm2Fe2As2O,488162.62761054473
Sm2Fe2O5,591178.9526548528
Sm2FeAs,120752.69298702372
Sm2FeAs2O,261412.9937470047
Sm2FeAu,125791.58664568885
Sm2FeBi,106212.3127352261
Sm2FeGe4,82705.32720550045
Sm2FeHg,156671.6771149137
Sm2FeIr,170755.75400981214
Sm2FeO4,342739.83661832655
Sm2FeP2O,239387.13016436883
Sm2FeSb,118847.22994124366
Sm2FeSbO7,321687.01255349274
Sm2FeSi,176813.22672226507
Sm2FeSi3,161500.04179281433
Sm2FeTe,138593.41378589068
Sm2Ga2Fe15,1068740.695609729
Sm2Gd2O5,86898.25721396242
Sm2GdPt,105822.58650326007
Sm2GeAu,75788.54778648532
Sm2HfAs,104282.53808886347
Sm2HfAu,137227.17156380022
Sm2HfPt,130372.1730936851
Sm2HfSb,88810.32601033318
Sm2HfTe,163845.49131750214
Sm2In,64851.201104738415
Sm2InFe,167337.98336582354
Sm2IrO4,246883.98290999615
Sm2MgCr2O8,203594.48399035409
Sm2MgIrO6,77997.31260480215
Sm2MgMo2(ClO4)2,68375.66902966732
Sm2MgNb2O8,53065.37858970946
Sm2MgTi2(ClO3)2,58371.59875133718
Sm2Mn12P7,537056.7584966487
Sm2Mn2O5,714365.937030985
Sm2Mn2O7,437789.7510669111
Sm2Mn3(SbS3)4,302262.6807515138
Sm2Mn3Cu9P7,311905.027287988
Sm2MnAs,256362.022413891
Sm2MnGe,289778.4318899255
Sm2MnHg,290447.79969204176
Sm2MnIn,297880.74606756883
Sm2MnIr,360122.6082515983
Sm2MnNiO6,414628.4127360776
Sm2MnO4,421119.4081619389
Sm2MnPb,258993.096034767
Sm2MnPt,324046.0855171451
Sm2MnRh,348027.0433942844
Sm2MnRhO6,304244.0520570618
Sm2MnSb,274435.6044401644
Sm2MnSb2O,278834.405265779
Sm2MnSbO7,257686.79062839257
Sm2MnSi,298414.32993944496
Sm2MnSn,270181.7120085226
Sm2MnTe,270223.1942255749
Sm2Mo2O5,112354.96674588637
Sm2Mo2O7,253681.9316819621
Sm2MoO4,328777.72101861297
Sm2NbAs,108440.18691182516
Sm2NbPt,259087.110569716
Sm2NbSb,107106.55440945203
Sm2NbSn,139791.3487348647
Sm2NbTe,55293.37191570889
Sm2Ni17,258921.63224343077
Sm2Ni2O5,330391.31679648673
Sm2NiO4,175655.79938867886
Sm2NiPtO6,151636.4831620041
Sm2NiRuO6,306611.09480528964
Sm2Np2O5,585278.3852661846
Sm2NpO4,273122.0155785589
Sm2OsO4,334272.5033986055
Sm2Pa2O5,205384.58530437964
Sm2PaSb,188292.21739523642
Sm2PaSn,107025.08599581849
Sm2PbAu,81960.92601787328
Sm2PtO4,163223.43879370473
Sm2Pu2O5,713894.4625886882
Sm2PuAs,565666.7195769072
Sm2PuBi,497104.49136438617
Sm2PuGe,562251.7819662477
Sm2PuO4,447505.22858871735
Sm2PuSb,513778.81907911884
Sm2PuSn,507215.9957300414
Sm2PuTe,514560.110492411
Sm2Re2O5,53665.09825312167
Sm2ReO4,408281.33021205786
Sm2RhO4,246808.1900154691
Sm2Ru2O5,130040.42723112291
Sm2Ru2O7,273780.4949093591
Sm2RuO4,328587.8992543343
Sm2RuO5,155060.10876995887
Sm2SbO4,76111.9633281137
Sm2SbPd,88178.9467869614
Sm2SbPt,61546.90337966893
Sm2Sc2O5,60867.11893456025
Sm2ScIn,94665.75934630775
Sm2ScPb,82528.47800240837
Sm2ScTe,54754.526380944095
Sm2ScTl,102597.90131831351
Sm2Se3O20,280339.28327815
Sm2Si2Ru,51712.78893076164
Sm2SiAu,68083.37853929233
Sm2SnAu,75061.90151933402
Sm2Ta2O9,100340.63028385644
Sm2Tc2O5,109292.91945846641
Sm2Tc2O7,399508.37585218705
Sm2TcTe,82287.74142893041
Sm2Te(Mo3O22)2,118895.5516072751
Sm2TeAu,102905.5672526334
Sm2TePd,148808.32258144277
Sm2TePt,125425.92725399365
Sm2ThAs,83922.20272674662
Sm2ThAu,110219.15970101448
Sm2ThBi,75731.67450495441
Sm2ThSb,78063.86655508397
Sm2ThTe,132386.1565064158
Sm2Ti12(CuO4)9,134457.9565710007
Sm2Ti2O5,104316.92625394597
Sm2TiAl,221817.20429561
Sm2TiAs,282437.2991783673
Sm2TiAu,271597.9620057525
Sm2TiBi,257579.28719599854
Sm2TiCuO6,77056.79755061454
Sm2TiGa,237365.37374418406
Sm2TiGe,282775.99478251743
Sm2TiHg,203899.6860902102
Sm2TiIn,231029.5615724404
Sm2TiIr,269910.6750280555
Sm2TiMnO6,382848.16694875964
Sm2TiPb,268898.3454008313
Sm2TiPd,283174.8776997017
Sm2TiPt,305960.2238306
Sm2TiRh,280126.6647983824
Sm2TiSb,253317.64928205704
Sm2TiSi,283385.8835690117
Sm2TiSn,269250.8455398348
Sm2TiTe,202991.0875347909
Sm2TiTl,239608.41308399677
Sm2Tl,82369.83595224052
Sm2TlBr5,75663.33993801202
Sm2TlCd,61860.89696596743
Sm2TlHg,74691.16663251173
Sm2TlI5,62760.50976200967
Sm2U2O5,369821.9580114245
Sm2U2Se3O4,175651.5931115946
Sm2US5,105361.0048314593
Sm2UTe5,105602.85037734958
Sm2V2O5,413486.8931316587
Sm2V2O7,131427.74016402935
Sm2VAs,300618.4539254631
Sm2VAu,322595.94002105686
Sm2VBi,283187.2348035088
Sm2VFeO6,537026.5604988618
Sm2VGa,312539.69394966576
Sm2VGe,320346.1998713906
Sm2VIn,295993.5680837286
Sm2VIr,361507.36707549635
Sm2VPd,345093.57539548003
Sm2VPt,351331.08440999425
Sm2VRh,375558.308285683
Sm2VSb,262009.12131738052
Sm2VSn,287864.37362791534
Sm2VTe,263992.45299676526
Sm2Y2O5,89252.55111498735
Sm2ZnFe,151586.34561471952
Sm2ZnHg,61899.072490472005
Sm2Zr2O5,151571.80657270123
Sm2ZrAs,142397.444940711
Sm2ZrAu,163933.3253940452
Sm2ZrBi,139692.53267874796
Sm2ZrGa,190787.4986711648
Sm2ZrGe,219749.64459141885
Sm2ZrIn,199138.13712416924
Sm2ZrIr,215750.63658687985
Sm2ZrPb,214157.51204009558
Sm2ZrPd,247410.61856525321
Sm2ZrPt,259893.9113657186
Sm2ZrSb,147189.2026864466
Sm2ZrSn,212774.67355347337
Sm2ZrTe,154674.26047124589
Sm32O21,117649.03011158347
Sm3AlFeS7,145070.1974336087
Sm3AlNiS7,72987.34441054406
Sm3BeCrS7,112162.56310084627
Sm3Bi(Ru2O7)2,100732.30047656302
Sm3CrS6,132527.74870444063
Sm3CrSe6,116307.24090369507
Sm3Dy,159289.82116624637
Sm3Er,92123.03168489876
Sm3Eu,491383.64625566
Sm3Eu3S8,587934.954790967
Sm3FeO6,326000.11873268895
Sm3GaCo3,72518.77474757933
Sm3Ho,162083.44686349013
Sm3IrO7,126193.99283544045
Sm3Mg2CrS8,81489.11302454337
Sm3Mg2MnS8,107361.31876719916
Sm3Mg2VS8,54170.06552640062
Sm3Mg2WS8,81015.93473027197
Sm3MoO7,61257.60363883892
Sm3NiGe2,65736.6552988064
Sm3Np,358980.6969162588
Sm3OsO7,188186.48914722152
Sm3ReO7,124867.64609807712
Sm3RuO7,190356.47392554017
Sm3Sc,57436.39557176441
Sm3Sc2(FeO4)3,530982.8592033914
Sm3Ti4CoO14,139073.90726442396
Sm3Tm,160217.04840621838
Sm3Y,162372.57916277714
Sm4(FeB2)3,104247.89030864461
Sm4(GeO5)3,179414.98639125694
Sm4Cr4O11,512260.85753560346
Sm4CrS7,128287.14252742418
Sm4EuS5,292914.4711167397
Sm4Fe3Co(AsO)4,436795.2914299058
Sm4Fe4O11,713165.2893473076
Sm4FeSe6O,135092.53598027746
Sm4GdS5,247405.14768026822
Sm4Mg(Mo2O7)2,298686.4471927032
Sm4MgV4O12,312335.5690017503
Sm4MnS7,159796.96432963441
Sm4Ni4O11,251068.79437032918
Sm4O5,103286.08632666524
Sm4U2O11,75941.62454157294
Sm4U4O17,57987.32582647129
Sm4V4O11,359058.46394787746
Sm6Fe6As6O5F,479937.6441624852
Sm6MnS10,122616.59461017083
Sm6N8O33,68121.87610628795
Sm6U3O17,50772.57958805524
Sm7(BrO6)3,123105.50531454795
SmAl2Cr,366365.63555501413
SmAl2V,311326.555530146
SmAsRu,219927.67278400404
SmB4Rh7,110586.0350281618
SmB7H7O17,84968.87327872297
SmB7IO15,133745.70960737416
SmBeF4,60968.285207604924
SmBeO3,175652.2816351861
SmCO4,127124.81175432791
SmCd(CoO3)2,263154.04438607447
SmCd(FeO3)2,752180.1139705989
SmCd(NiO3)2,88790.26440968129
SmCd(RhO3)2,53471.1885820228
SmCd(RuO3)2,231900.47307598183
SmCdO3,56291.3359898577
SmCo,93453.50410412204
SmCo2,354079.2473865633
SmCo2As,299049.79601856123
SmCo2Bi,256608.6973721185
SmCo2Ge,155974.31440306216
SmCo2Pt,371756.1277175926
SmCo2Sb,270846.5809036509
SmCo2Si,164013.09377196664
SmCo2Sn,141095.52194872958
SmCo2Te,258710.73653555036
SmCo3P2,87666.50094850677
SmCo5,1069768.213
SmCo9Si2,594880.6122638285
SmCoAs,149308.98514302398
SmCoAsO,94960.33885778509
SmCoAu,83906.57200907373
SmCoBi,123748.75169482557
SmCoC6N6O5,281819.64885419613
SmCoGe,214329.39410755484
SmCoO3,393763.1691122028
SmCoPb,203101.96886608683
SmCoPd,186028.21191482726
SmCoPt,226747.94428451254
SmCoPt2,276187.2887945243
SmCoRh2,347969.5066641495
SmCoSb,134097.7064078383
SmCoSb2,197220.67853361394
SmCoSi,205405.22716375848
SmCr2CdO6,418940.8995377379
SmCr2O2,904558.0800634592
SmCr2Si2C,140685.68770405263
SmCrAs,538389.2217495543
SmCrAu2,515285.5809725456
SmCrBi2,344358.90475553466
SmCrGa2,393522.3034615279
SmCrGe,561462.1273170242
SmCrGe2,398511.0552447554
SmCrGe3,139533.3379580376
SmCrGeO5,295508.54496631905
SmCrHg2,472658.82724543207
SmCrIn2,367939.0293776389
SmCrIr2,458855.19094784366
SmCrO3,474392.4504203489
SmCrO4,111585.92513815105
SmCrPd2,538160.1560145621
SmCrPt,580173.449224589
SmCrPt2,533959.2113954257
SmCrRh2,528028.457040915
SmCrS3,296992.4670143979
SmCrSb,487104.4736403148
SmCrSb2,354603.25411465246
SmCrSb3,163513.39907231933
SmCrSn,581669.1144384728
SmCrTe2,415633.684321933
SmCrTeO6,245387.13103990216
SmDy(CoO3)4,635468.9526339174
SmDy2Au,200674.54723597725
SmDy2In,110435.13053830904
SmDy2Ir,100291.35353410094
SmDy2Pd,159597.65840051556
SmDy2Pt,142547.98839896236
SmDy2Rh,107600.30686386669
SmDy2Sn,70659.77920263118
SmDyTe2,80040.42193754032
SmEr2Al,90753.21150239927
SmEr2Au,203560.60892748222
SmEr2Ga,115487.19936493567
SmEr2In,112539.19373933077
SmEr2Ir,96593.95828866583
SmEr2Pd,154212.3969007233
SmEr2Pt,142242.782449531
SmEr2Rh,101680.1293081644
SmErCo2,83954.34477505303
SmErTe,78701.70325871008
SmErTe2,82583.26538800763
SmEu(CoO3)2,540062.8945143213
SmEu2NbO6,865386.5047440684
SmEu2SbO6,854343.6469182912
SmEu2TaO6,842859.219020816
SmEu2VO6,913698.2905256783
SmEu3,1322383.8223096025
SmEuB12,447570.32586565084
SmEuCrSnO6,721502.1929502203
SmEuFeSnO6,849720.8886346584
SmEuHf2O6,491171.1327953241
SmEuHfCrO6,730238.733724054
SmEuHfFeO6,842014.4689854393
SmEuHfTiO6,479179.48347203137
SmEuHg2,287550.08351008466
SmEuO3,116440.86901870724
SmEuRh2,355300.25506943517
SmEuS2,683501.1897995849
SmEuSe2,605172.6497702365
SmEuTe,77307.04076964993
SmEuZn2,336671.01561575674
SmEuZrCrO6,707585.189313962
SmF2,158163.9565602388
SmFe2Pt,698341.227371273
SmFeAs,314419.3016156643
SmFeAs2,251942.26409374736
SmFeAsO,470109.6267209777
SmFeAu2,318420.74274981435
SmFeC2,169192.06482989964
SmFeGe,407442.3683354577
SmFeGe2,185299.13214395952
SmFeIr2,585262.6891088529
SmFeO3,775111.0885125243
SmFePO,496820.6184003347
SmFePt,391865.56505787565
SmFePt2,441836.0386503075
SmFeRh2,547843.0667589405
SmFeSi,212511.1574165405
SmFeTe2,282362.0444318737
SmGa2Co3,81047.19295042496
SmGa2Mo,250147.93933409313
SmGd2Au,161433.21100480194
SmGd2Hg,79162.56250723642
SmGd2In,107573.57136494314
SmGd2Pd,161691.3358403245
SmGd2Pt,144291.70381378554
SmGd2Rh,106737.2608698141
SmGd3,1662114.2633734157
SmGd3Al4O12,912877.1396671869
SmGdAg2,347718.51973903214
SmGdB12,462088.43623839656
SmGdCo2,92786.307187782
SmGdHg2,61789.82900630665
SmGdIn2,56081.3235249837
SmGdS3,574974.3108411926
SmGdTe2,74172.06953081596
SmGdTl,54604.69798078952
SmGdZn2,406152.09284325
SmGeIr2,122849.28489359663
SmHfCo2,64544.287338824266
SmHfHg2,99831.76560340592
SmHfPb2,110087.28413604018
SmHgO3,67675.11175774987
SmHo2Au,201483.39202811677
SmHo2Hg,84974.15242574856
SmHo2In,112168.56728674866
SmHo2Pd,155776.4622555814
SmHo2Pt,141276.89559168735
SmHo2Rh,104620.72661060601
SmHo2Tl,127988.76490924056
SmHo3,169485.20541877038
SmHoCo2,87503.92369044616
SmHoTe2,81511.99816353952
SmIClO13,171620.6317424924
SmInO3,59944.27441129966
SmIr2Pb,109687.44085269657
SmIrO3,223467.4994544464
SmIrPt,88653.34840072186
SmIrRh,79853.36249187587
SmIrRh2,216294.20243188698
SmLu2Au,205698.823805667
SmLu2Ga,113913.16411633801
SmLu2In,114428.78134480464
SmLu2Ir,92480.56300377594
SmLu2Pb,106589.03936463584
SmLu2Pd,148029.6766938541
SmLu2Pt,141187.55027178847
SmLu2Rh,91123.77766999573
SmLu2Sn,105654.8470169877
SmLuCo2,82889.67787818638
SmLuTe,98047.93487697457
SmLuTe2,84405.99446141353
SmMg2Cr3S8,288521.2771505207
SmMg2Mn3S8,375755.45520823495
SmMg2Mo3S8,266716.5993482294
SmMg2Ni9,117820.72791048369
SmMg2Ti3S8,93240.20727857908
SmMg2V3S8,190810.0351434598
SmMgCrS4,176269.88850727203
SmMgF4,102260.78886872098
SmMgHg,95094.93103798502
SmMgMnS4,231888.76099718676
SmMgMoS4,170460.687626512
SmMgNiO3,108889.57638940764
SmMgO3,142510.5278157207
SmMgS3,68374.36416803028
SmMgTiS4,57617.030507787276
SmMgVS4,117279.71391584381
SmMgWS4,160425.57729672664
SmMgZn,89160.36627309781
SmMn2CdO6,590146.6020354962
SmMn2O5,712725.2157944717
SmMn2PbO6,565854.5515806641
SmMn2Pt,910690.4470409967
SmMn2ZnO6,601636.6323124487
SmMn4(CuO4)3,477950.4379802511
SmMnAl2,429463.8812168481
SmMnAs,409432.21587117953
SmMnAu2,478247.10601427674
SmMnB4,155216.16027380916
SmMnBi,357659.92811467714
SmMnGa2,445195.70081969816
SmMnGe,510485.53896324465
SmMnGe2,406481.35752723453
SmMnHg2,439008.6187934782
SmMnIn2,379702.7710485247
SmMnIr,626873.3686746607
SmMnIr2,592214.9198897495
SmMnNi2,634748.8773412541
SmMnO3,602670.5261753919
SmMnPd2,541864.4353364762
SmMnPt,533567.7772726456
SmMnPt2,567954.7270724839
SmMnRh,612577.1995218511
SmMnRh2,599622.6061615315
SmMnSb,383667.63780321
SmMnSbO,518139.5544332936
SmMnSe2ClO6,271127.32772332017
SmMnSi,420537.32678974664
SmMnSi2,260724.70282782285
SmMnTe,328319.07444192824
SmMnTe2,352083.69061505364
SmMnZn2,484667.7826623216
SmMoO3,330498.8149331173
SmMoPd2,385012.3724545867
SmMoPt2,339968.81230722764
SmNO5,185508.62564394614
SmNbAl2,192962.5496513147
SmNbAu2,209582.0252614885
SmNbGa2,195212.79558225296
SmNbGe,146357.25560667992
SmNbGe2,176993.1704546692
SmNbIn2,185750.11982823798
SmNbPd2,127626.18118673889
SmNbSi,143287.72495969725
SmNbSi2,137277.47299016893
SmNbSn2,162611.7525902443
SmNi5,155169.63681003347
SmNiGe,56788.532926708576
SmNiIr,55361.20749863535
SmNiO3,176790.01556116852
SmNiPt2,72445.28520683813
SmNpAl2,406336.64897877874
SmNpAs,595829.9599079898
SmNpAs2,402753.4940765492
SmNpGe2,424900.8138703905
SmNpIn2,381297.59991386574
SmNpIr,551122.3448273758
SmNpIr2,384113.4473328702
SmNpO3,430005.7715119405
SmNpPd2,497751.9722793988
SmNpPt,586440.6894528162
SmNpSb2,367501.21434626693
SmNpSi2,420319.03437482467
SmNpSn2,404948.1542067617
SmNpTe,558729.6593668014
SmNpTe2,463839.23567867937
SmO,51457.961101547706
SmO2,181881.29653362843
SmOsO3,286595.40156680084
SmPaAl2,130569.02739129726
SmPaAs,217607.64355804995
SmPaAs2,139338.03445406712
SmPaBi2,149612.2802779312
SmPaGa2,132932.81137940567
SmPaGe,130246.92422557376
SmPaHg2,203491.52234415748
SmPaIn2,131083.8338969838
SmPaO3,188251.8975590972
SmPaPb2,202534.38836885177
SmPaPd2,69718.50706137712
SmPaPt,104144.93752086094
SmPaPt2,85522.25799086923
SmPaSb2,134468.34606867537
SmPaSi,112477.72813863814
SmPaSn2,188562.40386996002
SmPaTe,230550.54918046662
SmPaTe2,92715.87819733692
SmPd2Ru,153496.36352517825
SmPtO3,162974.9766656539
SmPtRh2,99732.04559325348
SmPu,895246.9045837927
SmPu2As,1155655.6626318698
SmPu2Ir,1158587.3313199067
SmPu2Pt,1179903.053166375
SmPu2Sb,1077340.6297822245
SmPu2Sn,1091605.1893920836
SmPu3,1526739.84998171
SmPuAg2,586814.8164622744
SmPuAl2,524496.2182939246
SmPuAs,743886.6831314062
SmPuAs2,520724.9335302516
SmPuAu2,556035.8065876658
SmPuBi2,454817.45637845976
SmPuGa2,560473.2350480221
SmPuGe,747443.3780810061
SmPuGe2,579942.8914543113
SmPuIn2,510091.33099341235
SmPuIr,683676.8622393366
SmPuO3,517093.16824499826
SmPuPd2,628511.1710598908
SmPuPt,716629.9729414762
SmPuRh2,558319.8803062184
SmPuSb2,470342.62211921613
SmPuSi,742379.3435880532
SmPuSi2,595596.7843155918
SmPuSn2,511631.0156097341
SmPuTe,698890.6187025392
SmPuTe2,552698.4273600361
SmPuTl2,531797.9308499927
SmRe3O16,199925.57923910313
SmReO3,284458.0495943654
SmRuO3,154702.48043719173
SmRuPt2,123852.72520465427
SmRuRh2,389185.69741698063
SmS2,99496.63306607713
SmS3(NO3)3,227959.84937635178
SmSO4,115292.28147521144
SmSc2Al,157279.44880977896
SmSc2Au,240134.1750444486
SmSc2CdO6,72821.77101652593
SmSc2Ga,195376.18151184477
SmSc2Ge,168400.25878486026
SmSc2Hg,293357.52419676445
SmSc2In,187065.3855673942
SmSc2Ir,117449.52313220891
SmSc2Pb,145617.24839658482
SmSc2Pd,174457.10261195808
SmSc2Pt,180651.5105027889
SmSc2Rh,122042.27872870692
SmSc2Si,171616.0089068796
SmSc2Sn,155308.87155045927
SmSc2Tl,201356.5157293319
SmSc2ZnO6,77406.5112910814
SmScAs,157320.49904592652
SmScBi,86207.60815418464
SmScCo2,76154.00216248386
SmScGe,52239.2808431045
SmScIn,51912.276567772926
SmScPb,89818.9461693285
SmScSb,282024.62516234495
SmScSi,52666.61735292961
SmScTe,343433.4655488865
SmScTe2,117807.50394872755
SmSe,64239.887386671086
SmSi(HO2)2,89790.34338289342
SmSiNi,57428.00990926197
SmSiO4,119108.2607139931
SmSiRu,90920.77658649234
SmSnO3,53729.71440057738
SmTaGa2,146150.9319084554
SmTaO3,112513.40538372636
SmTcAs,210871.66216372795
SmTcO3,296903.2620165515
SmTcPd2,328025.38831713155
SmTcPt2,308841.8370690832
SmTcTe2,198301.358300905
SmTe2Mo,99350.28584792414
SmTe2W,84597.71272312848
SmTeRu2,116491.69651310504
SmThUS5,134291.32180270244
SmTi2O4,241838.16927163655
SmTi4ZnO12,125152.93254222933
SmTiAl2,109703.04250970467
SmTiAs,194462.26504141814
SmTiAs2,168404.69200615084
SmTiAu2,203102.95033701183
SmTiBi,171525.14357319678
SmTiBi2,172221.3555145698
SmTiCd2,170175.16734792266
SmTiCo2,98735.94489822818
SmTiGa2,106880.25640850174
SmTiGe,242505.85840656777
SmTiGe2,230925.6761692541
SmTiHg2,183787.65312398167
SmTiIr,151648.1256148368
SmTiO3,133478.44724523916
SmTiPb2,212940.8704216453
SmTiPt,129694.37361202414
SmTiSb2,168692.28883946055
SmTiSi,220514.79060787518
SmTiSi2,242529.67127288744
SmTiSn2,219245.78513735905
SmTiTe2,94120.78313293532
SmTiZn2,114168.21812521078
SmTlS2O9,89394.619943899
SmTm2Au,205447.38986398588
SmTm2Ga,113885.02018988809
SmTm2Ir,95038.96901118704
SmTm2Pb,70181.39669300515
SmTm2Pd,152146.41297517894
SmTm2Pt,141582.10228908577
SmTm2Rh,97407.4766395532
SmTm2Sn,71530.72026191707
SmTmCo2,81963.00237416403
SmTmTe,84515.03337436404
SmTmTe2,84417.63718878024
SmU2O4,508963.274972337
SmU2Se5,228954.65115185681
SmUAl4,195417.94861136866
SmUAs,429679.7725490713
SmUAs2,276661.1723974825
SmUAu2,309761.48514647764
SmUGa2,305709.36016383086
SmUGe2,311159.23603158153
SmUIr,394185.36976870935
SmUIr2,239542.4561082894
SmUN2,296827.80762273876
SmUO3,281693.824282717
SmUPt,424077.3688112133
SmUPt2,305375.35199229047
SmUSb2,251740.48191242752
SmUSi2,318142.5319803391
SmUTe2,323092.5944170598
SmUTe6,93170.94924033618
SmV2CdO6,239664.87109578343
SmV2O2,607967.3982060148
SmV2O4,515418.9747420792
SmV2ZnO6,234591.60523531403
SmVAs,532766.3239858889
SmVAs2,232451.98693340598
SmVAu2,389234.39252291963
SmVBi2,231333.7460487234
SmVGa2,341930.6177385509
SmVGe2,329820.5477005093
SmVIn2,331050.7088200792
SmVO3,298245.09888435696
SmVPd2,384267.1450565805
SmVPt,443121.1104757681
SmVPt2,363103.47509393137
SmVSb,560292.8150984012
SmVSb2,210214.67588362918
SmVSb3,88103.34608805967
SmVSi2,331616.46499451733
SmVSn2,292555.0513878976
SmVTe,487980.08945289673
SmWO3,167111.1190276154
SmWO5,83210.12423201071
SmY(FeO3)2,814057.8899955641
SmY(NiO3)2,181998.57480192784
SmY(OsO3)2,50628.653041096724
SmY(RuO3)2,91779.61149568832
SmY2Al,103462.1761790088
SmY2Au,197669.42340450347
SmY2Cd,78204.48789389341
SmY2Ga,126484.22762245029
SmY2Hg,98730.04055197825
SmY2In,123843.65677170992
SmY2Ir,102342.68730875204
SmY2Pd,158828.44176806373
SmY2Pt,146275.59636507524
SmY2Rh,110655.08134848885
SmY2Sn,74258.35175331574
SmY2Te,55558.88239158731
SmY2Tl,136779.20671144003
SmY3,170861.3289538132
SmYCo2,91616.19232640427
SmYTe,80061.6763125013
SmYTe2,89255.29502795229
SmZn(IrO3)2,96307.54475622073
SmZn(NiO3)2,91367.64763279249
SmZn(RhO3)2,60415.495096148
SmZn(RuO3)2,66345.09193304082
SmZn2Cr,523169.25423122774
SmZn2O4,103487.01827190869
SmZnCr2O6,426814.4773904398
SmZrAg2,128061.71092788204
SmZrAs,53411.15610537453
SmZrAs2,86835.9623832678
SmZrBi,80432.61403689504
SmZrBi2,75542.6106833657
SmZrGe2,154384.7305801387
SmZrHg2,96496.70417863007
SmZrPb2,155609.86248419725
SmZrSb2,94775.2675700168
SmZrSi2,148616.53434608594
SmZrSn2,164065.18110775872
Sr(CeS2)2,112954.21839945386
Sr(CeSe2)2,99470.31481519586
Sr(GdS2)2,822213.9905346293
Sr(GdSe2)2,721669.0475283506
Sr11LaFe6(MoO6)6,442953.0657400152
Sr12Tm3Ni5O24,75232.60117888487
Sr12Y4Fe8Co8O43,617622.0648433099
Sr18La2MgRu9O40,160478.8660906572
Sr2Ca2NdMn5O15,518344.4397788685
Sr2CaEu,372319.6246812813
Sr2Ce2Ti5O15,62165.98569566484
Sr2CeBi,209454.46991710624
Sr2CeCrO6,130335.51096824625
Sr2CeFeO6,259439.23662329334
Sr2CeIrO6,127194.29901052457
Sr2CeMn3O9,567846.0637628948
Sr2CeNbO6,59894.26415705462
Sr2CeO4,74290.27409311823
Sr2CePb,176824.83680796297
Sr2CeSb,221776.01144149934
Sr2CeSbO6,57775.73604433166
Sr2CeSn,178738.8310349185
Sr2CeTe,171916.70304315706
Sr2CeVO6,64513.69214414573
Sr2CeYCu2RuO10,56742.38444095951
Sr2DyCrO6,67820.0021012233
Sr2DyO4,74277.95904939689
Sr2DyUO6,56241.67691644568
Sr2DyWO6,62506.85139777414
Sr2ErMoO6,67596.78472239511
Sr2ErO4,75058.64858799388
Sr2ErRuO6,205618.13252662323
Sr2ErUO6,57191.18970512047
Sr2Eu2O5,117050.6695529967
Sr2Eu2TlNi2O9,639069.6652202724
Sr2Eu3Ge10,510648.06828815973
Sr2EuBiO6,345157.77150935575
Sr2EuCrO6,463729.0534576519
Sr2EuCu2RuO8,53418.17535926389
Sr2EuFeO5,758791.9211826152
Sr2EuNbO6,363739.9075625557
Sr2EuO4,140573.15085683687
Sr2EuSbO6,366649.7151748957
Sr2EuVO6,390100.40819382307
Sr2EuWO6,407016.6218588741
Sr2Gd(FeO3)3,1038907.6335376316
Sr2Gd2TlNi2O9,735049.4383640375
Sr2GdBiO6,410280.49144353135
Sr2GdCoCu2O7,103173.74463673316
Sr2GdCu2HgO7,357689.38968282484
Sr2GdCu2RuO8,87528.12288740967
Sr2GdGaO5,498823.69321277307
Sr2GdMgCu2RuO8,402378.77819898585
Sr2GdMnCrO7,800189.4484521506
Sr2GdNbO6,428190.00177049916
Sr2GdO4,73302.96751762518
Sr2GdReO6,129751.8163563596
Sr2GdRuO6,200889.42741983297
Sr2GdSbO6,433190.56273466046
Sr2GdTa(CuO4)2,181242.86352413744
Sr2GdTaO6,440929.5164419606
Sr2GdVO6,459971.2453516536
Sr2GdWO6,489353.053214101
Sr2HfScO6,68998.45411918858
Sr2HoO4,74701.89750562255
Sr2HoRuO6,204671.994954585
Sr2HoTe,66464.1960407971
Sr2HoUO6,56810.34928008746
Sr2La(FeO3)3,669734.8262100117
Sr2La14Mg4(Fe4O15)3,551579.5657749375
Sr2La2CrNiO8,194632.3038913072
Sr2La2FeCoO8,336687.47236037167
Sr2La2FeCu3O10,189872.31763323816
Sr2La2Mg(RuO4)3,219760.90253005002
Sr2La2MgMnO8,146010.37643009523
Sr2La2MgRuO8,95308.4313617193
Sr2La2Mn4O11,606159.9068409964
Sr2La2MnCuO8,166651.3372790956
Sr2La2MnZnO8,161485.68925003044
Sr2La3Fe4CoO15,563646.9161625414
Sr2La3FeCo4O15,477237.8226138325
Sr2La3Ti2Cr3O15,273284.6262760988
Sr2La4Mg2RuO12,55761.338254209535
Sr2LaBeO5,75431.5048090804
Sr2LaBi,211270.5035215823
Sr2LaCoO6,128037.35705724973
Sr2LaCrO6,62532.34798104826
Sr2LaMn2O7,416402.5813032928
Sr2LaO4,70270.89610648042
Sr2LaPb,176463.8166579003
Sr2LaSb,219903.60184360066
Sr2LaSn,177891.81115747476
Sr2LaTe,237965.82274429203
Sr2LiLa2RuO8,148089.4767882481
Sr2LiPr2Fe2(RuO6)2,464740.4019677696
Sr2LiScO6,295281.88435271615
Sr2LiYO6,270303.6149705706
Sr2LiYbUO6,108424.24287231524
Sr2Lu2O5,62969.48587784561
Sr2LuIrO6,139033.34509407595
Sr2LuO4,76370.22894752752
Sr2LuRuO6,209917.3670903732
Sr2LuUO6,53934.17679280994
Sr2MgScO6,213739.51222242985
Sr2Nd(FeO3)3,669611.0498726243
Sr2Nd2CrNiO8,199753.90084203385
Sr2Nd2MnCuO8,171807.22626227254
Sr2Nd2TlNi2O9,126924.59603356213
Sr2NdBeO5,77503.38859861356
Sr2NdBi,76067.94051237333
Sr2NdCu2RuO9,133967.85478099037
Sr2NdFeO6,194270.548423043
Sr2NdMn2O7,420855.7976483614
Sr2NdMn3O9,524679.7954754779
Sr2NdO4,71063.88726159345
Sr2NdSb,83357.60602471216
Sr2NdSmMn4O12,548140.5913139357
Sr2NdTe,118301.59882509799
Sr2NdUO6,52895.10106475553
Sr2PmO4,71724.158941125
Sr2PmTe,76527.25457192396
Sr2Pr(FeO3)3,669852.7162756465
Sr2Pr2CrNiO8,197877.43598220582
Sr2Pr2MgFe2(RuO6)2,398677.34392009693
Sr2Pr2MnCuO8,187008.0275611529
Sr2Pr2PtO6,97781.33477290838
Sr2Pr2TlNi2O9,126286.34989593666
Sr2PrAu2,70336.94362101334
Sr2PrBi,192319.62404789162
Sr2PrCoO6,130522.04233037632
Sr2PrF6,60592.84928094166
Sr2PrMn3O9,522074.9709836616
Sr2PrNiO6,65039.868424941895
Sr2PrO4,75089.33869443371
Sr2PrPb,171472.6573327607
Sr2PrSb,203774.73808220364
Sr2PrSn,173890.75972998628
Sr2PrTe,132003.20194523892
Sr2Sc2O5,92933.83830739102
Sr2ScBO6,141904.16813297258
Sr2ScBi,98486.7741976729
Sr2ScCoO6,156720.34500751732
Sr2ScCoPO3,54174.17322517335
Sr2ScCrO6,77301.89005014357
Sr2ScFeAsO3,258808.7671865195
Sr2ScFeO6,233824.77946320653
Sr2ScFePO3,269542.3401090372
Sr2ScInO6,135026.10003141567
Sr2ScIrO6,145146.61257883278
Sr2ScMnO6,303860.4510526343
Sr2ScMoO6,64450.08556292873
Sr2ScO4,79741.20001486184
Sr2ScOsO6,211722.01575990027
Sr2ScPbO6,66086.19826340835
Sr2ScPdO6,73653.40711813672
Sr2ScReO6,133957.9141521226
Sr2ScRhO6,147970.28322832767
Sr2ScRuO6,221231.20618483398
Sr2ScSb,87985.38752080045
Sr2ScSnO6,68152.75551144288
Sr2ScTcO6,146727.46469022988
Sr2ScTe,122749.82322062255
Sr2ScTiO6,73120.89108618972
Sr2ScZnO6,219813.67351796353
Sr2Sm2TlNi2O9,128995.95388073187
Sr2SmBeO5,78622.824637518
Sr2SmCrO6,65246.31848049886
Sr2SmFeO6,198930.98837868086
Sr2SmO4,72167.7818105122
Sr2SmUO6,54244.43683714958
Sr2SmWO6,60714.521491028434
Sr2TbCrO6,66951.89384621641
Sr2TbIrO6,134947.66544276397
Sr2TbRuO6,202332.71118700787
Sr2TbWO6,62528.47909301025
Sr2Tm2O5,58502.716601871114
Sr2TmRuO6,207234.66860592706
Sr2Y2Co2O7,99046.16806922933
Sr2Y2Cr2O7,377186.3708120062
Sr2Y2Fe2O7,377441.08164117835
Sr2Y2Mn2O7,454074.3488385744
Sr2Y2Ni2O7,202740.08488374564
Sr2Y2V2O7,283532.98066917184
Sr2Y2W2O7,263858.63275133364
Sr2Y4Fe2Cu2O13,305426.0527323307
Sr2YAlCo2O7,105700.0810928369
Sr2YAlFe2O7,409068.3916551976
Sr2YAlNi2O7,216539.19808043173
Sr2YAlO6,139705.55323564823
Sr2YAlV2O7,255352.88689113606
Sr2YAlW2O7,98152.61074488288
Sr2YBO6,154369.24983097013
Sr2YCoCu2O7,218796.79144221472
Sr2YCoO6,145120.15006978824
Sr2YCr2GaO7,399604.8577922124
Sr2YCr2O7,297961.6844574974
Sr2YCrCu2O7,131226.56327636074
Sr2YCrO6,69938.49169112353
Sr2YCu2MoO7,68757.75047652825
Sr2YCu2NiO7,157915.8106936232
Sr2YFe3O8,772397.6444856464
Sr2YFeCu2O7,263027.83758124587
Sr2YFeO6,215836.97966749512
Sr2YGaCo2O7,260850.74385395893
Sr2YGaFe2O7,407525.7580965844
Sr2YGaNi2O7,212527.27500229052
Sr2YGaW2O7,281180.81696466956
Sr2YGeO6,68997.2316826809
Sr2YHfO6,64355.87496566136
Sr2YInO6,126030.38783009876
Sr2YIrO6,135165.95682532224
Sr2YMgCrO6,116961.65064618875
Sr2YMgO6,196852.83084371634
Sr2YMgTlFe2O7,336645.46971729415
Sr2YMn2AlO7,495405.81021340954
Sr2YMn2GaO7,496350.6289570764
Sr2YMnCu2O7,209196.93144959296
Sr2YMnO6,140900.81405168123
Sr2YMo2O7,216093.65534603497
Sr2YMoO6,67700.92669605874
Sr2YNiO6,72703.30557897176
Sr2YOsO6,201927.98942236713
Sr2YPbO6,61795.5114381257
Sr2YPdO6,68248.35272346721
Sr2YPtO6,67789.05383417757
Sr2YReO6,134179.597478305
Sr2YRhO6,137144.2523165722
Sr2YRuO6,202568.85842518063
Sr2YScO6,128831.5215151673
Sr2YSiO6,72677.73858769205
Sr2YSnO6,63481.52570342711
Sr2YTcO6,134970.33407196915
Sr2YTiO6,68007.5314291903
Sr2YTlCo2O7,269786.0478873137
Sr2YTlCr2O7,304030.4409631683
Sr2YTlFe2O7,461450.547898395
Sr2YTlNi2O7,184295.93839322223
Sr2YTlO6,123162.21011282713
Sr2YTlV2O7,187651.12601883218
Sr2YTlW2O7,173035.51141838744
Sr2YV2GaO7,243475.87501877142
Sr2YV2O7,73235.47183066615
Sr2YW2O7,170561.79992321262
Sr2YWO6,55342.05435915338
Sr2YZnO6,204249.94927128236
Sr2YZrO6,63171.31056957712
Sr2YbNbO6,66065.2938849596
Sr2YbRuO6,138633.25662839468
Sr2YbUO6,59261.314974893634
Sr2ZrScO6,68121.45983997441
Sr3CaNdMn5O15,512014.99550478265
Sr3Ce,116590.383103362
Sr3CeMn4O12,548160.3582569862
Sr3DyMn2O8,348888.1965823592
Sr3Eu,323761.1186706219
Sr3EuRhO6,59023.86868853789
Sr3Gd2(BO3)4,483446.32226564403
Sr3La(CoO4)2,250996.23680173085
Sr3La2FeCo4O15,438807.07037017733
Sr3La2Mn6(O2F)6,576130.1457926059
Sr3La3Zn2RuO12,92609.25677193173
Sr3La5Mn8O24,554052.2845148786
Sr3La7Ga(Co3O10)3,173912.46778860717
Sr3La7Mn7(FeO10)3,608466.0416651061
Sr3La7Mn8(FeO15)2,594155.0200018415
Sr3La7Mn9FeO30,394458.2981643159
Sr3La7Ti2Mn8O30,466249.30468930013
Sr3La7Ti3Mn7O30,417833.866341885
Sr3La9Mn11NiO36,536919.0371365943
Sr3LaCr2(MoO6)2,325697.0983634166
Sr3LaGaCo2O9,242326.940908068
Sr3LaMn2(WO6)2,375789.4914557995
Sr3LaMn2O8,338732.2542142045
Sr3LaMn4O10,650318.9674514068
Sr3LaMn4O12,510191.7199379441
Sr3LaTa2(CoO6)2,150772.6739615713
Sr3LaTi2Mn2O12,268465.66832292953
Sr3LaZnRuO8,138980.66581743228
Sr3Lu2O12,290720.7214349654
Sr3Nd(CoO4)2,247728.04059024164
Sr3Nd(FeO4)2,436668.7395493647
Sr3NdMn2O8,342131.4843784636
Sr3Pr3Mn2Cu2O13,223577.93761238136
Sr3Pr7Cr9NiO30,388472.78419434547
Sr3PrMn4O12,513805.23288263043
Sr3Sc,51747.287562337355
Sr3Sc2Fe2As2O5,301586.9918933635
Sr3ScNiO6,63895.16779716788
Sr3Sm(CoO4)2,255229.9986370518
Sr3Sm(FeO4)2,440330.6050684814
Sr3Y(CoO4)2,205267.06081673168
Sr3Y2FeCu3BiO12,230387.2355568804
Sr3YbRhO6,60350.50185788487
Sr4CaTb2(RuO6)2,119643.2097130035
Sr4CaY2(RuO6)2,120204.73205780804
Sr4CaYCo2(Cu2O7)2,201685.81641667406
Sr4CaYFeCu4PbO14,129151.7245841662
Sr4CeMn4CoO15,476640.44403713517
Sr4CeMn5O15,534693.5026376457
Sr4CeY3Fe2(Cu2O9)2,216026.99540788445
Sr4La(CoO3)5,388633.0687614219
Sr4La2Mn3(IrO6)3,441554.0043270664
Sr4La4Cr(NiO5)3,196712.93204790662
Sr4La4Mn7CuO24,468707.4934174844
Sr4LaFe2(CoO5)3,561296.2727183998
Sr4LaMn5O13,610087.0379955731
Sr4LaMn5O15,509087.44754454587
Sr4LiTb2(RuO6)2,159987.1822672599
Sr4LiY2(RuO6)2,160726.47892870795
Sr4NdMn5O15,508173.0198016049
Sr4PrMn5O15,506327.0964448384
Sr4Tb2Mg(RuO6)2,123707.0585662073
Sr4Y2(Fe2O5)3,728953.3061941662
Sr4Y2Mg(RuO6)2,123791.52636209752
Sr5La2Mn8(O3F)6,565845.6734962803
Sr5La3Mn4(WO6)4,391835.6102865188
Sr5La3Mn8(O2F)8,610561.7067061333
Sr5La3Mn8(O5F)4,577003.2221954941
Sr6La14Mn17(SnO20)3,480394.3384249529
Sr6La14Ti3Mn17O60,65049.620790134664
Sr6La4Mg2Ru3O20,128976.2951232006
Sr6La4Zn3(RuO10)2,110756.69736577335
Sr6Nd4Mn3(RhO10)2,186976.72379516702
Sr7PrFe4(MoO6)4,409737.9649976183
Sr7SmFe4(MoO6)4,389366.97189674445
Sr8La3(RuO7)3,121343.24252436381
Sr8Nd2Fe5(MoO6)5,431981.58955396904
Sr9NdFe5(MoO6)5,447204.41179706895
SrCaCeFeO6,264087.44403947267
SrCaEu2,742618.3522264032
SrCaEuBiO6,356749.1222151862
SrCaEuFeO6,632944.9886337932
SrCaEuSbO6,377064.10241821303
SrCaEuSeO6,490892.11468897684
SrCaEuWO6,443131.877641998
SrCaGdBiO6,417597.3455968706
SrCaGdNbO6,438381.6427840497
SrCaGdSbO6,435331.70761808835
SrCaNdFeO6,205534.07484864505
SrCaNdMnO6,278051.7914334595
SrCaPrFeO6,212488.03311411836
SrCaSmFeO6,208398.17137991643
SrCaTbNiO6,70687.2643352226
SrCe(CoO3)2,452736.57024221873
SrCe(FeO3)2,716930.0370059286
SrCe(NiO3)2,83134.49669119247
SrCe(OsO3)2,51055.951061102736
SrCe(ReO3)2,88206.78494880427
SrCe(RuO3)2,207989.7373925786
SrCe(TcO3)2,250985.9271086342
SrCe2(SF2)2,115008.66786972832
SrCe2O4,164708.23645457215
SrCe3,250088.58252450486
SrCe3V4O16,51734.23102228053
SrCeAlO4,105161.89895228572
SrCeCr2O6,400420.73354088765
SrCeCrSnO6,286853.86726877675
SrCeEuCrO6,587145.7291635412
SrCeEuNiO6,480729.29489825823
SrCeMn2O6,562573.5170193615
SrCeN2,125374.18731034556
SrCeO3,103753.0517008615
SrCeSc2O6,68640.99067457867
SrCeScO4,88883.10277887307
SrCeTe,113395.86285434506
SrCeTe2,53079.280273914446
SrCeV2O6,234677.92465822093
SrCeVO4,91030.96120437555
SrDy(CoO3)2,475624.5836890599
SrDy(CoO3)4,674050.8047859608
SrDy(FeO3)2,745359.2842195842
SrDy(FeO3)4,786837.5588131334
SrDy(NiO3)2,87533.53967617673
SrDy(ReO3)2,92384.78000888086
SrDy(RhO3)2,52401.36593076351
SrDy(RuO3)2,221292.4556452455
SrDy(TcO3)2,191709.6208792458
SrDy2CuO5,78169.77781821592
SrDy2Fe2O7,637146.4981461896
SrDyCr2O6,416015.15361650643
SrDyMn2O6,585265.673974937
SrDyMn4O12,644733.9518421841
SrDyO3,112460.8756370403
SrDyV2O6,243439.4692391727
SrEr(CoO3)2,263824.15907144494
SrEr(FeO3)2,746693.591313537
SrEr(NiO3)2,87831.08175167843
SrEr(ReO3)2,88163.6238321343
SrEr(RhO3)2,53397.921408037735
SrEr(RuO3)2,223996.9157030519
SrEr(TcO3)2,192325.1763221354
SrErCr2O6,418075.8748680607
SrErMn2O6,588556.7612089831
SrErO3,115543.06696987196
SrErSc2O6,71846.53819139872
SrErV2O6,244598.53172495152
SrEu,740374.6907284241
SrEu(CoO3)2,470677.96958776074
SrEu(FeO3)2,670626.3571244171
SrEu(OsO3)2,134576.34579454534
SrEu(PPt)2,452249.3089768216
SrEu(RhO3)2,202078.6580465848
SrEu(RuO3)2,273538.7103240255
SrEu(WO3)4,403934.69418690767
SrEu2Al2O7,472874.64189021825
SrEu2Fe2O7,1366399.7074773118
SrEu2Sc2O7,112263.5584036028
SrEu3,1132421.2964435464
SrEu3(NiO4)2,1080579.6981180892
SrEu4O5,1581212.9825797002
SrEu4Se5,885023.5935040253
SrEuAlBiO6,465696.5063117258
SrEuAlO4,634227.9324641135
SrEuBiSbO6,416547.4451504841
SrEuC4,586382.1287730477
SrEuCoO4,827254.0919929207
SrEuCr2O6,335188.4676842556
SrEuCrInO6,571384.4584920487
SrEuCrSbO6,719712.3181998554
SrEuCrSnO6,649301.0785590119
SrEuDyCrO6,552500.2919571404
SrEuDyFeO6,708676.528993473
SrEuDyMnO6,640950.6053624325
SrEuDyNbO6,433567.3293049877
SrEuDySbO6,440922.73268609616
SrEuDyWO6,441128.0025725545
SrEuFeBiO6,763108.021008159
SrEuFeSbO6,833268.0856389703
SrEuFeSnO6,814186.0380058134
SrEuGa,50382.43813476087
SrEuGaBiO6,447550.90654007846
SrEuHfCrO6,645721.4311595318
SrEuHfFeO6,786191.6155770763
SrEuHfInO6,385181.35117126734
SrEuHfMnO6,706988.5385529591
SrEuHfSbO6,417986.489135902
SrEuHfSnO6,463734.9426019641
SrEuHfTiO6,495505.0766711496
SrEuHfZrO6,449056.67418176704
SrEuHg2,280247.8793118061
SrEuIn,59797.007156325344
SrEuIn2,254424.4694493486
SrEuInBiO6,416041.2900690866
SrEuInSbO6,443232.45098339673
SrEuInSnO6,386218.2931889308
SrEuInWO6,529016.5624048074
SrEuMgBiO6,396554.7182206702
SrEuMgWO6,504158.19058139564
SrEuMn2O6,536051.4510474727
SrEuNb4O12,252890.26715776703
SrEuNbBiO6,408260.329657467
SrEuNbCrO6,714334.5241035302
SrEuNbFeO6,831960.7978485639
SrEuNbGaO6,508778.3455924636
SrEuNbVO6,645528.6894631272
SrEuNbWO6,660378.4718532058
SrEuNiBiO6,550102.4117976379
SrEuNiO4,709519.3442331953
SrEuNiWO6,653166.3206134493
SrEuO2,968398.3859597368
SrEuPt2,330165.0327669676
SrEuS2,608007.1727226479
SrEuSc2O6,138867.76794108242
SrEuScO4,539235.0862160306
SrEuSe2,540161.487856324
SrEuSeS,565534.8749621942
SrEuSi4,482276.90543461184
SrEuSnSbO6,435088.66736864974
SrEuTe2,232985.201322201
SrEuTiInO6,413084.84906142886
SrEuTiNbO6,472871.30578309094
SrEuTiSnO6,500475.7987740144
SrEuTl,51077.920160361755
SrEuTl2,254391.2834493518
SrEuV2O6,164517.6161299381
SrEuYCrO6,538894.7911442615
SrEuYFeO6,701098.6574694606
SrEuYNbO6,431976.18359666376
SrEuYSbO6,439851.54195135465
SrEuYWO6,500645.82744468004
SrEuZnBiO6,406487.1187315702
SrEuZnWO6,496423.9902586297
SrEuZrCrO6,636226.4049610428
SrEuZrGeO6,503306.3787096997
SrEuZrMnO6,709911.6977620157
SrEuZrSbO6,428152.0721640671
SrEuZrSnO6,454478.0751200483
SrEuZrTiO6,475634.9600795048
SrEuZrVO6,557283.8154662467
SrGd(CoO3)2,445664.70007133926
SrGd(FeO3)2,740516.6387257589
SrGd(NiO3)2,87029.1988974214
SrGd(ReO3)2,91246.70047446465
SrGd(RhO3)2,50227.22731765229
SrGd(RuO3)2,218184.47172534477
SrGd(TcO3)2,209138.6686130158
SrGd2BeO5,1155444.477840275
SrGd2Co2O7,263303.43359996
SrGd3,1509220.8183269065
SrGdCoO4,746787.1319852695
SrGdCr2O6,413408.07725371874
SrGdFeCoO6,1070869.3093998968
SrGdMn2O6,580882.4830321877
SrGdNiO4,834729.538958492
SrGdO3,110287.10918416972
SrGdSc2O6,71081.2860703262
SrGdV2O6,241813.586030361
SrHo(CoO3)2,442952.6614274759
SrHo(FeO3)2,748416.616272517
SrHo(NiO3)2,87692.80213258619
SrHo(ReO3)2,93953.03737670773
SrHo(RhO3)2,53335.242554023396
SrHo(RuO3)2,222673.20049344408
SrHo(TcO3)2,188902.3268518145
SrHo2CuO5,79064.90374509951
SrHoCr2O6,417690.21042488806
SrHoMn2O6,585198.7093183551
SrHoO3,113671.62061335292
SrHoSc2O6,72083.73597818913
SrHoV2O6,244150.0350131267
SrLa(CoO3)2,406734.267572672
SrLa(FeO3)2,713802.9862071839
SrLa(NiO3)2,83516.97756318274
SrLa(ReO3)2,52798.02072913559
SrLa(RuO3)2,210496.4347405355
SrLa(TcO3)2,234976.2251662066
SrLa2(CoO3)3,426076.51732498803
SrLa2(FeO3)3,704625.9405118485
SrLa2CeMn2Cr2O12,530877.2068269523
SrLa2Fe2O7,579785.7931547092
SrLa2Mn2O7,464143.20477063756
SrLa2Mn3O9,562779.9002669533
SrLa3(NiO4)2,147772.5061241245
SrLa3CoNiO8,193881.9534944484
SrLa3Mn2Cr2O12,495715.81106660306
SrLa3Mn3CrO12,531817.112284619
SrLa3Mn4O10,667130.584404897
SrLa3Mn4O12,571136.3995186905
SrLa3MnO8,140806.0288306284
SrLa3Ti2(CoO6)2,266480.3647470828
SrLa4Cr5O15,432655.0199760061
SrLa4TiCr4O15,364497.563017869
SrLa9Mg2Ga6(FeO14)2,134196.58910962858
SrLaCoO4,197981.7056702248
SrLaCr2O6,400902.43608343403
SrLaCrSnO6,213904.64784744612
SrLaCuSbO6,70031.98582887511
SrLaEuNbO6,408597.59426888695
SrLaEuSbO6,413203.8701221961
SrLaFeBiO6,267256.64065822185
SrLaFeCoO6,470169.83974632947
SrLaFeO4,473751.835056189
SrLaFeRuO6,378528.1254646796
SrLaMgMn2O6,177930.35382487276
SrLaMgNbZnO6,111424.77253896513
SrLaMgRuO6,74483.89853376098
SrLaMn2O5,650848.71583715
SrLaMn2O6,552996.7193915471
SrLaMnCoO6,557170.6087176861
SrLaMnFeO6,617615.6612859815
SrLaMnO3,401463.67867688695
SrLaMnO4,380955.7039631279
SrLaMnSnO6,280290.0110431962
SrLaMnWO6,409192.4219512511
SrLaNiO4,99707.37347068827
SrLaNiRuO6,74074.17104235824
SrLaO3,104523.0583062003
SrLaSc2O6,67407.02018950373
SrLaTaCoO6,214564.27027185974
SrLaTaNiO6,143117.50590191284
SrLaTe,121935.70252977763
SrLaTiFeO6,273850.0152421182
SrLaTiMnO6,299577.5933198891
SrLaV2O6,234847.58345112996
SrLaVFeO6,457368.1046456826
SrLiEu(CoO3)2,931592.712919651
SrLiEuTeO6,431137.83012568695
SrLiLa15(CoO8)4,50842.556541437596
SrLiLa3FeO8,197738.48082594213
SrLiLa3MnO8,149060.88504665557
SrLiLa7Fe3O16,335314.81472426624
SrLiNdCoO4,238086.14797896278
SrLu,94207.23454834757
SrLu(NiO3)2,87733.38668060229
SrLu(ReO3)2,152769.99526394307
SrLuO3,116274.73900575955
SrLuTe,105740.83786490516
SrNd(CoO3)2,81954.5687353571
SrNd(CoO3)4,674628.0834816911
SrNd(FeO3)2,727209.1567532563
SrNd(NiO3)2,84236.38197999308
SrNd(NiO3)4,462848.33040396066
SrNd(ReO3)2,81335.74629279396
SrNd(RuO3)2,210759.13549384495
SrNd(TcO3)2,255317.1569029666
SrNd2Fe2O7,589505.122049645
SrNd2Mn3O9,594058.5173340843
SrNd3(NiO4)2,153145.828013092
SrNd3AlCuO8,51068.406449251015
SrNd3Fe4(AsO)4,435744.35344822716
SrNd5Fe6(AsO)6,452757.63971475826
SrNd7Fe8(AsO)8,454723.4477706377
SrNdCoO4,202256.075829324
SrNdCoRuO6,302860.96121405234
SrNdCoSbO6,216644.9665784201
SrNdCr2O6,405941.11686247867
SrNdCrO4,295047.5869154023
SrNdCrSnO6,216799.85727112275
SrNdEuNbO6,414600.89703076624
SrNdEuSbO6,421687.3563725384
SrNdFeO4,484758.19442186697
SrNdFeRuO6,522235.3183913839
SrNdHf4O12,101960.79694976124
SrNdHfMnO6,281886.9931474517
SrNdMgRuO6,224097.08783762157
SrNdMgWO6,72731.23103846874
SrNdMn2O5,660391.3348727358
SrNdMn2O6,559339.4078421115
SrNdMn4O12,635444.8903801319
SrNdMnCoO6,558200.9590146263
SrNdMnO4,389612.297802442
SrNdMnSnO6,284339.7134314605
SrNdNiBiO6,136229.05801758438
SrNdNiO4,103511.28424241085
SrNdNiRuO6,66908.29403707614
SrNdNiSbO6,145732.11042354442
SrNdO3,104412.99762154746
SrNdTe,98029.83307785254
SrNdTi4O12,117974.82071905916
SrNdV2O6,237654.52195196896
SrNdVO4,192110.41632662318
SrNdZnRuO6,74411.55883682781
SrNdZrCrO6,211165.85086816768
SrPm(CoO3)2,85395.73483881916
SrPm(FeO3)2,731055.236527822
SrPm(NiO3)2,85072.30135333758
SrPm(RuO3)2,203874.35226731084
SrPm(TcO3)2,220041.7509451346
SrPmCr2O6,409325.5459227249
SrPmMn2O6,576283.0377275517
SrPmO3,108204.48706144375
SrPmSc2O6,70038.59531095308
SrPmTe,113702.29887663125
SrPmV2O6,239054.49249112594
SrPr(CoO3)2,427032.6321385467
SrPr(FeO3)2,706085.8056021798
SrPr(NiO3)2,84258.62224554061
SrPr(ReO3)2,89894.99309592176
SrPr(RuO3)2,209790.29967455385
SrPr(TcO3)2,218258.48106263625
SrPr2Mn3O9,563053.2588092128
SrPr3(FeO3)4,720681.2423670272
SrPr3CrNiO8,245875.08848086093
SrPrCr2O6,403437.0706068807
SrPrCrSnO6,215136.33869699764
SrPrDyCoO6,71162.94201779296
SrPrDyFeO6,270476.47873892926
SrPrEuNbO6,415038.08713742904
SrPrEuNiO6,417836.6697446982
SrPrEuSbO6,418831.45324768615
SrPrFeCoO6,482307.5256502125
SrPrFeRuO6,100564.70363467443
SrPrGdNiO6,490386.45966073213
SrPrMgRuO6,220732.8335988495
SrPrMn2O6,556139.2512414823
SrPrMnNbO6,340552.9424861704
SrPrMnO4,386030.49003559723
SrPrNiBiO6,135145.14094107202
SrPrO3,105348.85534433216
SrPrSc2O6,69411.11125020642
SrPrTe,116850.50523701556
SrPrTe2,51191.543522546584
SrPrV2O6,236183.85001555952
SrPrVO4,190734.74733333092
SrPrVSnO6,141557.53125107352
SrPrYMnO6,206184.38302486247
SrPrZrMnO6,276406.52878168353
SrSc2Sn,103495.72422939811
SrScBi,91712.58913229617
SrScO3,128944.53489127726
SrScSb,161320.998483537
SrScTe,195216.5798448847
SrScTe2,72748.50964967845
SrSm(CoO3)2,268987.2554988726
SrSm(CoO3)4,674858.171070391
SrSm(FeO3)2,736463.8707233712
SrSm(FeO3)4,779655.1017428852
SrSm(NiO3)2,85992.9112470615
SrSm(NiO3)4,463656.53415704955
SrSm(RuO3)2,205900.4805413948
SrSm(TcO3)2,207118.1550987003
SrSm2Ge,52204.99194208202
SrSm3(NiO4)2,156121.96539276623
SrSm3Mn4O12,580170.1464140364
SrSmCoO4,205171.97989542584
SrSmCr2O6,410559.6990597569
SrSmCrSnO6,217447.53277772607
SrSmEuNbO6,427462.81400909077
SrSmEuNiO6,410148.80514655286
SrSmEuSbO6,430984.87797981384
SrSmEuVO6,458450.54599512997
SrSmFeSnO6,358169.6120362694
SrSmHfCrO6,216029.45009479646
SrSmHfFeO6,354642.2429407873
SrSmMn2O6,572746.395495998
SrSmMn4O12,639472.7758603042
SrSmMnSnO6,286810.57468586095
SrSmNiO4,103562.25965389001
SrSmO3,107152.00368670981
SrSmSc2O6,70374.40469923557
SrSmTe,111875.32791362851
SrSmTi4O12,118406.9539807817
SrSmV2O6,240014.3691776477
SrSmZrCrO6,212427.22275916146
SrTb,72989.68429470733
SrTb(CoO3)2,443575.7064405058
SrTb(FeO3)2,743293.7631758559
SrTb(NiO3)2,87187.02096624204
SrTb(ReO3)2,92522.51820648472
SrTb(RhO3)2,51513.483679479854
SrTb(RuO3)2,219935.41488800006
SrTb(TcO3)2,197861.81543505494
SrTbCr2O6,414721.3209424895
SrTbEuCoO6,233820.57657623244
SrTbEuFeO6,675617.2992743468
SrTbEuNiO6,422917.3199743382
SrTbEuSbO6,435353.2736243298
SrTbEuVO6,481857.03401947167
SrTbEuWO6,496920.4971426069
SrTbMn2O6,582862.2389637006
SrTbO3,111689.50685789365
SrTbPrMnO6,204736.1529041345
SrTbSc2O6,71285.66205100952
SrTbV2O6,242744.63050071435
SrTm(CoO3)2,349212.2691390588
SrTm(FeO3)2,752615.8754583639
SrTm(NiO3)2,88064.59095137377
SrTm(RhO3)2,51820.6083366165
SrTm(RuO3)2,225325.3807376391
SrTm(TcO3)2,195340.81261469968
SrTmCr2O6,420131.57605467585
SrTmMn2O6,588146.3530614844
SrTmO3,115852.59339634454
SrTmSc2O6,72119.4499602159
SrTmV2O6,245648.92226328087
SrY,84576.03946145964
SrY(CoO3)2,446012.73693834717
SrY(FeO3)2,742571.4452945408
SrY(NiO3)2,86889.0097356555
SrY(ReO3)2,89820.47442540314
SrY(RhO3)2,56739.60524472482
SrY(RuO3)2,221913.39473724156
SrY(TcO3)2,206020.20999013333
SrYBi,55129.145229364396
SrYCoO4,258666.5124011472
SrYCr2O6,415649.7245912299
SrYMn2O6,583123.0644062513
SrYO3,112241.54268834232
SrYSc2O6,70936.18498772908
SrYTe,119603.23169647102
SrYV2O6,242726.10816770743
SrYb,108268.26887625079
SrYb(CoO3)2,471420.62777594326
SrYb(FeO3)2,679852.3017083826
SrYb(OsO3)2,69883.02490686554
SrYb(RhO3)2,170750.6524112289
SrYb(RuO3)2,282573.7770109466
SrYb(TcO3)2,98497.09670000598
SrYb3,167956.35283095227
SrYbCr2O6,337929.43232322193
SrYbEu2,849660.7492034062
SrYbMn2O6,541605.304289663
SrYbSc2O6,141225.9965785115
SrYbV2O6,167456.0397603626
Tb(Al2Cr)4,129096.04158112498
Tb(Al2Fe)4,263392.02424100635
Tb(CrSi)2,134808.63360325125
Tb(FeB)2,180694.40152430837
Tb(FeGe)2,270083.4246437641
Tb(FeGe)6,576250.6445802879
Tb(FeSn)6,524078.3324206833
Tb(GaFe)6,556308.0163044585
Tb(MnAl2)4,368606.5552124973
Tb(MnGe)2,445932.1115471831
Tb(MnGe)6,568481.6361541047
Tb(MnSi)2,416865.14508196065
Tb(MnSn)6,516082.98827901983
Tb(NO5)3,172721.8681131432
Tb(TcO2)2,308241.23295546265
Tb(VFe2)4,494486.2251259795
Tb10Mn13C18,97464.60796933435
Tb11O20,152123.46798223475
Tb2Ag2O5,64814.92576325218
Tb2AgO4,83389.97224893223
Tb2AgTe,95102.18970826319
Tb2AlFeO6,432256.44485471735
Tb2AsAu,86628.30488460926
Tb2AsO4,75620.49264849052
Tb2AsPd,76946.60790630322
Tb2AuO4,83096.57296902043
Tb2BiO4,77997.86001861455
Tb2BiPd,88673.70626902097
Tb2Co12P7,220099.1966855383
Tb2Co14B,794602.290774141
Tb2Co17,983369.379145102
Tb2Co2O5,220878.18012423126
Tb2Co7B3,232538.43500724167
Tb2CoO4,275380.17361069634
Tb2CoPtO6,233060.08401536098
Tb2CoSi,96813.94601823973
Tb2Cr2O5,550704.1537718424
Tb2CrO4,357167.3667451661
Tb2CrPt,411734.1385099552
Tb2CrSbO7,202274.83834364757
Tb2Cu(GeO4)2,57751.7204841202
Tb2Cu2O5,146681.93212209886
Tb2CuO4,92793.05948179186
Tb2Dy2O5,88205.67303097577
Tb2F15,294351.6991181271
Tb2Fe14B,1265214.6344953482
Tb2Fe17C3,1189743.089388217
Tb2Fe2O5,660127.7341369325
Tb2FeAs,126306.6032145103
Tb2FeO4,361879.1828578489
Tb2FePt,137241.20035297034
Tb2Ga3Fe,163286.60618837443
Tb2Ga8Fe9,538558.0004790024
Tb2Gd2O5,91724.659837989
Tb2GdGa5O12,268127.2656756251
Tb2Ho2O5,87775.39159398928
Tb2IrO4,259911.82815730447
Tb2MgCr2O8,205401.00298722292
Tb2MgMo2(ClO4)2,70505.63895318987
Tb2MgNb2O8,101925.62253334154
Tb2MgTi2S2O5,73316.38494610816
Tb2MgV2O8,105538.67936172195
Tb2MgW2(ClO4)2,70722.55574208756
Tb2Mn12P7,545660.701528961
Tb2Mn2O5,692886.0534236783
Tb2Mn2O7,454800.1009389321
Tb2Mn3Cu9P7,321265.15934110596
Tb2Mn3Si5,177234.91832871913
Tb2MnCrO6,559504.8714477547
Tb2MnNiO6,425988.53949452675
Tb2MnO4,443900.04235593654
Tb2MnPt,344096.3547756638
Tb2MnS4,305635.8331459531
Tb2MnSbO7,267011.2953920036
Tb2Mo2O5,118478.89792737486
Tb2Mo2O7,272887.15522632486
Tb2MoO4,346859.41243892757
Tb2NbO4,117952.14840646897
Tb2Nd2O5,70395.958710123
Tb2Ni17,263003.49343841197
Tb2Ni2O5,351655.4758090278
Tb2Ni7,90679.41308753019
Tb2NiO4,185235.09509988455
Tb2NiTe,125419.68989972991
Tb2Np2O5,405375.40118827106
Tb2NpO4,284456.4041204187
Tb2Os2O5,58187.939185419644
Tb2OsO4,349453.72435718356
Tb2Pa2O5,208019.24470926556
Tb2PaO4,106208.41153547699
Tb2PbAu,77212.76237427573
Tb2Pm2O5,92347.93310890152
Tb2PtO4,171766.8704256198
Tb2Pu2O5,713566.8671170728
Tb2PuO4,470335.48810198746
Tb2Re2O5,86815.59221166045
Tb2ReO4,428983.49268596433
Tb2RhO4,260415.03250725422
Tb2Ru2O5,136082.55180792732
Tb2Ru2O7,280884.1896793977
Tb2RuO4,345984.18845958926
Tb2RuO5,163221.53897848737
Tb2S3O20,366471.98378400935
Tb2SbAu,79395.41460072454
Tb2SbO4,79978.26576301373
Tb2SbPd,77830.69896354055
Tb2Sc2O5,63742.7563963232
Tb2Se3O20,346652.3284553364
Tb2SiAu,53650.46934147299
Tb2Sm2O5,92781.74332878046
Tb2Tc2O5,131499.1335367508
Tb2TeAu,115866.44172853431
Tb2TePd,156848.1148323768
Tb2TePt,122904.35122711542
Tb2Th2O5,53704.48881788748
Tb2Ti2O5,136745.2735342343
Tb2TiCuO6,72771.66356747402
Tb2TiGe2,88944.75368729349
Tb2TiPt,312983.46944282507
Tb2TlHg,63135.26967151402
Tb2Tm2O5,77792.01295360277
Tb2U2O5,404872.8549777693
Tb2V2O5,419294.04623534414
Tb2VPt,361774.87552282534
Tb2W2O5,55187.404050653415
Tb2Y2O5,99801.82019859987
Tb3(MnGe)4,530208.2584646015
Tb3AlFeS7,150160.0270631276
Tb3Ce,95868.38153357738
Tb3Co6Sn5,68694.09320702268
Tb3CrS6,138267.5768668678
Tb3CrSe6,120421.831672965
Tb3Eu,513845.78833584674
Tb3Hg,70806.95769721658
Tb3In,116325.54806224948
Tb3Mn3Ga2Si,394977.14859087195
Tb3Nd,164208.60192204246
Tb3Ni13B2,54768.40361709132
Tb3Np,329559.13676673
Tb3Pm,166717.13623251708
Tb3Pr,168042.1124657402
Tb3ReO7,91084.00886436868
Tb3Sm,166935.95992157055
Tb3U(CoGe)8,58091.63925818266
Tb4(FeB2)3,106101.70935080461
Tb4Cr4O11,523789.9624034499
Tb4MgAl2(FeO6)2,285443.4272751418
Tb4Ni4O11,257667.95608860304
Tb4O5,86707.89651688255
Tb5(RuO6)2,184784.44038483495
Tb5Co19P12,157675.68460912452
Tb5Mg(MoO6)2,168882.89738443066
Tb5O9,136771.22119541865
Tb7O12,103096.31761571445
Tb8O13,57849.776098477145
TbAsRu,188843.50225464403
TbBeO3,180919.43956908473
TbBiIr2,52991.68813835884
TbCd(CoO3)2,268308.8746596783
TbCd(FeO3)2,759770.5136194702
TbCd(IrO3)2,57579.836323209754
TbCd(NiO3)2,90006.93489760399
TbCd(RhO3)2,53585.46081492066
TbCd(RuO3)2,212226.7189114425
TbCd2F8,64304.70163976539
TbCdF6,96251.85936028426
TbCdO3,59151.22575030332
TbCe(CoO3)2,351196.25133805885
TbCe(FeO3)2,803640.2592682288
TbCe(NiO3)2,175478.5640196094
TbCe(OsO3)2,79146.07548203948
TbCe(RuO3)2,104243.94067783518
TbCe2Te,56932.09329270388
TbCeCr2O6,488686.8728943164
TbCeGa,62839.22454960629
TbCeHg2,57967.88998296454
TbCeMn2O6,647471.8226409463
TbCeO4,113300.9380582316
TbCeTe,52988.717588072
TbCeTe2,64098.88923989357
TbCeV2O6,314872.2648872393
TbCo2As,307753.9778522406
TbCo2Ge,156514.4273131068
TbCo2Sb,279822.95270279236
TbCo2Si,163403.05532341576
TbCo2Sn,142859.31603590134
TbCo3P2,86590.26152542146
TbCoAs,151393.1758612442
TbCoAu2,187021.4365166489
TbCoB4,151161.5864626291
TbCoBi,117607.9997052493
TbCoC,65464.98715423687
TbCoGe,79382.54593467829
TbCoO3,342854.3078758158
TbCoPt,230944.5574183286
TbCoRh2,373489.3487100948
TbCoSn,93858.6603894865
TbCoTe2,175105.2192930097
TbCr2CdO6,424126.01880147017
TbCr2O2,883786.3310466183
TbCrAs,542176.7501532603
TbCrAu2,518826.40318920516
TbCrGa2,399062.008232404
TbCrGeO5,301998.6737868262
TbCrO3,481931.63081643655
TbCrO4,123279.59509199785
TbCrPd2,550912.2856497051
TbCrPt,592545.8675446556
TbCrPt2,543880.924581431
TbCrRh2,520563.6846567769
TbCrSe3,259833.33478666827
TbCrTe2,420414.17646057106
TbCrTeO6,251320.71551067568
TbCu(BO2)5,53064.88621661712
TbDyTe,76724.39402921477
TbDyTe2,81311.79727726826
TbEr2Pt,132953.64924911826
TbErTe2,83897.10382736588
TbEu2GeO6,887777.2679733635
TbEu2NbO6,878118.0523485043
TbEu2SbO6,872921.716236953
TbEu2SnO6,809243.657896068
TbEu2TaO6,868900.4861119863
TbEu2VO6,929852.9776663489
TbEu3,1332311.868822283
TbEu4S5,1077643.2629052587
TbEuO3,120371.60578207763
TbEuRh2,393489.41457398457
TbF2,150113.8494465317
TbF4,122661.4519489233
TbFe3(BO3)4,704896.577902559
TbFe5P3,127347.05461946837
TbFeAs,329094.53689452494
TbFeAs2,241030.6876054288
TbFeAsO,483070.5929976372
TbFeAu2,328981.89215819084
TbFeC2,186373.59758261507
TbFeGe2,84854.3041730873
TbFeGe2O7,328333.53136170725
TbFeO3,763698.9252479387
TbFePd2,409704.87679883733
TbFePt,422908.042485513
TbFeRh2,577869.5979114133
TbFeTe2,290707.3573550008
TbGa2Co3,84899.12152397311
TbGa2Fe,259927.0709604254
TbGaNi,66081.80358874105
TbGd(PO4)2,430810.46142140037
TbGd2Ga5O12,533413.9376464841
TbGd3(PO4)4,642375.8794480782
TbGdRh2,395523.6049243937
TbGdTe2,79634.48476873065
TbGeIr2,126362.52259632481
TbGeO3,58794.62761738842
TbHfAs,52046.21213012725
TbHfAs2,73208.46310234365
TbHfO4,120691.82503862875
TbHfSb2,71897.12403456235
TbHgO3,66629.63595714762
TbHo,171093.87212201155
TbHoTe2,82908.97575514848
TbIO9,479105.7441302961
TbIrO3,235316.61041387293
TbIrPt,92863.4052924857
TbLu2Pt,129547.36394287225
TbLuCo2,62432.786302370216
TbLuTe,106282.22945874436
TbLuTe2,92532.33301110356
TbMgO3,157330.47051363566
TbMgS3,70669.83152124705
TbMn2BiO6,614212.7717650427
TbMn2CdO6,597142.1218367115
TbMn2O5,734232.3658933328
TbMn2ZnO6,606568.2997069295
TbMn4(CuO4)3,728400.9788093977
TbMn5Ge3,862944.2417259993
TbMn6(Sn2Ge)2,643672.3869197384
TbMnAs,428856.1980679511
TbMnAs2,458451.68983787147
TbMnAu2,495377.3317805892
TbMnB4,159314.92758928853
TbMnGa,488948.8615387939
TbMnGa2,454334.8134442394
TbMnGe,483711.32814368105
TbMnIr2,599246.7758634471
TbMnO3,616009.4304904529
TbMnPd2,555555.4778651637
TbMnPt,554418.675774841
TbMnPt2,579909.5325440165
TbMnRh2,610161.2307119132
TbMnSi,369322.1942623779
TbMnTe2,360582.7070793328
TbMoO3,176845.9348701992
TbMoPt2,333985.3803695904
TbNbAu2,166577.99745802378
TbNbGa2,197387.49673812324
TbNbGe2,171165.0295949812
TbNbO3,119325.02113210842
TbNbPd2,102877.70370316725
TbNbSn2,155787.86927515737
TbNdGa,52613.54411966006
TbNdHg2,59737.48430177692
TbNdTe,55634.612924680965
TbNdTe2,71430.28552702857
TbNi3,55821.11310466018
TbNi5,159529.98113308064
TbNiO3,178048.56773611758
TbNiPt2,69479.39663973458
TbNp3,1037678.7483918308
TbNpAs,616851.1883360157
TbNpAs2,408188.64578123885
TbNpGe2,435596.1356968823
TbNpIr2,386087.56959428504
TbNpO3,442659.1679035105
TbNpPd2,497957.4312876368
TbNpPt,583308.5660783763
TbNpRh2,426760.1467976341
TbNpSb2,368082.3994483188
TbNpSi2,420419.12334131583
TbNpSn2,419214.1485098413
TbNpTe2,474939.8930351084
TbO2,214769.3484448333
TbOsO3,301244.6005523242
TbPaAs,231970.55290286776
TbPaAs2,121109.55025822746
TbPaBi2,148150.93972715017
TbPaGa2,121042.02169459013
TbPaO3,190659.28228190518
TbPaPd2,51616.98249546808
TbPaPt,108490.44509165254
TbPaPt2,62308.28210848848
TbPaSb2,129970.3801637624
TbPaSn2,165635.30054101994
TbPaTe2,100549.18007637854
TbPmTe2,73684.57564461416
TbPr2Te,51987.89878900665
TbPr3,77763.17939346367
TbPrGa,62378.041881908524
TbPrHg2,61854.916969047496
TbPrO4,211087.54297781782
TbPrTe,53649.81975216312
TbPrTe2,68737.68934616186
TbPtO3,171839.73657663603
TbPu,924073.3717397528
TbPu3,1451134.1439584135
TbPuAl2,533584.0648579848
TbPuAs,764414.7193678096
TbPuAs2,532793.5703043829
TbPuBi2,462085.654477721
TbPuGe,711322.4004199386
TbPuGe2,614081.0122210695
TbPuHg2,609417.9437512843
TbPuIr,680870.9889189887
TbPuO3,544223.1393258433
TbPuPb2,510992.69551164337
TbPuPd2,650812.5081980111
TbPuPt,700899.0496121473
TbPuRh,692591.9253862306
TbPuSb2,477671.5486187557
TbPuSi2,599561.1709760502
TbPuTe,727127.9043914055
TbPuTe2,566568.8831592564
TbPuZn2,654790.1098719385
TbReO3,318607.34295941726
TbRh2Pb,54849.59983577765
TbRu3,89330.85479346049
TbRuO3,341235.668678155
TbSc2CdO6,73757.77065922674
TbSc2Ir,107703.35614243128
TbSc2Pt,166760.82836285216
TbSc2Sn,151169.57129202594
TbSc2ZnO6,87713.72234940655
TbScBi,104405.09307075976
TbScCo2,55864.86834179422
TbScTe2,118031.08543642015
TbSe,75554.73878350448
TbSi(HO2)2,99762.81852165205
TbSiO4,123376.27089938599
TbSm,159088.34434817528
TbSm3,158344.4443591722
TbSmHg2,51795.12436596664
TbSmTe,61345.875246028554
TbSmTe2,77725.13612096704
TbSnO3,55755.91635617997
TbTaO3,119622.43040892738
TbTcO3,471333.3322769572
TbTcPt2,314243.30805013183
TbTcTe2,203574.84443484002
TbTe,83547.86892457618
TbTe2Mo,101974.81564009794
TbThTe,71882.8883886186
TbTi2O4,244135.5912280704
TbTi2PbO6,65685.1933895482
TbTiAl2,109112.67344441738
TbTiAs,197575.64088779772
TbTiAs2,170766.06948294432
TbTiAu2,185226.35589465144
TbTiBi2,174237.62833926582
TbTiGa2,106707.94114946858
TbTiGe,241906.37196822092
TbTiGe2,234587.11701001442
TbTiIn2,144484.10549652163
TbTiIr,80361.63895664006
TbTiO3,145699.0500026965
TbTiPt,115873.5312338347
TbTiSb2,168356.4505527026
TbTiSi,143992.86477915003
TbTiSi2,242968.46898350693
TbTiSn2,223879.14655232814
TbTiTe2,96772.79230327217
TbTlPt,52549.37364133622
TbTlS2O9,93122.57682149512
TbTm2Sn,68883.25730764413
TbTmCo2,65175.27816656974
TbTmTe,96062.1521557234
TbTmTe2,83640.05342244633
TbU2O4,524073.0799480086
TbU3,277321.0887810595
TbU3(CoGe)8,180944.94121250635
TbUAs2,281772.57388753875
TbUAu2,308309.85757249343
TbUGa2,307826.0518025369
TbUGe2,314207.8918117584
TbUIr2,243136.78752809385
TbUO3,327193.28792620305
TbURu2,207798.3954715087
TbUSb2,255203.78755568617
TbUSi2,321184.34385935805
TbUTe2,336657.12651347264
TbUTe4,121128.989609685
TbUTe6,94609.22812598415
TbV2CdO6,238462.0652270365
TbV2O4,525646.8344350152
TbV2ZnO6,231435.94682560072
TbVAs,439171.3432772788
TbVAs2,233595.0770171119
TbVAu2,385777.71733632806
TbVGa2,345401.77202393505
TbVGe2,338775.95514197316
TbVO2,380584.4070927003
TbVO3,316312.9403883922
TbVPd2,388266.00110611104
TbVPt2,362264.01274842396
TbVSb2,211493.88122033436
TbWO3,177067.2293539257
TbWO5,86538.8642222309
TbY(FeO3)2,852301.3593891164
TbY(NiO3)2,182289.06030666563
TbY(SbO3)2,60921.930996304094
TbYCr2O6,502506.686581548
TbYMn2O6,661608.6762340389
TbYTe,88242.6042821875
TbYTe2,90276.04129247897
TbYV2O6,326435.2713951539
TbYb2O4,87614.54037705204
TbYbO3,124961.40405230221
TbZn(CoO3)2,275496.39876803994
TbZn(FeO3)2,771399.5745366027
TbZn(IrO3)2,80824.67032378708
TbZn(NiO3)2,93716.44324389871
TbZn(RhO3)2,56966.994525901064
TbZn(RuO3)2,99605.95415800651
TbZn2O4,105961.81308502966
TbZnCr2O6,431909.3008246293
TbZrAs,63608.617902634345
TbZrAs2,100937.10268452721
TbZrBi2,97414.01419578835
TbZrGe2,149686.32362022263
TbZrHg2,99015.46761888567
TbZrO3,59635.69890320942
TbZrSb2,105049.20877568988
TbZrSi2,140433.69297497056
TbZrSn2,157533.64048451756
Th(ScTe)2,108417.23334239468
Th2Sc2O5,54903.12647762906
Th2ScSb,81313.91222414708
Th2ScSn,76681.02920401447
Th2ScTe,77257.41033423353
ThSc2Au,179586.3075056323
ThSc2Pd,197086.35662570002
ThScAs,52207.14658244613
ThScFe2,232680.36833738137
ThScHg2,86786.16797313803
ThScTe,82397.33820468762
Tm(Al2Cr)4,107250.79944128405
Tm(Al2Fe)4,258077.66528214831
Tm(ClO2)3,93328.00059167207
Tm(CrSi)2,135447.15694980568
Tm(CuO2)2,126073.9417418273
Tm(Fe2Si)2,375771.0371200391
Tm(FeB)2,378270.46089511475
Tm(FeGe)2,221939.0328975196
Tm(GaFe)6,556525.9451950117
Tm(MnAl2)4,359060.3077328084
Tm(MnGe)2,455076.9384597504
Tm(MnGe)6,571760.4635258729
Tm(MnSn)6,520582.8876993774
Tm2Ag2O5,65177.03766407706
Tm2AgAs,81521.07930107789
Tm2AgBi,74050.20044085103
Tm2AgO4,88729.03613267306
Tm2AgPb,66856.36107786054
Tm2AgSb,61004.85349602197
Tm2Al2Fe15,1036308.9691132759
Tm2AlCo,62683.82014449273
Tm2AlCr,383123.19702937367
Tm2AlV,337589.5885511145
Tm2AsAu,80565.21193922692
Tm2AuO4,87056.47192425386
Tm2BiAu,76656.18193007325
Tm2CdCo,69542.6396105657
Tm2CdFe,128597.47403951557
Tm2Co12P7,183657.29436675424
Tm2Co2O5,73941.44137096613
Tm2CoGe,91427.52515117764
Tm2CoO4,291735.1671565535
Tm2CoPt,70058.54577368904
Tm2CoSi,93325.95220365039
Tm2Cr2O5,573799.2576409128
Tm2CrAs,336913.0335468118
Tm2CrAu,414051.44783710304
Tm2CrGa,397309.99218683975
Tm2CrGe,406745.8668810023
Tm2CrHg,389907.9697196919
Tm2CrIn,383500.7047387051
Tm2CrIr,411027.5259686987
Tm2CrO4,378180.43354169984
Tm2CrOs,438905.44160882814
Tm2CrPd,404173.87188321986
Tm2CrPt,438206.8398382264
Tm2CrRh,411008.9336441042
Tm2CrRu,425364.4930741768
Tm2CrSb,312604.52904789784
Tm2CrSi,402184.2371452926
Tm2CrSn,369904.36615543853
Tm2Cu(B2O5)2,61974.92272064054
Tm2Cu(GeO4)2,59847.68998737361
Tm2Cu2O5,152156.75037329807
Tm2CuO4,107001.34608454647
Tm2Fe14B,1277766.9810259088
Tm2Fe15Si2,1084768.1146868386
Tm2Fe17,1363470.4077315915
Tm2Fe17C3,1199054.5546414645
Tm2Fe2O5,684082.0555054685
Tm2FeAs,129463.10753625147
Tm2FeAu,125248.19355093774
Tm2FeBi,106743.85278070245
Tm2FeGe,183232.15442171454
Tm2FeO4,383799.27663410077
Tm2FeOs,255740.70962520418
Tm2FePt,101606.13569264389
Tm2FeRu,175854.3156162028
Tm2FeSb,126914.89404556516
Tm2FeSi,182359.8617128138
Tm2FeSn,168632.1061465809
Tm2FeTe,136578.9799097679
Tm2Ga2Fe15,1059637.1342874542
Tm2GaFe,133139.48228210086
Tm2HfAs,201992.4346723371
Tm2HfAu,175099.37570079652
Tm2HfIr,173085.18046136957
Tm2HfPd,123380.46791753106
Tm2HfPt,180734.24276622923
Tm2HfRh,166280.87191628522
Tm2HfSb,188899.8741849942
Tm2HfSn,201556.88412100563
Tm2HfTe,188352.11729712406
Tm2InFe,143705.94825788485
Tm2IrO4,274191.7681934262
Tm2Lu2O5,79198.56204456458
Tm2LuTl,104522.08926853728
Tm2MgCo,54520.817337194494
Tm2MgCr2O8,219393.6650220275
Tm2MgMo2(ClO4)2,73438.6507607963
Tm2MgNb2O8,95513.15118144783
Tm2MgW2(ClO4)2,72718.1674936037
Tm2Mn(GeO3)4,187139.9642522345
Tm2Mn12P7,554377.3668963523
Tm2Mn2O5,721783.1933155423
Tm2Mn3Sb3O14,478249.39512566
Tm2Mn3Si5,89680.23754570345
Tm2MnAl,303607.30168637197
Tm2MnAs,240772.39177098233
Tm2MnAu,313611.7749081457
Tm2MnBi,245320.94082855326
Tm2MnC4,96906.20545016785
Tm2MnGa,332054.2592671706
Tm2MnGe,313546.01648135885
Tm2MnHg,317201.815397805
Tm2MnIn,304266.6951589787
Tm2MnIr,352686.33736144355
Tm2MnNi,361996.9851243974
Tm2MnO4,470765.0301569851
Tm2MnOs,411568.30736979225
Tm2MnPb,291272.26812310435
Tm2MnPd,320609.13660051336
Tm2MnPt,361408.69281254144
Tm2MnRh,379134.1470477372
Tm2MnRu,394234.3117519833
Tm2MnS4,336257.91869117453
Tm2MnSb,249451.62541185305
Tm2MnSi,315952.2904198788
Tm2MnSn,293436.16199998296
Tm2MnTe,247606.65955786273
Tm2MnZn,326174.1585839861
Tm2Mo2O5,132044.20553108994
Tm2MoIr,217074.7329937803
Tm2MoO4,366087.3661512362
Tm2MoPt,96234.47930804471
Tm2MoRh,192393.18238587567
Tm2NbAs,67625.52825451475
Tm2NbAu,224896.36365655577
Tm2NbGe,132154.86630920114
Tm2NbIr,342808.98114641686
Tm2NbO4,273080.63480722986
Tm2NbPd,298565.8817291453
Tm2NbPt,295134.4337198341
Tm2NbRh,338134.3113065064
Tm2NbSb,56881.444337492205
Tm2NbSn,125403.05057334533
Tm2Ni17,266498.8952794214
Tm2Ni2O5,361043.469658999
Tm2NiO4,196168.24333750783
Tm2NiRuO6,326962.0581029355
Tm2Np2O5,433898.7730299187
Tm2NpO4,300897.52421380876
Tm2Os2O5,123462.05954230757
Tm2OsO4,367724.4279983227
Tm2Pa2O5,210934.61053679732
Tm2PaO4,108209.60891734599
Tm2PtO4,181359.5200181783
Tm2PtW,150139.69071171075
Tm2Pu2O5,652923.4708795485
Tm2PuAs,582451.7249486627
Tm2PuBi,525793.141186895
Tm2PuGa,600639.6956318268
Tm2PuGe,599262.1322679142
Tm2PuO4,503156.3115745777
Tm2PuPd,684888.634816333
Tm2PuPt,675759.511785898
Tm2PuRh,652005.2504614517
Tm2PuSb,532780.3707514098
Tm2PuSn,575234.3167996239
Tm2PuTe,550305.2535375289
Tm2Re2O5,106945.8349567595
Tm2ReO4,451890.2940465157
Tm2RhO4,275184.2362804632
Tm2Ru2O5,138052.58792004638
Tm2Ru2O7,290632.2405349592
Tm2RuO4,365368.646121497
Tm2S3O20,375551.4724198774
Tm2SbAu,81108.02246867922
Tm2SbPd,59303.344683649
Tm2Sc2O5,67442.17619990514
Tm2ScGa,77887.62753739445
Tm2ScHg,58502.434290532416
Tm2ScIn,95000.65080368864
Tm2ScPb,83610.19339079502
Tm2ScSn,80464.4001110852
Tm2ScTl,125614.04417815238
Tm2TaO4,255714.99572782477
Tm2TaPt,293127.59569621447
Tm2Tc2O5,138287.21651032072
Tm2TcO4,448433.68199512473
Tm2ThAu,149213.2730899758
Tm2ThPt,180784.10575867226
Tm2ThTe,68060.73664463207
Tm2Ti12(CuO4)9,135704.16581353243
Tm2Ti2O5,143901.10930956143
Tm2TiAl,266857.32245818945
Tm2TiAs,260376.07920262718
Tm2TiAu,314657.3275933179
Tm2TiBi,264538.42956653604
Tm2TiCuO6,73274.4591124659
Tm2TiGa,281299.8116678176
Tm2TiGe,307430.05992503697
Tm2TiGe2,79900.70524408566
Tm2TiHg,290938.9362889209
Tm2TiIn,268655.67793539935
Tm2TiIr,279086.39766612684
Tm2TiPb,293636.11309613916
Tm2TiPd,304657.16761640034
Tm2TiPt,313582.83323114185
Tm2TiRh,299283.05290768633
Tm2TiRu,267323.9366379974
Tm2TiSb,249106.5745047262
Tm2TiSi,310146.5862161012
Tm2TiSn,292022.07766269724
Tm2TiTe,254125.86258439513
Tm2TiTl,276817.5252519936
Tm2TlFe,150861.87126350217
Tm2U2O5,348433.66535617143
Tm2V2O5,438784.0614586902
Tm2V2O7,151370.8109662901
Tm2VAs,344864.95288492664
Tm2VGa,355671.7636703858
Tm2VGe,349779.30049975094
Tm2VIn,334343.0405205174
Tm2VIr,405030.3565343138
Tm2VPd,366488.52109795064
Tm2VPt,368857.4325907492
Tm2VRh,408268.2196119258
Tm2VRu,463274.6720603726
Tm2VSb,296368.1344810274
Tm2VSi,333516.8724627232
Tm2VSn,310425.8289241676
Tm2W2O5,58586.118724809196
Tm2ZnFe,90347.56168879221
Tm2ZrAl,224957.52686123885
Tm2ZrAs,191188.4059536913
Tm2ZrAu,303967.21096361126
Tm2ZrBi,181490.0480822774
Tm2ZrGa,234044.55648920976
Tm2ZrGe,215569.5196146748
Tm2ZrIn,226390.1818886192
Tm2ZrIr,233310.445168674
Tm2ZrPb,206491.8497721858
Tm2ZrPd,273155.7978150067
Tm2ZrPt,271987.30728525907
Tm2ZrRh,252201.1187634341
Tm2ZrSb,178151.3114918047
Tm2ZrSi,217823.21240082945
Tm2ZrSn,208661.85994901307
Tm3Cl,63811.88125045653
Tm3Co11B4,298933.44825682475
Tm3Co6Sn5,69612.41831606145
Tm3CrS6,143752.936070831
Tm3Mn3Ga2Si,384812.00859590666
Tm3Ni13B2,58920.85773264686
Tm3Np,410817.65464290703
Tm3Th,102479.05062935903
Tm3Tl,50517.71055626483
Tm3V,327824.9333188764
Tm4CrS7,141873.8298835626
Tm4CrSe7,125086.14246228505
Tm4FeS7,148280.51739766757
Tm4MgTi2O10,70602.5039842821
Tm4Mn4Sn7,317878.83090530895
Tm4MnS7,180819.16929765805
Tm4O5,86678.14832698318
Tm5Mg,58408.5785322342
Tm6Fe23,1002172.5523131716
Tm6MgWO12,70111.36210521407
Tm6Mn(GeS7)2,98316.9240056165
Tm6Mn23,272741.1382382985
Tm6Mn4Al43,67064.717619783
Tm9(FeGe)10,295092.40244018025
TmAl2Cr,371625.12297510036
TmAl2Fe,57516.30576051207
TmAl2V,317029.87643830513
TmAlFe2,306368.4004946047
TmAsOs,65737.12701519078
TmAsRu,117217.74514149655
TmAuO3,118102.61956412095
TmBeO3,148647.657319242
TmBiIr2,61038.8640521242
TmCd(FeO3)2,768200.9440015353
TmCd(RuO3)2,196564.0166980915
TmCd(WO3)2,62667.65445565216
TmCdO3,61756.42311130317
TmCl2,57312.807684736
TmCo2,386665.95812671946
TmCo2As,316292.12622776855
TmCo2Au,232777.54192347353
TmCo2Bi,269740.7779796046
TmCo2Ge,161124.52704477083
TmCo2Ir,539896.4491542988
TmCo2Pb,150348.81320497068
TmCo2Pd,340460.8530542366
TmCo2Pt,389715.6956228354
TmCo2Rh,503791.03261075
TmCo2Sb,289069.0988601807
TmCo2Si,169215.00959374502
TmCo2Sn,149332.0420025208
TmCo2Te,218696.2906729091
TmCo3,588430.2718032374
TmCo3P2,84491.70463525117
TmCo5Si3,65570.84694602156
TmCoAs,149611.88270161639
TmCoAs2,237246.07276017594
TmCoAu,53202.901954294684
TmCoAu2,185854.04077845204
TmCoBi,103232.07180850426
TmCoC,67809.99172619297
TmCoGe,211749.66083080875
TmCoIr,293120.09182276885
TmCoPb,112729.70451525881
TmCoPd,188608.97290097087
TmCoPt,235516.99171707052
TmCoRh,259402.2616850607
TmCoRh2,399913.40155177243
TmCoSb,113147.40840155182
TmCoSi,215210.5668936934
TmCoSn,112796.98322734861
TmCoTe2,182075.87416261176
TmCr2CdO6,428139.4739156765
TmCr2O2,883488.6154634764
TmCrAs,573088.0917156781
TmCrAu2,524322.7471465238
TmCrGa2,402108.36392396665
TmCrGe,593476.5499641193
TmCrGe2,395250.5028298687
TmCrHg2,477442.93593859643
TmCrIn2,376621.120400343
TmCrIr,571787.6490498801
TmCrIr2,459410.93686163943
TmCrNi2,612593.9377108198
TmCrO3,487617.03207323595
TmCrO4,121464.62132082881
TmCrPd2,559243.6791538964
TmCrPt,602551.8106535735
TmCrPt2,545460.601839449
TmCrRh2,513792.6615873885
TmCrSb,514199.1453096824
TmCrSi,595334.6433155378
TmCrSi2,395977.9836045636
TmCrSn,606206.3911478764
TmCrTe,402948.13050100184
TmCrTe2,424184.72821548366
TmCrTeO6,257521.47806968214
TmCu(BO2)5,58047.4057175302
TmF2,142730.12785030657
TmFe2,623493.0453374472
TmFe2Ge,156743.59942947293
TmFe2Ir,814029.0058567834
TmFe2Pt,740441.2346629275
TmFe2Rh,799149.5226276087
TmFe2Si,164193.97174645338
TmFe2Sn,479264.17265806603
TmFe3,835688.4330449337
TmFe5P3,174592.99654392406
TmFeAs,333889.170085616
TmFeAs2,231311.67815779295
TmFeAu2,344085.5037124811
TmFeGe,414643.5323761737
TmFeGe2,73631.30195945536
TmFeGe2O7,331178.24599437113
TmFeIr,495563.690407626
TmFeIr2,635251.2467158532
TmFeO3,774036.4196220278
TmFePd2,423136.47655344126
TmFePt,421756.77599333384
TmFePt2,475225.9874384972
TmFeRh,452685.75984620414
TmFeRh2,603935.2374885866
TmFeSi,414048.8167950326
TmFeSi2,143388.65339975327
TmFeSn2,179326.06072360478
TmFeTe2,299128.81258015934
TmGa2Fe,231761.5244147759
TmGeIr2,133428.6001472682
TmGeRu,101402.12312165032
TmHfAs,75640.83348901855
TmHfAs2,83330.70499583706
TmHfCo2,139764.4405613668
TmHfHg2,102411.27635935253
TmHgO3,67517.02125743697
TmI3O11,150517.39747401807
TmIr2Ru,407949.80193198146
TmIrO3,248328.40889628703
TmIrPt,76941.43669292767
TmIrRh,100147.82626383334
TmIrRh2,243261.55514397653
TmLuTe2,79073.09342883089
TmMg(FeO2)2,645116.9548598339
TmMgO3,148467.91275017665
TmMgS3,72931.01600789788
TmMgTe,57961.07093826566
TmMgZn,121642.06836633518
TmMn2CdO6,603775.7303380745
TmMn2Ir,1039582.6262504522
TmMn2O5,763833.1619292275
TmMn2Pt,948939.8760119462
TmMn2Sb,758080.5977997117
TmMn2Si,494021.8398214774
TmMn2Sn,771289.2544817812
TmMn2ZnO6,608284.0309279889
TmMn4(CuO4)3,485353.7191339479
TmMn6(GaSn2)2,566327.3110116181
TmMn6(Sn2Ge)2,540788.5523505718
TmMnAl2,406042.6069525395
TmMnAs,446573.72885184735
TmMnAs2,456676.203008196
TmMnAu2,506982.92795302457
TmMnBi,376915.27040879143
TmMnCo2,754159.3735660707
TmMnGa2,461436.1104580113
TmMnGe,496959.68406308
TmMnGe2,395685.9453108562
TmMnHg2,452795.771070482
TmMnIn2,396268.6656743718
TmMnIr,660058.3396628335
TmMnIr2,602154.3242699637
TmMnNi2,664393.6938144976
TmMnO3,629185.8486463489
TmMnPd2,565964.3771274078
TmMnPt,575459.7641348289
TmMnPt2,591410.453789764
TmMnRh2,618524.8194151781
TmMnRu2,457881.6691501022
TmMnSb2,371433.6742370917
TmMnSi,587261.5282381526
TmMnSi2,131455.56201008207
TmMnSn2,342790.88715072215
TmMnTe,311253.98622827616
TmMnTe2,375162.2177781345
TmMoO3,189485.38906717557
TmMoPd2,343330.344727821
TmMoRh2,158079.16025724236
TmN7O15,114504.01351825212
TmNbAl2,179163.4004062039
TmNbAu2,144847.09939818172
TmNbGa2,194388.15875747154
TmNbGe,148570.47923932158
TmNbGe2,155875.40667044104
TmNbIn2,189041.60669764472
TmNbO3,127752.22834801962
TmNbPd2,71830.2269891649
TmNbSi,153026.56505765396
TmNi2Ru,218798.38645906912
TmNi3,66937.00201927875
TmNi5,165191.39421367386
TmNiIr,111675.91683759773
TmNiO3,185060.79047396686
TmNiPt2,68320.88690142591
TmNiRh2,146792.97756266367
TmNp3,1145864.9444689741
TmNpAl2,429628.6143231467
TmNpAs,636030.8220317548
TmNpAs2,418108.8082040528
TmNpBi2,376654.53493491927
TmNpGa2,440201.8757862381
TmNpIr,588912.195328748
TmNpIr2,392783.5125534272
TmNpO3,488333.96719809395
TmNpOs2,337360.940909392
TmNpPd2,491025.96438303945
TmNpPt,567457.1380083634
TmNpRh2,431152.49642366555
TmNpRu2,361717.6094160115
TmNpSb2,376191.70469269314
TmNpSi2,421142.7639693115
TmNpTe2,484151.6208495415
TmO2,212171.92624305858
TmOsO3,316730.7368163253
TmOsPd2,229458.2022569633
TmPaAl2,54926.289809562986
TmPaAs,223840.63492020278
TmPaAs2,115442.93606074207
TmPaBi2,141675.83738542744
TmPaGa2,90606.17220109292
TmPaGe,142108.56253494852
TmPaHg2,187322.73562338392
TmPaIn2,115450.54877136178
TmPaO3,184726.61593698803
TmPaOs,66874.7506403701
TmPaPb2,179569.76231645857
TmPaPt,108716.31454640519
TmPaSb2,120252.49424591518
TmPaSi,125635.75164360015
TmPaSn2,127853.19453947959
TmPaTe2,112528.34933831444
TmPdO3,182234.16519508156
TmPtO3,182396.2398583728
TmPu2As,1190964.0104773284
TmPu2Ir,1159721.5722931135
TmPu2Sb,1099853.4127867608
TmPu2Sn,1094468.367092007
TmPu2Te,1071427.972880445
TmPu3,1490499.7397971987
TmPuAg2,601939.1488402742
TmPuAl2,553026.2018552505
TmPuAs,783434.4875213719
TmPuAs2,542569.0117233366
TmPuBi2,476448.1724780925
TmPuCd2,613124.3111237594
TmPuGe,720507.2642863294
TmPuGe2,589744.1032530521
TmPuHg2,545896.9277011454
TmPuIr,705980.1738452167
TmPuIr2,537704.2545937059
TmPuNi2,697294.7198728313
TmPuO3,558103.6738341228
TmPuOs,640890.3914623813
TmPuPb2,519190.89632696897
TmPuPd2,654841.1304688407
TmPuPt,735314.1927917555
TmPuPt2,622225.2362062032
TmPuRh,710663.5677117049
TmPuRh2,591649.9258720767
TmPuSb2,482212.23393129185
TmPuSi,735883.7187636403
TmPuSi2,612910.5177869552
TmPuSn2,527220.3567017751
TmPuTe,753550.8543874284
TmPuTe2,575484.194655732
TmPuTl2,533846.437300234
TmPuZn2,673706.2798507613
TmReO3,309048.28938172327
TmRePt2,293978.96735246055
TmRh2Pb,54135.78028947657
TmRhO3,246515.51342801534
TmRu3,71683.75308459747
TmRuO3,362931.0870430144
TmRuPt,225922.81147248222
TmRuRh2,421519.48425371683
TmSc2CdO6,76972.75445025542
TmSc2Ga,126457.72814396859
TmSc2Ge,124305.80674709
TmSc2Hg,115000.41866846247
TmSc2In,127946.421711456
TmSc2Pt,144343.38096621624
TmSc2Tl,154215.4437919807
TmSc2ZnO6,99996.22744717856
TmScBi,158653.82820120754
TmScPb,94257.30701341771
TmScTe,120476.23138022945
TmScTe2,116535.39467144803
TmSe2NO11,67044.5165863256
TmSi(HO2)2,91145.56045153094
TmSiO4,127986.62692430422
TmSiOs,88052.9956451318
TmSiRu,100641.03040983838
TmSnO3,59455.07409904295
TmSnRh2,50423.04353747593
TmTaGa2,113637.03864168443
TmTaO3,128838.3935765135
TmTc2PbO6,316552.01282516157
TmTcAs,218380.47246254166
TmTcGe,50701.56115787605
TmTcIr2,494926.2631977627
TmTcO3,402385.1678930729
TmTcPt,320906.0845761727
TmTcPt2,315717.17821036786
TmTcTe2,182021.92209677683
TmTe2Mo,100884.17469213175
TmTeRu2,112652.81600301291
TmThTe,87562.31782908547
TmTi2PbO6,74153.09337566925
TmTi2Sn,87935.07104796043
TmTiAg2,204787.9700322013
TmTiAl2,107896.82009295077
TmTiAs,202411.98092958762
TmTiAs2,169851.6968367691
TmTiAu2,170849.44924601397
TmTiBi2,175509.3712777035
TmTiCd2,141436.7939706638
TmTiCo2,141458.63687750988
TmTiCu2,176306.83948331443
TmTiGa,179955.25705953772
TmTiGa2,109697.93057156762
TmTiGe,134150.48465573354
TmTiGe2,237495.8477644744
TmTiHg2,166136.03510895898
TmTiIn2,150335.16863012302
TmTiIr,51315.67052585696
TmTiO3,156672.1602245596
TmTiPb2,220165.9024522282
TmTiPt,111077.85772852878
TmTiSb2,168835.18060106205
TmTiSi,245185.58653526386
TmTiSi2,237650.32796458507
TmTiSn2,226563.0607612611
TmTiTe2,98938.82632062143
TmTiTl2,185856.06036746025
TmTiZn2,127832.16660063638
TmU2O4,538663.5225183505
TmU2S3O2,297060.5499692222
TmU3,284918.6135112457
TmUAl2,290285.93011543545
TmUAs,461754.05057414126
TmUAs2,286753.7598525513
TmUAu2,301431.5677335962
TmUGa2,306870.726285171
TmUGe2,315276.80744524236
TmUIr,388523.8324250092
TmUO3,326874.76365028194
TmUOs2,188192.71836701626
TmUPd2,298922.99006593385
TmUPt,370597.3227301487
TmUPt2,280709.7816850279
TmURu2,209090.15347672024
TmUSb2,257574.11611437242
TmUSi2,319870.24517510907
TmUTc2,95373.49136973004
TmUTe2,348362.042714835
TmUTe4,123046.59523035059
TmUTe6,95300.49051710566
TmV2CdO6,236477.2315942345
TmV2O2,630036.4228125556
TmV2O4,536270.9944778484
TmV2ZnO6,228004.54717694529
TmVAs,553664.0549008959
TmVAs2,235368.9466536343
TmVAu2,383426.55301652977
TmVBi2,239955.2037025306
TmVGa2,353094.28071823466
TmVGe,278290.1346533495
TmVIn2,337500.97210693
TmVIr,116837.20083771327
TmVNi2,387120.17353562056
TmVO3,312610.0784211311
TmVPd2,388962.0208270327
TmVPt,421669.4028459769
TmVPt2,361211.59151779825
TmVSb,597247.1273166788
TmVSb2,210262.44062529216
TmVSi,250579.01355612048
TmVSi2,342063.2485480151
TmVSn2,302483.29969295574
TmVTe,508769.35596422607
TmVZn2,368101.55796906044
TmWO3,191614.97455268766
TmWO5,91178.27067152261
TmZn(CoO3)2,278615.5327195936
TmZn(FeO3)2,773547.7553957133
TmZn(IrO3)2,64306.98981193988
TmZn(NiO3)2,94785.8181154421
TmZn(RuO3)2,111886.56730874722
TmZn2Cr,522986.2342204247
TmZn2O4,108903.4041822799
TmZnCr2O6,435013.9023486302
TmZr2Ge,80054.29140248988
TmZr2Sb,159584.46013138155
TmZrAg2,110444.52732470614
TmZrAs,93849.12407189289
TmZrAs2,106648.01149442789
TmZrBi,102874.0009823595
TmZrBi2,106855.94896497006
TmZrCu2,88002.90574542749
TmZrGe2,138188.3158290716
TmZrHg2,102044.18495398035
TmZrO3,63916.64602226794
TmZrPb2,155525.55451938338
TmZrSb2,103433.34936952988
TmZrSn2,156293.58303599802
Y,94331.50582376888
Y(Al2Cr)4,117955.40969944169
Y(Al2Fe)4,262480.5662828895
Y(Al3Fe)3,163777.49648273728
Y(ClO2)3,97583.04812061382
Y(CoAs)2,170576.57312685045
Y(CoO2)2,635698.0607092595
Y(CoO2)3,464062.24501695286
Y(CoS2)2,70735.43317071647
Y(CrFe2)4,602228.4319429651
Y(CrS2)2,427735.29293728183
Y(CrSi)2,134252.66942706954
Y(CuO2)2,173442.15138144692
Y(CuO2)3,303944.67656006734
Y(Fe2Ge)2,726214.2458574388
Y(FeB)2,192269.93124625512
Y(FeGe)2,199742.03537982077
Y(FeGe)6,576967.1300303133
Y(FeO2)2,921073.5010036691
Y(FeO2)3,1079981.4605685852
Y(FeS2)2,404628.636017932
Y(GaCo)6,175216.04454934
Y(GaFe)6,553789.9648129194
Y(MnAl)6,348834.8425345926
Y(MnAl2)4,364985.19848248933
Y(MnGe)2,482607.20665846707
Y(MnGe)6,569264.4383894969
Y(MnS2)2,550116.6671624884
Y(MnSi)2,421527.6405384218
Y(MnSn)6,518096.68571215577
Y(NCl2)3,226398.97910333893
Y(NiO2)2,330007.63555926946
Y(ScPd)2,68996.29630563714
Y(TiS2)2,98830.93237930995
Y(VS2)2,313236.9456077747
Y(WF5)3,173538.53257467056
Y(WO2)2,494276.697010266
Y12(MnC3)5,68127.4239932288
Y12(OsC3)5,50828.93969617627
Y14Ge4O29F5,62044.55470827411
Y2(CoCu)5,303105.296625376
Y2(CoNi)5,521056.5912756356
Y2(CuO2)3,150046.41767583095
Y2(OF)3,244570.57925353665
Y2Ag2O5,64313.362485448604
Y2Ag3(HgO4)3,66768.6479136479
Y2AgO4,84224.25862099756
Y2AgPb,71142.7895171319
Y2AgTe,99693.7918707238
Y2AgTe2,51174.8044526286
Y2Al3Fe,212909.18646349316
Y2Al3Fe14,1018656.0656797864
Y2AlAu,60729.08374669195
Y2AlCr,371126.98235551943
Y2AlPd,50875.182095638535
Y2AlPt,55473.844758149666
Y2AlV,333237.8439042689
Y2AsAu,65617.90175289886
Y2AuO4,84062.97874303946
Y2Be2Fe(SiO5)2,212117.08576991828
Y2BiO4,78662.65113795764
Y2BiTe,64294.02307108116
Y2C,51536.878268796805
Y2Co12As7,189108.21042276867
Y2Co17,985167.0353218004
Y2Co2Ge,209545.12661536262
Y2Co2I,225634.54063673894
Y2Co2O7,152223.8509598027
Y2Co3(SiO4)3,361666.49574704183
Y2Co7B3,229691.96323456903
Y2CoGe,91974.43013416765
Y2CoIr,99945.49418715025
Y2CoO4,278564.8564622137
Y2CoPt,111987.43885573035
Y2CoRh,86567.20197225008
Y2CoSi,96551.64752269349
Y2CoSn,54271.4414678266
Y2Cr2O5,553851.3245752404
Y2Cr2O7,218334.00694562052
Y2Cr3(SiO4)3,459078.63209962664
Y2Cr3O9,215099.57297864332
Y2CrAs,321377.48902071686
Y2CrAu,384811.75103512383
Y2CrBi,295048.9394097004
Y2CrFeO6,666390.0994853454
Y2CrGa,388512.2294770917
Y2CrGe,392339.5375083629
Y2CrHg,369137.1884457556
Y2CrIn,369054.3937640401
Y2CrIr,401148.25887667993
Y2CrN3,120297.6283175481
Y2CrO4,360875.0934838346
Y2CrPb,356913.4618640503
Y2CrPd,399859.28143523424
Y2CrPt,476175.22568454023
Y2CrRh,403346.7524421288
Y2CrS4,246857.0369467664
Y2CrSb,306979.7808224317
Y2CrSbO7,210459.14856505388
Y2CrSi,390877.77410104213
Y2CrSn,354513.1395491354
Y2CrTe,330574.6025241177
Y2Cu2O5,148263.7670976543
Y2Cu3(SiO4)3,114966.71467765713
Y2Cu3(WO4)6,59910.049391852095
Y2CuO4,92992.82518653723
Y2CuTe2,51111.99799681461
Y2Er2O5,95585.51109087319
Y2ErHg,71381.879197591
Y2ErIn,106111.59349051931
Y2ErTl,122791.7798589146
Y2Fe14B,1266038.6981091548
Y2Fe17,1379381.427552518
Y2Fe17C3,1195563.8935554915
Y2Fe17N3,1349576.2655630321
Y2Fe2O5,654881.7022395427
Y2Fe2O7,597935.1323307913
Y2Fe3(SiO4)3,473027.0606286358
Y2FeAs,127248.49022538902
Y2FeAu,122410.68900403146
Y2FeBi,106757.6607635488
Y2FeGe,175343.44115320753
Y2FeIr,251482.7832770854
Y2FeN3,116047.14048045548
Y2FeO4,366363.2204201977
Y2FePb,160400.79288554194
Y2FePt,222715.7633384557
Y2FeRh,158048.92811742908
Y2FeRu,225509.87035600079
Y2FeSb,122677.20880083616
Y2FeSbO7,335114.4720595152
Y2FeSi,175902.35947919646
Y2FeSn,81140.26969425009
Y2FeTe,125084.40867989165
Y2Ga2Fe15,1044518.8019524278
Y2Ga3Fe14,1033812.050450545
Y2GaCo2,230299.7312562827
Y2GaPd,51400.125377750854
Y2GaPt,53677.185437634595
Y2H2O5,97089.16315539324
Y2HO4,95470.62178834586
Y2HfAs,192861.99152416646
Y2HfAu,179531.46412761052
Y2HfGe,238365.8251981533
Y2HfIn,217432.5223368782
Y2HfIr,179829.88013579661
Y2HfPd,137129.40972566672
Y2HfPt,171603.0908284106
Y2HfSb,139133.73074441234
Y2HfSn,117286.06619210586
Y2HfTe,169449.97256997804
Y2Hg3(AuO4)3,99506.67909144143
Y2Ho2O5,92414.01559440204
Y2HoCd,53937.46092178363
Y2HoHg,75641.8997767454
Y2HoIn,108499.15804492013
Y2HoTl,123889.4332042092
Y2InAu,65433.80254813527
Y2InFe,152151.86787127424
Y2InPt,51528.46228157722
Y2IrO4,262326.7065454768
Y2Lu2O5,81257.28176664514
Y2LuTl,116149.70410028344
Y2Mg(CoO3)2,384397.5620945016
Y2Mg(FeO3)2,496265.94371490594
Y2MgCr2O8,208768.55719629745
Y2MgCr3O9,436196.02448350325
Y2MgCuO4,65862.2163426884
Y2MgMn2O6,607618.4271739377
Y2MgMn2S2O5,426804.1844260747
Y2MgMo2(ClO4)2,71826.08206955041
Y2MgNb2O8,93105.97712885634
Y2MgTi2S2O5,77913.14816309967
Y2MgV2O7,211509.96254256676
Y2Mn(GeO3)4,183048.06339929835
Y2Mn2O5,700386.3965786118
Y2Mn2O7,453117.9121086674
Y2Mn3(SiO4)3,575982.0154940031
Y2Mn3O9,524973.5835705097
Y2MnAs,248878.06005236506
Y2MnAu,197868.4699374947
Y2MnBi,248278.17055060883
Y2MnC4,94813.965640088
Y2MnFeO6,709070.05685018
Y2MnGe,299707.11359793023
Y2MnIr,448481.3690658398
Y2MnNiO6,427327.13129114057
Y2MnO4,448991.037692217
Y2MnPb,266384.55178344576
Y2MnPd,394735.20602209656
Y2MnPt,410835.24308788765
Y2MnRh,442056.22862955916
Y2MnRu,396247.63580156857
Y2MnS4,307485.19701578864
Y2MnSb,255464.54646144772
Y2MnSbO7,267433.31804814044
Y2MnSi,305100.09744643205
Y2MnSi2,287281.53387405386
Y2MnSn,193212.9987649848
Y2MnTe,229436.42721895417
Y2Mo2O5,200857.60847078828
Y2Mo2O7,273817.10149268096
Y2MoIr,203940.26029602694
Y2MoO4,350493.14817043487
Y2NbAs,73654.39059709609
Y2NbAu,222890.83293997808
Y2NbGe,137163.30061747154
Y2NbIr,329321.6808499122
Y2NbO4,132516.19887782724
Y2NbPd,289039.6714436476
Y2NbPt,284698.14479890995
Y2NbRh,325671.5581696728
Y2NbSb,133054.1648510373
Y2NbSn,118373.4151556493
Y2Ni17,262740.84460537735
Y2Ni2O5,353560.5898281197
Y2Ni7,86749.9403077399
Y2NiO4,187552.29312234427
Y2NiTe,123460.25876869903
Y2NpO4,287273.27751022234
Y2Os2O5,62089.086048918856
Y2OsO4,352322.973883673
Y2Pa2O5,214729.39941658644
Y2PaO4,191761.02898486538
Y2PaSb,170635.33046339607
Y2PaSn,160410.23474716564
Y2PbAu,56938.2304153288
Y2PdO4,167912.1709271706
Y2PdPb,59554.36998365976
Y2PtO4,173341.15795919733
Y2PtW,147206.37229873074
Y2Pu2O5,729487.9541253501
Y2PuAs,600704.8013795302
Y2PuAu,657282.5313871844
Y2PuGa,610062.3032751675
Y2PuIn,585306.6000640478
Y2PuO4,476220.3378107722
Y2PuPb,598336.3929965169
Y2PuPd,679387.0443651094
Y2PuSb,539010.69089573
Y2PuSn,592122.6369143995
Y2PuTe,534035.1834280414
Y2Re2O5,94501.19074958602
Y2ReO4,433456.1323345397
Y2RhO4,262730.74017321446
Y2Ru2O5,57466.91125225797
Y2Ru2O7,284257.32991973107
Y2RuO4,349387.10646545934
Y2S3O20,223641.24125807759
Y2SbAu,64608.85890992167
Y2SbO4,80736.44047163748
Y2SbPd,57436.290088351474
Y2SbTe,54330.67913987777
Y2Sc2O5,64040.772725619994
Y2ScGa,115524.67425130516
Y2ScHg,66626.86387413979
Y2ScIn,114678.04882456022
Y2ScIr,56781.56689818456
Y2ScPb,90649.31133863826
Y2ScPd2,62853.85022586813
Y2ScPt2,73546.74595394557
Y2ScSn,82888.91146541559
Y2ScTl,134061.81408546132
Y2Se3O20,346680.40693267627
Y2Si3(NiO4)3,240002.88239982017
Y2Si3(WO4)3,422069.5529779818
Y2SiPt2,636032.2217941802
Y2SnPd,66847.83840100544
Y2SnRh,52371.22582899421
Y2TaPt,273926.08955385326
Y2Tc2O5,134091.87269493457
Y2TcO4,428837.3873870737
Y2TcTe,79855.40063112491
Y2TeAs,53167.36366056725
Y2TeAu,123947.84750309706
Y2TePd,153569.35010958932
Y2TePt,122865.40566743547
Y2ThAs,79406.9647252917
Y2ThAu,146362.4281808112
Y2ThIn,65245.36008145268
Y2Ti12(CuO4)9,135560.8484700612
Y2Ti2O5,137027.0779140507
Y2Ti3(SiO4)3,235163.41277263095
Y2TiAl,263466.3234221154
Y2TiAs,204390.15399791425
Y2TiAu,305462.40784126887
Y2TiBi,283767.298498274
Y2TiCuO6,73328.3935833615
Y2TiGa,276850.20599486394
Y2TiGe,309772.9981392478
Y2TiHg,279530.19616633194
Y2TiIn,266029.7548285021
Y2TiIr,281860.5157758484
Y2TiPb,291809.0295388447
Y2TiPd,310582.6118571544
Y2TiPt,314914.51434044243
Y2TiRh,302881.0354165951
Y2TiSb,247471.30235527724
Y2TiSi,312855.53601261624
Y2TiSn,288163.40250999725
Y2TiTe,230465.06910638456
Y2TiTl,274246.28874063847
Y2TlAu,64878.517378397
Y2TlFe,147535.88100297918
Y2Tm2O5,89750.7506427963
Y2TmAl,66286.89203434363
Y2TmIn,103043.32281756787
Y2TmTl,117999.30030216614
Y2U2O5,418349.2371990491
Y2U3O11,95816.40413633332
Y2U3S5O3,288184.57479485206
Y2UO4,289592.20599826693
Y2US3O2,113022.18238145925
Y2USe3,159126.54821286214
Y2V2O5,420245.7285366299
Y2V2O7,145122.15620271745
Y2V3(SiO4)3,345323.72996263346
Y2V3O9,168501.27833460533
Y2VAs,332835.6895425204
Y2VAu,375731.843671607
Y2VBi,333306.4351429914
Y2VGa,345690.05353619804
Y2VGe,342490.8517178489
Y2VIn,326409.50269937515
Y2VIr,388248.02621565404
Y2VO4,270585.6870848592
Y2VPd,355861.6409336817
Y2VPt,384244.8767397308
Y2VRh,392737.63403872336
Y2VSb,271139.58350355393
Y2VSi,334668.2194321646
Y2VSn,299363.7821692511
Y2VTe,274678.11892700207
Y2W2O5,53443.23746043866
Y2W2O7,257666.6635673515
Y2WO4,349209.21372240275
Y2ZnAu,51007.38164530451
Y2ZrAl,233510.7283048921
Y2ZrAs,135521.3444092914
Y2ZrAu,289174.5767256845
Y2ZrBi,118719.00149091976
Y2ZrGa,156476.6368478741
Y2ZrGe,117649.6083158059
Y2ZrIn,151565.65228911425
Y2ZrIr,234690.62057380925
Y2ZrPb,113000.10733346494
Y2ZrPd,268508.8531870307
Y2ZrPd2,131809.5044080293
Y2ZrPt,269657.5864603347
Y2ZrPt2,102875.41460774587
Y2ZrRh,253444.61178463555
Y2ZrSb,125450.9076261037
Y2ZrSi,118598.6533624732
Y2ZrSn,113124.57949295834
Y2ZrTe,153678.7054202873
Y3(Co2Sn)4,258948.56282596663
Y3(FeRu2)2,273509.0340851774
Y3Al3Cr2O12,240861.60551989096
Y3Al3V2O12,159216.45851207865
Y3AlFeS7,150724.16579361845
Y3AlNiS7,77493.67886302763
Y3BeCrS7,116466.26046200945
Y3Co6Sn5,98767.46144443972
Y3Cr2(GaO4)3,231376.13715449595
Y3CrS6,138880.4798705941
Y3F,59485.964164458295
Y3Fe29,1401563.2382684478
Y3Ga3(FeO6)2,382489.952511909
Y3GeO8,167447.50377380315
Y3Ho,180303.20169746896
Y3HoFe4(Ge2O7)4,328705.95888998784
Y3In,96698.68193263223
Y3Mg,50914.269103715385
Y3Mg2CrS8,84675.15994374012
Y3Mg2MnS8,111951.68998432667
Y3Mg2MoS8,83684.91470372128
Y3Mg2VS8,56398.84230823378
Y3Mg2WS8,84070.2632274121
Y3Mn3Ga2Ge,487408.611195884
Y3Mn3Ga2Si,499190.33589164657
Y3MnAlS7,185641.33535026223
Y3Ni13B2,55057.56057586524
Y3O,97958.66352062307
Y3O2,99487.60990674254
Y3Pu,467223.74392656755
Y3Th,80330.54082399154
Y3Tl,120060.6020386319
Y3Tm,183372.59511775427
Y4(Mo2O7)3,129940.73410356446
Y4Co13Si2(SbO14)2,581294.2120571655
Y4Co16B3C,452315.0599781116
Y4Cr13Si2(SbO14)2,697623.2488262684
Y4CrS7,135040.75905267106
Y4Fe13Si2(SbO14)2,749939.3755623549
Y4Fe4Co12B3C,556197.2616074679
Y4FeS7,143128.56700458328
Y4Ge(O4F)2,84708.5482837547
Y4GeO10,167153.53146291463
Y4Mn13Si2(SbO14)2,905974.1831036432
Y4Mn3NiO12,524124.7680070366
Y4MnS7,175447.07209651064
Y4Ni,88019.0153514657
Y4O5,105556.5822681641
Y4Si2Ni13(SbO14)2,399701.37167954637
Y4Si2Sb2W13O28,478983.11412197474
Y4Ti13Si2(SbO14)2,135631.47967151826
Y4UPd15,56598.88829164365
Y4US5O3,73365.0995152009
Y4US7,106518.61172491335
Y4V13Si2(SbO14)2,508577.308186588
Y4ZrMn5O15,600120.125956908
Y5(FeTe)2,56580.80573486218
Y5Be6Fe3(SiO5)6,254794.99453884255
Y5Mg,72474.39500986226
Y5Mg(MoO6)2,146733.90823663797
Y6CoBi2,59456.87530295935
Y6Cr(GeS7)2,75881.64489537477
Y6Cr(SiS7)2,77591.66409083255
Y6Cu11O24,61487.04253372908
Y6Fe(SiS7)2,77715.21945916419
Y6Fe23,1089166.5061718335
Y6Ge2O13F3,85094.94146282178
Y6MgMn6O18,592013.0831751144
Y6Mn(SiS7)2,97013.27345595363
Y6Mn11S20,646303.4799565506
Y6Zr22O53,59880.22811431054
Y8MgCu7O20,133396.56384076134
YAgO3,213903.7369052292
YAl2Cr,371502.06166263105
YAl2Fe,136099.187648444
YAl2V,316003.36795995187
YAl7Fe5,410983.8409743453
YAlCdCo,87227.24161919182
YAlCoAg,79607.60666111397
YAlCoAu,172786.9824367141
YAlCoCu,57550.41135763485
YAlCoHg,112996.34597672307
YAlCoIr,138492.27519249852
YAlCoNi,159897.205053886
YAlCoPd,54911.0771325534
YAlCoPt,170025.65615144197
YAlCoRh,115142.37008378797
YAlCrAg,515819.4061071804
YAlCrAu,526848.5283330374
YAlCrCd,424926.1416932799
YAlCrCo,421409.6720569618
YAlCrHg,435872.0462742177
YAlCrIr,430919.97250320425
YAlCrNi,543128.0516059285
YAlCrPd,496029.20639988745
YAlCrPt,499930.54178838746
YAlCrRh,431412.2868369907
YAlCrRu,445596.68523652485
YAlFe,283605.4557209682
YAlFeAg,251798.20743333918
YAlFeAu,298107.3971629719
YAlFeCo,135475.83550221747
YAlFeCu,256887.96674559734
YAlFeIr,303181.9347271768
YAlFePd,293390.98975191585
YAlFePt,326971.15237579355
YAlFeRh,285770.1476174275
YAlFeRu,253846.09703450408
YAlZnCo,69460.65632968486
YAlZnCr,446472.8139342334
YAlZnFe,293637.7588902378
YAsOs,85976.57859902082
YAsRu,164624.08989518113
YB4Rh7,117010.42665829971
YBPd,66254.43809364512
YBeCoAs,92968.71546145502
YBeCoSb,68938.09862462158
YBeInCo,127166.06513618566
YBeO3,162162.03018169507
YBi(WO4)2,114571.33114244102
YBiIr2,58496.58349903579
YBiRu2O7,62336.15135364209
YC9(BrO4)3,81199.9598580196
YCd(CoO3)2,268405.0752220266
YCd(FeO3)2,759788.6301830243
YCd(NiO3)2,90588.84942251058
YCd(RhO3)2,57602.9854948922
YCd(RuO3)2,212979.16645761422
YCd2PbO6,67900.2866559027
YCdCoAs,119081.12563551235
YCdCoSb,83970.4242163447
YCdFeAs,244009.2846329468
YCdFeGe,290694.3867891828
YCdFeSb,220280.93397829312
YCdFeSn,268849.26357614616
YCdGaCo,99654.87479216026
YCdGaFe,299208.2282867835
YCdO3,59042.3449739912
YCo,75269.03775226459
YCo(BO2)5,185101.85376908432
YCo(WO4)2,243864.9833349363
YCo2,371275.96053013974
YCo2As,308905.63273055345
YCo2Bi,262189.8907015743
YCo2Ge,156849.0654479599
YCo2Ir,530554.0055079231
YCo2Pt,380582.93695614935
YCo2Sb,280779.04593795206
YCo2Si,163563.69867934615
YCo2Sn,145225.07527327994
YCo2Te,240525.50519766295
YCo3,304178.57724612847
YCo3F15,343463.31831684284
YCo3H2,464696.5027726461
YCo3P2,86886.19868305842
YCo4(CuO4)3,384198.4249819678
YCo4B,256255.65173877875
YCo4Ge,432796.12163408025
YCo4Si,415840.6731734437
YCo5,770449.2281
YCo5As3,244626.66683179553
YCo5Si3,67274.49582615387
YCoAgGe,146018.64676006336
YCoAgPb,126153.15951450364
YCoAgSn,133992.2420160324
YCoAs,148618.4382431383
YCoAs2,83807.50525782711
YCoAsAu,168880.38730028886
YCoAsIr,273525.67902628216
YCoAsPd,167575.25571104902
YCoAsPt,204200.40461088836
YCoAsRh,277704.5272728583
YCoAsRu,146185.45403753704
YCoAu,70820.79678466533
YCoAu2,160993.71850121225
YCoB4,149520.6762420525
YCoBi,107282.10839891175
YCoBiAu,125824.57793105664
YCoBiIr,219459.8658055368
YCoBiPd,148318.2741381258
YCoBiPt,96904.20812872639
YCoBiRh,223182.46229730942
YCoBiRu,128818.57025315733
YCoC6N6O5,290642.1519582082
YCoCuGe,102874.63990458191
YCoCuPb,119809.42540655182
YCoCuSi,74386.8377989806
YCoCuSn,114081.83258863185
YCoF5,232587.34203847375
YCoGe,218910.2100131412
YCoGeAu,176817.820231012
YCoGeIr,211445.88854557235
YCoGePd,219243.57305122574
YCoGePt,132709.15651043298
YCoGeRh,193835.38857892767
YCoHgAs,118135.42075599307
YCoHgGe,54806.43213294743
YCoHgSb,100611.84848285472
YCoIr,282175.82367404684
YCoIr2,417339.39348337875
YCoIrPb,132166.02670988394
YCoNi,188495.95167611007
YCoNiAs,172652.35431113848
YCoNiBi,130214.50426607102
YCoNiGe,196537.1655407914
YCoNiSb,73027.10233991302
YCoNiSn,177848.54240714968
YCoO3,343309.1664496787
YCoPb,164383.4015852557
YCoPbAu,155418.45140988732
YCoPd,207962.4677776213
YCoPd2,86441.10191508949
YCoPdPb,83922.3979150241
YCoPt,229451.76837412093
YCoPt2,105610.93185452449
YCoRh,251559.9396910829
YCoRh2,142677.31466340984
YCoRhPb,131648.3793152362
YCoSb,125495.33308329139
YCoSbAu,145160.66486776882
YCoSbIr,254072.27552892672
YCoSbOs,132220.9247404408
YCoSbPd,144147.5537221133
YCoSbPt,181189.21733704078
YCoSbRh,246096.76629366563
YCoSbRu,133007.82177947438
YCoSi,137561.14212683038
YCoSiAg,61530.20831989724
YCoSiAu,176368.30489245575
YCoSiHg,55667.075692838385
YCoSiIr,148239.46681619433
YCoSiNi,250849.82457934896
YCoSiPd,205454.78062146995
YCoSiPt,261162.99108677276
YCoSiRh,200617.8231949433
YCoSiTc,66117.34880075474
YCoSn,157871.10611237754
YCoSnAu,157809.01209796732
YCoSnHg,95737.11265861854
YCoSnIr,133115.12785745613
YCoSnPd,191869.34975073478
YCoSnPt,212588.90638782407
YCoSnRh,169598.67530163514
YCoTcGe,99610.01576392405
YCoTcSn,100762.36174996183
YCoTe2,173311.3146914299
YCr(HgO3)2,73775.89630524577
YCr(WO4)2,312691.3936261733
YCr2CdO6,423131.26969442767
YCr2O2,1087351.273384328
YCr2O4,745939.362035113
YCr2PbO6,409388.71783771977
YCr2Si2C,148789.17987799892
YCr3F15,219203.19930828235
YCr3O6,662816.7633547278
YCr3O9,154444.21171521104
YCr3Se2ClO8,479806.4668909535
YCrAgAs,543341.1125088226
YCrAgBi,480718.5288423575
YCrAgGe,475714.15968694823
YCrAgPb,432026.8060451981
YCrAgSb,491799.3474893682
YCrAgSn,464629.68523458485
YCrAs,560277.1532353021
YCrAsAu,546898.4319848225
YCrAsIr,538879.2636428026
YCrAsPd,525988.0684031486
YCrAsPt,521474.86594318424
YCrAsRh,565930.6829582049
YCrAsRu,527967.555257596
YCrAu2,487526.61303675256
YCrBiAu,484389.2921791375
YCrBiIr,515527.0840201419
YCrBiPd,477236.87709329696
YCrBiPt,478299.18176589056
YCrBiRh,505925.2297348477
YCrCdAs,441099.52883854415
YCrCdGa,438402.61307128216
YCrCdGe,433636.13511145726
YCrCdSb,402757.2646112887
YCrCdSn,398891.1260026565
YCrCoAs,648198.8841963729
YCrCoGe,625582.8141409195
YCrCoSb,637334.9594801461
YCrCoSi,596774.449844547
YCrCoSn,513991.5423183265
YCrCuSn,519936.8956333242
YCrF5,304637.9603981254
YCrGa2,400722.8987338179
YCrGaAg,520138.0883863196
YCrGaAu,528866.6594654302
YCrGaCo,428948.6030674719
YCrGaHg,443989.1498587129
YCrGaIr,440710.9289233204
YCrGaNi,546930.9095373261
YCrGaPd,497064.51740426593
YCrGaPt,502071.4436578082
YCrGaRh,440754.06506731187
YCrGaRu,457543.8167591581
YCrGe,579887.1037780711
YCrGe2,394814.13932268607
YCrGeAu,513134.1972849255
YCrGeIr,516924.5034917917
YCrGeO5,303285.58479176916
YCrGePd,543172.3843776395
YCrGePt,546658.5967184409
YCrGeRh,520493.44668930094
YCrGeRu,416978.5248121962
YCrHg2,473953.50329226756
YCrHgAs,440144.5889544553
YCrHgBi,385605.2189323274
YCrHgGe,463453.3210074922
YCrHgSb,401335.2869954927
YCrIn2,372441.46829344693
YCrInAg,487158.3360728109
YCrInAu,494339.9838262983
YCrInHg,419922.85418132035
YCrInIr,420595.7911659394
YCrInNi,498138.7058608274
YCrInPd,466808.3083529934
YCrInPt,471144.4294439146
YCrInRh,420183.87205036846
YCrIr2,446741.7447171016
YCrIrPb,465427.4502287421
YCrNiAs,558551.3945619009
YCrNiGe,606134.7595473044
YCrNiSb,519967.30137351574
YCrNiSn,557558.003247862
YCrO2,547020.8681096684
YCrO3,486004.80496317655
YCrO4,117504.77380188186
YCrPbAu,467060.75222905795
YCrPd,592042.0027541636
YCrPd2,553743.8603176093
YCrPdPb,493542.62087033445
YCrPt,593167.1751808391
YCrPt2,552890.915878901
YCrPtPb,499809.3612495081
YCrRh2,507941.60000991425
YCrRhPb,470592.16768044804
YCrSb,502930.049871408
YCrSbAu,503062.692154057
YCrSbIr,524276.2294946052
YCrSbPd,491251.87619008904
YCrSbPt,498413.60289919586
YCrSbRh,538409.5670353876
YCrSbRu,495638.74818559154
YCrSi,587643.2114361435
YCrSiAg,487652.1029090637
YCrSiAu,493313.5481448496
YCrSiHg,454858.55240148504
YCrSiIr,532889.5946412946
YCrSiNi,623265.4079229393
YCrSiOs,427613.77056079544
YCrSiPd,555319.2926016208
YCrSiPt,566104.5323116155
YCrSiRh,532415.665611157
YCrSiRu,430352.1924974701
YCrSn,599474.988564665
YCrSn2,368255.7278434472
YCrSnAu,481186.7223569937
YCrSnHg,428709.6117182356
YCrSnIr,485153.3731015818
YCrSnOs,374809.53110906255
YCrSnPd,508591.70177971263
YCrSnPt,519121.1572253746
YCrSnRh,483734.3581372079
YCrSnRu,376227.3923926026
YCrTcSb,378287.59748751053
YCrTe,393737.66740139003
YCrTe2,430264.6119584722
YCrTeO6,252770.5380427186
YCu3(NiO3)4,192583.6686953992
YCu3(SnO3)4,79843.7096561539
YCuF5,78159.69276252767
YCuIr2,84679.74866301924
YEr,183276.38025603638
YEr(BiO3)2,89482.47456344299
YEr(CoO3)2,333445.41304264584
YEr(FeO3)2,813752.4883836673
YEr(NiO3)2,184931.81970711122
YEr(RuO3)2,107748.89580996927
YEr(SbO3)2,94232.64685961045
YEr2In,98099.37858502804
YEr2Pt,130343.0387460361
YErCo2,72725.40089991674
YErCr2O6,505798.6965885948
YErMn2O6,664784.1026534017
YErTe,98092.46320104376
YErTe2,93575.01507511287
YErV2O6,328474.60334801214
YF2,159404.85847524472
YFe(WO4)2,302127.14368690806
YFe12,1457911.9835992905
YFe2,608629.3481232915
YFe2As,702601.084513226
YFe2Bi2(SeO2)2,330914.1123729316
YFe2Ir,801855.0654442869
YFe2PbO6,732615.8109551659
YFe2Pt,738384.5087989088
YFe2Sb,519972.62861050386
YFe2Si,159908.3285289898
YFe2Sn,552935.8680908586
YFe3,851385.5188432676
YFe3(BO3)4,679160.9956616163
YFe3Se2ClO8,486457.14800135524
YFe5,1067437.7048086573
YFe5P3,176999.89202686245
YFe6Bi(BO3)8,672446.0279552505
YFeAgAs,345056.38326087594
YFeAgGe,317821.2432449498
YFeAgSb,253418.67330661567
YFeAgSn,269451.91353108676
YFeAs,326298.69256137055
YFeAs2,238003.59722350113
YFeAsAu,322912.5523594831
YFeAsIr,394270.66806332616
YFeAsPd,306306.18504474405
YFeAsPt,331801.29958469333
YFeAsRh,363966.7116027996
YFeAu2,331106.42777153116
YFeB4,236391.21358843238
YFeBi,252722.9633325581
YFeBiAu,275187.39421726303
YFeBiIr,275206.1563059968
YFeBiPd,269477.3293834953
YFeBiPt,288799.19970232266
YFeBiRh,257544.47531842339
YFeCo3B,548348.8393524804
YFeCoAs,357354.9266590017
YFeCoGe,276536.53716613003
YFeCoSb,144453.115543472
YFeCoSn,324859.31791278574
YFeCuAs,231873.743565233
YFeCuGe,285169.7831997306
YFeCuSb,207138.05092552688
YFeCuSi,289130.3458568717
YFeCuSn,261052.94601224456
YFeF5,302758.16093338456
YFeGe,413630.3279728877
YFeGe2,131931.0726168152
YFeGe2O7,328040.62830562727
YFeGeAu,304829.6184396446
YFeGeIr,335088.1069529823
YFeGePd,315140.28456629266
YFeGePt,331953.5814322025
YFeGeRh,240345.08056843153
YFeGeRu,140499.1692320183
YFeHgAs,253963.7214934684
YFeHgGe,310847.57380729663
YFeHgSb,228384.72557468712
YFeIr,511227.062408081
YFeIr2,619117.1403731359
YFeNi4,448716.9697075784
YFeNiAs,335662.1518866526
YFeNiBi,252382.61513902855
YFeNiGe,290981.6727791828
YFeNiSb,297345.1324424846
YFeNiSn,241226.64857623432
YFeO3,776249.9652794846
YFePbAu,277129.32747892354
YFePd,393106.65064996335
YFePd2,397473.79166954476
YFePdPb,289710.02605325705
YFePt,405558.9515752051
YFePt2,427749.28340741637
YFePtPb,300679.887792751
YFeRh,485722.322307457
YFeRh2,506129.0958904715
YFeRhPb,248312.4054049687
YFeSb,282392.1490275687
YFeSbAu,281517.9264965934
YFeSbIr,216275.7316566592
YFeSbPd,272918.79060657346
YFeSbPt,293175.98903065315
YFeSbRh,267574.2203443204
YFeSi,418057.1808189643
YFeSi2,147891.45051262836
YFeSiAg,327634.55335264985
YFeSiAu,308155.20014249394
YFeSiIr,253016.52751424906
YFeSiNi,294477.75359688955
YFeSiPd,271477.9578020806
YFeSiPt,306717.5411942415
YFeSiRh,235631.09127154193
YFeSiRu,143444.1772960024
YFeSn,363645.0164897908
YFeSnAu,281137.01574684517
YFeSnHg,279769.7430068643
YFeSnIr,321520.597597115
YFeSnPd,290794.9020137512
YFeSnPt,296610.8884616097
YFeSnRh,306578.6632466557
YFeSnRu,126540.0848453521
YFeTe,145965.4247689387
YFeTe2,291397.0499427758
YGa2Co3,87158.00316222906
YGa2Fe,262976.7468761308
YGaCoAg,153936.99867186212
YGaCoAu,186224.95269275014
YGaCoCu,134448.99692137554
YGaCoHg,136819.4441135112
YGaCoIr,142813.4759907241
YGaCoNi,174944.658149093
YGaCoPd,162199.0310955959
YGaCoPt,173730.87695624982
YGaCoRh,122954.14676184236
YGaFeAg,312363.84548785037
YGaFeAu,314455.6168196252
YGaFeCo,140610.44055042704
YGaFeCu,296391.2133981629
YGaFeHg,301744.34400886926
YGaFeIr,369548.6360802471
YGaFeNi,360814.97884972836
YGaFePd,315787.7991812312
YGaFePt,337031.60685010854
YGaFeRh,290005.65235206176
YGaFeRu,264462.60395794234
YGeIr2,66265.72662430587
YGeO3,58730.829085556135
YGeRu,199883.29354356424
YHf2Sb,164210.04385940984
YHf2Sn,102617.75927749806
YHfAs,62038.1609883519
YHfAs2,90316.70956721551
YHfHg2,101671.27273231633
YHfPb2,107589.26037116224
YHfSb,76556.00818798842
YHfSb2,83449.93480939102
YHgO3,66043.87313850086
YHo,181636.7728392311
YHo(FeO3)2,823436.161074932
YHo(NiO3)2,183766.7970112087
YHo(RuO3)2,101710.5996431489
YHo(SbO3)2,93022.58230399736
YHo2Hg,70266.26206950299
YHo2In,100437.2191757864
YHo2Pt,131512.99412334737
YHo2Tl,119819.25081183597
YHoCo2,76266.15711057559
YHoCr2O6,504842.56929242425
YHoMn2O6,663363.0952530564
YHoTe,96060.27704736186
YHoTe2,92220.77063399587
YHoV2O6,327788.21057167073
YInCoAg,141731.59307503182
YInCoAu,172416.69631121086
YInCoCu,105406.61142257576
YInCoHg,122360.95835965477
YInCoNi,127703.29202241237
YInCoPd,117578.32113784744
YInCoPt,160895.82373900886
YInCoRh,110939.61641738265
YInFeAu,297505.6569481344
YInFeCu,301758.29328142584
YInFeIr,264604.4627574651
YInFeNi,289818.04435289645
YInFePd,299317.12191744766
YInFePt,318167.09904269694
YInFeRh,329815.1918980784
YIrPt,91880.75567273604
YIrRh,94199.41252355198
YIrRh2,227448.71225538006
YLu2In,75428.00792236201
YLu2Pb,70133.44359302975
YLu2Pt,126501.24158971469
YLu2Tl,105527.81245311514
YLu3,92949.63522938352
YLu3Cr4O16,117466.01899005093
YLuAlNi,83146.77528194783
YLuCo2,60281.585872181044
YLuCoGe,110056.75453956888
YLuCoSn,59944.6632391371
YLuCr2O8,115887.344909023
YLuInNi,80824.97449682545
YLuMnSn,141489.11145507114
YLuTe,122863.73999885618
YLuTe2,82036.89248777105
YMg(CoNi)2,292643.2886980353
YMg14CoO16,58197.72782789639
YMg14Cr,109625.13749315054
YMg14CrO16,127032.36674791363
YMg14Fe,69806.1085337878
YMg14FeO16,98072.70591629327
YMg14Mn,108523.98273792825
YMg14MnO16,137888.27073124447
YMg14NbO16,78738.3598311406
YMg14Ti,52139.67131492016
YMg14TiO16,66158.319540222
YMg14V,87571.7771383476
YMg14VO16,82455.48440292894
YMg2Cr3S8,292792.6192113657
YMg2Mn3S8,380645.3781907165
YMg2Mo3S8,271014.849460345
YMg2Ti3S8,93709.13324402671
YMg2V3S8,191834.07113166517
YMg2W3S8,205274.66373572702
YMg30CrO32,71221.09081731635
YMg30FeO32,50757.19898381179
YMg30MnO32,73356.40208889364
YMg4(SiO3)4,88294.35680107996
YMg6CO8,54226.66013810003
YMg6CoO8,111751.3849805784
YMg6Cr,205369.40333606035
YMg6CrO8,238713.428485169
YMg6Fe,116980.17487225684
YMg6FeO8,177443.0679253991
YMg6Mn,182379.4841142435
YMg6MnO8,249632.0008311909
YMg6Mo,63465.97277873176
YMg6Nb,77367.16644460849
YMg6NiO8,57501.0021133646
YMg6Ti,87579.040549304
YMg6TiO8,99000.71714640535
YMg6V,170792.3614267781
YMg6VO8,144857.58462967922
YMgAg(WO4)2,105882.78840402067
YMgAlCo,63512.86884982298
YMgCo(WO4)2,229840.78990971745
YMgCoAs,72783.28159792477
YMgCoSb,78251.19049543908
YMgCrAs,421757.8626846918
YMgCrGa,432868.63210532744
YMgCrGe,374599.62589848554
YMgCrS4,181399.86718714965
YMgCrSn,351260.85608500976
YMgCu(WO4)2,108928.5296135053
YMgFeAs,234476.01687214078
YMgFeGe,256541.16453799015
YMgFeSb,103215.43624713506
YMgFeSn,200950.44229298408
YMgGaCo,80299.25923520236
YMgGaFe,285444.17658741766
YMgHg,111168.07368669595
YMgInCo,111100.4002884128
YMgMnAl,384654.81692118733
YMgMnAs,351959.1075203377
YMgMnGa,392973.6152892871
YMgMnGe,385876.8456319036
YMgMnS4,237980.33037500948
YMgMnSb,317355.19386213744
YMgMnSi,391529.6860217082
YMgMnSn,324747.05276010913
YMgMo(WO4)2,358017.6693834143
YMgMo3O8,366970.83542078506
YMgMoS4,174739.61216455157
YMgO3,152833.7366842754
YMgS3,70851.35316560818
YMgTiS4,59328.683159269705
YMgVS4,120652.67230998255
YMgWS4,167228.97991947684
YMn(PbO3)2,156869.4857351564
YMn2AsO4,680767.4860422914
YMn2CdO6,596367.863573723
YMn2O4,850041.380228215
YMn2O5,737989.5936931506
YMn2PbO6,573338.928309564
YMn2Pt,932814.7042176027
YMn2SiC,360007.51917981304
YMn2SiGe,432217.0146711068
YMn2Sn,769238.5557635796
YMn2ZnO6,606221.8366886585
YMn3F15,327875.4525792629
YMn3O6,841563.0980045825
YMn4(CuO4)3,482411.864374231
YMnAgAs,458435.5705661203
YMnAgSb,375700.0410591223
YMnAgSn,392468.16333588003
YMnAl,423078.19399654854
YMnAl2,383232.4109059466
YMnAlAg,479792.7702235568
YMnAlAu,483931.5004522456
YMnAlCd,401043.17467199685
YMnAlCo,618971.504866001
YMnAlCu,519877.23445572687
YMnAlHg,408457.3525098598
YMnAlIr,529509.6333733089
YMnAlNi,581343.3813663411
YMnAlOs,410175.96564427647
YMnAlPd,515116.0539500697
YMnAlPt,529644.9752863062
YMnAlRh,536031.537939667
YMnAlRu,472068.8483093763
YMnAlZn,430460.68694103253
YMnAs,442935.1977853427
YMnAs2,438176.7519547214
YMnAsAu,444840.42121109314
YMnAsIr,532175.1036847747
YMnAsPd,486741.3241133871
YMnAsPt,522233.03719146317
YMnAsRh,548432.192356667
YMnAsRu,599719.7581860005
YMnAu,505938.6628865774
YMnAu2,478825.5503786126
YMnB4,160124.38536641156
YMnBeGa,441546.7700963624
YMnBi,369801.3717839825
YMnBiAu,385081.7388633952
YMnBiIr,474733.8911183653
YMnBiPd,426771.3502437355
YMnBiPt,456235.4106540708
YMnBiRh,481349.41261342523
YMnCdAs,348141.0302482914
YMnCdGa,411413.41051827447
YMnCdGe,430160.10092266626
YMnCdSb,317139.8347699608
YMnCdSi,429585.1276518993
YMnCoAs,684470.445777042
YMnCoGe,693474.0390362366
YMnCoSb,562413.5544447761
YMnCoSi,691597.7630951835
YMnCoSn,635552.286169176
YMnCuSb,351617.85002898297
YMnCuSn,421260.17983396514
YMnF5,390319.74858636904
YMnFeAs,755937.5712571236
YMnFeO5,820137.0010739833
YMnFeSb,650828.0208924043
YMnFeSi,616345.2234587597
YMnFeSn,634752.5409316188
YMnGa2,437130.5708890914
YMnGaAg,486023.569712558
YMnGaAu,494763.4008792815
YMnGaCo,574157.5163968756
YMnGaCu,537098.9807584031
YMnGaHg,421764.2561172765
YMnGaIr,528086.8630985677
YMnGaNi,597024.8143068543
YMnGaO5,318935.39464518713
YMnGaPd,525883.6166966949
YMnGaPt,534284.6463182354
YMnGaRh,539143.5583829232
YMnGaRu,482838.29309877387
YMnGe,528238.4749533627
YMnGe2,403165.87448793143
YMnGeAu,449842.35782654124
YMnGeIr,542531.6120395615
YMnGePd,520875.2439697681
YMnGePt,524855.102322848
YMnGeRh,555636.808578165
YMnGeRu,549882.0397670614
YMnHg2,445731.3329508729
YMnHgAs,365056.02532376297
YMnHgBi,334584.32658830594
YMnHgGe,425925.28941345133
YMnHgPb,389568.0602863236
YMnHgSb,327151.8418612307
YMnIn2,385402.7701571842
YMnInAg,453463.76347781764
YMnInAu,460650.4104417303
YMnInCo,514181.7212101816
YMnInCu,494347.812562096
YMnInHg,393692.4471487735
YMnInIr,484688.4749613552
YMnInNi,558812.3628558856
YMnInPd,493673.9025688445
YMnInPt,501413.585048181
YMnInRh,496477.0902763877
YMnInRu,377420.6448336572
YMnIr,641996.0778647574
YMnIr2,586918.2415945625
YMnIrPb,493587.6016457842
YMnN2,237312.07844926667
YMnNi2,658180.5853252505
YMnNiAs,520150.286878678
YMnNiGe,572440.359193103
YMnNiSb,463203.39330380526
YMnNiSn,520068.8140870256
YMnO3,631832.057983268
YMnPbAu,410805.1711997057
YMnPd,543847.0376334692
YMnPd2,510673.2238997603
YMnPdPb,461448.9328199891
YMnPt,537580.1071351874
YMnPt2,530537.7904920334
YMnPtPb,470692.9880887165
YMnRh,625581.6541437057
YMnRh2,578147.481771352
YMnRhPb,499392.39785232773
YMnSb2,374433.45421016077
YMnSbAu,391524.55179606203
YMnSbIr,485038.53841753193
YMnSbPd,434396.11258331337
YMnSbPt,463125.0487228959
YMnSbRh,502735.2284389952
YMnSbRu,507232.89349805476
YMnSi,460306.98297115
YMnSiAg,454155.48249063204
YMnSiAu,452421.6641052259
YMnSiHg,446386.9223559386
YMnSiIr,564403.0135772354
YMnSiNi,579852.494170163
YMnSiPd,533819.4715309242
YMnSiPt,539526.798008289
YMnSiRh,557753.502576388
YMnSiRu,305993.0470958187
YMnSiTc,434811.1846801425
YMnSn,478665.7820751327
YMnSn2,342053.599598457
YMnSnAu,413951.3856296105
YMnSnHg,398135.01215575583
YMnSnIr,519855.94810951245
YMnSnOs,474086.09004255355
YMnSnPd,477548.77744099905
YMnSnPt,487537.8287598281
YMnSnRh,514048.70473443455
YMnSnRu,518901.79202792526
YMnTcSn,374675.99022888805
YMnTe,302049.9917382536
YMnTe2,367746.5312176951
YMnTlAg,447060.2129937363
YMnTlAu,452160.2313491397
YMnTlHg,395472.5274801411
YMnTlIr,493015.4702030633
YMnTlPd,486703.14337096555
YMnTlPt,492441.4851038142
YMnTlRh,489962.6223228309
YMnTlZn,401051.0533461716
YMnZn2,476719.9791913758
YMnZnAg,506252.73340341984
YMnZnAs,372320.46160280646
YMnZnAu,522875.251949092
YMnZnCd,450224.20367420703
YMnZnGa,446181.4454049087
YMnZnHg,463735.982018773
YMnZnIn,417615.71103970584
YMnZnIr,484713.8779269175
YMnZnNi,559464.2793533164
YMnZnPd,513800.0383738653
YMnZnPt,519636.2812572213
YMnZnRh,477679.64800686
YMnZnSb,343587.9241885325
YMnZnSi,459668.3361904571
YMnZnSn,389988.5196782402
YMo(WO4)2,289020.9715896637
YMo3F15,185496.02192949364
YMo3O8,287280.6258254116
YMo3Se2ClO8,353892.1432597237
YMoO3,385049.9531506226
YMoPd2,359299.9635626119
YMoPt2,331369.7931887651
YMoRh2,161561.63324057686
YNbAl2,188131.60363597327
YNbAs2,51474.16837860221
YNbAu2,150707.9490184931
YNbGa2,198317.2470655051
YNbGe,149438.09628974763
YNbGe2,171383.77724318704
YNbIn2,188786.6173260247
YNbO2,54585.445505478354
YNbPd2,90227.09862117177
YNbSi,152039.19332209445
YNbSi2,64660.56855956602
YNi(WO4)2,59570.231479335656
YNi2PbO6,172760.3877681987
YNi3Se2ClO8,251502.33923889956
YNi5,159826.90173833206
YNiF5,158037.49114545778
YNiH3SO7,147019.13617969374
YNiIr,83274.14427493999
YNiIr2,126916.61866243379
YNiO3,179577.76463223185
YNiRh2,124005.02114959806
YNiSO7,287060.92917446763
YNp3,1137257.2885378401
YNpAl2,422268.47185919184
YNpAs,626914.3267247633
YNpAs2,411851.8196928902
YNpAu2,435682.75016677467
YNpBi2,377002.0090446921
YNpGe2,428627.1879261965
YNpIn2,398948.8520401348
YNpIr,578655.6555462659
YNpIr2,386899.0538288067
YNpO3,448361.20998713875
YNpPd2,497869.5790660985
YNpPt,603599.9536614062
YNpRu2,349193.60394619865
YNpSb2,384263.30180660187
YNpSi2,418577.64443821233
YNpTe,591140.8334686188
YNpTe2,481616.5387427206
YO,102732.00647542218
YO2,175989.7942353245
YO2F,315625.95599894813
YO3,68071.31183239372
YOsO3,51111.89698807971
YPO6,157045.09405931324
YPaAs,244265.7902176743
YPaAs2,137243.39580834503
YPaBi2,150162.71296302407
YPaGa2,119143.89229978871
YPaGe,140888.22352180546
YPaHg2,188711.48687991186
YPaIn2,123807.78623552815
YPaO3,203238.8080245516
YPaOs,128159.61490985527
YPaPb2,192325.27238689404
YPaPd2,57156.75852616747
YPaPt,99097.17171974736
YPaPt2,55547.53041307809
YPaSb2,135999.60032798088
YPaSi,125946.32984838366
YPaSn2,156728.9502620892
YPaTe2,124019.48602104881
YPd2Ru,166498.3809824825
YPdO3,169768.97767268211
YPtO3,172273.6261335635
YPu2As,1179695.4205356743
YPu2Ir,1162187.1556445847
YPu2Pt,1188407.0106174091
YPu2Sb,1083528.6239894647
YPu2Sn,1083510.8369092322
YPu2Te,1067945.1437133166
YPu3,1471849.3744016597
YPuAg2,592239.2305035408
YPuAl2,541033.8908135758
YPuAs,776702.1278026953
YPuAs2,545945.4295160095
YPuAu2,555764.43839724
YPuBi2,461555.0725423707
YPuCd2,561644.6048702435
YPuGa2,574420.3474941616
YPuGe,706684.6927489481
YPuGe2,611003.4131440854
YPuHg2,547501.6055293754
YPuIn2,525911.2185387115
YPuIr,686171.8715359697
YPuO3,559409.5553374456
YPuPb2,513533.8537973813
YPuPd2,645190.0233633118
YPuPt,712426.5119770669
YPuSb2,475764.60337834567
YPuSi,761289.8242510798
YPuSi2,606058.5012024962
YPuSn2,517530.24817634566
YPuTe2,573149.663381842
YPuTl2,600898.1438832112
YRe(WO4)2,354495.56561272533
YReO3,296535.6755445986
YRePt2,299252.0440645066
YRhO3,233275.20442787264
YRu2PbO6,223578.2047147667
YRu3,100852.87965903862
YRuO3,105399.97113329235
YRuPt,214294.58669682124
YRuPt2,129414.23473623743
YRuRh2,406032.5823749722
YS2,68793.5536398572
YSb(WO4)2,112529.31233446763
YSc2Al,103143.36082350652
YSc2Au,229273.84663472578
YSc2CdO6,73755.21124041919
YSc2Ga,136905.8976877802
YSc2Ge,127357.8460400356
YSc2In,137434.04825541348
YSc2Ir,81048.49738172027
YSc2Pb,68675.49881402763
YSc2Pd,150712.9704078225
YSc2Pt,153588.95885128787
YSc2Rh,96970.95310404719
YSc2Si,78058.97450141402
YSc2Sn,119650.83061994141
YSc2Tl,161449.6742481214
YSc2ZnO6,89145.83977599598
YScAl,55109.45759924435
YScAlFe,125345.47218806937
YScAlNi,109460.59189665379
YScBi,162801.3243931534
YScCdIn,62414.765461325296
YScCoGe,69885.76389077799
YScCoSi,133163.1206748499
YScCoSn,117437.58510800655
YScCrSb,114024.3564939809
YScCrSn,217871.37238522622
YScCuSb,86849.98812403058
YScCuSn,190056.4120231634
YScFeAs,52483.52962247094
YScFeSb,102887.84666324894
YScGaFe,126946.99703302945
YScGaNi,113971.06975066266
YScInFe,115660.98482711612
YScInHg,96288.64576103562
YScInNi,106554.0011080429
YScMnAl,237819.57012433675
YScMnGa,241825.92106349388
YScMnGe,125510.94699827806
YScMnIn,218541.14235970686
YScMnSi,131103.6111074212
YScMnSn,114871.58358993975
YScNiAs,89182.78488555533
YScNiGe,166178.33883841167
YScNiSb,178104.2049586189
YScNiSn,189775.49575730084
YScPb,97771.8415965708
YScSb,188332.89333801036
YScSiNi,178783.43683180946
YScTe,117083.94004917191
YScTe2,143473.33545280027
YScTlNi,107157.20682726134
YSe,54091.18125384579
YSi(HO2)2,101625.20434961931
YSiO3,62026.25783808789
YSn(WO4)2,53212.60886500879
YTa(WO4)2,232425.89623069236
YTaGa2,139677.5021258834
YTaO3,121955.13593236501
YTc2PbO6,300308.8677513807
YTcAs,215266.062178507
YTcO3,445844.58102422097
YTcPt2,318869.81768459576
YTcRh2,499111.81568725314
YTcTe2,204092.33845931248
YTe,102820.68764985037
YTe(WO4)2,52072.635953360936
YTe2Mo,102306.92390462209
YTe2W,64142.40972519544
YTeRu2,115414.66223900892
YTh2Sn,66746.32723199305
YTi,252175.23477279817
YTi(WO4)2,179485.75515011288
YTi2Al,369876.864533099
YTi2As,129924.45175523944
YTi2Ga,381348.48216747446
YTi2Ge,145342.32734016367
YTi2In,371816.05172093323
YTi2Sb,123015.85701218076
YTi2Si,146640.6566612908
YTi2Sn,194580.35096709343
YTi4(CuO4)3,88841.8937997993
YTiAg2,209356.9069574563
YTiAl2,111542.27774315204
YTiAlCo,137019.75743374444
YTiAlNi,263686.8750946698
YTiAs,199877.9493519122
YTiAs2,174769.9838233424
YTiAu,209661.55651192344
YTiAu2,181976.97619413078
YTiBi,176896.84658892007
YTiBi2,176465.2405864216
YTiCd2,153776.15650150343
YTiCo2,148327.91206758545
YTiCoAs,411091.6501252872
YTiCoGe,277261.56164540985
YTiCoSb,377838.80273100163
YTiCoSi,291371.8498656123
YTiCoSn,249477.19246767333
YTiCrSn,112151.97388489716
YTiCu2,192036.18018508307
YTiCuSn,380545.03757392586
YTiF5,153163.25162626652
YTiFeSb,253575.10946542642
YTiFeSi,147084.42874071788
YTiGa,195298.4436283652
YTiGa2,113035.7256000561
YTiGaCo,137652.91121804918
YTiGaNi,270364.7999669967
YTiGe,237078.7839776672
YTiGe2,235501.77933103187
YTiHg2,169622.66253148118
YTiIn2,147799.66817280225
YTiInNi,242992.58246495025
YTiIr,54610.33420771765
YTiMnAl,118160.01055464828
YTiMnGa,125603.86493977683
YTiNiAs,348966.101504567
YTiNiGe,390471.3467930904
YTiNiSb,350715.1201596467
YTiNiSn,357498.72054510354
YTiO3,127841.12224269196
YTiPb2,220768.28333545782
YTiPd,178684.63684539683
YTiPt,110786.48497663038
YTiRh,184417.74537037383
YTiSb,438551.53642829234
YTiSb2,171487.61836807802
YTiSi,134327.18667655948
YTiSi2,247640.72971839504
YTiSiNi,396827.1079242952
YTiSn,233797.30681769588
YTiSn2,225458.43934668586
YTiTe,280733.2563180301
YTiTe2,96752.15223775741
YTiTl2,180085.03160506557
YTiZn2,123421.76345650737
YTlCoAu,174351.9434388266
YTlCoNi,137602.5142607934
YTlCoPd,153152.97187285713
YTlCoPt,161316.63667478622
YTlCrAu,488866.0947546876
YTlCrHg,419526.41671695805
YTlCrIr,372484.8987154918
YTlCrPd,463698.09193257993
YTlCrPt,467905.99464043323
YTlCrRh,371142.49750186584
YTlFeAu,290686.2043135018
YTlFePd,295698.11189725157
YTlFePt,317547.5836091928
YTlFeRh,266569.88404001034
YTlS2O9,92058.20419845737
YTm(CoO3)2,333695.6806868157
YTm(FeO3)2,827513.6870790987
YTm(NiO3)2,184805.86211694105
YTm(RuO3)2,135824.33865721864
YTm(SbO3)2,82940.03456241047
YTm2Al,54009.3882618566
YTm2In,93115.77705014234
YTm2Ir,57564.988032409965
YTm2Pt,128934.92253961459
YTmCo2,64680.917187144354
YTmCr2O6,507170.62546032184
YTmMn2O6,666552.9863359827
YTmTe,104001.80546814918
YTmTe2,90931.03011861186
YTmV2O6,323858.13785049913
YU2(BRh)12,85889.89061990943
YU2O6,239054.58078882867
YU2S3O2,289757.83429195546
YU3,269622.11844652914
YUAl2,296393.95102851454
YUAl4,199140.21425122058
YUAs,457970.9767245877
YUAs2,267726.85476585216
YUAu2,306339.8758213967
YUB8,139390.7224127089
YUGa2,310940.3488007544
YUGa4,181389.97125546788
YUGe2,312890.67188985937
YUIr,412830.25330970186
YUO3,333491.5301975275
YUO4,122457.1820863478
YUOs2,184378.62295879357
YUPd6,130935.88360082463
YUPt,392550.70841376536
YUS2,301517.9730185578
YUSb2,237248.07428436662
YUSi2,318697.4024955392
YUTe2,349198.53953879664
YUTe6,94440.94269853024
YV(WO4)2,239957.49082613955
YV2CdO6,238259.09976778016
YV2O2,615155.53537632
YV2O4,519825.6128205057
YV2PbO6,239748.44896216993
YV2ZnO6,231188.79177813465
YV3O6,428238.6653463994
YV3Se2ClO8,353591.5610567279
YVAs,554211.7424067785
YVAs2,235143.10948432604
YVAu2,385612.9854798484
YVBi2,234881.95219915317
YVCoGe,428879.8834079676
YVCoSb,529086.5482134576
YVCoSi,448760.7031702181
YVCoSn,386125.0715127146
YVCuIr,132630.76272663637
YVCuRh,154568.70908806205
YVCuSn,531555.2498386193
YVF5,225656.9899341798
YVGa2,347012.36145934806
YVGe,395259.137687486
YVGe2,340130.9403452999
YVIn2,331794.1671923114
YVO2,492365.53202009003
YVO3,309415.3063410905
YVPd2,389141.7462307483
YVPt,437290.3823535825
YVPt2,362499.60369651974
YVRh2,108926.4094428846
YVSb,513484.78900020424
YVSb2,209517.6337828533
YVSi,254378.90138522725
YVSi2,339891.4181077134
YVSn2,298182.7631275039
YVTe,500544.36626455665
YVTe2,319602.26648407226
YVZn2,370688.7923416628
YW3O8,291795.06585840904
YWF5,283849.36407659255
YWO3,359194.97914233396
YWO5,87573.17061035936
YZn(CoO3)2,275227.97137902817
YZn(FeO3)2,771080.1407549988
YZn(IrO3)2,82022.04869899694
YZn(NiO3)2,94594.7210786661
YZn(RhO3)2,63145.483508899226
YZn(RuO3)2,94647.42517640226
YZn2Co,139551.73721221846
YZn2Cr,506963.7531220407
YZn2Fe,347508.7739233201
YZn2MoO6,81292.51783553444
YZn2O4,106395.50757993343
YZn2PtO6,65144.12773454104
YZn2ReO6,162200.74519279037
YZnCoAg,98245.66487812929
YZnCoAs,90615.35175829395
YZnCoAu,156626.76993387146
YZnCoBi,53185.622251238034
YZnCoCu,83223.35994389934
YZnCoHg,161491.49713484177
YZnCoIr,173751.11010692903
YZnCoPb,58596.225503511465
YZnCoPd,81850.46980100447
YZnCoPt,105165.55440626478
YZnCoRh,152955.04376088383
YZnCoSb,93232.34430673656
YZnCr2O6,431561.88492041186
YZnCrAs,480904.28500458034
YZnCrAu,489907.7085669837
YZnCrGa,458758.4864074848
YZnCrGe,424302.1433698704
YZnCrHg,478328.5986995411
YZnCrIn,431043.20249547815
YZnCrIr,477643.7632774218
YZnCrPd,454384.36843705934
YZnCrPt,452274.35942094796
YZnCrRh,483378.13489740307
YZnCrSb,431311.2850983248
YZnCrSi,416949.7003667734
YZnCrSn,397817.62908818666
YZnFeAs,261184.8995639364
YZnFeAu,314437.9141677992
YZnFeGe,298402.03012632957
YZnFeIr,378154.8039389249
YZnFePd,323035.1536490419
YZnFePt,343898.7138061879
YZnFeRh,345419.73595152504
YZnFeSb,224352.28808234943
YZnFeSi,296785.95313077496
YZnFeSn,245419.43580376334
YZnGaCo,82141.66491050755
YZnGaFe,305402.28316934593
YZnInFe,274208.6701512866
YZr2Al,131554.9258145885
YZr2As,160000.6118876913
YZr2Bi,147358.7448780977
YZr2Co9,123714.9416824611
YZr2Ge,56027.839171126034
YZr2In,114586.91202667463
YZr2Ni15,109695.0614317332
YZr2Pb,101395.54884218176
YZr2Sb,158052.3651721733
YZr2Si,57009.00184570352
YZr2Sn,53161.47805165389
YZr4O9,52128.963808371474
YZrAg2,120916.89720897611
YZrAs,89413.40733739306
YZrAs2,110367.74317385248
YZrAu,134861.487796719
YZrBi,97829.90928335724
YZrBi2,111882.05314388256
YZrCo2,143275.82060235567
YZrCu2,102344.74220847324
YZrGe2,147594.2717224076
YZrHg2,99964.92907621787
YZrO3,60588.116324994255
YZrPb2,159697.09811735217
YZrSb,51073.65337885452
YZrSb2,111490.14919919826
YZrSi2,135618.37838507263
YZrSn2,164688.97766906282
Yb,151549.56203957493
Yb(Al2Cr)4,126567.40166824945
Yb(Al2Fe)4,286138.928284333
Yb(CrSi)2,62603.96203756524
Yb(Fe2Ge)2,640919.9330870454
Yb(FeGe)2,312038.1863544393
Yb(FeO2)2,1082700.7957872415
Yb(FeSi)2,177853.13404149134
Yb(GaFe)6,543292.419533981
Yb(MnAl2)4,363234.8070779533
Yb(MnAs)2,499510.8750911535
Yb(MnGe)2,468861.1547497226
Yb(MnGe)6,576700.638319044
Yb(MnSb)2,606444.8321358657
Yb(MnSi)2,443335.184407083
Yb10Mn13C18,54001.48189575623
Yb2AgBi,82505.90487238679
Yb2Be2Si2NiO10,55245.466831513135
Yb2BiAu,57335.2358307956
Yb2CeAs,216450.82845712788
Yb2CeBi,171072.63842345087
Yb2CeCd,80704.58680227032
Yb2CeGe,181782.8282471534
Yb2CeHg,89223.02433508831
Yb2CeO4,81836.4631889358
Yb2CePb,171612.59929598574
Yb2CeSb,171558.5885456191
Yb2CeSn,172299.21763034115
Yb2CeTe,100662.6302134363
Yb2CeTl,136405.45206612413
Yb2Co17,1046516.1530275443
Yb2CoAs,174426.6369432532
Yb2CoAu,62985.0747753783
Yb2CoBi,154233.27973528608
Yb2CoGe,155546.1600366174
Yb2CoIr,153010.28147924453
Yb2CoO4,521622.6852489146
Yb2CoPt,126174.43735900566
Yb2CoRh,85989.2557671949
Yb2CoSb,156574.54370692992
Yb2CoSi,161822.50530493568
Yb2CoTe,97887.19556898998
Yb2Cr2C3,54492.58855974537
Yb2Cr2O5,503573.8927298549
Yb2CrAs,488984.9663708465
Yb2CrAu,444912.1967261324
Yb2CrBi,427603.7712823193
Yb2CrGe,474132.2364803083
Yb2CrO4,208227.51151160838
Yb2CrPb,429398.62971536175
Yb2CrPd,495222.4824749762
Yb2CrPt,505218.8301488399
Yb2CrSb,433731.9449265049
Yb2CrSn,430505.5446396826
Yb2CrTe,387675.50519195123
Yb2DyO4,88202.44538738948
Yb2ErO4,89192.45142722204
Yb2Eu2O5,70251.12375276154
Yb2EuO4,168452.6121385527
Yb2Fe2O5,728615.2299743488
Yb2Fe3O7,892074.7616783159
Yb2FeAs,283674.1603676162
Yb2FeAu,218979.7769537495
Yb2FeBi,247811.2429731817
Yb2FeC4,90246.97377030048
Yb2FeGe,297710.01636745874
Yb2FeO4,410743.17540800106
Yb2FePd,274456.12553178536
Yb2FePt,273386.57223597716
Yb2FeS4,231126.1343532017
Yb2FeSb,252534.25355154328
Yb2FeSn,271289.91562131344
Yb2FeTe,191435.39706498495
Yb2GaCo,65049.357514776624
Yb2GdO4,87101.62481279756
Yb2HoO4,88790.51898738787
Yb2InCo,85794.43624314063
Yb2LuO4,90807.48257773097
Yb2MgTi2O6,279778.5254363652
Yb2Mn12P7,725639.9938861844
Yb2Mn2O5,651730.8782188573
Yb2MnAs,408663.5806558578
Yb2MnAu,377557.37540882616
Yb2MnBi,347853.291639085
Yb2MnCoO6,361624.8710984069
Yb2MnGa,399898.2539744094
Yb2MnGe,454557.8337098871
Yb2MnHg,379517.94945630734
Yb2MnIn,372644.9392621026
Yb2MnIr,460289.1834611734
Yb2MnO4,310746.2233640273
Yb2MnPb,403027.50889993936
Yb2MnPd,397294.71007653314
Yb2MnPt,409920.00315247796
Yb2MnRh,448857.2599019789
Yb2MnS4,173441.8295038529
Yb2MnSb,362852.10525018006
Yb2MnSe4,148915.38008213558
Yb2MnSn,411724.44972749
Yb2MnTe,315258.79295087425
Yb2Mo2O5,194978.33894170547
Yb2MoO4,195119.30944281767
Yb2Nb2O5,119172.50638825077
Yb2NbO4,85579.31322317662
Yb2NdO4,84261.16517086321
Yb2NdTe,60138.754182349054
Yb2Ni17,322668.0412759532
Yb2Ni2O5,193995.9220102299
Yb2NiO4,415138.8705128713
Yb2Np2O5,464183.2925860652
Yb2NpO4,261434.0171868854
Yb2Os2O5,79723.60454394175
Yb2Pa2O5,177996.51050902068
Yb2PaO4,86431.50006845398
Yb2PmO4,85129.98624961895
Yb2PrAs,216066.06244127895
Yb2PrBi,52570.32926510766
Yb2PrGe,180790.55006987444
Yb2PrHg,87248.02236594014
Yb2PrO4,83288.84255146026
Yb2PrPb,104322.57304613356
Yb2PrSb,100229.56738500393
Yb2PrTe,74618.42748149853
Yb2PtO4,184474.28262665521
Yb2Pu2O5,664442.9649254794
Yb2PuAs,595725.1717337924
Yb2PuAu,608223.0626405033
Yb2PuBi,519753.6419399757
Yb2PuIn,550231.8785453963
Yb2PuO4,351122.0700973208
Yb2PuPb,560666.5873000982
Yb2PuSb,580479.091159688
Yb2PuSn,606882.1461273205
Yb2Re2O5,128820.30066660601
Yb2ReO4,215145.3792494246
Yb2Rh2O5,67439.70613898674
Yb2Ru2O5,182021.70230599906
Yb2Ru2O7,139253.75013223957
Yb2SbAu,63306.530427661346
Yb2ScO4,95055.15221370876
Yb2SmO4,85682.55902705586
Yb2Tc2O5,160006.13743982787
Yb2TcO4,186915.2234215207
Yb2TcPt,175900.005612688
Yb2TcTe,58621.149146372765
Yb2TeRu,118624.57064865691
Yb2TiAs,323289.18722298456
Yb2TiBi,287652.6632563132
Yb2TiCuO6,95660.87677618093
Yb2TiPt,358394.7294653356
Yb2TiSb,292250.80500777735
Yb2TiSn,277482.0795423443
Yb2TiTe,291754.5573082498
Yb2TlCo,97768.00855673046
Yb2TmO4,89728.82762367252
Yb2U2O5,316103.54028855154
Yb2UO4,172812.35740654674
Yb2USe3O2,114231.24876478796
Yb2V2O5,335442.855415475
Yb2VAs,448857.1577512909
Yb2VAu,437568.6564680584
Yb2VBi,398882.257316868
Yb2VO4,103029.45246316094
Yb2VPt,491212.7884368101
Yb2VSb,394670.3583395875
Yb2VSn,368621.63420567836
Yb2VTe,400848.1331019956
Yb2W2O5,81039.95442212542
Yb2WO4,194440.68355311363
Yb2WO6,166618.06923810526
Yb2YO4,87872.65536987771
Yb2Zr2O5,65033.84594427438
Yb2ZrPt,199295.25598045884
Yb2ZrSb,245319.83702135668
Yb2ZrSn,262811.9645825209
Yb2ZrTe,230449.88633015784
Yb3Ce,75570.76111093405
Yb3Cr,408295.4484456014
Yb3H,160566.4770230714
Yb3Hf,181162.727740321
Yb3Mg,52828.94474669972
Yb3Ni13B2,110560.9699928852
Yb3Sc,198053.31324420986
Yb3Ti,194326.61528531034
Yb3U,329296.56563178624
Yb3V,406771.05183261685
Yb3Zr,211303.83322398312
Yb4Co4O11,187888.89296068472
Yb4Cr4O11,439295.4988989682
Yb4CrS7,146621.74248224145
Yb4Mn2Sn5,230646.94777863278
Yb4Mn4O11,622800.1002911873
Yb4MnS7,184724.94263868904
Yb4NiB13,55165.655057627366
Yb4Os4O11,114534.69177915763
Yb4Pt,54052.80172801611
Yb4Rh4O11,105449.3615017508
Yb4Ru4O11,181005.34073533287
Yb5Mg,63482.110352149044
YbAsRu,211399.66658202827
YbBiIr2,121418.89518868677
YbCd(FeO3)2,712234.958768321
YbCd(IrO3)2,96980.98696465217
YbCd(RhO3)2,184792.99672203828
YbCe(CoO3)2,426337.99874366395
YbCe(FeO3)2,747588.8653337122
YbCe(GaO3)2,68426.1676532543
YbCe(NiO3)2,89509.99833181623
YbCe(RuO3)2,197815.41357280148
YbCe2In,141017.5660562157
YbCe3,293400.20664250216
YbCeAu2,52126.632920799486
YbCeCr2O6,416779.10527090466
YbCeMn2O6,586915.7950957421
YbCeO3,51634.626417238884
YbCeSc2O6,63213.42276083434
YbCeTe,58267.02981572839
YbCeV2O6,243541.80278794255
YbCo2,525489.5912791458
YbCo2As,173162.8584217259
YbCo2Pt,495627.8410063007
YbCo2Sb,155161.74770646097
YbCo2Te,291168.6473414134
YbCo3,676033.4885783695
YbCoAs,288455.96534991375
YbCoAu,209161.7241042281
YbCoAu2,220812.21139347658
YbCoBi,200459.74127667205
YbCoBi2,112115.31826863292
YbCoGe2,50076.48733005586
YbCoHg2,157222.27620249256
YbCoO3,525567.8392016572
YbCoPd2,274734.90506280225
YbCoPt,304075.5449158335
YbCoPt2,303469.83056898165
YbCoRh2,456622.8736513909
YbCoSb,222168.60880827202
YbCoSi2,118721.31735199518
YbCoSn2,111554.95609894165
YbCoTe,139018.8648913299
YbCoTe2,235649.4271947871
YbCr2CdO6,352448.2238074482
YbCrAs,655222.548375899
YbCrAs2,350642.87357555283
YbCrAu2,538626.9601309339
YbCrBi,538138.698993688
YbCrBi2,331172.353389054
YbCrGa2,457152.7215953019
YbCrGe2,459516.3941729698
YbCrHg2,464819.37840158335
YbCrIn2,412787.41453722084
YbCrIr2,372998.18427851534
YbCrO3,353263.54939243064
YbCrPd2,557927.1985851005
YbCrPt,569559.8277381264
YbCrPt2,538833.8266509257
YbCrRh2,454695.6869317876
YbCrSb,589688.6068409384
YbCrSb2,328075.21909855335
YbCrSb3,171270.43073616675
YbCrSn2,409046.51867339795
YbCrTe,480697.94336623873
YbCrTe2,366671.6980709988
YbCrTeO6,170752.1352388114
YbCu(WO4)2,65097.219719588786
YbCu2(MoO4)3,78519.80791316257
YbDyO3,127491.27877563704
YbErO3,114949.0045054282
YbEu(SiAu)4,338240.4177830254
YbEu2TaO6,924991.2031768117
YbEuAg2,335291.30746319826
YbEuCd2,308644.6248008877
YbEuGa,50723.27619476954
YbEuGa2,354950.0801275958
YbEuHg2,314294.68716490676
YbEuIn,63385.48962853036
YbEuIn2,305445.64072930894
YbEuMg2,310282.1964113152
YbEuPd2,378369.9125025594
YbEuPt2,380418.0712118819
YbEuTl,56613.660296552895
YbEuTl2,299371.7982499364
YbF2,84486.84676907481
YbFe2Pt,834938.3992843006
YbFe5P3,247136.566937462
YbFeAs,431930.9120723299
YbFeAs2,212914.74802877562
YbFeAu2,382251.27021181246
YbFeB4,118262.33821792433
YbFeGe,294369.804605168
YbFeGe2,56080.66558620565
YbFeIr2,613806.708314608
YbFeO3,715365.2012492728
YbFePd2,447508.72244156327
YbFePt,483800.0100894485
YbFePt2,488795.960265517
YbFeRh2,604614.6036412045
YbFeSb2,202949.50311404845
YbFeSn2,224244.31412112017
YbFeTe,261238.71590715635
YbFeTe2,280832.5952584727
YbGa2Fe,283243.9986337768
YbGa2Mo,244272.93259027344
YbGaCoO4,333859.04025575914
YbGaCuO4,112382.15404107138
YbGd(PO4)2,456851.12943065265
YbGd3,1717723.6626551794
YbGd3F12,998099.6319719184
YbGdAg2,358013.85857014544
YbGdO3,111246.89067899204
YbGdRh2,414970.4974102607
YbGdZn2,407330.6037926464
YbGe2Mo,191118.25912541398
YbHfTe2,140303.4230302322
YbHoO3,118147.73893123871
YbIrPt,106472.94182597281
YbIrRh2,373989.28993770026
YbLuO3,134302.11750479208
YbMg(FeO2)2,693776.8591098853
YbMn2BiSb,650971.778556165
YbMn2CdO6,560392.9985693311
YbMn2O5,661486.3103408066
YbMn2PbO6,507864.9219008224
YbMn2Pt,1075394.1121962334
YbMn2ZnO6,567309.8022133702
YbMn4(CuO4)3,445778.5523048687
YbMnAg2,486891.9812699451
YbMnAl2,404967.7339298259
YbMnAs,554343.4499710433
YbMnAs2,418710.11152752873
YbMnAu2,510102.8781235131
YbMnBi,440527.62774254795
YbMnBi2,328591.17613230395
YbMnCuP2,503423.99371708056
YbMnGa2,446105.4407982232
YbMnGe,564769.0795201963
YbMnGe2,399219.90285120765
YbMnHg2,431668.509574941
YbMnIn2,400562.32622584543
YbMnNi2,688829.2929837807
YbMnO3,529095.0757046272
YbMnPb2,368006.6306759071
YbMnPd,605363.6359803495
YbMnPd2,577760.2724210934
YbMnPt,626357.4766694162
YbMnPt2,602926.7315647906
YbMnRh,610230.0048674374
YbMnRh2,685473.8522778637
YbMnSb2,348426.2111355837
YbMnSi,475194.55700833234
YbMnSn2,370997.02992325433
YbMnTe2,422518.0581579267
YbMnZn2,517218.45041607734
YbMoAu2,355946.5028631727
YbMoO3,58501.89869456142
YbMoPd2,306396.8835088728
YbNbAs,203600.7418319061
YbNbAs2,193920.40902178624
YbNbAu2,193428.42257001484
YbNbBi2,171061.87354071508
YbNbGa2,128935.60035415988
YbNbGe2,236634.04684216736
YbNbO3,133252.31003468114
YbNbO4,128589.71474615717
YbNbSb2,171066.72590009746
YbNbSi2,181547.23021746858
YbNbSn2,238473.71729623908
YbNbTe2,96602.6917005464
YbNdO3,54590.61564536298
YbNi2Ir,115008.1973733542
YbNi2Rh,106182.82182628894
YbNi3,127347.74575629726
YbNi4Au,54707.584454165735
YbNi5,231283.0821763856
YbNiAs,66336.56019075707
YbNiB4,54325.15875748258
YbNiGe,69331.698514674
YbNiO3,53203.76360506827
YbNiRh2,299369.53271567344
YbNpAs,629581.323117531
YbNpAs2,325191.42374872963
YbNpAu2,440935.658700904
YbNpBi2,325890.8945752891
YbNpGa2,470477.6202245052
YbNpGe2,411318.0611655093
YbNpHg2,438580.7054461541
YbNpIr,491596.74519562995
YbNpO3,363736.784313977
YbNpPt,564437.0002086497
YbNpPt2,442021.3037923523
YbNpRu2,333248.5383069209
YbNpSb2,324963.1541725992
YbNpSi2,425136.8439997683
YbNpSn2,383560.7391527204
YbNpTe2,397093.37974740897
YbOsO3,71763.31102183074
YbOsPt2,253874.75530852788
YbPaAs,191305.51093828183
YbPaBi2,62044.96788650811
YbPaHg2,97156.04887561541
YbPaIn2,77569.70489087471
YbPaIr,81033.86324054701
YbPaO3,118487.51221944841
YbPaPb2,96817.96517728468
YbPaPt,91465.58853801557
YbPaSn2,76944.43226599887
YbPaTe2,216607.29761507155
YbPd2Ru,256387.0265141576
YbPdRh,64069.07428749349
YbPdRh2,252758.96554463048
YbPmO3,56540.31432014665
YbPmTe,94509.44699894881
YbPrO3,74022.42304507924
YbPrTe,51825.97992893564
YbPtRh,88254.92169872599
YbPtRh2,248283.24246055778
YbPu2As,1223090.4063566506
YbPu2Bi,1054623.9766761633
YbPu2Ge,1205881.9979999345
YbPu2Ir,1193128.8727510965
YbPu2Sb,1089505.6560468872
YbPu2Sn,1076840.5053186312
YbPu2Te,1093313.7629133447
YbPu3,1494043.1255551968
YbPuAg2,598122.9112155539
YbPuAs,778830.6554459634
YbPuAu2,573963.2969048085
YbPuCd2,549982.0694781094
YbPuGa2,577801.8368588644
YbPuGe,645968.5941659134
YbPuGe2,554617.4519772596
YbPuHg2,514952.719792162
YbPuIn2,504645.9906791725
YbPuIr,641526.365906648
YbPuIr2,488388.4533533242
YbPuO3,511972.06429339165
YbPuPb2,462601.46237096994
YbPuPd2,620065.0740452438
YbPuPt,745520.1283448034
YbPuPt2,591029.0916414793
YbPuSb,651808.1837205649
YbPuSb2,448911.0848371323
YbPuSi,664707.9448934166
YbPuSi2,574346.9056783561
YbPuTe,699481.0717671944
YbPuTe2,481351.0320790644
YbPuTl2,488199.1740679119
YbReO3,74077.14668673431
YbRePt2,248264.07070830135
YbRh2PbO6,70757.80169931137
YbRhO3,166255.98522926823
YbRuO3,274167.505954086
YbRuPt2,264130.351762267
YbSc2CdO6,145224.32907036538
YbSc2Pb,117257.15282911075
YbSc2Sn,106439.69038788791
YbSc2ZnO6,150575.1222941417
YbScO3,142408.23950532067
YbScTe,85260.2646938711
YbScTe2,51448.57449203941
YbSm3,89755.11113655263
YbSmO3,108712.19170570839
YbSn2Mo,154169.10856771973
YbTaAs2,169475.59015089078
YbTaAu2,88168.73296885099
YbTaGa2,92498.56144633035
YbTaGe2,112684.09867482873
YbTaO4,129095.08506976895
YbTaSb2,153619.92763641578
YbTaSn2,202730.56719244548
YbTaTe2,96429.60711808807
YbTcAs,56854.72394313798
YbTcAu2,301361.72970057226
YbTcO3,241669.40538799876
YbTcPd2,397243.2975315157
YbTcPt2,387043.0189384793
YbTcRh2,414778.35085125
YbTcTe2,84854.93873044309
YbTeIr2,90076.94520716973
YbTeRu,214613.19376371772
YbThCo2,64855.461487928675
YbThTe,175938.65747924204
YbThTe2,99046.89371685716
YbTiAs,290785.49345143914
YbTiAs2,106087.81029320166
YbTiAu,221340.96707975402
YbTiAu2,121072.03057865426
YbTiBi,262730.53340075765
YbTiBi2,191862.944332361
YbTiCd2,149483.4916438392
YbTiGe,230750.7243796291
YbTiHg2,154016.6473212151
YbTiIn2,143501.60210173472
YbTiIr,105728.90548340436
YbTiPb2,200668.59548193455
YbTiPd,236369.50689043757
YbTiPd2,61896.1495071353
YbTiPt,213321.90110668703
YbTiSb2,156964.21505802835
YbTiSi,212963.86029177925
YbTiSi2,156855.75259837246
YbTiSn2,199248.30319512606
YbTiTe,217426.3079481406
YbTiTe2,184482.49711203796
YbTiTl2,170895.97571838865
YbTiZn2,148214.5498681397
YbTmO3,105874.8063959328
YbU2S3O2,297645.31343349535
YbU3,514072.87567053956
YbUAs,440824.06785321113
YbUAs2,209955.34787815082
YbUAu2,287100.09256342426
YbUGa2,273017.23717109516
YbUGe2,276546.56582285586
YbUIr,348591.188369198
YbUIr2,201846.45903799604
YbUNi2,267636.42170495423
YbUO3,226721.60147617466
YbUPt,392485.777101407
YbUPt2,265839.0011725498
YbURh2,240697.0265503617
YbURu2,153697.91921026484
YbUSb2,192212.85862822956
YbUSi2,284230.4140134391
YbUTe2,317366.6478718668
YbUTe6,99808.87795375164
YbV2CdO6,172981.15761971133
YbV2PbO6,164835.0308931988
YbV2ZnO6,173481.87666368647
YbVAs,512229.174633709
YbVAs2,273173.7591316377
YbVAu2,407539.9322868702
YbVBi2,273527.9829054565
YbVGa2,365746.0304205156
YbVGe2,364862.10359998123
YbVIn2,344592.9479465005
YbVO3,160155.3560999467
YbVO4,116627.37998899502
YbVPd2,350780.9474756523
YbVPt,416442.4969822424
YbVSb,477655.34225146327
YbVSb2,247458.10256378484
YbVSi2,370112.31007760833
YbVSn2,326409.62063719565
YbVTe,529023.8093799948
YbVTe2,270015.61945580563
YbY(CoO3)2,415307.97806935135
YbY(FeO3)2,772532.8992584534
YbY(GaO3)2,65309.70361242479
YbY(NiO3)2,93030.849756262
YbY(RuO3)2,212370.8420716552
YbYCr2O6,430273.3320737455
YbYMn2O6,606823.2646677694
YbYO3,112891.05687665711
YbYSc2O6,73285.06395420911
YbZn(CoO3)2,469961.57331289985
YbZn(FeO3)2,724329.2998224767
YbZn(IrO3)2,70969.68575896186
YbZn(RhO3)2,167947.65806278907
YbZn(RuO3)2,226222.07441283684
YbZn2Co,133029.6119190848
YbZnCr2O6,357912.682126363
YbZrAs,217419.7596266533
YbZrBi2,63848.16753272995
YbZrCd2,53686.811336648134
YbZrPb2,95230.35628628697
YbZrTe2,165000.79347366677
Zr(ScGe)2,145014.69421973103
Zr2Sc2O5,55793.4322505818
Zr2ScAl,59583.987296721396
Zr2ScAs,154464.85906432665
Zr2ScBi,92182.35355371276
Zr2ScGe,114006.09693127169
Zr2ScIn,69041.19012738648
Zr2ScPb,107094.54458306992
Zr2ScSb,138728.18460306677
Zr2ScSi,61745.553453290195
Zr2ScSn,57025.656761893224
Zr2ScTe,273589.84379807184
Zr3Sc4N8,81958.59531496659
ZrSc2Al,134195.82031878553
ZrSc2As,62020.00493090005
ZrSc2Au,359477.5451027937
ZrSc2Ga,138554.20940000072
ZrSc2Ge,104415.90513337174
ZrSc2Hg,287677.8984884119
ZrSc2In,177307.15501780953
ZrSc2Ir,280462.41842950194
ZrSc2Os,208643.40145953314
ZrSc2Pb,84422.35652609961
ZrSc2Pd,325598.542305902
ZrSc2Pt,325954.3796372134
ZrSc2Rh,290899.4540368196
ZrSc2Ru,219471.8640763884
ZrSc2Sb,55373.465327360056
ZrSc2Si,112623.90461187114
ZrSc2Sn,100639.902549934
ZrSc2Tl,142372.69819198517
ZrScAlCo,137375.48335416103
ZrScAlCr,254577.134692341
ZrScAlNi,261306.02089694122
ZrScAs,105099.59992598521
ZrScAs2,120077.93860362937
ZrScBi,85430.5768107021
ZrScBi2,102537.65860518812
ZrScCo2,149080.15884024568
ZrScCoAs,192833.08420785508
ZrScCoGe,277437.439013746
ZrScCoSb,380497.19767313666
ZrScCoSi,286684.211983226
ZrScCoSn,250769.4535186878
ZrScCrGa,259423.76920079562
ZrScCrGe,134063.1745530508
ZrScCrSi,139171.27979924687
ZrScCrSn,118035.1670479619
ZrScCu2,60734.73523912794
ZrScFeAs,120754.88536317676
ZrScFeGe,81023.84666789293
ZrScFeSb,236593.18379646193
ZrScFeSi,64318.999637670866
ZrScFeSn,125250.37191198494
ZrScGaCo,139763.64835603142
ZrScGaNi,266935.7934232721
ZrScHg2,107647.976587528
ZrScInCo,126023.52978816655
ZrScInNi,245313.98667751244
ZrScMnAl,130341.61408793583
ZrScMnGa,132546.98010384792
ZrScMnZn,250656.34217464103
ZrScNiGe,374953.0549984131
ZrScNiSb,329396.18391700904
ZrScNiSn,354824.060640732
ZrScO3,116570.36108642745
ZrScSb2,113732.55114978773
ZrScSiNi,374450.61571580207
ZrScZnFe,129952.14815828188
ZrScZnNi,138790.41829391132
